"nypd_pct_cd","typ_desc","n"
"101","ASSAULT (IN PROGRESS): WEAPON/OUTSIDE","34"
"7","ASSAULT (PAST): OTHER/TRANSIT","4"
"105","ASSAULT (IN PROGRESS): OTHER/INSIDE","209"
"7","ASSAULT (IN PROGRESS): WEAPON/TRANSIT","7"
"62","ASSAULT (IN PROGRESS): OTHER/LTD ACC HWY","2"
"76","ASSAULT (PAST): OTHER/TRANSIT","5"
"110","ASSAULT (PAST): OTHER/LTD ACC HWY","1"
"18","ASSAULT (IN PROGRESS): KNIFE/INSIDE","19"
"13","ASSAULT (PAST): OTHER/SCHOOL","14"
"60","ASSAULT (IN PROGRESS): KNIFE/FAMILY","21"
"17","ASSAULT (IN PROGRESS): KNIFE/TRANSIT","3"
"107","ASSAULT (PAST): OTHER/INSIDE","175"
"83","ASSAULT (IN PROGRESS): SHOTS/FAMILY","1"
"10","ASSAULT (PAST): SHOTS/OUTSIDE","2"
"25","ASSAULT (IN PROGRESS): SHOTS/INSIDE","2"
"49","ASSAULT (PAST): OTHER/OUTSIDE","66"
"42","ASSAULT (IN PROGRESS): WEAPON/SCHOOL","4"
"72","ASSAULT (PAST): OTHER/INSIDE","163"
"49","ASSAULT (PAST): KNIFE/OUTSIDE","6"
"19","ASSAULT (IN PROGRESS): WEAPON/INSIDE","19"
"20","ASSAULT (PAST): OTHER/SCHOOL","9"
"45","ASSAULT (IN PROGRESS): WEAPON/CHILD","2"
"108","ASSAULT (IN PROGRESS): SHOTS/INSIDE","3"
"32","ASSAULT (PAST): OTHER/CHILD ABUSE","6"
"71","ASSAULT (PAST): OTHER/FAMILY","76"
"120","ASSAULT (IN PROGRESS): OTHER/LTD ACC HWY","1"
"88","ASSAULT (PAST): KNIFE/OUTSIDE","1"
"45","ASSAULT (IN PROGRESS): KNIFE/FAMILY","23"
"23","ASSAULT (IN PROGRESS): OTHER/TRANSIT","9"
"34","ASSAULT (IN PROGRESS): OTHER/TRANSIT","25"
"19","ASSAULT (IN PROGRESS): WEAPON/CHILD","1"
"75","ASSAULT (PAST): OTHER/SCHOOL","54"
"114","ASSAULT (PAST): OTHER/TRANSIT","15"
"105","ASSAULT (IN PROGRESS): OTHER/LTD ACC HWY","1"
"47","ASSAULT (IN PROGRESS): OTHER/CHILD ABUSE","64"
"17","ASSAULT (PAST): KNIFE/OUTSIDE","4"
"70","ASSAULT (IN PROGRESS): KNIFE/TRANSIT","6"
"90","ASSAULT (PAST): WEAPON/OUTSIDE","8"
"101","ASSAULT (PAST): OTHER/TRANSIT","3"
"79","ASSAULT (IN PROGRESS): WEAPON/FAMILY","20"
"83","ASSAULT (PAST): WEAPON/OUTSIDE","16"
"83","ASSAULT (IN PROGRESS): SHOTS/TRANSIT","2"
"33","ASSAULT (IN PROGRESS): KNIFE/FAMILY","6"
"13","ASSAULT (IN PROGRESS): SHOTS/TRANSIT","2"
"116","ASSAULT (IN PROGRESS): OTHER/SCHOOL","13"
"77","ASSAULT (IN PROGRESS): KNIFE/FAMILY","15"
"40","ASSAULT (PAST): WEAPON/TRANSIT","2"
"104","ASSAULT (IN PROGRESS): OTHER/LTD ACC HWY","4"
"123","ASSAULT (PAST): OTHER/SCHOOL","2"
"60","ASSAULT (IN PROGRESS): OTHER/LTD ACC HWY","1"
"71","ASSAULT (IN PROGRESS): KNIFE/FAMILY","22"
"78","ASSAULT (IN PROGRESS): OTHER/INSIDE","180"
"122","ASSAULT (PAST): KNIFE/FAMILY","3"
"83","ASSAULT (PAST): OTHER/OUTSIDE","81"
"103","ASSAULT (PAST): WEAPON/FAMILY","8"
"45","ASSAULT (PAST): SHOTS/INSIDE","2"
"77","ASSAULT (IN PROGRESS): OTHER/OUTSIDE","207"
"45","ASSAULT (IN PROGRESS): KNIFE/TRANSIT","1"
"44","ASSAULT (PAST): SHOTS/FAMILY","1"
"18","ASSAULT (PAST): KNIFE/OUTSIDE","5"
"9","ASSAULT (PAST): WEAPON/INSIDE","15"
"13","ASSAULT (IN PROGRESS): WEAPON/LTD ACC HWY","1"
"84","ASSAULT (PAST): OTHER/INSIDE","151"
"33","ASSAULT (PAST): WEAPON/CHILD ABUSE","2"
"123","ASSAULT (PAST): WEAPON/OUTSIDE","3"
"9","ASSAULT (PAST): OTHER/TRANSIT","6"
"94","ASSAULT (IN PROGRESS): SHOTS/OUTSIDE","3"
"46","ASSAULT (PAST): WEAPON/FAMILY","12"
"33","ASSAULT (PAST): OTHER/SCHOOL","2"
"78","ASSAULT (PAST): OTHER/INSIDE","127"
"9","ASSAULT (PAST): OTHER/CHILD ABUSE","4"
"52","ASSAULT (IN PROGRESS): WEAPON/FAMILY","70"
"41","ASSAULT (IN PROGRESS): OTHER/OUTSIDE","216"
"10","ASSAULT (PAST): KNIFE/INSIDE","4"
"75","ASSAULT (IN PROGRESS): OTHER/SCHOOL","44"
"50","ASSAULT (IN PROGRESS): KNIFE/CHILD ABUSE","1"
"34","ASSAULT (IN PROGRESS): WEAPON/CHILD","1"
"47","ASSAULT (IN PROGRESS): KNIFE/FAMILY","76"
"108","ASSAULT (IN PROGRESS): OTHER/INSIDE","277"
"112","ASSAULT (PAST): WEAPON/FAMILY","3"
"41","ASSAULT (IN PROGRESS): SHOTS/INSIDE","11"
"90","ASSAULT (IN PROGRESS): WEAPON/FAMILY","16"
"84","ASSAULT (IN PROGRESS): WEAPON/OUTSIDE","28"
"19","ASSAULT (PAST): KNIFE/INSIDE","5"
"28","ASSAULT (PAST): KNIFE/INSIDE","3"
"71","ASSAULT (PAST): KNIFE/OUTSIDE","6"
"63","ASSAULT (IN PROGRESS): KNIFE/OUTSIDE","10"
"78","ASSAULT (IN PROGRESS): WEAPON/OUTSIDE","34"
"45","ASSAULT (PAST): OTHER/INSIDE","147"
"23","ASSAULT (IN PROGRESS): KNIFE/FAMILY","29"
"45","ASSAULT (IN PROGRESS): OTHER/FAMILY","355"
"23","ASSAULT (IN PROGRESS): OTHER/FAMILY","355"
"83","ASSAULT (PAST): KNIFE/CHILD ABUSE","1"
"71","ASSAULT (IN PROGRESS): OTHER/FAMILY","284"
"69","ASSAULT (IN PROGRESS): KNIFE/OUTSIDE","16"
"5","ASSAULT (IN PROGRESS): WEAPON/FAMILY","5"
"25","ASSAULT (PAST): WEAPON/OUTSIDE","14"
"69","ASSAULT (PAST): WEAPON/OUTSIDE","3"
"106","ASSAULT (PAST): KNIFE/INSIDE","8"
"18","ASSAULT (IN PROGRESS): OTHER/SCHOOL","9"
"103","ASSAULT (PAST): WEAPON/INSIDE","16"
"70","ASSAULT (IN PROGRESS): SHOTS/TRANSIT","1"
"107","ASSAULT (PAST): WEAPON/OUTSIDE","7"
"24","ASSAULT (IN PROGRESS): WEAPON/INSIDE","32"
"110","ASSAULT (IN PROGRESS): KNIFE/FAMILY","17"
"43","ASSAULT (PAST): OTHER/TRANSIT","4"
"34","ASSAULT (IN PROGRESS): OTHER/CHILD ABUSE","11"
"102","ASSAULT (PAST): OTHER/CHILD ABUSE","13"
"33","ASSAULT (IN PROGRESS): WEAPON/TRANSIT","1"
"63","ASSAULT (PAST): WEAPON/INSIDE","8"
"112","ASSAULT (IN PROGRESS): WEAPON/INSIDE","11"
"30","ASSAULT (PAST): OTHER/FAMILY","27"
"60","ASSAULT (IN PROGRESS): WEAPON/SCHOOL","6"
"47","ASSAULT (PAST): OTHER/INSIDE","315"
"113","ASSAULT (IN PROGRESS): KNIFE/INSIDE","25"
"60","ASSAULT (IN PROGRESS): OTHER/FAMILY","324"
"5","ASSAULT (IN PROGRESS): OTHER/CHILD ABUSE","9"
"113","ASSAULT (IN PROGRESS): WEAPON/FAMILY","35"
"102","ASSAULT (PAST): OTHER/FAMILY","87"
"122","ASSAULT (IN PROGRESS): WEAPON/OUTSIDE","28"
"66","ASSAULT (PAST): SHOTS/INSIDE","4"
"76","ASSAULT (PAST): SHOTS/OUTSIDE","3"
"90","ASSAULT (IN PROGRESS): OTHER/OUTSIDE","266"
"67","ASSAULT (IN PROGRESS): WEAPON/INSIDE","68"
"62","ASSAULT (IN PROGRESS): WEAPON/TRANSIT","1"
"75","ASSAULT (IN PROGRESS): WEAPON/CHILD","4"
"111","ASSAULT (IN PROGRESS): WEAPON/OUTSIDE","6"
"108","ASSAULT (PAST): OTHER/SCHOOL","2"
"114","ASSAULT (IN PROGRESS): OTHER/CHILD ABUSE","19"
"7","ASSAULT (IN PROGRESS): WEAPON/LTD ACC HWY","1"
"72","ASSAULT (PAST): SHOTS/OUTSIDE","2"
"106","ASSAULT (PAST): WEAPON/FAMILY","2"
"62","ASSAULT (PAST): SHOTS/OUTSIDE","3"
"19","ASSAULT (IN PROGRESS): KNIFE/TRANSIT","5"
"6","ASSAULT (IN PROGRESS): SHOTS/TRANSIT","6"
"60","ASSAULT (PAST): WEAPON/TRANSIT","1"
"62","ASSAULT (IN PROGRESS): WEAPON/OUTSIDE","43"
"81","ASSAULT (IN PROGRESS): KNIFE/INSIDE","31"
"100","ASSAULT (PAST): OTHER/SCHOOL","10"
"41","ASSAULT (IN PROGRESS): KNIFE/OUTSIDE","37"
"114","ASSAULT (PAST): SHOTS/OUTSIDE","1"
"83","ASSAULT (IN PROGRESS): WEAPON/INSIDE","35"
"46","ASSAULT (IN PROGRESS): KNIFE/FAMILY","87"
"88","ASSAULT (PAST): KNIFE/FAMILY","1"
"1","ASSAULT (IN PROGRESS): WEAPON/OUTSIDE","49"
"66","ASSAULT (PAST): OTHER/SCHOOL","23"
"105","ASSAULT (PAST): WEAPON/OUTSIDE","4"
"68","ASSAULT (PAST): OTHER/CHILD ABUSE","3"
"52","ASSAULT (PAST): KNIFE/OUTSIDE","10"
"104","ASSAULT (IN PROGRESS): WEAPON/INSIDE","26"
"48","ASSAULT (PAST): KNIFE/OUTSIDE","8"
"44","ASSAULT (IN PROGRESS): SHOTS/OUTSIDE","46"
"84","ASSAULT (IN PROGRESS): OTHER/INSIDE","242"
"50","ASSAULT (IN PROGRESS): SHOTS/OUTSIDE","7"
"104","ASSAULT (PAST): KNIFE/INSIDE","5"
"69","ASSAULT (PAST): OTHER/CHILD ABUSE","7"
"122","ASSAULT (PAST): SHOTS/INSIDE","3"
"52","ASSAULT (PAST): OTHER/INSIDE","418"
"9","ASSAULT (IN PROGRESS): SHOTS/OUTSIDE","13"
"1","ASSAULT (PAST): SHOTS/OUTSIDE","2"
"13","ASSAULT (PAST): OTHER/TRANSIT","40"
"115","ASSAULT (IN PROGRESS): SHOTS/OUTSIDE","10"
"10","ASSAULT (PAST): WEAPON/FAMILY","2"
"111","ASSAULT (PAST): OTHER/INSIDE","45"
"49","ASSAULT (IN PROGRESS): WEAPON/CHILD","6"
"42","ASSAULT (IN PROGRESS): WEAPON/TRANSIT","2"
"43","ASSAULT (PAST): KNIFE/INSIDE","12"
"83","ASSAULT (IN PROGRESS): OTHER/TRANSIT","29"
"49","ASSAULT (PAST): KNIFE/FAMILY","7"
"107","ASSAULT (PAST): OTHER/FAMILY","73"
"73","ASSAULT (IN PROGRESS): WEAPON/TRANSIT","7"
"67","ASSAULT (IN PROGRESS): SHOTS/OUTSIDE","40"
"23","ASSAULT (IN PROGRESS): WEAPON/OUTSIDE","35"
"90","ASSAULT (IN PROGRESS): KNIFE/TRANSIT","2"
"79","ASSAULT (IN PROGRESS): SHOTS/INSIDE","12"
"47","ASSAULT (IN PROGRESS): WEAPON/SCHOOL","3"
"113","ASSAULT (IN PROGRESS): OTHER/FAMILY","406"
"52","ASSAULT (PAST): OTHER/TRANSIT","24"
"25","ASSAULT (PAST): WEAPON/FAMILY","3"
"75","ASSAULT (IN PROGRESS): KNIFE/OUTSIDE","126"
"110","ASSAULT (IN PROGRESS): KNIFE/LTD ACC HWY","1"
"77","ASSAULT (PAST): OTHER/SCHOOL","7"
"28","ASSAULT (IN PROGRESS): SHOTS/OUTSIDE","16"
"102","ASSAULT (IN PROGRESS): KNIFE/INSIDE","26"
"48","ASSAULT (PAST): OTHER/FAMILY","112"
"90","ASSAULT (IN PROGRESS): SHOTS/INSIDE","6"
"10","ASSAULT (IN PROGRESS): WEAPON/OUTSIDE","39"
"113","ASSAULT (IN PROGRESS): OTHER/INSIDE","257"
"71","ASSAULT (IN PROGRESS): OTHER/SCHOOL","21"
"103","ASSAULT (IN PROGRESS): SHOTS/INSIDE","18"
"81","ASSAULT (PAST): WEAPON/INSIDE","17"
"17","ASSAULT (PAST): WEAPON/INSIDE","5"
"73","ASSAULT (IN PROGRESS): KNIFE/OUTSIDE","68"
"102","ASSAULT (IN PROGRESS): WEAPON/CHILD","6"
"50","ASSAULT (PAST): WEAPON/TRANSIT","1"
"102","ASSAULT (PAST): OTHER/OUTSIDE","84"
"60","ASSAULT (IN PROGRESS): SHOTS/TRANSIT","1"
"41","ASSAULT (IN PROGRESS): KNIFE/CHILD ABUSE","1"
"71","ASSAULT (IN PROGRESS): OTHER/TRANSIT","26"
"48","ASSAULT (IN PROGRESS): SHOTS/INSIDE","23"
"107","ASSAULT (PAST): SHOTS/INSIDE","3"
"116","ASSAULT (PAST): OTHER/SCHOOL","17"
"7","ASSAULT (PAST): KNIFE/FAMILY","2"
"48","ASSAULT (IN PROGRESS): OTHER/FAMILY","747"
"103","ASSAULT (IN PROGRESS): WEAPON/LTD ACC HWY","1"
"52","ASSAULT (IN PROGRESS): KNIFE/SCHOOL","2"
"43","ASSAULT (PAST): OTHER/LTD ACC HWY","1"
"115","ASSAULT (PAST): OTHER/FAMILY","76"
"48","ASSAULT (IN PROGRESS): OTHER/OUTSIDE","454"
"60","ASSAULT (IN PROGRESS): SHOTS/OUTSIDE","18"
"104","ASSAULT (PAST): OTHER/TRANSIT","4"
"76","ASSAULT (PAST): OTHER/CHILD ABUSE","2"
"83","ASSAULT (IN PROGRESS): SHOTS/INSIDE","16"
"116","ASSAULT (IN PROGRESS): WEAPON/CHILD","1"
"20","ASSAULT (IN PROGRESS): OTHER/TRANSIT","25"
"108","ASSAULT (IN PROGRESS): SHOTS/OUTSIDE","6"
"50","ASSAULT (PAST): KNIFE/INSIDE","7"
"26","ASSAULT (IN PROGRESS): WEAPON/OUTSIDE","10"
"13","ASSAULT (PAST): WEAPON/OUTSIDE","8"
"33","ASSAULT (IN PROGRESS): OTHER/LTD ACC HWY","3"
"111","ASSAULT (IN PROGRESS): SHOTS/OUTSIDE","6"
"81","ASSAULT (IN PROGRESS): SHOTS/CHILD","1"
"34","ASSAULT (PAST): OTHER/CHILD ABUSE","7"
"78","ASSAULT (PAST): OTHER/SCHOOL","6"
"19","ASSAULT (PAST): OTHER/INSIDE","207"
"34","ASSAULT (PAST): OTHER/SCHOOL","8"
"84","ASSAULT (PAST): KNIFE/INSIDE","5"
"81","ASSAULT (IN PROGRESS): SHOTS/FAMILY","4"
"43","ASSAULT (IN PROGRESS): KNIFE/TRANSIT","6"
"75","ASSAULT (IN PROGRESS): SHOTS/FAMILY","2"
"67","ASSAULT (IN PROGRESS): WEAPON/FAMILY","61"
"112","ASSAULT (IN PROGRESS): KNIFE/INSIDE","6"
"43","ASSAULT (IN PROGRESS): SHOTS/OUTSIDE","37"
"107","ASSAULT (IN PROGRESS): OTHER/TRANSIT","22"
"120","ASSAULT (PAST): OTHER/INSIDE","257"
"46","ASSAULT (IN PROGRESS): WEAPON/CHILD","5"
"100","ASSAULT (PAST): KNIFE/INSIDE","2"
"60","ASSAULT (IN PROGRESS): KNIFE/TRANSIT","2"
"17","ASSAULT (PAST): WEAPON/FAMILY","1"
"109","ASSAULT (PAST): OTHER/INSIDE","278"
"48","ASSAULT (PAST): WEAPON/INSIDE","43"
"110","ASSAULT (IN PROGRESS): OTHER/OUTSIDE","537"
"101","ASSAULT (IN PROGRESS): KNIFE/OUTSIDE","21"
"63","ASSAULT (IN PROGRESS): OTHER/LTD ACC HWY","1"
"25","ASSAULT (IN PROGRESS): WEAPON/OUTSIDE","54"
"52","ASSAULT (PAST): OTHER/FAMILY","157"
"75","ASSAULT (IN PROGRESS): OTHER/TRANSIT","51"
"6","ASSAULT (PAST): KNIFE/TRANSIT","1"
"77","ASSAULT (PAST): SHOTS/TRANSIT","1"
"114","ASSAULT (PAST): OTHER/INSIDE","277"
"23","ASSAULT (PAST): OTHER/TRANSIT","2"
"94","ASSAULT (IN PROGRESS): OTHER/CHILD ABUSE","5"
"123","ASSAULT (PAST): WEAPON/FAMILY","2"
"17","ASSAULT (IN PROGRESS): OTHER/INSIDE","114"
"100","ASSAULT (IN PROGRESS): OTHER/FAMILY","118"
"44","ASSAULT (PAST): KNIFE/FAMILY","4"
"108","ASSAULT (IN PROGRESS): WEAPON/CHILD","1"
"45","ASSAULT (PAST): OTHER/OUTSIDE","46"
"34","ASSAULT (PAST): OTHER/OUTSIDE","56"
"47","ASSAULT (IN PROGRESS): OTHER/OUTSIDE","483"
"116","ASSAULT (IN PROGRESS): OTHER/OUTSIDE","128"
"6","ASSAULT (IN PROGRESS): KNIFE/TRANSIT","4"
"103","ASSAULT (IN PROGRESS): KNIFE/TRANSIT","2"
"81","ASSAULT (PAST): OTHER/SCHOOL","12"
"114","ASSAULT (IN PROGRESS): WEAPON/LTD ACC HWY","1"
"71","ASSAULT (PAST): WEAPON/SCHOOL","2"
"60","ASSAULT (IN PROGRESS): SHOTS/INSIDE","14"
"111","ASSAULT (IN PROGRESS): OTHER/LTD ACC HWY","3"
"114","ASSAULT (PAST): KNIFE/OUTSIDE","9"
"46","ASSAULT (IN PROGRESS): OTHER/OUTSIDE","558"
"28","ASSAULT (PAST): OTHER/FAMILY","38"
"67","ASSAULT (PAST): KNIFE/OUTSIDE","6"
"45","ASSAULT (IN PROGRESS): SHOTS/INSIDE","7"
"112","ASSAULT (IN PROGRESS): OTHER/SCHOOL","8"
"112","ASSAULT (PAST): OTHER/FAMILY","35"
"103","ASSAULT (PAST): KNIFE/INSIDE","16"
"78","ASSAULT (IN PROGRESS): SHOTS/OUTSIDE","9"
"111","ASSAULT (IN PROGRESS): KNIFE/OUTSIDE","2"
"42","ASSAULT (PAST): KNIFE/OUTSIDE","8"
"17","ASSAULT (PAST): OTHER/OUTSIDE","65"
"73","ASSAULT (IN PROGRESS): KNIFE/FAMILY","51"
"47","ASSAULT (IN PROGRESS): KNIFE/SCHOOL","2"
"44","ASSAULT (IN PROGRESS): KNIFE/SCHOOL","6"
"28","ASSAULT (PAST): WEAPON/OUTSIDE","10"
"34","ASSAULT (IN PROGRESS): OTHER/SCHOOL","11"
"71","ASSAULT (PAST): WEAPON/CHILD ABUSE","1"
"32","ASSAULT (IN PROGRESS): WEAPON/INSIDE","53"
"20","ASSAULT (PAST): KNIFE/INSIDE","4"
"48","ASSAULT (PAST): OTHER/SCHOOL","38"
"84","ASSAULT (PAST): OTHER/CHILD ABUSE","6"
"13","ASSAULT (IN PROGRESS): WEAPON/OUTSIDE","46"
"121","ASSAULT (IN PROGRESS): SHOTS/INSIDE","10"
"83","ASSAULT (PAST): KNIFE/INSIDE","22"
"111","ASSAULT (IN PROGRESS): WEAPON/SCHOOL","2"
"10","ASSAULT (IN PROGRESS): OTHER/FAMILY","121"
"67","ASSAULT (PAST): OTHER/FAMILY","128"
"1","ASSAULT (IN PROGRESS): OTHER/INSIDE","189"
"45","ASSAULT (PAST): OTHER/TRANSIT","8"
"43","ASSAULT (PAST): KNIFE/OUTSIDE","9"
"5","ASSAULT (PAST): SHOTS/INSIDE","1"
"34","ASSAULT (IN PROGRESS): OTHER/FAMILY","268"
"76","ASSAULT (IN PROGRESS): WEAPON/FAMILY","5"
"52","ASSAULT (IN PROGRESS): KNIFE/FAMILY","47"
"5","ASSAULT (IN PROGRESS): KNIFE/OUTSIDE","18"
"103","ASSAULT (IN PROGRESS): WEAPON/TRANSIT","1"
"52","ASSAULT (IN PROGRESS): SHOTS/FAMILY","4"
"105","ASSAULT (IN PROGRESS): WEAPON/OUTSIDE","19"
"1","ASSAULT (IN PROGRESS): KNIFE/INSIDE","5"
"62","ASSAULT (PAST): OTHER/INSIDE","99"
"108","ASSAULT (IN PROGRESS): OTHER/FAMILY","254"
"62","ASSAULT (IN PROGRESS): KNIFE/FAMILY","2"
"24","ASSAULT (IN PROGRESS): SHOTS/OUTSIDE","4"
"69","ASSAULT (PAST): WEAPON/INSIDE","11"
"110","ASSAULT (PAST): OTHER/TRANSIT","13"
"25","ASSAULT (PAST): SHOTS/OUTSIDE","2"
"62","ASSAULT (PAST): WEAPON/INSIDE","10"
"33","ASSAULT (IN PROGRESS): SHOTS/INSIDE","5"
"32","ASSAULT (PAST): SHOTS/INSIDE","10"
"42","ASSAULT (IN PROGRESS): WEAPON/INSIDE","115"
"62","ASSAULT (IN PROGRESS): OTHER/SCHOOL","22"
"101","ASSAULT (IN PROGRESS): WEAPON/CHILD","1"
"123","ASSAULT (IN PROGRESS): KNIFE/INSIDE","2"
"10","ASSAULT (IN PROGRESS): WEAPON/INSIDE","24"
"121","ASSAULT (PAST): OTHER/FAMILY","46"
"25","ASSAULT (PAST): OTHER/CHILD ABUSE","8"
"110","ASSAULT (IN PROGRESS): OTHER/SCHOOL","10"
"41","ASSAULT (IN PROGRESS): OTHER/SCHOOL","23"
"49","ASSAULT (PAST): SHOTS/INSIDE","12"
"75","ASSAULT (IN PROGRESS): WEAPON/FAMILY","117"
"108","ASSAULT (PAST): WEAPON/LTD ACC HWY","1"
"24","ASSAULT (PAST): KNIFE/TRANSIT","1"
"7","ASSAULT (PAST): KNIFE/INSIDE","3"
"88","ASSAULT (PAST): OTHER/INSIDE","129"
"42","ASSAULT (PAST): KNIFE/SCHOOL","1"
"43","ASSAULT (PAST): OTHER/FAMILY","131"
"6","ASSAULT (IN PROGRESS): KNIFE/FAMILY","1"
"111","ASSAULT (IN PROGRESS): KNIFE/INSIDE","5"
"73","ASSAULT (PAST): WEAPON/SCHOOL","4"
"94","ASSAULT (PAST): OTHER/SCHOOL","8"
"104","ASSAULT (IN PROGRESS): WEAPON/CHILD","3"
"7","ASSAULT (PAST): KNIFE/OUTSIDE","2"
"114","ASSAULT (PAST): OTHER/CHILD ABUSE","14"
"75","ASSAULT (PAST): KNIFE/FAMILY","6"
"32","ASSAULT (IN PROGRESS): OTHER/CHILD ABUSE","22"
"68","ASSAULT (PAST): OTHER/INSIDE","80"
"122","ASSAULT (IN PROGRESS): WEAPON/SCHOOL","2"
"52","ASSAULT (IN PROGRESS): WEAPON/INSIDE","83"
"17","ASSAULT (IN PROGRESS): OTHER/LTD ACC HWY","3"
"100","ASSAULT (PAST): KNIFE/FAMILY","1"
"78","ASSAULT (PAST): WEAPON/OUTSIDE","2"
"90","ASSAULT (PAST): OTHER/OUTSIDE","58"
"66","ASSAULT (PAST): WEAPON/INSIDE","17"
"123","ASSAULT (PAST): WEAPON/INSIDE","3"
"68","ASSAULT (PAST): KNIFE/INSIDE","5"
"109","ASSAULT (IN PROGRESS): OTHER/INSIDE","417"
"48","ASSAULT (PAST): KNIFE/TRANSIT","2"
"32","ASSAULT (PAST): OTHER/TRANSIT","7"
"28","ASSAULT (IN PROGRESS): SHOTS/INSIDE","6"
"40","ASSAULT (PAST): WEAPON/INSIDE","52"
"113","ASSAULT (PAST): OTHER/SCHOOL","26"
"26","ASSAULT (IN PROGRESS): SHOTS/FAMILY","1"
"104","ASSAULT (PAST): WEAPON/OUTSIDE","9"
"70","ASSAULT (IN PROGRESS): KNIFE/FAMILY","24"
"32","ASSAULT (IN PROGRESS): WEAPON/SCHOOL","2"
"100","ASSAULT (PAST): SHOTS/OUTSIDE","1"
"88","ASSAULT (PAST): OTHER/TRANSIT","3"
"47","ASSAULT (IN PROGRESS): KNIFE/OUTSIDE","81"
"100","ASSAULT (IN PROGRESS): SHOTS/OUTSIDE","6"
"6","ASSAULT (PAST): WEAPON/INSIDE","4"
"81","ASSAULT (IN PROGRESS): WEAPON/INSIDE","32"
"32","ASSAULT (PAST): WEAPON/TRANSIT","1"
"61","ASSAULT (IN PROGRESS): WEAPON/TRANSIT","3"
"123","ASSAULT (IN PROGRESS): WEAPON/FAMILY","6"
"72","ASSAULT (IN PROGRESS): OTHER/TRANSIT","33"
"90","ASSAULT (IN PROGRESS): KNIFE/INSIDE","17"
"30","ASSAULT (IN PROGRESS): OTHER/TRANSIT","27"
"88","ASSAULT (IN PROGRESS): OTHER/CHILD ABUSE","5"
"79","ASSAULT (PAST): OTHER/FAMILY","52"
"104","ASSAULT (PAST): OTHER/CHILD ABUSE","9"
"108","ASSAULT (IN PROGRESS): OTHER/LTD ACC HWY","1"
"70","ASSAULT (PAST): OTHER/SCHOOL","18"
"49","ASSAULT (IN PROGRESS): WEAPON/TRANSIT","2"
"13","ASSAULT (IN PROGRESS): OTHER/INSIDE","392"
"107","ASSAULT (IN PROGRESS): KNIFE/OUTSIDE","11"
"113","ASSAULT (IN PROGRESS): WEAPON/LTD ACC HWY","1"
"61","ASSAULT (PAST): OTHER/CHILD ABUSE","12"
"114","ASSAULT (IN PROGRESS): KNIFE/TRANSIT","8"
"63","ASSAULT (PAST): KNIFE/FAMILY","2"
"113","ASSAULT (PAST): KNIFE/FAMILY","1"
"14","ASSAULT (IN PROGRESS): KNIFE/SCHOOL","2"
"101","ASSAULT (IN PROGRESS): OTHER/CHILD ABUSE","27"
"6","ASSAULT (PAST): OTHER/TRANSIT","11"
"83","ASSAULT (PAST): OTHER/INSIDE","266"
"79","ASSAULT (IN PROGRESS): OTHER/SCHOOL","17"
"106","ASSAULT (PAST): OTHER/SCHOOL","21"
"73","ASSAULT (IN PROGRESS): SHOTS/OUTSIDE","42"
"79","ASSAULT (IN PROGRESS): OTHER/CHILD ABUSE","21"
"114","ASSAULT (IN PROGRESS): KNIFE/INSIDE","41"
"25","ASSAULT (IN PROGRESS): WEAPON/FAMILY","19"
"7","ASSAULT (IN PROGRESS): KNIFE/INSIDE","17"
"103","ASSAULT (PAST): SHOTS/OUTSIDE","1"
"112","ASSAULT (IN PROGRESS): OTHER/TRANSIT","25"
"32","ASSAULT (PAST): SHOTS/OUTSIDE","2"
"111","ASSAULT (PAST): OTHER/CHILD ABUSE","8"
"25","ASSAULT (PAST): SHOTS/INSIDE","2"
"116","ASSAULT (IN PROGRESS): WEAPON/FAMILY","26"
"75","ASSAULT (IN PROGRESS): OTHER/FAMILY","1282"
"75","ASSAULT (IN PROGRESS): WEAPON/TRANSIT","3"
"94","ASSAULT (IN PROGRESS): KNIFE/TRANSIT","4"
"72","ASSAULT (PAST): WEAPON/INSIDE","17"
"50","ASSAULT (PAST): OTHER/INSIDE","114"
"101","ASSAULT (PAST): SHOTS/OUTSIDE","1"
"40","ASSAULT (PAST): OTHER/FAMILY","150"
"106","ASSAULT (PAST): OTHER/TRANSIT","8"
"77","ASSAULT (PAST): WEAPON/OUTSIDE","7"
"100","ASSAULT (IN PROGRESS): SHOTS/INSIDE","5"
"70","ASSAULT (IN PROGRESS): KNIFE/INSIDE","42"
"121","ASSAULT (IN PROGRESS): KNIFE/INSIDE","15"
"109","ASSAULT (IN PROGRESS): KNIFE/INSIDE","22"
"6","ASSAULT (IN PROGRESS): WEAPON/INSIDE","13"
"40","ASSAULT (IN PROGRESS): SHOTS/INSIDE","41"
"123","ASSAULT (IN PROGRESS): KNIFE/OUTSIDE","1"
"67","ASSAULT (PAST): OTHER/SCHOOL","21"
"28","ASSAULT (PAST): KNIFE/OUTSIDE","5"
"83","ASSAULT (IN PROGRESS): KNIFE/OUTSIDE","32"
"113","ASSAULT (PAST): WEAPON/INSIDE","10"
"71","ASSAULT (IN PROGRESS): SHOTS/INSIDE","19"
"9","ASSAULT (IN PROGRESS): WEAPON/INSIDE","38"
"60","ASSAULT (IN PROGRESS): WEAPON/INSIDE","48"
"69","ASSAULT (IN PROGRESS): OTHER/FAMILY","320"
"43","ASSAULT (IN PROGRESS): KNIFE/INSIDE","67"
"62","ASSAULT (PAST): OTHER/OUTSIDE","73"
"101","ASSAULT (PAST): SHOTS/INSIDE","3"
"110","ASSAULT (IN PROGRESS): OTHER/TRANSIT","48"
"104","ASSAULT (PAST): OTHER/SCHOOL","14"
"20","ASSAULT (PAST): SHOTS/INSIDE","1"
"62","ASSAULT (IN PROGRESS): WEAPON/INSIDE","29"
"18","ASSAULT (PAST): OTHER/INSIDE","236"
"46","ASSAULT (IN PROGRESS): KNIFE/TRANSIT","6"
"43","ASSAULT (PAST): KNIFE/FAMILY","8"
"113","ASSAULT (IN PROGRESS): SHOTS/INSIDE","18"
"18","ASSAULT (PAST): KNIFE/FAMILY","2"
"19","ASSAULT (PAST): WEAPON/TRANSIT","1"
"14","ASSAULT (IN PROGRESS): WEAPON/FAMILY","3"
"110","ASSAULT (PAST): WEAPON/OUTSIDE","19"
"122","ASSAULT (IN PROGRESS): OTHER/INSIDE","169"
"100","ASSAULT (IN PROGRESS): KNIFE/OUTSIDE","8"
"61","ASSAULT (IN PROGRESS): KNIFE/OUTSIDE","19"
"88","ASSAULT (IN PROGRESS): OTHER/INSIDE","238"
"121","ASSAULT (IN PROGRESS): OTHER/SCHOOL","10"
"63","ASSAULT (IN PROGRESS): OTHER/FAMILY","203"
"73","ASSAULT (IN PROGRESS): WEAPON/FAMILY","64"
"34","ASSAULT (IN PROGRESS): OTHER/LTD ACC HWY","2"
"68","ASSAULT (IN PROGRESS): WEAPON/OUTSIDE","22"
"94","ASSAULT (IN PROGRESS): OTHER/LTD ACC HWY","2"
"18","ASSAULT (PAST): SHOTS/INSIDE","4"
"33","ASSAULT (IN PROGRESS): WEAPON/FAMILY","14"
"66","ASSAULT (PAST): KNIFE/OUTSIDE","6"
"83","ASSAULT (IN PROGRESS): KNIFE/TRANSIT","3"
"120","ASSAULT (PAST): KNIFE/FAMILY","2"
"115","ASSAULT (PAST): OTHER/OUTSIDE","152"
"6","ASSAULT (IN PROGRESS): SHOTS/INSIDE","4"
"61","ASSAULT (IN PROGRESS): OTHER/OUTSIDE","256"
"120","ASSAULT (IN PROGRESS): WEAPON/CHILD","1"
"100","ASSAULT (IN PROGRESS): OTHER/TRANSIT","10"
"110","ASSAULT (IN PROGRESS): WEAPON/CHILD","12"
"19","ASSAULT (IN PROGRESS): KNIFE/FAMILY","4"
"79","ASSAULT (PAST): KNIFE/OUTSIDE","5"
"13","ASSAULT (IN PROGRESS): WEAPON/INSIDE","58"
"115","ASSAULT (IN PROGRESS): KNIFE/INSIDE","32"
"110","ASSAULT (IN PROGRESS): OTHER/CHILD ABUSE","33"
"103","ASSAULT (IN PROGRESS): OTHER/SCHOOL","10"
"40","ASSAULT (IN PROGRESS): WEAPON/CHILD","7"
"13","ASSAULT (IN PROGRESS): WEAPON/FAMILY","1"
"1","ASSAULT (IN PROGRESS): OTHER/FAMILY","63"
"101","ASSAULT (PAST): KNIFE/INSIDE","14"
"18","ASSAULT (IN PROGRESS): WEAPON/SCHOOL","2"
"109","ASSAULT (IN PROGRESS): OTHER/CHILD ABUSE","20"
"100","ASSAULT (IN PROGRESS): KNIFE/FAMILY","9"
"120","ASSAULT (PAST): OTHER/OUTSIDE","80"
"88","ASSAULT (PAST): WEAPON/FAMILY","1"
"108","ASSAULT (PAST): OTHER/TRANSIT","19"
"84","ASSAULT (PAST): WEAPON/INSIDE","20"
"41","ASSAULT (IN PROGRESS): KNIFE/INSIDE","30"
"101","ASSAULT (PAST): KNIFE/FAMILY","2"
"103","ASSAULT (PAST): OTHER/SCHOOL","21"
"103","ASSAULT (IN PROGRESS): WEAPON/FAMILY","42"
"123","ASSAULT (IN PROGRESS): SHOTS/FAMILY","3"
"48","ASSAULT (IN PROGRESS): KNIFE/INSIDE","101"
"7","ASSAULT (IN PROGRESS): KNIFE/FAMILY","3"
"50","ASSAULT (PAST): OTHER/CHILD ABUSE","11"
"50","ASSAULT (PAST): WEAPON/CHILD ABUSE","2"
"108","ASSAULT (IN PROGRESS): OTHER/SCHOOL","13"
"104","ASSAULT (PAST): OTHER/INSIDE","109"
"60","ASSAULT (IN PROGRESS): WEAPON/TRANSIT","1"
"88","ASSAULT (PAST): WEAPON/INSIDE","9"
"109","ASSAULT (PAST): WEAPON/FAMILY","4"
"52","ASSAULT (IN PROGRESS): KNIFE/TRANSIT","7"
"72","ASSAULT (IN PROGRESS): KNIFE/TRANSIT","8"
"103","ASSAULT (IN PROGRESS): KNIFE/FAMILY","40"
"109","ASSAULT (IN PROGRESS): SHOTS/FAMILY","4"
"6","ASSAULT (IN PROGRESS): OTHER/FAMILY","34"
"101","ASSAULT (IN PROGRESS): WEAPON/SCHOOL","5"
"81","ASSAULT (IN PROGRESS): OTHER/OUTSIDE","223"
"6","ASSAULT (PAST): SHOTS/TRANSIT","1"
"116","ASSAULT (PAST): WEAPON/INSIDE","8"
"70","ASSAULT (PAST): WEAPON/SCHOOL","1"
"10","ASSAULT (IN PROGRESS): SHOTS/INSIDE","12"
"102","ASSAULT (IN PROGRESS): WEAPON/INSIDE","41"
"75","ASSAULT (IN PROGRESS): KNIFE/SCHOOL","3"
"84","ASSAULT (IN PROGRESS): KNIFE/FAMILY","5"
"106","ASSAULT (IN PROGRESS): KNIFE/INSIDE","14"
"113","ASSAULT (PAST): SHOTS/OUTSIDE","1"
"47","ASSAULT (IN PROGRESS): WEAPON/CHILD","7"
"49","ASSAULT (PAST): OTHER/TRANSIT","16"
"45","ASSAULT (IN PROGRESS): WEAPON/INSIDE","29"
"18","ASSAULT (IN PROGRESS): WEAPON/TRANSIT","6"
"17","ASSAULT (IN PROGRESS): OTHER/TRANSIT","42"
"24","ASSAULT (PAST): OTHER/FAMILY","23"
"28","ASSAULT (IN PROGRESS): WEAPON/INSIDE","55"
"70","ASSAULT (IN PROGRESS): SHOTS/INSIDE","13"
"83","ASSAULT (PAST): KNIFE/OUTSIDE","4"
"26","ASSAULT (IN PROGRESS): KNIFE/TRANSIT","4"
"66","ASSAULT (IN PROGRESS): KNIFE/FAMILY","7"
"72","ASSAULT (IN PROGRESS): KNIFE/FAMILY","13"
"17","ASSAULT (IN PROGRESS): KNIFE/OUTSIDE","4"
"111","ASSAULT (IN PROGRESS): SHOTS/INSIDE","9"
"24","ASSAULT (PAST): WEAPON/TRANSIT","2"
"52","ASSAULT (IN PROGRESS): SHOTS/TRANSIT","1"
"40","ASSAULT (IN PROGRESS): OTHER/CHILD ABUSE","35"
"26","ASSAULT (IN PROGRESS): KNIFE/FAMILY","12"
"61","ASSAULT (PAST): OTHER/OUTSIDE","58"
"7","ASSAULT (IN PROGRESS): SHOTS/INSIDE","3"
"111","ASSAULT (IN PROGRESS): OTHER/FAMILY","109"
"73","ASSAULT (PAST): OTHER/TRANSIT","34"
"28","ASSAULT (IN PROGRESS): OTHER/OUTSIDE","282"
"20","ASSAULT (PAST): KNIFE/FAMILY","1"
"71","ASSAULT (IN PROGRESS): KNIFE/INSIDE","44"
"79","ASSAULT (PAST): WEAPON/OUTSIDE","12"
"81","ASSAULT (PAST): OTHER/CHILD ABUSE","6"
"102","ASSAULT (IN PROGRESS): SHOTS/LTD ACC HWY","1"
"106","ASSAULT (PAST): WEAPON/OUTSIDE","7"
"60","ASSAULT (PAST): OTHER/CHILD ABUSE","8"
"75","ASSAULT (PAST): WEAPON/INSIDE","52"
"115","ASSAULT (PAST): OTHER/CHILD ABUSE","18"
"47","ASSAULT (PAST): SHOTS/INSIDE","9"
"9","ASSAULT (IN PROGRESS): SHOTS/FAMILY","1"
"83","ASSAULT (IN PROGRESS): WEAPON/TRANSIT","4"
"79","ASSAULT (PAST): OTHER/INSIDE","191"
"69","ASSAULT (PAST): OTHER/TRANSIT","2"
"68","ASSAULT (IN PROGRESS): OTHER/SCHOOL","2"
"101","ASSAULT (IN PROGRESS): OTHER/SCHOOL","9"
"88","ASSAULT (PAST): WEAPON/OUTSIDE","1"
"63","ASSAULT (PAST): WEAPON/OUTSIDE","7"
"81","ASSAULT (IN PROGRESS): WEAPON/TRANSIT","1"
"105","ASSAULT (PAST): OTHER/CHILD ABUSE","16"
"71","ASSAULT (IN PROGRESS): OTHER/CHILD ABUSE","20"
"26","ASSAULT (IN PROGRESS): KNIFE/OUTSIDE","6"
"70","ASSAULT (PAST): WEAPON/CHILD ABUSE","3"
"24","ASSAULT (PAST): KNIFE/FAMILY","1"
"101","ASSAULT (IN PROGRESS): SHOTS/INSIDE","24"
"81","ASSAULT (IN PROGRESS): WEAPON/FAMILY","21"
"116","ASSAULT (IN PROGRESS): KNIFE/INSIDE","19"
"62","ASSAULT (IN PROGRESS): KNIFE/SCHOOL","2"
"105","ASSAULT (IN PROGRESS): WEAPON/INSIDE","17"
"46","ASSAULT (PAST): OTHER/OUTSIDE","147"
"122","ASSAULT (PAST): OTHER/INSIDE","123"
"121","ASSAULT (IN PROGRESS): OTHER/INSIDE","194"
"108","ASSAULT (PAST): KNIFE/OUTSIDE","2"
"44","ASSAULT (PAST): WEAPON/OUTSIDE","22"
"42","ASSAULT (IN PROGRESS): OTHER/SCHOOL","38"
"45","ASSAULT (PAST): WEAPON/INSIDE","11"
"30","ASSAULT (IN PROGRESS): KNIFE/INSIDE","13"
"32","ASSAULT (PAST): WEAPON/FAMILY","6"
"24","ASSAULT (IN PROGRESS): KNIFE/TRANSIT","7"
"120","ASSAULT (IN PROGRESS): WEAPON/SCHOOL","2"
"67","ASSAULT (IN PROGRESS): SHOTS/FAMILY","2"
"73","ASSAULT (IN PROGRESS): WEAPON/SCHOOL","8"
"66","ASSAULT (PAST): WEAPON/OUTSIDE","2"
"14","ASSAULT (IN PROGRESS): WEAPON/INSIDE","57"
"42","ASSAULT (IN PROGRESS): KNIFE/OUTSIDE","92"
"105","ASSAULT (IN PROGRESS): SHOTS/OUTSIDE","3"
"75","ASSAULT (PAST): OTHER/FAMILY","185"
"71","ASSAULT (IN PROGRESS): WEAPON/INSIDE","42"
"69","ASSAULT (PAST): OTHER/SCHOOL","14"
"69","ASSAULT (IN PROGRESS): WEAPON/TRANSIT","2"
"70","ASSAULT (PAST): WEAPON/OUTSIDE","5"
"104","ASSAULT (PAST): KNIFE/OUTSIDE","1"
"24","ASSAULT (PAST): WEAPON/OUTSIDE","6"
"40","ASSAULT (PAST): KNIFE/TRANSIT","4"
"69","ASSAULT (IN PROGRESS): KNIFE/FAMILY","14"
"17","ASSAULT (PAST): OTHER/TRANSIT","10"
"84","ASSAULT (IN PROGRESS): OTHER/FAMILY","119"
"90","ASSAULT (IN PROGRESS): OTHER/SCHOOL","16"
"106","ASSAULT (IN PROGRESS): OTHER/TRANSIT","23"
"69","ASSAULT (IN PROGRESS): OTHER/CHILD ABUSE","10"
"78","ASSAULT (IN PROGRESS): WEAPON/TRANSIT","2"
"18","ASSAULT (IN PROGRESS): WEAPON/CHILD","1"
"14","ASSAULT (PAST): OTHER/FAMILY","26"
"106","ASSAULT (IN PROGRESS): OTHER/LTD ACC HWY","3"
"48","ASSAULT (IN PROGRESS): OTHER/LTD ACC HWY","1"
"72","ASSAULT (IN PROGRESS): KNIFE/OUTSIDE","32"
"120","ASSAULT (PAST): OTHER/FAMILY","73"
"26","ASSAULT (IN PROGRESS): OTHER/CHILD ABUSE","6"
"1","ASSAULT (IN PROGRESS): OTHER/CHILD ABUSE","9"
"71","ASSAULT (IN PROGRESS): OTHER/OUTSIDE","253"
"69","ASSAULT (IN PROGRESS): WEAPON/OUTSIDE","26"
"40","ASSAULT (PAST): OTHER/INSIDE","449"
"46","ASSAULT (IN PROGRESS): KNIFE/INSIDE","140"
"66","ASSAULT (IN PROGRESS): OTHER/CHILD ABUSE","11"
"94","ASSAULT (PAST): WEAPON/FAMILY","2"
"28","ASSAULT (IN PROGRESS): OTHER/FAMILY","209"
"69","ASSAULT (IN PROGRESS): WEAPON/INSIDE","23"
"115","ASSAULT (IN PROGRESS): OTHER/OUTSIDE","563"
"24","ASSAULT (IN PROGRESS): KNIFE/OUTSIDE","17"
"102","ASSAULT (PAST): KNIFE/OUTSIDE","6"
"17","ASSAULT (PAST): OTHER/SCHOOL","4"
"75","ASSAULT (IN PROGRESS): WEAPON/OUTSIDE","135"
"70","ASSAULT (PAST): KNIFE/INSIDE","13"
"105","ASSAULT (PAST): KNIFE/INSIDE","1"
"49","ASSAULT (PAST): KNIFE/TRANSIT","2"
"71","ASSAULT (IN PROGRESS): KNIFE/TRANSIT","2"
"109","ASSAULT (PAST): OTHER/TRANSIT","6"
"44","ASSAULT (IN PROGRESS): OTHER/SCHOOL","11"
"18","ASSAULT (PAST): OTHER/CHILD ABUSE","3"
"106","ASSAULT (PAST): WEAPON/INSIDE","11"
"19","ASSAULT (IN PROGRESS): SHOTS/OUTSIDE","7"
"114","ASSAULT (PAST): WEAPON/FAMILY","4"
"88","ASSAULT (IN PROGRESS): OTHER/FAMILY","153"
"102","ASSAULT (IN PROGRESS): OTHER/OUTSIDE","298"
"102","ASSAULT (PAST): KNIFE/FAMILY","1"
"28","ASSAULT (PAST): OTHER/SCHOOL","6"
"102","ASSAULT (PAST): OTHER/INSIDE","207"
"52","ASSAULT (PAST): SHOTS/INSIDE","6"
"100","ASSAULT (PAST): WEAPON/INSIDE","7"
"105","ASSAULT (PAST): KNIFE/FAMILY","1"
"116","ASSAULT (PAST): KNIFE/INSIDE","5"
"20","ASSAULT (IN PROGRESS): KNIFE/OUTSIDE","5"
"78","ASSAULT (IN PROGRESS): KNIFE/OUTSIDE","13"
"105","ASSAULT (PAST): KNIFE/OUTSIDE","1"
"40","ASSAULT (PAST): KNIFE/OUTSIDE","19"
"101","ASSAULT (IN PROGRESS): OTHER/INSIDE","372"
"103","ASSAULT (IN PROGRESS): KNIFE/OUTSIDE","72"
"107","ASSAULT (IN PROGRESS): KNIFE/FAMILY","7"
"13","ASSAULT (PAST): OTHER/CHILD ABUSE","2"
"123","ASSAULT (PAST): OTHER/FAMILY","16"
"112","ASSAULT (PAST): OTHER/TRANSIT","7"
"73","ASSAULT (IN PROGRESS): KNIFE/SCHOOL","2"
"48","ASSAULT (IN PROGRESS): KNIFE/CHILD ABUSE","2"
"63","ASSAULT (PAST): OTHER/CHILD ABUSE","9"
"88","ASSAULT (PAST): KNIFE/INSIDE","4"
"68","ASSAULT (PAST): OTHER/FAMILY","28"
"122","ASSAULT (PAST): WEAPON/OUTSIDE","6"
"1","ASSAULT (IN PROGRESS): KNIFE/TRANSIT","8"
"19","ASSAULT (PAST): KNIFE/FAMILY","2"
"40","ASSAULT (PAST): WEAPON/OUTSIDE","24"
"63","ASSAULT (IN PROGRESS): SHOTS/OUTSIDE","8"
"115","ASSAULT (IN PROGRESS): KNIFE/FAMILY","17"
"18","ASSAULT (IN PROGRESS): KNIFE/TRANSIT","7"
"52","ASSAULT (IN PROGRESS): OTHER/CHILD ABUSE","37"
"7","ASSAULT (PAST): WEAPON/OUTSIDE","2"
"28","ASSAULT (PAST): SHOTS/OUTSIDE","2"
"112","ASSAULT (IN PROGRESS): OTHER/OUTSIDE","142"
"52","ASSAULT (PAST): WEAPON/OUTSIDE","16"
"108","ASSAULT (PAST): KNIFE/INSIDE","4"
"30","ASSAULT (PAST): WEAPON/FAMILY","3"
"6","ASSAULT (PAST): OTHER/SCHOOL","2"
"9","ASSAULT (IN PROGRESS): KNIFE/INSIDE","16"
"49","ASSAULT (IN PROGRESS): OTHER/INSIDE","429"
"104","ASSAULT (IN PROGRESS): WEAPON/OUTSIDE","48"
"88","ASSAULT (PAST): SHOTS/OUTSIDE","1"
"110","ASSAULT (IN PROGRESS): SHOTS/OUTSIDE","10"
"60","ASSAULT (PAST): SHOTS/INSIDE","2"
"34","ASSAULT (PAST): WEAPON/FAMILY","4"
"106","ASSAULT (PAST): OTHER/LTD ACC HWY","1"
"108","ASSAULT (IN PROGRESS): WEAPON/OUTSIDE","44"
"52","ASSAULT (IN PROGRESS): OTHER/INSIDE","680"
"78","ASSAULT (IN PROGRESS): OTHER/TRANSIT","33"
"26","ASSAULT (PAST): OTHER/TRANSIT","8"
"41","ASSAULT (PAST): KNIFE/INSIDE","22"
"88","ASSAULT (IN PROGRESS): WEAPON/TRANSIT","1"
"109","ASSAULT (PAST): OTHER/CHILD ABUSE","17"
"73","ASSAULT (PAST): WEAPON/TRANSIT","2"
"60","ASSAULT (PAST): KNIFE/FAMILY","2"
"66","ASSAULT (PAST): OTHER/FAMILY","35"
"110","ASSAULT (IN PROGRESS): KNIFE/INSIDE","27"
"23","ASSAULT (PAST): KNIFE/OUTSIDE","6"
"60","ASSAULT (PAST): SHOTS/OUTSIDE","1"
"73","ASSAULT (IN PROGRESS): OTHER/FAMILY","880"
"104","ASSAULT (IN PROGRESS): WEAPON/TRANSIT","2"
"69","ASSAULT (PAST): KNIFE/INSIDE","5"
"114","ASSAULT (IN PROGRESS): WEAPON/FAMILY","26"
"121","ASSAULT (PAST): WEAPON/OUTSIDE","4"
"77","ASSAULT (IN PROGRESS): SHOTS/OUTSIDE","26"
"72","ASSAULT (IN PROGRESS): WEAPON/TRANSIT","5"
"50","ASSAULT (PAST): WEAPON/OUTSIDE","3"
"121","ASSAULT (PAST): WEAPON/INSIDE","7"
"106","ASSAULT (IN PROGRESS): WEAPON/FAMILY","30"
"22","ASSAULT (IN PROGRESS): KNIFE/OUTSIDE","2"
"49","ASSAULT (PAST): WEAPON/CHILD ABUSE","1"
"79","ASSAULT (PAST): OTHER/TRANSIT","8"
"112","ASSAULT (IN PROGRESS): KNIFE/OUTSIDE","10"
"106","ASSAULT (IN PROGRESS): WEAPON/OUTSIDE","52"
"45","ASSAULT (PAST): WEAPON/FAMILY","3"
"122","ASSAULT (IN PROGRESS): WEAPON/INSIDE","21"
"10","ASSAULT (PAST): SHOTS/INSIDE","4"
"83","ASSAULT (PAST): KNIFE/FAMILY","5"
"50","ASSAULT (IN PROGRESS): WEAPON/SCHOOL","2"
"28","ASSAULT (IN PROGRESS): OTHER/SCHOOL","8"
"13","ASSAULT (IN PROGRESS): KNIFE/INSIDE","21"
"5","ASSAULT (PAST): OTHER/INSIDE","111"
"77","ASSAULT (PAST): WEAPON/CHILD ABUSE","3"
"46","ASSAULT (PAST): OTHER/SCHOOL","19"
"108","ASSAULT (PAST): WEAPON/CHILD ABUSE","2"
"113","ASSAULT (PAST): OTHER/INSIDE","166"
"6","ASSAULT (PAST): WEAPON/TRANSIT","1"
"18","ASSAULT (IN PROGRESS): WEAPON/FAMILY","9"
"66","ASSAULT (IN PROGRESS): KNIFE/TRANSIT","3"
"6","ASSAULT (PAST): SHOTS/INSIDE","1"
"115","ASSAULT (PAST): OTHER/TRANSIT","13"
"14","ASSAULT (IN PROGRESS): KNIFE/OUTSIDE","50"
"101","ASSAULT (IN PROGRESS): SHOTS/SCHOOL","2"
"61","ASSAULT (PAST): OTHER/SCHOOL","14"
"66","ASSAULT (IN PROGRESS): KNIFE/OUTSIDE","14"
"28","ASSAULT (PAST): OTHER/INSIDE","140"
"90","ASSAULT (IN PROGRESS): WEAPON/OUTSIDE","48"
"60","ASSAULT (IN PROGRESS): OTHER/OUTSIDE","289"
"68","ASSAULT (IN PROGRESS): OTHER/INSIDE","141"
"77","ASSAULT (IN PROGRESS): WEAPON/INSIDE","40"
"78","ASSAULT (IN PROGRESS): OTHER/CHILD ABUSE","1"
"76","ASSAULT (PAST): WEAPON/INSIDE","5"
"61","ASSAULT (IN PROGRESS): SHOTS/INSIDE","10"
"1","ASSAULT (PAST): SHOTS/INSIDE","1"
"70","ASSAULT (PAST): WEAPON/FAMILY","9"
"90","ASSAULT (IN PROGRESS): WEAPON/INSIDE","34"
"34","ASSAULT (IN PROGRESS): KNIFE/INSIDE","23"
"7","ASSAULT (IN PROGRESS): KNIFE/TRANSIT","2"
"112","ASSAULT (PAST): SHOTS/INSIDE","1"
"112","ASSAULT (PAST): SHOTS/FAMILY","2"
"43","ASSAULT (PAST): SHOTS/OUTSIDE","2"
"18","ASSAULT (IN PROGRESS): KNIFE/CHILD ABUSE","1"
"67","ASSAULT (IN PROGRESS): KNIFE/TRANSIT","2"
"66","ASSAULT (PAST): SHOTS/OUTSIDE","2"
"81","ASSAULT (IN PROGRESS): WEAPON/OUTSIDE","32"
"47","ASSAULT (IN PROGRESS): WEAPON/OUTSIDE","102"
"61","ASSAULT (IN PROGRESS): SHOTS/OUTSIDE","9"
"45","ASSAULT (PAST): OTHER/SCHOOL","26"
"28","ASSAULT (PAST): OTHER/CHILD ABUSE","9"
"41","ASSAULT (PAST): OTHER/FAMILY","55"
"41","ASSAULT (PAST): WEAPON/FAMILY","5"
"63","ASSAULT (IN PROGRESS): KNIFE/INSIDE","12"
"72","ASSAULT (PAST): OTHER/CHILD ABUSE","10"
"73","ASSAULT (PAST): OTHER/CHILD ABUSE","19"
"6","ASSAULT (IN PROGRESS): OTHER/OUTSIDE","284"
"104","ASSAULT (IN PROGRESS): SHOTS/OUTSIDE","13"
"61","ASSAULT (PAST): KNIFE/OUTSIDE","5"
"83","ASSAULT (PAST): SHOTS/OUTSIDE","1"
"24","ASSAULT (IN PROGRESS): OTHER/INSIDE","190"
"123","ASSAULT (IN PROGRESS): KNIFE/FAMILY","1"
"114","ASSAULT (IN PROGRESS): KNIFE/OUTSIDE","40"
"103","ASSAULT (PAST): OTHER/FAMILY","99"
"72","ASSAULT (IN PROGRESS): WEAPON/OUTSIDE","44"
"14","ASSAULT (PAST): SHOTS/INSIDE","2"
"44","ASSAULT (PAST): WEAPON/CHILD ABUSE","2"
"73","ASSAULT (IN PROGRESS): OTHER/CHILD ABUSE","45"
"1","ASSAULT (IN PROGRESS): KNIFE/FAMILY","3"
"20","ASSAULT (IN PROGRESS): WEAPON/OUTSIDE","22"
"62","ASSAULT (IN PROGRESS): SHOTS/OUTSIDE","4"
"24","ASSAULT (IN PROGRESS): WEAPON/TRANSIT","3"
"9","ASSAULT (PAST): OTHER/FAMILY","17"
"123","ASSAULT (IN PROGRESS): OTHER/OUTSIDE","62"
"42","ASSAULT (PAST): OTHER/INSIDE","359"
"20","ASSAULT (IN PROGRESS): OTHER/INSIDE","102"
"77","ASSAULT (PAST): WEAPON/INSIDE","14"
"17","ASSAULT (IN PROGRESS): OTHER/OUTSIDE","169"
"45","ASSAULT (PAST): OTHER/FAMILY","58"
"25","ASSAULT (PAST): OTHER/OUTSIDE","93"
"107","ASSAULT (PAST): WEAPON/INSIDE","11"
"17","ASSAULT (PAST): WEAPON/TRANSIT","1"
"111","ASSAULT (IN PROGRESS): OTHER/OUTSIDE","90"
"84","ASSAULT (IN PROGRESS): KNIFE/OUTSIDE","13"
"32","ASSAULT (IN PROGRESS): OTHER/FAMILY","413"
"18","ASSAULT (PAST): OTHER/SCHOOL","17"
"76","ASSAULT (IN PROGRESS): SHOTS/INSIDE","3"
"46","ASSAULT (IN PROGRESS): OTHER/LTD ACC HWY","2"
"46","ASSAULT (PAST): KNIFE/OUTSIDE","15"
"121","ASSAULT (PAST): OTHER/CHILD ABUSE","11"
"69","ASSAULT (IN PROGRESS): OTHER/INSIDE","175"
"52","ASSAULT (PAST): OTHER/OUTSIDE","114"
"13","ASSAULT (PAST): WEAPON/FAMILY","4"
"109","ASSAULT (IN PROGRESS): SHOTS/OUTSIDE","11"
"33","ASSAULT (PAST): WEAPON/FAMILY","1"
"43","ASSAULT (IN PROGRESS): OTHER/INSIDE","517"
"61","ASSAULT (IN PROGRESS): KNIFE/SCHOOL","2"
"34","ASSAULT (IN PROGRESS): WEAPON/LTD ACC HWY","1"
"14","ASSAULT (PAST): KNIFE/OUTSIDE","11"
"25","ASSAULT (IN PROGRESS): WEAPON/LTD ACC HWY","2"
"84","ASSAULT (PAST): WEAPON/FAMILY","1"
"26","ASSAULT (PAST): OTHER/SCHOOL","5"
"67","ASSAULT (PAST): KNIFE/INSIDE","31"
"43","ASSAULT (IN PROGRESS): OTHER/FAMILY","991"
"49","ASSAULT (IN PROGRESS): KNIFE/TRANSIT","1"
"110","ASSAULT (IN PROGRESS): WEAPON/OUTSIDE","85"
"14","ASSAULT (PAST): OTHER/TRANSIT","74"
"73","ASSAULT (PAST): OTHER/OUTSIDE","112"
"81","ASSAULT (PAST): KNIFE/TRANSIT","1"
"81","ASSAULT (PAST): WEAPON/FAMILY","1"
"101","ASSAULT (IN PROGRESS): OTHER/OUTSIDE","182"
"67","ASSAULT (PAST): SHOTS/OUTSIDE","2"
"107","ASSAULT (PAST): OTHER/SCHOOL","47"
"60","ASSAULT (IN PROGRESS): WEAPON/CHILD","1"
"113","ASSAULT (PAST): KNIFE/INSIDE","6"
"106","ASSAULT (IN PROGRESS): SHOTS/OUTSIDE","9"
"40","ASSAULT (PAST): KNIFE/FAMILY","5"
"90","ASSAULT (IN PROGRESS): OTHER/INSIDE","284"
"112","ASSAULT (IN PROGRESS): SHOTS/FAMILY","1"
"61","ASSAULT (PAST): OTHER/TRANSIT","8"
"62","ASSAULT (PAST): OTHER/CHILD ABUSE","9"
"62","ASSAULT (PAST): WEAPON/OUTSIDE","8"
"72","ASSAULT (PAST): KNIFE/FAMILY","3"
"114","ASSAULT (IN PROGRESS): OTHER/INSIDE","430"
"47","ASSAULT (PAST): OTHER/CHILD ABUSE","41"
"52","ASSAULT (PAST): WEAPON/INSIDE","40"
"108","ASSAULT (IN PROGRESS): KNIFE/OUTSIDE","21"
"48","ASSAULT (PAST): OTHER/TRANSIT","6"
"83","ASSAULT (IN PROGRESS): WEAPON/OUTSIDE","57"
"109","ASSAULT (PAST): KNIFE/INSIDE","29"
"72","ASSAULT (PAST): SHOTS/INSIDE","1"
"103","ASSAULT (PAST): OTHER/OUTSIDE","152"
"112","ASSAULT (PAST): OTHER/SCHOOL","11"
"13","ASSAULT (PAST): OTHER/INSIDE","306"
"43","ASSAULT (IN PROGRESS): OTHER/OUTSIDE","480"
"66","ASSAULT (IN PROGRESS): SHOTS/SCHOOL","2"
"76","ASSAULT (IN PROGRESS): WEAPON/CHILD","1"
"75","ASSAULT (PAST): WEAPON/SCHOOL","3"
"70","ASSAULT (IN PROGRESS): OTHER/TRANSIT","26"
"108","ASSAULT (PAST): WEAPON/INSIDE","13"
"100","ASSAULT (PAST): OTHER/INSIDE","87"
"67","ASSAULT (IN PROGRESS): KNIFE/SCHOOL","4"
"68","ASSAULT (IN PROGRESS): KNIFE/TRANSIT","1"
"32","ASSAULT (IN PROGRESS): KNIFE/OUTSIDE","47"
"120","ASSAULT (IN PROGRESS): OTHER/INSIDE","410"
"19","ASSAULT (PAST): OTHER/TRANSIT","15"
"32","ASSAULT (IN PROGRESS): KNIFE/FAMILY","36"
"32","ASSAULT (PAST): WEAPON/OUTSIDE","16"
"7","ASSAULT (IN PROGRESS): OTHER/FAMILY","167"
"26","ASSAULT (IN PROGRESS): WEAPON/TRANSIT","8"
"48","ASSAULT (IN PROGRESS): KNIFE/TRANSIT","1"
"109","ASSAULT (PAST): OTHER/LTD ACC HWY","1"
"70","ASSAULT (PAST): OTHER/TRANSIT","12"
"42","ASSAULT (IN PROGRESS): OTHER/TRANSIT","5"
"17","ASSAULT (IN PROGRESS): OTHER/FAMILY","57"
"43","ASSAULT (PAST): WEAPON/INSIDE","35"
"77","ASSAULT (PAST): OTHER/TRANSIT","8"
"110","ASSAULT (PAST): WEAPON/CHILD ABUSE","3"
"20","ASSAULT (PAST): OTHER/TRANSIT","6"
"14","ASSAULT (IN PROGRESS): WEAPON/CHILD","1"
"7","ASSAULT (IN PROGRESS): SHOTS/OUTSIDE","10"
"73","ASSAULT (PAST): KNIFE/FAMILY","4"
"94","ASSAULT (IN PROGRESS): OTHER/INSIDE","147"
"90","ASSAULT (IN PROGRESS): KNIFE/OUTSIDE","19"
"79","ASSAULT (PAST): WEAPON/SCHOOL","1"
"62","ASSAULT (IN PROGRESS): KNIFE/TRANSIT","1"
"45","ASSAULT (IN PROGRESS): SHOTS/FAMILY","1"
"103","ASSAULT (IN PROGRESS): OTHER/CHILD ABUSE","37"
"83","ASSAULT (PAST): WEAPON/CHILD ABUSE","1"
"83","ASSAULT (PAST): SHOTS/INSIDE","3"
"110","ASSAULT (PAST): WEAPON/SCHOOL","1"
"105","ASSAULT (PAST): WEAPON/INSIDE","11"
"103","ASSAULT (IN PROGRESS): KNIFE/INSIDE","65"
"107","ASSAULT (PAST): OTHER/CHILD ABUSE","16"
"1","ASSAULT (PAST): WEAPON/OUTSIDE","9"
"112","ASSAULT (IN PROGRESS): WEAPON/TRANSIT","3"
"84","ASSAULT (PAST): KNIFE/TRANSIT","2"
"1","ASSAULT (PAST): KNIFE/INSIDE","9"
"83","ASSAULT (IN PROGRESS): OTHER/SCHOOL","15"
"1","ASSAULT (IN PROGRESS): OTHER/OUTSIDE","292"
"7","ASSAULT (IN PROGRESS): OTHER/OUTSIDE","221"
"88","ASSAULT (PAST): SHOTS/INSIDE","5"
"43","ASSAULT (PAST): OTHER/SCHOOL","30"
"67","ASSAULT (IN PROGRESS): SHOTS/SCHOOL","5"
"42","ASSAULT (IN PROGRESS): KNIFE/FAMILY","63"
"101","ASSAULT (PAST): WEAPON/INSIDE","19"
"109","ASSAULT (PAST): KNIFE/OUTSIDE","7"
"49","ASSAULT (PAST): KNIFE/INSIDE","54"
"100","ASSAULT (IN PROGRESS): WEAPON/FAMILY","14"
"40","ASSAULT (IN PROGRESS): SHOTS/OUTSIDE","64"
"73","ASSAULT (IN PROGRESS): SHOTS/INSIDE","30"
"5","ASSAULT (PAST): WEAPON/SCHOOL","2"
"33","ASSAULT (PAST): OTHER/INSIDE","147"
"23","ASSAULT (PAST): WEAPON/OUTSIDE","2"
"108","ASSAULT (IN PROGRESS): KNIFE/TRANSIT","6"
"116","ASSAULT (IN PROGRESS): KNIFE/SCHOOL","2"
"23","ASSAULT (IN PROGRESS): OTHER/INSIDE","279"
"72","ASSAULT (IN PROGRESS): SHOTS/FAMILY","3"
"42","ASSAULT (IN PROGRESS): OTHER/OUTSIDE","418"
"103","ASSAULT (IN PROGRESS): KNIFE/SCHOOL","2"
"101","ASSAULT (IN PROGRESS): KNIFE/FAMILY","23"
"101","ASSAULT (PAST): OTHER/OUTSIDE","36"
"105","ASSAULT (IN PROGRESS): OTHER/OUTSIDE","120"
"1","ASSAULT (IN PROGRESS): SHOTS/FAMILY","2"
"116","ASSAULT (PAST): SHOTS/OUTSIDE","1"
"84","ASSAULT (PAST): KNIFE/FAMILY","1"
"18","ASSAULT (IN PROGRESS): OTHER/FAMILY","148"
"49","ASSAULT (PAST): WEAPON/FAMILY","9"
"90","ASSAULT (PAST): KNIFE/INSIDE","5"
"50","ASSAULT (IN PROGRESS): OTHER/LTD ACC HWY","1"
"18","ASSAULT (IN PROGRESS): SHOTS/INSIDE","7"
"77","ASSAULT (PAST): OTHER/CHILD ABUSE","14"
"83","ASSAULT (IN PROGRESS): OTHER/FAMILY","345"
"32","ASSAULT (IN PROGRESS): WEAPON/CHILD","6"
"23","ASSAULT (IN PROGRESS): WEAPON/CHILD","5"
"17","ASSAULT (IN PROGRESS): WEAPON/INSIDE","19"
"107","ASSAULT (PAST): KNIFE/INSIDE","11"
"41","ASSAULT (IN PROGRESS): OTHER/TRANSIT","33"
"70","ASSAULT (IN PROGRESS): OTHER/CHILD ABUSE","23"
"71","ASSAULT (PAST): KNIFE/INSIDE","39"
"30","ASSAULT (IN PROGRESS): KNIFE/TRANSIT","2"
"78","ASSAULT (IN PROGRESS): OTHER/OUTSIDE","132"
"50","ASSAULT (IN PROGRESS): OTHER/FAMILY","265"
"41","ASSAULT (IN PROGRESS): OTHER/LTD ACC HWY","2"
"75","ASSAULT (IN PROGRESS): KNIFE/FAMILY","74"
"28","ASSAULT (PAST): KNIFE/FAMILY","1"
"77","ASSAULT (IN PROGRESS): WEAPON/SCHOOL","4"
"108","ASSAULT (IN PROGRESS): WEAPON/FAMILY","19"
"47","ASSAULT (PAST): WEAPON/INSIDE","35"
"121","ASSAULT (PAST): WEAPON/FAMILY","4"
"78","ASSAULT (IN PROGRESS): KNIFE/INSIDE","10"
"17","ASSAULT (IN PROGRESS): OTHER/CHILD ABUSE","2"
"114","ASSAULT (IN PROGRESS): WEAPON/CHILD","2"
"20","ASSAULT (PAST): KNIFE/OUTSIDE","1"
"107","ASSAULT (IN PROGRESS): OTHER/SCHOOL","7"
"63","ASSAULT (IN PROGRESS): OTHER/CHILD ABUSE","15"
"105","ASSAULT (IN PROGRESS): OTHER/SCHOOL","6"
"19","ASSAULT (IN PROGRESS): SHOTS/INSIDE","14"
"34","ASSAULT (PAST): WEAPON/CHILD ABUSE","2"
"109","ASSAULT (IN PROGRESS): OTHER/LTD ACC HWY","1"
"18","ASSAULT (IN PROGRESS): OTHER/OUTSIDE","483"
"88","ASSAULT (IN PROGRESS): OTHER/TRANSIT","17"
"79","ASSAULT (IN PROGRESS): WEAPON/SCHOOL","2"
"68","ASSAULT (PAST): SHOTS/INSIDE","3"
"7","ASSAULT (IN PROGRESS): WEAPON/INSIDE","14"
"48","ASSAULT (PAST): SHOTS/INSIDE","12"
"83","ASSAULT (PAST): OTHER/CHILD ABUSE","9"
"1","ASSAULT (PAST): WEAPON/TRANSIT","1"
"66","ASSAULT (IN PROGRESS): OTHER/SCHOOL","9"
"26","ASSAULT (IN PROGRESS): KNIFE/INSIDE","9"
"42","ASSAULT (PAST): WEAPON/OUTSIDE","16"
"113","ASSAULT (IN PROGRESS): KNIFE/OUTSIDE","31"
"88","ASSAULT (IN PROGRESS): KNIFE/FAMILY","6"
"61","ASSAULT (IN PROGRESS): WEAPON/INSIDE","56"
"72","ASSAULT (PAST): WEAPON/SCHOOL","2"
"121","ASSAULT (IN PROGRESS): WEAPON/FAMILY","28"
"111","ASSAULT (PAST): OTHER/FAMILY","23"
"67","ASSAULT (PAST): KNIFE/FAMILY","5"
"81","ASSAULT (IN PROGRESS): OTHER/TRANSIT","26"
"20","ASSAULT (IN PROGRESS): OTHER/OUTSIDE","155"
"10","ASSAULT (PAST): OTHER/OUTSIDE","73"
"83","ASSAULT (PAST): OTHER/TRANSIT","11"
"46","ASSAULT (IN PROGRESS): WEAPON/INSIDE","148"
"14","ASSAULT (PAST): OTHER/CHILD ABUSE","1"
"60","ASSAULT (IN PROGRESS): OTHER/TRANSIT","32"
"41","ASSAULT (PAST): SHOTS/INSIDE","1"
"90","ASSAULT (IN PROGRESS): OTHER/TRANSIT","37"
"75","ASSAULT (PAST): KNIFE/OUTSIDE","20"
"69","ASSAULT (IN PROGRESS): OTHER/SCHOOL","10"
"67","ASSAULT (PAST): WEAPON/FAMILY","13"
"9","ASSAULT (PAST): OTHER/SCHOOL","7"
"68","ASSAULT (PAST): WEAPON/OUTSIDE","4"
"88","ASSAULT (IN PROGRESS): KNIFE/TRANSIT","3"
"94","ASSAULT (IN PROGRESS): KNIFE/OUTSIDE","11"
"62","ASSAULT (IN PROGRESS): KNIFE/OUTSIDE","21"
"52","ASSAULT (PAST): WEAPON/FAMILY","15"
"42","ASSAULT (PAST): OTHER/OUTSIDE","103"
"41","ASSAULT (IN PROGRESS): KNIFE/FAMILY","24"
"22","ASSAULT (IN PROGRESS): WEAPON/OUTSIDE","5"
"13","ASSAULT (PAST): KNIFE/INSIDE","21"
"75","ASSAULT (PAST): KNIFE/TRANSIT","3"
"111","ASSAULT (IN PROGRESS): OTHER/SCHOOL","8"
"5","ASSAULT (PAST): OTHER/TRANSIT","23"
"70","ASSAULT (IN PROGRESS): WEAPON/FAMILY","25"
"28","ASSAULT (IN PROGRESS): OTHER/TRANSIT","24"
"76","ASSAULT (IN PROGRESS): OTHER/SCHOOL","6"
"68","ASSAULT (IN PROGRESS): OTHER/OUTSIDE","187"
"25","ASSAULT (PAST): OTHER/SCHOOL","4"
"19","ASSAULT (IN PROGRESS): OTHER/TRANSIT","56"
"10","ASSAULT (IN PROGRESS): SHOTS/TRANSIT","1"
"7","ASSAULT (PAST): OTHER/SCHOOL","6"
"44","ASSAULT (IN PROGRESS): OTHER/INSIDE","792"
"34","ASSAULT (PAST): KNIFE/FAMILY","1"
"73","ASSAULT (IN PROGRESS): OTHER/INSIDE","834"
"81","ASSAULT (IN PROGRESS): KNIFE/OUTSIDE","23"
"75","ASSAULT (IN PROGRESS): KNIFE/TRANSIT","8"
"90","ASSAULT (PAST): OTHER/SCHOOL","15"
"14","ASSAULT (PAST): OTHER/INSIDE","231"
"79","ASSAULT (IN PROGRESS): KNIFE/INSIDE","35"
"116","ASSAULT (PAST): WEAPON/OUTSIDE","7"
"66","ASSAULT (PAST): OTHER/OUTSIDE","47"
"66","ASSAULT (IN PROGRESS): OTHER/INSIDE","199"
"71","ASSAULT (IN PROGRESS): OTHER/INSIDE","350"
"30","ASSAULT (PAST): KNIFE/TRANSIT","1"
"103","ASSAULT (PAST): OTHER/CHILD ABUSE","17"
"77","ASSAULT (IN PROGRESS): OTHER/TRANSIT","36"
"34","ASSAULT (IN PROGRESS): OTHER/OUTSIDE","234"
"18","ASSAULT (PAST): WEAPON/INSIDE","10"
"114","ASSAULT (PAST): KNIFE/INSIDE","12"
"40","ASSAULT (IN PROGRESS): OTHER/INSIDE","668"
"84","ASSAULT (IN PROGRESS): WEAPON/FAMILY","5"
"81","ASSAULT (PAST): OTHER/TRANSIT","4"
"75","ASSAULT (PAST): KNIFE/SCHOOL","4"
"101","ASSAULT (IN PROGRESS): WEAPON/FAMILY","30"
"79","ASSAULT (PAST): SHOTS/INSIDE","5"
"94","ASSAULT (PAST): WEAPON/OUTSIDE","5"
"46","ASSAULT (PAST): WEAPON/CHILD ABUSE","2"
"1","ASSAULT (IN PROGRESS): SHOTS/INSIDE","45"
"111","ASSAULT (PAST): OTHER/OUTSIDE","19"
"94","ASSAULT (IN PROGRESS): OTHER/OUTSIDE","173"
"34","ASSAULT (IN PROGRESS): WEAPON/OUTSIDE","48"
"114","ASSAULT (IN PROGRESS): KNIFE/SCHOOL","2"
"90","ASSAULT (PAST): OTHER/FAMILY","33"
"13","ASSAULT (PAST): WEAPON/INSIDE","19"
"60","ASSAULT (IN PROGRESS): WEAPON/FAMILY","22"
"114","ASSAULT (IN PROGRESS): WEAPON/TRANSIT","3"
"13","ASSAULT (IN PROGRESS): KNIFE/TRANSIT","8"
"72","ASSAULT (IN PROGRESS): WEAPON/INSIDE","40"
"20","ASSAULT (PAST): WEAPON/OUTSIDE","8"
"44","ASSAULT (IN PROGRESS): KNIFE/TRANSIT","6"
"49","ASSAULT (IN PROGRESS): OTHER/CHILD ABUSE","49"
"120","ASSAULT (PAST): WEAPON/CHILD ABUSE","1"
"30","ASSAULT (PAST): KNIFE/INSIDE","2"
"32","ASSAULT (PAST): KNIFE/TRANSIT","1"
"107","ASSAULT (IN PROGRESS): OTHER/INSIDE","231"
"73","ASSAULT (PAST): KNIFE/CHILD ABUSE","2"
"102","ASSAULT (PAST): OTHER/SCHOOL","19"
"44","ASSAULT (IN PROGRESS): OTHER/FAMILY","952"
"40","ASSAULT (IN PROGRESS): WEAPON/OUTSIDE","96"
"94","ASSAULT (IN PROGRESS): OTHER/FAMILY","95"
"110","ASSAULT (PAST): KNIFE/OUTSIDE","11"
"50","ASSAULT (PAST): KNIFE/SCHOOL","2"
"5","ASSAULT (IN PROGRESS): SHOTS/TRANSIT","1"
"46","ASSAULT (IN PROGRESS): WEAPON/LTD ACC HWY","1"
"32","ASSAULT (IN PROGRESS): KNIFE/INSIDE","47"
"32","ASSAULT (IN PROGRESS): OTHER/INSIDE","382"
"19","ASSAULT (IN PROGRESS): OTHER/SCHOOL","6"
"18","ASSAULT (IN PROGRESS): SHOTS/TRANSIT","1"
"19","ASSAULT (PAST): KNIFE/OUTSIDE","6"
"90","ASSAULT (IN PROGRESS): WEAPON/LTD ACC HWY","1"
"45","ASSAULT (IN PROGRESS): OTHER/SCHOOL","13"
"1","ASSAULT (PAST): OTHER/CHILD ABUSE","8"
"66","ASSAULT (IN PROGRESS): WEAPON/SCHOOL","3"
"50","ASSAULT (IN PROGRESS): WEAPON/OUTSIDE","29"
"90","ASSAULT (PAST): OTHER/INSIDE","104"
"66","ASSAULT (IN PROGRESS): OTHER/FAMILY","180"
"45","ASSAULT (IN PROGRESS): OTHER/OUTSIDE","206"
"84","ASSAULT (PAST): OTHER/FAMILY","30"
"106","ASSAULT (IN PROGRESS): WEAPON/CHILD","2"
"70","ASSAULT (IN PROGRESS): OTHER/SCHOOL","13"
"6","ASSAULT (IN PROGRESS): WEAPON/TRANSIT","1"
"46","ASSAULT (IN PROGRESS): OTHER/SCHOOL","16"
"41","ASSAULT (IN PROGRESS): SHOTS/OUTSIDE","17"
"9","ASSAULT (PAST): OTHER/OUTSIDE","87"
"115","ASSAULT (IN PROGRESS): WEAPON/FAMILY","37"
"67","ASSAULT (IN PROGRESS): KNIFE/FAMILY","39"
"109","ASSAULT (IN PROGRESS): KNIFE/OUTSIDE","35"
"108","ASSAULT (IN PROGRESS): KNIFE/FAMILY","6"
"5","ASSAULT (PAST): OTHER/CHILD ABUSE","3"
"101","ASSAULT (IN PROGRESS): SHOTS/FAMILY","2"
"115","ASSAULT (IN PROGRESS): OTHER/SCHOOL","10"
"42","ASSAULT (IN PROGRESS): SHOTS/FAMILY","2"
"90","ASSAULT (IN PROGRESS): WEAPON/TRANSIT","5"
"73","ASSAULT (IN PROGRESS): OTHER/OUTSIDE","414"
"24","ASSAULT (IN PROGRESS): WEAPON/FAMILY","12"
"44","ASSAULT (PAST): WEAPON/FAMILY","14"
"116","ASSAULT (PAST): OTHER/INSIDE","102"
"102","ASSAULT (IN PROGRESS): KNIFE/TRANSIT","3"
"47","ASSAULT (PAST): SHOTS/OUTSIDE","1"
"88","ASSAULT (IN PROGRESS): OTHER/OUTSIDE","139"
"107","ASSAULT (PAST): KNIFE/OUTSIDE","2"
"28","ASSAULT (IN PROGRESS): OTHER/CHILD ABUSE","10"
"13","ASSAULT (IN PROGRESS): OTHER/TRANSIT","98"
"79","ASSAULT (IN PROGRESS): WEAPON/CHILD","1"
"68","ASSAULT (IN PROGRESS): SHOTS/OUTSIDE","9"
"71","ASSAULT (IN PROGRESS): SHOTS/FAMILY","2"
"62","ASSAULT (IN PROGRESS): OTHER/INSIDE","202"
"68","ASSAULT (IN PROGRESS): KNIFE/OUTSIDE","7"
"46","ASSAULT (IN PROGRESS): WEAPON/FAMILY","96"
"14","ASSAULT (IN PROGRESS): WEAPON/TRANSIT","18"
"45","ASSAULT (IN PROGRESS): WEAPON/FAMILY","30"
"5","ASSAULT (PAST): KNIFE/OUTSIDE","2"
"121","ASSAULT (IN PROGRESS): WEAPON/CHILD","1"
"13","ASSAULT (IN PROGRESS): SHOTS/OUTSIDE","6"
"41","ASSAULT (IN PROGRESS): OTHER/CHILD ABUSE","20"
"32","ASSAULT (IN PROGRESS): OTHER/LTD ACC HWY","1"
"106","ASSAULT (IN PROGRESS): WEAPON/SCHOOL","2"
"109","ASSAULT (IN PROGRESS): SHOTS/INSIDE","26"
"50","ASSAULT (PAST): SHOTS/OUTSIDE","3"
"123","ASSAULT (IN PROGRESS): WEAPON/INSIDE","6"
"50","ASSAULT (PAST): KNIFE/OUTSIDE","2"
"73","ASSAULT (PAST): SHOTS/INSIDE","5"
"23","ASSAULT (PAST): SHOTS/INSIDE","7"
"52","ASSAULT (PAST): SHOTS/OUTSIDE","1"
"14","ASSAULT (IN PROGRESS): KNIFE/TRANSIT","10"
"73","ASSAULT (IN PROGRESS): SHOTS/FAMILY","6"
"121","ASSAULT (IN PROGRESS): OTHER/LTD ACC HWY","2"
"123","ASSAULT (IN PROGRESS): SHOTS/INSIDE","2"
"105","ASSAULT (IN PROGRESS): SHOTS/INSIDE","5"
"111","ASSAULT (PAST): WEAPON/INSIDE","4"
"114","ASSAULT (IN PROGRESS): SHOTS/INSIDE","18"
"68","ASSAULT (IN PROGRESS): OTHER/CHILD ABUSE","13"
"75","ASSAULT (PAST): KNIFE/INSIDE","29"
"114","ASSAULT (PAST): OTHER/FAMILY","82"
"47","ASSAULT (IN PROGRESS): OTHER/FAMILY","985"
"115","ASSAULT (IN PROGRESS): WEAPON/INSIDE","36"
"60","ASSAULT (PAST): WEAPON/OUTSIDE","11"
"17","ASSAULT (IN PROGRESS): WEAPON/TRANSIT","2"
"112","ASSAULT (PAST): OTHER/CHILD ABUSE","6"
"78","ASSAULT (PAST): OTHER/CHILD ABUSE","5"
"1","ASSAULT (PAST): KNIFE/OUTSIDE","2"
"61","ASSAULT (IN PROGRESS): SHOTS/FAMILY","1"
"1","ASSAULT (PAST): OTHER/SCHOOL","1"
"48","ASSAULT (IN PROGRESS): SHOTS/OUTSIDE","36"
"79","ASSAULT (PAST): KNIFE/FAMILY","2"
"33","ASSAULT (IN PROGRESS): OTHER/CHILD ABUSE","8"
"41","ASSAULT (PAST): WEAPON/TRANSIT","2"
"62","ASSAULT (IN PROGRESS): OTHER/OUTSIDE","269"
"77","ASSAULT (IN PROGRESS): KNIFE/INSIDE","20"
"6","ASSAULT (IN PROGRESS): OTHER/INSIDE","124"
"107","ASSAULT (PAST): WEAPON/CHILD ABUSE","1"
"28","ASSAULT (PAST): WEAPON/INSIDE","11"
"14","ASSAULT (IN PROGRESS): WEAPON/OUTSIDE","87"
"115","ASSAULT (IN PROGRESS): OTHER/FAMILY","458"
"5","ASSAULT (IN PROGRESS): OTHER/SCHOOL","5"
"72","ASSAULT (PAST): WEAPON/TRANSIT","1"
"33","ASSAULT (PAST): WEAPON/OUTSIDE","10"
"71","ASSAULT (PAST): WEAPON/INSIDE","28"
"94","ASSAULT (IN PROGRESS): OTHER/SCHOOL","1"
"101","ASSAULT (IN PROGRESS): OTHER/TRANSIT","15"
"69","ASSAULT (IN PROGRESS): OTHER/OUTSIDE","133"
"6","ASSAULT (PAST): OTHER/OUTSIDE","78"
"81","ASSAULT (PAST): KNIFE/FAMILY","3"
"112","ASSAULT (PAST): OTHER/INSIDE","106"
"9","ASSAULT (IN PROGRESS): OTHER/TRANSIT","18"
"79","ASSAULT (PAST): OTHER/OUTSIDE","73"
"40","ASSAULT (IN PROGRESS): OTHER/SCHOOL","14"
"102","ASSAULT (PAST): WEAPON/OUTSIDE","7"
"60","ASSAULT (IN PROGRESS): OTHER/CHILD ABUSE","17"
"44","ASSAULT (IN PROGRESS): WEAPON/TRANSIT","5"
"66","ASSAULT (PAST): OTHER/TRANSIT","4"
"34","ASSAULT (PAST): WEAPON/INSIDE","16"
"62","ASSAULT (PAST): OTHER/TRANSIT","15"
"79","ASSAULT (PAST): WEAPON/FAMILY","2"
"69","ASSAULT (PAST): OTHER/OUTSIDE","31"
"102","ASSAULT (PAST): KNIFE/TRANSIT","1"
"72","ASSAULT (IN PROGRESS): OTHER/SCHOOL","10"
"115","ASSAULT (IN PROGRESS): OTHER/TRANSIT","26"
"43","ASSAULT (PAST): OTHER/INSIDE","273"
"42","ASSAULT (PAST): OTHER/TRANSIT","1"
"47","ASSAULT (PAST): KNIFE/INSIDE","40"
"113","ASSAULT (PAST): OTHER/OUTSIDE","49"
"25","ASSAULT (IN PROGRESS): WEAPON/CHILD","1"
"68","ASSAULT (PAST): WEAPON/FAMILY","2"
"81","ASSAULT (PAST): OTHER/INSIDE","195"
"20","ASSAULT (PAST): OTHER/OUTSIDE","28"
"66","ASSAULT (IN PROGRESS): WEAPON/CHILD","1"
"26","ASSAULT (IN PROGRESS): OTHER/FAMILY","102"
"66","ASSAULT (PAST): WEAPON/SCHOOL","2"
"77","ASSAULT (IN PROGRESS): OTHER/SCHOOL","24"
"34","ASSAULT (IN PROGRESS): SHOTS/INSIDE","5"
"90","ASSAULT (PAST): OTHER/TRANSIT","5"
"79","ASSAULT (IN PROGRESS): KNIFE/TRANSIT","4"
"5","ASSAULT (IN PROGRESS): OTHER/FAMILY","73"
"9","ASSAULT (PAST): KNIFE/INSIDE","7"
"72","ASSAULT (PAST): KNIFE/OUTSIDE","4"
"73","ASSAULT (IN PROGRESS): KNIFE/INSIDE","92"
"43","ASSAULT (PAST): SHOTS/INSIDE","5"
"116","ASSAULT (IN PROGRESS): KNIFE/OUTSIDE","18"
"7","ASSAULT (PAST): WEAPON/TRANSIT","1"
"7","ASSAULT (IN PROGRESS): OTHER/SCHOOL","5"
"76","ASSAULT (PAST): KNIFE/INSIDE","2"
"48","ASSAULT (IN PROGRESS): WEAPON/SCHOOL","2"
"71","ASSAULT (PAST): WEAPON/OUTSIDE","4"
"23","ASSAULT (IN PROGRESS): KNIFE/OUTSIDE","36"
"49","ASSAULT (PAST): OTHER/INSIDE","305"
"10","ASSAULT (PAST): OTHER/FAMILY","27"
"42","ASSAULT (PAST): SHOTS/INSIDE","2"
"112","ASSAULT (IN PROGRESS): WEAPON/OUTSIDE","21"
"115","ASSAULT (PAST): OTHER/INSIDE","165"
"30","ASSAULT (PAST): KNIFE/OUTSIDE","4"
"122","ASSAULT (PAST): OTHER/FAMILY","27"
"122","ASSAULT (IN PROGRESS): SHOTS/INSIDE","4"
"43","ASSAULT (IN PROGRESS): OTHER/CHILD ABUSE","46"
"45","ASSAULT (IN PROGRESS): OTHER/CHILD ABUSE","20"
"20","ASSAULT (PAST): OTHER/FAMILY","9"
"14","ASSAULT (IN PROGRESS): SHOTS/INSIDE","2"
"52","ASSAULT (IN PROGRESS): WEAPON/CHILD","2"
"30","ASSAULT (PAST): WEAPON/OUTSIDE","2"
"113","ASSAULT (IN PROGRESS): WEAPON/OUTSIDE","44"
"13","ASSAULT (IN PROGRESS): OTHER/FAMILY","82"
"102","ASSAULT (PAST): KNIFE/INSIDE","57"
"63","ASSAULT (IN PROGRESS): WEAPON/INSIDE","24"
"111","ASSAULT (PAST): KNIFE/SCHOOL","2"
"103","ASSAULT (PAST): SHOTS/INSIDE","2"
"113","ASSAULT (IN PROGRESS): OTHER/CHILD ABUSE","26"
"84","ASSAULT (PAST): KNIFE/SCHOOL","2"
"67","ASSAULT (PAST): OTHER/INSIDE","337"
"32","ASSAULT (IN PROGRESS): SHOTS/TRANSIT","1"
"116","ASSAULT (IN PROGRESS): OTHER/INSIDE","211"
"44","ASSAULT (IN PROGRESS): WEAPON/LTD ACC HWY","1"
"23","ASSAULT (IN PROGRESS): KNIFE/INSIDE","32"
"48","ASSAULT (PAST): OTHER/INSIDE","368"
"78","ASSAULT (IN PROGRESS): WEAPON/INSIDE","22"
"122","ASSAULT (IN PROGRESS): OTHER/SCHOOL","5"
"121","ASSAULT (PAST): OTHER/OUTSIDE","42"
"115","ASSAULT (IN PROGRESS): WEAPON/CHILD","1"
"61","ASSAULT (IN PROGRESS): KNIFE/INSIDE","24"
"75","ASSAULT (PAST): OTHER/INSIDE","538"
"123","ASSAULT (IN PROGRESS): OTHER/FAMILY","111"
"49","ASSAULT (PAST): SHOTS/OUTSIDE","3"
"9","ASSAULT (PAST): WEAPON/FAMILY","2"
"120","ASSAULT (IN PROGRESS): OTHER/SCHOOL","22"
"114","ASSAULT (IN PROGRESS): OTHER/TRANSIT","38"
"115","ASSAULT (IN PROGRESS): SHOTS/INSIDE","16"
"100","ASSAULT (IN PROGRESS): WEAPON/TRANSIT","2"
"66","ASSAULT (IN PROGRESS): KNIFE/INSIDE","5"
"101","ASSAULT (PAST): OTHER/INSIDE","218"
"60","ASSAULT (IN PROGRESS): KNIFE/INSIDE","24"
"88","ASSAULT (IN PROGRESS): SHOTS/OUTSIDE","6"
"76","ASSAULT (IN PROGRESS): WEAPON/TRANSIT","2"
"48","ASSAULT (PAST): SHOTS/OUTSIDE","1"
"33","ASSAULT (PAST): OTHER/OUTSIDE","54"
"30","ASSAULT (IN PROGRESS): OTHER/FAMILY","167"
"100","ASSAULT (PAST): OTHER/TRANSIT","3"
"104","ASSAULT (IN PROGRESS): OTHER/CHILD ABUSE","13"
"122","ASSAULT (IN PROGRESS): KNIFE/INSIDE","17"
"46","ASSAULT (IN PROGRESS): SHOTS/OUTSIDE","70"
"32","ASSAULT (IN PROGRESS): SHOTS/INSIDE","29"
"41","ASSAULT (IN PROGRESS): OTHER/FAMILY","424"
"84","ASSAULT (IN PROGRESS): OTHER/CHILD ABUSE","5"
"88","ASSAULT (IN PROGRESS): SHOTS/INSIDE","11"
"19","ASSAULT (IN PROGRESS): WEAPON/OUTSIDE","35"
"49","ASSAULT (IN PROGRESS): WEAPON/LTD ACC HWY","1"
"109","ASSAULT (IN PROGRESS): OTHER/SCHOOL","11"
"72","ASSAULT (IN PROGRESS): SHOTS/OUTSIDE","6"
"1","ASSAULT (IN PROGRESS): SHOTS/OUTSIDE","4"
"28","ASSAULT (PAST): OTHER/OUTSIDE","55"
"69","ASSAULT (PAST): KNIFE/FAMILY","1"
"106","ASSAULT (IN PROGRESS): SHOTS/INSIDE","7"
"76","ASSAULT (IN PROGRESS): KNIFE/OUTSIDE","11"
"106","ASSAULT (PAST): WEAPON/CHILD ABUSE","1"
"112","ASSAULT (PAST): WEAPON/OUTSIDE","2"
"76","ASSAULT (IN PROGRESS): WEAPON/INSIDE","13"
"120","ASSAULT (IN PROGRESS): WEAPON/INSIDE","54"
"33","ASSAULT (PAST): OTHER/TRANSIT","17"
"71","ASSAULT (IN PROGRESS): WEAPON/CHILD","1"
"44","ASSAULT (IN PROGRESS): WEAPON/SCHOOL","4"
"62","ASSAULT (PAST): WEAPON/TRANSIT","1"
"66","ASSAULT (PAST): WEAPON/FAMILY","2"
"79","ASSAULT (PAST): KNIFE/INSIDE","23"
"41","ASSAULT (PAST): OTHER/CHILD ABUSE","9"
"44","ASSAULT (IN PROGRESS): WEAPON/CHILD","4"
"9","ASSAULT (IN PROGRESS): OTHER/FAMILY","146"
"28","ASSAULT (IN PROGRESS): OTHER/INSIDE","276"
"115","ASSAULT (PAST): KNIFE/INSIDE","5"
"62","ASSAULT (PAST): OTHER/FAMILY","36"
"73","ASSAULT (IN PROGRESS): WEAPON/CHILD","3"
"105","ASSAULT (IN PROGRESS): WEAPON/FAMILY","13"
"110","ASSAULT (PAST): OTHER/CHILD ABUSE","15"
"81","ASSAULT (PAST): KNIFE/OUTSIDE","2"
"78","ASSAULT (PAST): OTHER/OUTSIDE","41"
"88","ASSAULT (PAST): OTHER/FAMILY","25"
"19","ASSAULT (IN PROGRESS): WEAPON/FAMILY","3"
"22","ASSAULT (IN PROGRESS): OTHER/OUTSIDE","43"
"5","ASSAULT (PAST): SHOTS/OUTSIDE","1"
"28","ASSAULT (IN PROGRESS): KNIFE/INSIDE","21"
"33","ASSAULT (IN PROGRESS): WEAPON/CHILD","2"
"13","ASSAULT (PAST): SHOTS/OUTSIDE","3"
"62","ASSAULT (IN PROGRESS): OTHER/CHILD ABUSE","16"
"108","ASSAULT (IN PROGRESS): OTHER/CHILD ABUSE","13"
"70","ASSAULT (IN PROGRESS): KNIFE/OUTSIDE","42"
"41","ASSAULT (PAST): SHOTS/OUTSIDE","1"
"61","ASSAULT (IN PROGRESS): OTHER/INSIDE","208"
"26","ASSAULT (IN PROGRESS): OTHER/TRANSIT","30"
"79","ASSAULT (PAST): OTHER/CHILD ABUSE","15"
"111","ASSAULT (PAST): OTHER/SCHOOL","19"
"111","ASSAULT (IN PROGRESS): WEAPON/FAMILY","12"
"113","ASSAULT (PAST): OTHER/CHILD ABUSE","11"
"110","ASSAULT (PAST): KNIFE/INSIDE","22"
"81","ASSAULT (IN PROGRESS): OTHER/CHILD ABUSE","17"
"44","ASSAULT (PAST): WEAPON/INSIDE","59"
"106","ASSAULT (IN PROGRESS): OTHER/INSIDE","248"
"42","ASSAULT (IN PROGRESS): OTHER/INSIDE","679"
"44","ASSAULT (IN PROGRESS): WEAPON/INSIDE","119"
"10","ASSAULT (PAST): OTHER/CHILD ABUSE","6"
"73","ASSAULT (PAST): KNIFE/INSIDE","33"
"42","ASSAULT (PAST): OTHER/SCHOOL","49"
"5","ASSAULT (IN PROGRESS): OTHER/INSIDE","241"
"83","ASSAULT (IN PROGRESS): OTHER/OUTSIDE","384"
"44","ASSAULT (PAST): OTHER/TRANSIT","29"
"113","ASSAULT (IN PROGRESS): SHOTS/OUTSIDE","18"
"73","ASSAULT (IN PROGRESS): SHOTS/SCHOOL","2"
"73","ASSAULT (IN PROGRESS): OTHER/TRANSIT","46"
"60","ASSAULT (PAST): KNIFE/INSIDE","18"
"94","ASSAULT (IN PROGRESS): OTHER/TRANSIT","14"
"45","ASSAULT (IN PROGRESS): WEAPON/LTD ACC HWY","1"
"100","ASSAULT (IN PROGRESS): WEAPON/OUTSIDE","13"
"25","ASSAULT (PAST): WEAPON/INSIDE","15"
"70","ASSAULT (IN PROGRESS): WEAPON/INSIDE","54"
"68","ASSAULT (IN PROGRESS): SHOTS/INSIDE","17"
"68","ASSAULT (IN PROGRESS): SHOTS/FAMILY","3"
"44","ASSAULT (IN PROGRESS): WEAPON/FAMILY","76"
"81","ASSAULT (IN PROGRESS): SHOTS/INSIDE","20"
"40","ASSAULT (IN PROGRESS): KNIFE/FAMILY","35"
"116","ASSAULT (IN PROGRESS): OTHER/FAMILY","248"
"5","ASSAULT (IN PROGRESS): OTHER/OUTSIDE","283"
"7","ASSAULT (IN PROGRESS): WEAPON/OUTSIDE","23"
"81","ASSAULT (PAST): SHOTS/OUTSIDE","2"
"76","ASSAULT (IN PROGRESS): KNIFE/FAMILY","6"
"42","ASSAULT (IN PROGRESS): SHOTS/OUTSIDE","37"
"62","ASSAULT (PAST): WEAPON/FAMILY","2"
"22","ASSAULT (PAST): OTHER/OUTSIDE","8"
"114","ASSAULT (IN PROGRESS): WEAPON/OUTSIDE","77"
"14","ASSAULT (IN PROGRESS): OTHER/INSIDE","404"
"77","ASSAULT (IN PROGRESS): SHOTS/INSIDE","17"
"30","ASSAULT (PAST): OTHER/SCHOOL","3"
"48","ASSAULT (PAST): WEAPON/OUTSIDE","16"
"108","ASSAULT (PAST): WEAPON/TRANSIT","2"
"78","ASSAULT (IN PROGRESS): OTHER/SCHOOL","6"
"20","ASSAULT (IN PROGRESS): OTHER/FAMILY","67"
"18","ASSAULT (PAST): WEAPON/OUTSIDE","7"
"112","ASSAULT (PAST): KNIFE/INSIDE","1"
"72","ASSAULT (PAST): KNIFE/INSIDE","12"
"100","ASSAULT (IN PROGRESS): WEAPON/SCHOOL","2"
"44","ASSAULT (PAST): SHOTS/INSIDE","11"
"62","ASSAULT (IN PROGRESS): WEAPON/FAMILY","18"
"81","ASSAULT (PAST): SHOTS/INSIDE","1"
"60","ASSAULT (IN PROGRESS): OTHER/INSIDE","340"
"46","ASSAULT (IN PROGRESS): WEAPON/TRANSIT","15"
"75","ASSAULT (IN PROGRESS): WEAPON/SCHOOL","8"
"114","ASSAULT (PAST): OTHER/OUTSIDE","107"
"102","ASSAULT (IN PROGRESS): SHOTS/FAMILY","1"
"49","ASSAULT (IN PROGRESS): OTHER/LTD ACC HWY","1"
"44","ASSAULT (PAST): OTHER/CHILD ABUSE","28"
"24","ASSAULT (IN PROGRESS): OTHER/SCHOOL","4"
"48","ASSAULT (IN PROGRESS): KNIFE/OUTSIDE","84"
"116","ASSAULT (IN PROGRESS): KNIFE/FAMILY","14"
"81","ASSAULT (IN PROGRESS): KNIFE/FAMILY","18"
"104","ASSAULT (PAST): WEAPON/INSIDE","6"
"1","ASSAULT (PAST): OTHER/TRANSIT","65"
"90","ASSAULT (IN PROGRESS): SHOTS/OUTSIDE","9"
"20","ASSAULT (PAST): WEAPON/TRANSIT","1"
"88","ASSAULT (IN PROGRESS): WEAPON/FAMILY","9"
"76","ASSAULT (IN PROGRESS): OTHER/INSIDE","83"
"50","ASSAULT (IN PROGRESS): KNIFE/TRANSIT","1"
"106","ASSAULT (IN PROGRESS): WEAPON/TRANSIT","1"
"81","ASSAULT (PAST): KNIFE/INSIDE","24"
"52","ASSAULT (IN PROGRESS): KNIFE/INSIDE","93"
"116","ASSAULT (IN PROGRESS): WEAPON/OUTSIDE","21"
"120","ASSAULT (PAST): KNIFE/OUTSIDE","4"
"14","ASSAULT (PAST): KNIFE/INSIDE","5"
"41","ASSAULT (PAST): KNIFE/FAMILY","5"
"73","ASSAULT (PAST): OTHER/INSIDE","340"
"47","ASSAULT (IN PROGRESS): OTHER/SCHOOL","24"
"102","ASSAULT (IN PROGRESS): OTHER/LTD ACC HWY","2"
"60","ASSAULT (PAST): OTHER/TRANSIT","29"
"70","ASSAULT (PAST): OTHER/OUTSIDE","71"
"107","ASSAULT (PAST): WEAPON/FAMILY","7"
"67","ASSAULT (IN PROGRESS): OTHER/FAMILY","576"
"73","ASSAULT (PAST): OTHER/SCHOOL","20"
"84","ASSAULT (IN PROGRESS): WEAPON/SCHOOL","2"
"32","ASSAULT (IN PROGRESS): KNIFE/SCHOOL","2"
"106","ASSAULT (PAST): KNIFE/OUTSIDE","1"
"7","ASSAULT (PAST): WEAPON/FAMILY","2"
"105","ASSAULT (PAST): WEAPON/SCHOOL","1"
"43","ASSAULT (IN PROGRESS): OTHER/TRANSIT","17"
"72","ASSAULT (PAST): OTHER/FAMILY","40"
"122","ASSAULT (IN PROGRESS): SHOTS/OUTSIDE","9"
"6","ASSAULT (PAST): WEAPON/OUTSIDE","10"
"103","ASSAULT (PAST): WEAPON/CHILD ABUSE","3"
"45","ASSAULT (PAST): SHOTS/OUTSIDE","3"
"70","ASSAULT (IN PROGRESS): WEAPON/CHILD","1"
"52","ASSAULT (PAST): WEAPON/TRANSIT","1"
"24","ASSAULT (PAST): WEAPON/CHILD ABUSE","1"
"24","ASSAULT (PAST): OTHER/CHILD ABUSE","2"
"108","ASSAULT (IN PROGRESS): WEAPON/TRANSIT","3"
"110","ASSAULT (IN PROGRESS): KNIFE/TRANSIT","3"
"7","ASSAULT (IN PROGRESS): OTHER/TRANSIT","30"
"120","ASSAULT (IN PROGRESS): OTHER/FAMILY","497"
"9","ASSAULT (IN PROGRESS): OTHER/OUTSIDE","334"
"6","ASSAULT (PAST): KNIFE/INSIDE","4"
"44","ASSAULT (IN PROGRESS): OTHER/TRANSIT","39"
"67","ASSAULT (PAST): SHOTS/FAMILY","1"
"88","ASSAULT (IN PROGRESS): WEAPON/INSIDE","32"
"67","ASSAULT (IN PROGRESS): OTHER/SCHOOL","14"
"43","ASSAULT (IN PROGRESS): WEAPON/FAMILY","91"
"47","ASSAULT (IN PROGRESS): SHOTS/TRANSIT","1"
"44","ASSAULT (PAST): WEAPON/SCHOOL","2"
"14","ASSAULT (PAST): SHOTS/OUTSIDE","1"
"42","ASSAULT (IN PROGRESS): OTHER/CHILD ABUSE","43"
"9","ASSAULT (IN PROGRESS): WEAPON/OUTSIDE","39"
"50","ASSAULT (IN PROGRESS): OTHER/CHILD ABUSE","12"
"101","ASSAULT (PAST): SHOTS/FAMILY","1"
"10","ASSAULT (IN PROGRESS): OTHER/SCHOOL","4"
"112","ASSAULT (IN PROGRESS): OTHER/FAMILY","164"
"34","ASSAULT (IN PROGRESS): WEAPON/INSIDE","38"
"7","ASSAULT (IN PROGRESS): OTHER/CHILD ABUSE","6"
"79","ASSAULT (IN PROGRESS): OTHER/FAMILY","286"
"70","ASSAULT (PAST): OTHER/INSIDE","215"
"120","ASSAULT (PAST): OTHER/SCHOOL","12"
"83","ASSAULT (PAST): OTHER/SCHOOL","15"
"78","ASSAULT (PAST): SHOTS/INSIDE","3"
"24","ASSAULT (IN PROGRESS): SHOTS/INSIDE","12"
"24","ASSAULT (PAST): WEAPON/FAMILY","2"
"110","ASSAULT (PAST): OTHER/FAMILY","101"
"68","ASSAULT (IN PROGRESS): OTHER/LTD ACC HWY","1"
"61","ASSAULT (IN PROGRESS): OTHER/CHILD ABUSE","11"
"17","ASSAULT (PAST): OTHER/INSIDE","106"
"88","ASSAULT (PAST): OTHER/SCHOOL","17"
"34","ASSAULT (PAST): WEAPON/OUTSIDE","10"
"60","ASSAULT (PAST): OTHER/OUTSIDE","100"
"84","ASSAULT (PAST): SHOTS/OUTSIDE","1"
"103","ASSAULT (PAST): WEAPON/SCHOOL","2"
"112","ASSAULT (IN PROGRESS): OTHER/INSIDE","128"
"48","ASSAULT (PAST): OTHER/OUTSIDE","121"
"25","ASSAULT (IN PROGRESS): OTHER/LTD ACC HWY","1"
"14","ASSAULT (PAST): OTHER/SCHOOL","2"
"75","ASSAULT (IN PROGRESS): KNIFE/INSIDE","129"
"106","ASSAULT (IN PROGRESS): OTHER/FAMILY","346"
"41","ASSAULT (IN PROGRESS): WEAPON/OUTSIDE","38"
"75","ASSAULT (IN PROGRESS): OTHER/CHILD ABUSE","74"
"47","ASSAULT (IN PROGRESS): SHOTS/FAMILY","2"
"18","ASSAULT (IN PROGRESS): KNIFE/FAMILY","2"
"19","ASSAULT (IN PROGRESS): KNIFE/OUTSIDE","13"
"50","ASSAULT (IN PROGRESS): KNIFE/FAMILY","12"
"50","ASSAULT (IN PROGRESS): OTHER/TRANSIT","14"
"18","ASSAULT (PAST): WEAPON/FAMILY","4"
"50","ASSAULT (IN PROGRESS): WEAPON/CHILD","2"
"76","ASSAULT (IN PROGRESS): SHOTS/OUTSIDE","8"
"25","ASSAULT (IN PROGRESS): KNIFE/INSIDE","31"
"108","ASSAULT (PAST): OTHER/OUTSIDE","72"
"66","ASSAULT (PAST): OTHER/INSIDE","126"
"25","ASSAULT (IN PROGRESS): OTHER/OUTSIDE","311"
"110","ASSAULT (IN PROGRESS): WEAPON/INSIDE","45"
"5","ASSAULT (PAST): WEAPON/INSIDE","8"
"44","ASSAULT (PAST): KNIFE/OUTSIDE","19"
"10","ASSAULT (PAST): OTHER/SCHOOL","6"
"102","ASSAULT (IN PROGRESS): WEAPON/OUTSIDE","56"
"109","ASSAULT (PAST): OTHER/SCHOOL","19"
"19","ASSAULT (PAST): OTHER/CHILD ABUSE","5"
"33","ASSAULT (PAST): KNIFE/FAMILY","5"
"78","ASSAULT (PAST): KNIFE/OUTSIDE","2"
"9","ASSAULT (PAST): WEAPON/OUTSIDE","5"
"43","ASSAULT (IN PROGRESS): WEAPON/CHILD","5"
"76","ASSAULT (IN PROGRESS): OTHER/FAMILY","94"
"78","ASSAULT (IN PROGRESS): SHOTS/INSIDE","5"
"94","ASSAULT (IN PROGRESS): KNIFE/FAMILY","5"
"105","ASSAULT (IN PROGRESS): OTHER/CHILD ABUSE","24"
"46","ASSAULT (IN PROGRESS): OTHER/INSIDE","879"
"72","ASSAULT (PAST): WEAPON/CHILD ABUSE","1"
"75","ASSAULT (PAST): WEAPON/FAMILY","15"
"108","ASSAULT (PAST): OTHER/CHILD ABUSE","6"
"6","ASSAULT (IN PROGRESS): OTHER/TRANSIT","45"
"106","ASSAULT (IN PROGRESS): WEAPON/INSIDE","29"
"49","ASSAULT (IN PROGRESS): SHOTS/INSIDE","17"
"77","ASSAULT (PAST): SHOTS/INSIDE","3"
"100","ASSAULT (IN PROGRESS): OTHER/INSIDE","174"
"41","ASSAULT (PAST): WEAPON/OUTSIDE","8"
"9","ASSAULT (IN PROGRESS): OTHER/INSIDE","246"
"20","ASSAULT (IN PROGRESS): OTHER/SCHOOL","9"
"106","ASSAULT (PAST): OTHER/OUTSIDE","54"
"13","ASSAULT (IN PROGRESS): KNIFE/OUTSIDE","18"
"68","ASSAULT (PAST): WEAPON/TRANSIT","1"
"49","ASSAULT (PAST): OTHER/FAMILY","105"
"68","ASSAULT (IN PROGRESS): KNIFE/INSIDE","7"
"25","ASSAULT (IN PROGRESS): WEAPON/TRANSIT","2"
"109","ASSAULT (IN PROGRESS): WEAPON/FAMILY","35"
"46","ASSAULT (IN PROGRESS): KNIFE/OUTSIDE","106"
"110","ASSAULT (PAST): WEAPON/FAMILY","7"
"88","ASSAULT (PAST): OTHER/CHILD ABUSE","10"
"63","ASSAULT (IN PROGRESS): KNIFE/FAMILY","8"
"45","ASSAULT (PAST): SHOTS/FAMILY","1"
"46","ASSAULT (PAST): OTHER/FAMILY","156"
"50","ASSAULT (IN PROGRESS): KNIFE/INSIDE","15"
"81","ASSAULT (IN PROGRESS): OTHER/FAMILY","273"
"90","ASSAULT (IN PROGRESS): OTHER/FAMILY","252"
"32","ASSAULT (PAST): KNIFE/INSIDE","36"
"112","ASSAULT (PAST): WEAPON/INSIDE","12"
"67","ASSAULT (IN PROGRESS): KNIFE/INSIDE","71"
"100","ASSAULT (IN PROGRESS): WEAPON/CHILD","1"
"30","ASSAULT (IN PROGRESS): WEAPON/TRANSIT","1"
"17","ASSAULT (PAST): KNIFE/INSIDE","8"
"41","ASSAULT (PAST): OTHER/TRANSIT","8"
"26","ASSAULT (IN PROGRESS): OTHER/OUTSIDE","92"
"60","ASSAULT (IN PROGRESS): KNIFE/OUTSIDE","28"
"72","ASSAULT (PAST): OTHER/TRANSIT","13"
"20","ASSAULT (IN PROGRESS): SHOTS/OUTSIDE","2"
"34","ASSAULT (PAST): OTHER/INSIDE","152"
"60","ASSAULT (IN PROGRESS): SHOTS/FAMILY","1"
"63","ASSAULT (IN PROGRESS): SHOTS/INSIDE","11"
"105","ASSAULT (PAST): OTHER/FAMILY","45"
"26","ASSAULT (PAST): KNIFE/OUTSIDE","4"
"84","ASSAULT (PAST): OTHER/TRANSIT","34"
"68","ASSAULT (IN PROGRESS): KNIFE/FAMILY","4"
"105","ASSAULT (IN PROGRESS): KNIFE/INSIDE","9"
"104","ASSAULT (IN PROGRESS): KNIFE/INSIDE","14"
"114","ASSAULT (IN PROGRESS): OTHER/LTD ACC HWY","2"
"13","ASSAULT (IN PROGRESS): OTHER/CHILD ABUSE","12"
"122","ASSAULT (IN PROGRESS): OTHER/CHILD ABUSE","13"
"115","ASSAULT (IN PROGRESS): OTHER/INSIDE","325"
"61","ASSAULT (IN PROGRESS): WEAPON/FAMILY","18"
"20","ASSAULT (IN PROGRESS): OTHER/LTD ACC HWY","1"
"47","ASSAULT (PAST): OTHER/SCHOOL","10"
"72","ASSAULT (IN PROGRESS): KNIFE/INSIDE","23"
"106","ASSAULT (IN PROGRESS): OTHER/OUTSIDE","287"
"22","ASSAULT (IN PROGRESS): OTHER/CHILD ABUSE","1"
"72","ASSAULT (IN PROGRESS): WEAPON/FAMILY","15"
"50","ASSAULT (PAST): OTHER/TRANSIT","3"
"25","ASSAULT (PAST): OTHER/INSIDE","212"
"116","ASSAULT (IN PROGRESS): SHOTS/INSIDE","6"
"52","ASSAULT (PAST): KNIFE/TRANSIT","1"
"103","ASSAULT (IN PROGRESS): SHOTS/TRANSIT","1"
"45","ASSAULT (IN PROGRESS): WEAPON/TRANSIT","3"
"100","ASSAULT (IN PROGRESS): OTHER/CHILD ABUSE","6"
"112","ASSAULT (IN PROGRESS): SHOTS/INSIDE","3"
"44","ASSAULT (IN PROGRESS): OTHER/LTD ACC HWY","3"
"84","ASSAULT (IN PROGRESS): WEAPON/LTD ACC HWY","1"
"61","ASSAULT (PAST): WEAPON/INSIDE","11"
"120","ASSAULT (IN PROGRESS): OTHER/OUTSIDE","297"
"22","ASSAULT (IN PROGRESS): OTHER/INSIDE","4"
"32","ASSAULT (PAST): OTHER/FAMILY","80"
"69","ASSAULT (PAST): WEAPON/FAMILY","4"
"6","ASSAULT (IN PROGRESS): KNIFE/INSIDE","6"
"23","ASSAULT (PAST): OTHER/SCHOOL","18"
"108","ASSAULT (IN PROGRESS): SHOTS/TRANSIT","7"
"94","ASSAULT (PAST): OTHER/CHILD ABUSE","2"
"43","ASSAULT (IN PROGRESS): OTHER/SCHOOL","34"
"71","ASSAULT (PAST): SHOTS/INSIDE","14"
"42","ASSAULT (IN PROGRESS): KNIFE/SCHOOL","2"
"79","ASSAULT (IN PROGRESS): OTHER/OUTSIDE","287"
"26","ASSAULT (PAST): OTHER/FAMILY","32"
"68","ASSAULT (IN PROGRESS): WEAPON/TRANSIT","1"
"42","ASSAULT (IN PROGRESS): WEAPON/LTD ACC HWY","1"
"9","ASSAULT (PAST): KNIFE/OUTSIDE","4"
"105","ASSAULT (PAST): WEAPON/FAMILY","1"
"107","ASSAULT (IN PROGRESS): KNIFE/INSIDE","25"
"52","ASSAULT (IN PROGRESS): WEAPON/OUTSIDE","95"
"102","ASSAULT (PAST): OTHER/TRANSIT","5"
"108","ASSAULT (PAST): WEAPON/FAMILY","4"
"78","ASSAULT (PAST): KNIFE/INSIDE","3"
"13","ASSAULT (PAST): OTHER/FAMILY","39"
"70","ASSAULT (IN PROGRESS): OTHER/FAMILY","378"
"112","ASSAULT (IN PROGRESS): WEAPON/FAMILY","5"
"63","ASSAULT (IN PROGRESS): SHOTS/FAMILY","2"
"81","ASSAULT (PAST): OTHER/FAMILY","40"
"109","ASSAULT (IN PROGRESS): KNIFE/FAMILY","18"
"71","ASSAULT (PAST): KNIFE/FAMILY","3"
"109","ASSAULT (PAST): OTHER/OUTSIDE","108"
"45","ASSAULT (PAST): OTHER/CHILD ABUSE","11"
"115","ASSAULT (IN PROGRESS): WEAPON/SCHOOL","4"
"23","ASSAULT (IN PROGRESS): WEAPON/INSIDE","37"
"49","ASSAULT (PAST): WEAPON/INSIDE","21"
"122","ASSAULT (IN PROGRESS): KNIFE/OUTSIDE","13"
"121","ASSAULT (IN PROGRESS): OTHER/OUTSIDE","192"
"122","ASSAULT (PAST): OTHER/CHILD ABUSE","4"
"46","ASSAULT (PAST): SHOTS/INSIDE","8"
"13","ASSAULT (PAST): KNIFE/TRANSIT","1"
"10","ASSAULT (PAST): KNIFE/FAMILY","3"
"40","ASSAULT (PAST): SHOTS/OUTSIDE","4"
"46","ASSAULT (PAST): WEAPON/OUTSIDE","27"
"121","ASSAULT (IN PROGRESS): WEAPON/INSIDE","27"
"76","ASSAULT (PAST): SHOTS/INSIDE","1"
"60","ASSAULT (IN PROGRESS): KNIFE/CHILD ABUSE","2"
"43","ASSAULT (IN PROGRESS): WEAPON/TRANSIT","1"
"43","ASSAULT (IN PROGRESS): SHOTS/INSIDE","27"
"70","ASSAULT (IN PROGRESS): WEAPON/TRANSIT","1"
"40","ASSAULT (PAST): OTHER/CHILD ABUSE","23"
"84","ASSAULT (IN PROGRESS): WEAPON/INSIDE","30"
"30","ASSAULT (IN PROGRESS): SHOTS/OUTSIDE","14"
"90","ASSAULT (PAST): SHOTS/OUTSIDE","2"
"43","ASSAULT (PAST): OTHER/OUTSIDE","99"
"107","ASSAULT (IN PROGRESS): WEAPON/INSIDE","31"
"110","ASSAULT (PAST): KNIFE/FAMILY","4"
"14","ASSAULT (IN PROGRESS): SHOTS/OUTSIDE","9"
"104","ASSAULT (IN PROGRESS): OTHER/OUTSIDE","255"
"18","ASSAULT (IN PROGRESS): OTHER/TRANSIT","67"
"88","ASSAULT (IN PROGRESS): KNIFE/INSIDE","16"
"105","ASSAULT (PAST): OTHER/SCHOOL","15"
"60","ASSAULT (PAST): OTHER/FAMILY","86"
"106","ASSAULT (PAST): OTHER/FAMILY","54"
"49","ASSAULT (PAST): WEAPON/OUTSIDE","12"
"76","ASSAULT (PAST): OTHER/OUTSIDE","16"
"100","ASSAULT (IN PROGRESS): KNIFE/INSIDE","12"
"60","ASSAULT (IN PROGRESS): OTHER/SCHOOL","19"
"108","ASSAULT (IN PROGRESS): SHOTS/FAMILY","2"
"77","ASSAULT (IN PROGRESS): KNIFE/OUTSIDE","27"
"102","ASSAULT (IN PROGRESS): KNIFE/OUTSIDE","30"
"70","ASSAULT (IN PROGRESS): OTHER/OUTSIDE","321"
"107","ASSAULT (IN PROGRESS): WEAPON/LTD ACC HWY","1"
"42","ASSAULT (IN PROGRESS): OTHER/LTD ACC HWY","3"
"33","ASSAULT (IN PROGRESS): OTHER/INSIDE","218"
"34","ASSAULT (PAST): SHOTS/INSIDE","6"
"123","ASSAULT (PAST): KNIFE/SCHOOL","2"
"23","ASSAULT (IN PROGRESS): SHOTS/FAMILY","11"
"50","ASSAULT (IN PROGRESS): KNIFE/OUTSIDE","23"
"24","ASSAULT (IN PROGRESS): KNIFE/FAMILY","12"
"50","ASSAULT (PAST): OTHER/OUTSIDE","27"
"47","ASSAULT (PAST): OTHER/FAMILY","163"
"32","ASSAULT (IN PROGRESS): OTHER/SCHOOL","8"
"20","ASSAULT (PAST): KNIFE/TRANSIT","1"
"5","ASSAULT (PAST): OTHER/OUTSIDE","86"
"19","ASSAULT (PAST): OTHER/OUTSIDE","50"
"42","ASSAULT (IN PROGRESS): OTHER/FAMILY","813"
"17","ASSAULT (PAST): OTHER/CHILD ABUSE","4"
"5","ASSAULT (PAST): WEAPON/TRANSIT","1"
"71","ASSAULT (PAST): OTHER/CHILD ABUSE","11"
"44","ASSAULT (IN PROGRESS): KNIFE/CHILD ABUSE","1"
"7","ASSAULT (IN PROGRESS): WEAPON/CHILD","1"
"40","ASSAULT (IN PROGRESS): KNIFE/CHILD ABUSE","1"
"114","ASSAULT (IN PROGRESS): SHOTS/OUTSIDE","17"
"6","ASSAULT (PAST): OTHER/INSIDE","82"
"32","ASSAULT (PAST): OTHER/INSIDE","275"
"94","ASSAULT (PAST): OTHER/TRANSIT","9"
"33","ASSAULT (IN PROGRESS): OTHER/FAMILY","192"
"90","ASSAULT (PAST): KNIFE/FAMILY","3"
"75","ASSAULT (PAST): OTHER/OUTSIDE","176"
"33","ASSAULT (PAST): SHOTS/INSIDE","3"
"47","ASSAULT (PAST): WEAPON/FAMILY","13"
"69","ASSAULT (IN PROGRESS): SHOTS/INSIDE","10"
"110","ASSAULT (IN PROGRESS): OTHER/INSIDE","375"
"75","ASSAULT (IN PROGRESS): OTHER/OUTSIDE","716"
"72","ASSAULT (IN PROGRESS): SHOTS/INSIDE","21"
"24","ASSAULT (IN PROGRESS): OTHER/CHILD ABUSE","7"
"43","ASSAULT (IN PROGRESS): WEAPON/OUTSIDE","81"
"72","ASSAULT (PAST): WEAPON/OUTSIDE","7"
"30","ASSAULT (IN PROGRESS): OTHER/INSIDE","133"
"121","ASSAULT (PAST): KNIFE/FAMILY","1"
"67","ASSAULT (IN PROGRESS): WEAPON/OUTSIDE","56"
"83","ASSAULT (PAST): WEAPON/INSIDE","14"
"121","ASSAULT (IN PROGRESS): KNIFE/OUTSIDE","11"
"77","ASSAULT (IN PROGRESS): KNIFE/TRANSIT","4"
"84","ASSAULT (PAST): OTHER/OUTSIDE","55"
"52","ASSAULT (PAST): KNIFE/FAMILY","4"
"79","ASSAULT (IN PROGRESS): KNIFE/OUTSIDE","37"
"107","ASSAULT (IN PROGRESS): OTHER/CHILD ABUSE","12"
"18","ASSAULT (PAST): OTHER/OUTSIDE","121"
"50","ASSAULT (IN PROGRESS): OTHER/SCHOOL","16"
"61","ASSAULT (IN PROGRESS): OTHER/FAMILY","251"
"94","ASSAULT (IN PROGRESS): KNIFE/INSIDE","12"
"46","ASSAULT (PAST): WEAPON/TRANSIT","1"
"42","ASSAULT (PAST): WEAPON/FAMILY","15"
"13","ASSAULT (PAST): SHOTS/INSIDE","4"
"32","ASSAULT (PAST): OTHER/OUTSIDE","82"
"43","ASSAULT (PAST): WEAPON/CHILD ABUSE","4"
"32","ASSAULT (IN PROGRESS): KNIFE/TRANSIT","2"
"113","ASSAULT (PAST): SHOTS/INSIDE","2"
"50","ASSAULT (PAST): OTHER/FAMILY","44"
"63","ASSAULT (PAST): SHOTS/INSIDE","4"
"33","ASSAULT (IN PROGRESS): SHOTS/FAMILY","1"
"122","ASSAULT (PAST): OTHER/OUTSIDE","31"
"46","ASSAULT (IN PROGRESS): OTHER/TRANSIT","111"
"108","ASSAULT (IN PROGRESS): WEAPON/INSIDE","27"
"102","ASSAULT (IN PROGRESS): OTHER/TRANSIT","12"
"78","ASSAULT (IN PROGRESS): KNIFE/TRANSIT","1"
"46","ASSAULT (PAST): KNIFE/INSIDE","31"
"71","ASSAULT (IN PROGRESS): WEAPON/TRANSIT","2"
"25","ASSAULT (IN PROGRESS): OTHER/TRANSIT","42"
"33","ASSAULT (IN PROGRESS): OTHER/OUTSIDE","206"
"43","ASSAULT (IN PROGRESS): KNIFE/OUTSIDE","57"
"9","ASSAULT (PAST): OTHER/INSIDE","142"
"109","ASSAULT (IN PROGRESS): WEAPON/CHILD","2"
"121","ASSAULT (PAST): KNIFE/INSIDE","6"
"7","ASSAULT (IN PROGRESS): WEAPON/FAMILY","9"
"81","ASSAULT (PAST): WEAPON/OUTSIDE","6"
"122","ASSAULT (IN PROGRESS): OTHER/FAMILY","248"
"42","ASSAULT (IN PROGRESS): WEAPON/CHILD","3"
"120","ASSAULT (IN PROGRESS): SHOTS/OUTSIDE","17"
"103","ASSAULT (PAST): KNIFE/TRANSIT","1"
"70","ASSAULT (IN PROGRESS): SHOTS/FAMILY","3"
"103","ASSAULT (PAST): OTHER/TRANSIT","14"
"25","ASSAULT (IN PROGRESS): OTHER/INSIDE","345"
"48","ASSAULT (IN PROGRESS): WEAPON/FAMILY","54"
"113","ASSAULT (IN PROGRESS): WEAPON/INSIDE","31"
"104","ASSAULT (IN PROGRESS): OTHER/FAMILY","319"
"63","ASSAULT (IN PROGRESS): WEAPON/FAMILY","7"
"122","ASSAULT (PAST): WEAPON/FAMILY","3"
"76","ASSAULT (PAST): OTHER/INSIDE","66"
"43","ASSAULT (PAST): OTHER/CHILD ABUSE","21"
"69","ASSAULT (IN PROGRESS): WEAPON/FAMILY","34"
"120","ASSAULT (PAST): WEAPON/INSIDE","12"
"104","ASSAULT (IN PROGRESS): SHOTS/INSIDE","7"
"109","ASSAULT (IN PROGRESS): OTHER/TRANSIT","12"
"40","ASSAULT (IN PROGRESS): WEAPON/SCHOOL","4"
"94","ASSAULT (IN PROGRESS): WEAPON/FAMILY","4"
"84","ASSAULT (PAST): WEAPON/TRANSIT","1"
"5","ASSAULT (IN PROGRESS): WEAPON/INSIDE","27"
"49","ASSAULT (PAST): OTHER/LTD ACC HWY","1"
"116","ASSAULT (IN PROGRESS): SHOTS/OUTSIDE","11"
"79","ASSAULT (IN PROGRESS): WEAPON/INSIDE","54"
"18","ASSAULT (IN PROGRESS): KNIFE/OUTSIDE","39"
"123","ASSAULT (PAST): OTHER/CHILD ABUSE","3"
"67","ASSAULT (PAST): OTHER/OUTSIDE","87"
"34","ASSAULT (PAST): OTHER/TRANSIT","11"
"72","ASSAULT (IN PROGRESS): OTHER/OUTSIDE","249"
"24","ASSAULT (IN PROGRESS): KNIFE/INSIDE","61"
"67","ASSAULT (IN PROGRESS): WEAPON/CHILD","1"
"1","ASSAULT (PAST): OTHER/INSIDE","159"
"121","ASSAULT (IN PROGRESS): SHOTS/FAMILY","4"
"32","ASSAULT (PAST): KNIFE/FAMILY","2"
"69","ASSAULT (PAST): KNIFE/OUTSIDE","2"
"14","ASSAULT (IN PROGRESS): OTHER/OUTSIDE","683"
"106","ASSAULT (PAST): OTHER/CHILD ABUSE","13"
"44","ASSAULT (IN PROGRESS): OTHER/OUTSIDE","508"
"109","ASSAULT (PAST): WEAPON/CHILD ABUSE","2"
"7","ASSAULT (IN PROGRESS): OTHER/INSIDE","169"
"18","ASSAULT (IN PROGRESS): OTHER/INSIDE","362"
"107","ASSAULT (PAST): KNIFE/TRANSIT","1"
"110","ASSAULT (IN PROGRESS): SHOTS/INSIDE","14"
"20","ASSAULT (IN PROGRESS): WEAPON/TRANSIT","3"
"20","ASSAULT (IN PROGRESS): KNIFE/FAMILY","1"
"77","ASSAULT (IN PROGRESS): OTHER/INSIDE","229"
"107","ASSAULT (IN PROGRESS): OTHER/FAMILY","316"
"18","ASSAULT (IN PROGRESS): WEAPON/INSIDE","48"
"14","ASSAULT (PAST): OTHER/OUTSIDE","215"
"88","ASSAULT (IN PROGRESS): OTHER/SCHOOL","5"
"32","ASSAULT (PAST): WEAPON/CHILD ABUSE","1"
"32","ASSAULT (IN PROGRESS): OTHER/OUTSIDE","280"
"42","ASSAULT (PAST): OTHER/CHILD ABUSE","25"
"13","ASSAULT (IN PROGRESS): WEAPON/TRANSIT","15"
"102","ASSAULT (IN PROGRESS): SHOTS/INSIDE","4"
"18","ASSAULT (IN PROGRESS): OTHER/CHILD ABUSE","13"
"52","ASSAULT (PAST): OTHER/SCHOOL","26"
"101","ASSAULT (IN PROGRESS): KNIFE/INSIDE","40"
"45","ASSAULT (IN PROGRESS): WEAPON/OUTSIDE","45"
"113","ASSAULT (PAST): WEAPON/OUTSIDE","5"
"40","ASSAULT (PAST): WEAPON/SCHOOL","2"
"73","ASSAULT (PAST): OTHER/FAMILY","132"
"72","ASSAULT (IN PROGRESS): WEAPON/CHILD","1"
"63","ASSAULT (IN PROGRESS): WEAPON/CHILD","2"
"83","ASSAULT (IN PROGRESS): KNIFE/INSIDE","33"
"41","ASSAULT (IN PROGRESS): WEAPON/INSIDE","52"
"7","ASSAULT (PAST): WEAPON/INSIDE","8"
"113","ASSAULT (PAST): OTHER/FAMILY","79"
"109","ASSAULT (PAST): WEAPON/INSIDE","32"
"90","ASSAULT (PAST): WEAPON/INSIDE","17"
"33","ASSAULT (PAST): KNIFE/INSIDE","41"
"90","ASSAULT (PAST): OTHER/CHILD ABUSE","2"
"66","ASSAULT (IN PROGRESS): OTHER/TRANSIT","18"
"113","ASSAULT (IN PROGRESS): OTHER/OUTSIDE","222"
"75","ASSAULT (PAST): SHOTS/INSIDE","5"
"116","ASSAULT (PAST): WEAPON/FAMILY","2"
"73","ASSAULT (PAST): WEAPON/CHILD ABUSE","3"
"120","ASSAULT (PAST): WEAPON/OUTSIDE","11"
"66","ASSAULT (PAST): KNIFE/INSIDE","4"
"111","ASSAULT (IN PROGRESS): OTHER/CHILD ABUSE","10"
"110","ASSAULT (IN PROGRESS): KNIFE/OUTSIDE","55"
"104","ASSAULT (IN PROGRESS): KNIFE/OUTSIDE","22"
"61","ASSAULT (PAST): WEAPON/OUTSIDE","7"
"69","ASSAULT (IN PROGRESS): WEAPON/SCHOOL","1"
"34","ASSAULT (IN PROGRESS): WEAPON/FAMILY","22"
"94","ASSAULT (PAST): WEAPON/SCHOOL","2"
"76","ASSAULT (PAST): OTHER/FAMILY","16"
"22","ASSAULT (IN PROGRESS): OTHER/FAMILY","1"
"52","ASSAULT (IN PROGRESS): OTHER/FAMILY","851"
"104","ASSAULT (PAST): OTHER/FAMILY","44"
"30","ASSAULT (IN PROGRESS): WEAPON/OUTSIDE","35"
"5","ASSAULT (PAST): KNIFE/INSIDE","1"
"10","ASSAULT (PAST): WEAPON/INSIDE","8"
"48","ASSAULT (IN PROGRESS): OTHER/CHILD ABUSE","53"
"110","ASSAULT (PAST): SHOTS/INSIDE","9"
"1","ASSAULT (IN PROGRESS): WEAPON/TRANSIT","3"
"70","ASSAULT (PAST): KNIFE/OUTSIDE","5"
"45","ASSAULT (IN PROGRESS): KNIFE/INSIDE","25"
"44","ASSAULT (PAST): KNIFE/CHILD ABUSE","1"
"76","ASSAULT (IN PROGRESS): SHOTS/TRANSIT","3"
"83","ASSAULT (IN PROGRESS): WEAPON/CHILD","3"
"14","ASSAULT (PAST): WEAPON/INSIDE","17"
"105","ASSAULT (PAST): OTHER/OUTSIDE","35"
"112","ASSAULT (PAST): WEAPON/TRANSIT","1"
"94","ASSAULT (IN PROGRESS): WEAPON/INSIDE","16"
"17","ASSAULT (IN PROGRESS): KNIFE/INSIDE","4"
"30","ASSAULT (IN PROGRESS): SHOTS/FAMILY","1"
"110","ASSAULT (PAST): OTHER/INSIDE","285"
"49","ASSAULT (IN PROGRESS): KNIFE/INSIDE","37"
"45","ASSAULT (IN PROGRESS): OTHER/LTD ACC HWY","9"
"25","ASSAULT (IN PROGRESS): OTHER/SCHOOL","2"
"102","ASSAULT (PAST): SHOTS/OUTSIDE","1"
"40","ASSAULT (PAST): SHOTS/INSIDE","16"
"109","ASSAULT (PAST): SHOTS/INSIDE","5"
"71","ASSAULT (IN PROGRESS): WEAPON/OUTSIDE","42"
"7","ASSAULT (PAST): OTHER/INSIDE","120"
"52","ASSAULT (IN PROGRESS): SHOTS/OUTSIDE","20"
"5","ASSAULT (IN PROGRESS): KNIFE/INSIDE","11"
"1","ASSAULT (PAST): OTHER/OUTSIDE","77"
"77","ASSAULT (PAST): KNIFE/FAMILY","3"
"77","ASSAULT (IN PROGRESS): OTHER/CHILD ABUSE","18"
"67","ASSAULT (PAST): WEAPON/SCHOOL","1"
"42","ASSAULT (IN PROGRESS): SHOTS/SCHOOL","5"
"110","ASSAULT (PAST): OTHER/SCHOOL","23"
"19","ASSAULT (PAST): OTHER/FAMILY","30"
"40","ASSAULT (IN PROGRESS): OTHER/FAMILY","902"
"104","ASSAULT (IN PROGRESS): KNIFE/FAMILY","7"
"109","ASSAULT (IN PROGRESS): WEAPON/OUTSIDE","67"
"47","ASSAULT (IN PROGRESS): WEAPON/INSIDE","121"
"78","ASSAULT (IN PROGRESS): OTHER/FAMILY","77"
"104","ASSAULT (PAST): WEAPON/FAMILY","4"
"106","ASSAULT (PAST): KNIFE/SCHOOL","3"
"47","ASSAULT (PAST): WEAPON/OUTSIDE","37"
"25","ASSAULT (PAST): KNIFE/OUTSIDE","11"
"34","ASSAULT (IN PROGRESS): KNIFE/FAMILY","10"
"84","ASSAULT (IN PROGRESS): SHOTS/INSIDE","13"
"26","ASSAULT (IN PROGRESS): WEAPON/FAMILY","10"
"34","ASSAULT (PAST): KNIFE/INSIDE","16"
"116","ASSAULT (IN PROGRESS): WEAPON/INSIDE","23"
"101","ASSAULT (IN PROGRESS): OTHER/FAMILY","422"
"47","ASSAULT (IN PROGRESS): SHOTS/INSIDE","19"
"10","ASSAULT (IN PROGRESS): SHOTS/FAMILY","1"
"116","ASSAULT (PAST): OTHER/OUTSIDE","21"
"30","ASSAULT (PAST): WEAPON/INSIDE","3"
"63","ASSAULT (IN PROGRESS): OTHER/OUTSIDE","128"
"67","ASSAULT (IN PROGRESS): SHOTS/INSIDE","30"
"63","ASSAULT (PAST): OTHER/INSIDE","127"
"47","ASSAULT (IN PROGRESS): KNIFE/CHILD ABUSE","1"
"6","ASSAULT (IN PROGRESS): KNIFE/OUTSIDE","17"
"25","ASSAULT (IN PROGRESS): WEAPON/INSIDE","46"
"109","ASSAULT (PAST): OTHER/FAMILY","77"
"43","ASSAULT (IN PROGRESS): KNIFE/SCHOOL","2"
"113","ASSAULT (PAST): WEAPON/FAMILY","8"
"47","ASSAULT (IN PROGRESS): KNIFE/INSIDE","117"
"108","ASSAULT (PAST): OTHER/FAMILY","46"
"101","ASSAULT (PAST): OTHER/FAMILY","72"
"94","ASSAULT (PAST): OTHER/FAMILY","18"
"94","ASSAULT (IN PROGRESS): SHOTS/INSIDE","3"
"17","ASSAULT (IN PROGRESS): WEAPON/OUTSIDE","17"
"50","ASSAULT (IN PROGRESS): WEAPON/FAMILY","23"
"49","ASSAULT (IN PROGRESS): WEAPON/INSIDE","63"
"72","ASSAULT (PAST): OTHER/SCHOOL","4"
"10","ASSAULT (IN PROGRESS): SHOTS/OUTSIDE","3"
"102","ASSAULT (IN PROGRESS): WEAPON/TRANSIT","5"
"121","ASSAULT (IN PROGRESS): SHOTS/OUTSIDE","8"
"101","ASSAULT (IN PROGRESS): KNIFE/TRANSIT","1"
"75","ASSAULT (PAST): SHOTS/OUTSIDE","2"
"67","ASSAULT (PAST): OTHER/CHILD ABUSE","25"
"48","ASSAULT (IN PROGRESS): OTHER/TRANSIT","5"
"109","ASSAULT (IN PROGRESS): OTHER/FAMILY","383"
"69","ASSAULT (PAST): OTHER/INSIDE","85"
"48","ASSAULT (IN PROGRESS): SHOTS/FAMILY","2"
"48","ASSAULT (PAST): WEAPON/CHILD ABUSE","2"
"73","ASSAULT (PAST): WEAPON/FAMILY","5"
"45","ASSAULT (IN PROGRESS): OTHER/TRANSIT","14"
"14","ASSAULT (IN PROGRESS): OTHER/FAMILY","119"
"48","ASSAULT (IN PROGRESS): WEAPON/INSIDE","89"
"114","ASSAULT (IN PROGRESS): OTHER/FAMILY","545"
"68","ASSAULT (PAST): WEAPON/INSIDE","3"
"48","ASSAULT (IN PROGRESS): KNIFE/SCHOOL","5"
"121","ASSAULT (IN PROGRESS): WEAPON/OUTSIDE","31"
"34","ASSAULT (PAST): KNIFE/OUTSIDE","7"
"10","ASSAULT (PAST): KNIFE/OUTSIDE","3"
"32","ASSAULT (IN PROGRESS): WEAPON/OUTSIDE","53"
"34","ASSAULT (PAST): OTHER/FAMILY","55"
"105","ASSAULT (PAST): SHOTS/INSIDE","1"
"77","ASSAULT (PAST): WEAPON/FAMILY","3"
"121","ASSAULT (IN PROGRESS): KNIFE/FAMILY","12"
"123","ASSAULT (IN PROGRESS): SHOTS/OUTSIDE","1"
"110","ASSAULT (PAST): OTHER/OUTSIDE","147"
"68","ASSAULT (PAST): OTHER/SCHOOL","21"
"19","ASSAULT (PAST): WEAPON/FAMILY","2"
"17","ASSAULT (PAST): WEAPON/OUTSIDE","7"
"103","ASSAULT (PAST): KNIFE/FAMILY","3"
"26","ASSAULT (IN PROGRESS): WEAPON/INSIDE","13"
"61","ASSAULT (PAST): OTHER/LTD ACC HWY","1"
"47","ASSAULT (IN PROGRESS): WEAPON/FAMILY","79"
"67","ASSAULT (IN PROGRESS): KNIFE/OUTSIDE","64"
"114","ASSAULT (IN PROGRESS): OTHER/SCHOOL","25"
"110","ASSAULT (IN PROGRESS): OTHER/LTD ACC HWY","5"
"45","ASSAULT (PAST): WEAPON/SCHOOL","2"
"14","ASSAULT (IN PROGRESS): KNIFE/INSIDE","25"
"68","ASSAULT (PAST): OTHER/TRANSIT","4"
"72","ASSAULT (IN PROGRESS): OTHER/CHILD ABUSE","11"
"41","ASSAULT (IN PROGRESS): WEAPON/TRANSIT","6"
"25","ASSAULT (IN PROGRESS): OTHER/FAMILY","281"
"10","ASSAULT (IN PROGRESS): OTHER/TRANSIT","29"
"44","ASSAULT (PAST): OTHER/OUTSIDE","133"
"61","ASSAULT (PAST): SHOTS/OUTSIDE","3"
"20","ASSAULT (PAST): OTHER/CHILD ABUSE","3"
"112","ASSAULT (IN PROGRESS): OTHER/LTD ACC HWY","3"
"66","ASSAULT (IN PROGRESS): OTHER/OUTSIDE","207"
"73","ASSAULT (IN PROGRESS): WEAPON/OUTSIDE","78"
"102","ASSAULT (IN PROGRESS): WEAPON/FAMILY","34"
"70","ASSAULT (IN PROGRESS): SHOTS/SCHOOL","2"
"113","ASSAULT (IN PROGRESS): KNIFE/FAMILY","28"
"28","ASSAULT (IN PROGRESS): KNIFE/FAMILY","10"
"68","ASSAULT (IN PROGRESS): WEAPON/INSIDE","21"
"101","ASSAULT (IN PROGRESS): WEAPON/INSIDE","61"
"100","ASSAULT (PAST): OTHER/OUTSIDE","14"
"28","ASSAULT (IN PROGRESS): WEAPON/FAMILY","12"
"24","ASSAULT (PAST): OTHER/OUTSIDE","32"
"110","ASSAULT (IN PROGRESS): OTHER/FAMILY","447"
"71","ASSAULT (IN PROGRESS): WEAPON/FAMILY","32"
"30","ASSAULT (IN PROGRESS): OTHER/OUTSIDE","162"
"19","ASSAULT (IN PROGRESS): WEAPON/TRANSIT","4"
"123","ASSAULT (IN PROGRESS): WEAPON/OUTSIDE","10"
"49","ASSAULT (IN PROGRESS): KNIFE/FAMILY","22"
"50","ASSAULT (PAST): SHOTS/INSIDE","1"
"26","ASSAULT (PAST): OTHER/INSIDE","115"
"24","ASSAULT (IN PROGRESS): WEAPON/OUTSIDE","40"
"42","ASSAULT (PAST): SHOTS/OUTSIDE","1"
"50","ASSAULT (PAST): WEAPON/FAMILY","2"
"30","ASSAULT (IN PROGRESS): OTHER/CHILD ABUSE","8"
"75","ASSAULT (PAST): OTHER/CHILD ABUSE","33"
"42","ASSAULT (PAST): KNIFE/TRANSIT","2"
"79","ASSAULT (PAST): WEAPON/INSIDE","23"
"13","ASSAULT (PAST): KNIFE/OUTSIDE","3"
"70","ASSAULT (PAST): OTHER/FAMILY","77"
"123","ASSAULT (IN PROGRESS): OTHER/CHILD ABUSE","5"
"100","ASSAULT (PAST): OTHER/CHILD ABUSE","1"
"48","ASSAULT (IN PROGRESS): OTHER/INSIDE","598"
"94","ASSAULT (PAST): OTHER/OUTSIDE","37"
"41","ASSAULT (PAST): KNIFE/OUTSIDE","14"
"18","ASSAULT (IN PROGRESS): SHOTS/FAMILY","1"
"78","ASSAULT (PAST): OTHER/TRANSIT","17"
"60","ASSAULT (PAST): WEAPON/FAMILY","4"
"49","ASSAULT (IN PROGRESS): OTHER/OUTSIDE","256"
"48","ASSAULT (IN PROGRESS): WEAPON/OUTSIDE","66"
"66","ASSAULT (IN PROGRESS): SHOTS/OUTSIDE","5"
"70","ASSAULT (IN PROGRESS): SHOTS/OUTSIDE","19"
"116","ASSAULT (PAST): OTHER/FAMILY","34"
"61","ASSAULT (IN PROGRESS): KNIFE/TRANSIT","1"
"113","ASSAULT (IN PROGRESS): SHOTS/FAMILY","3"
"19","ASSAULT (PAST): OTHER/SCHOOL","1"
"44","ASSAULT (PAST): OTHER/FAMILY","168"
"13","ASSAULT (PAST): OTHER/OUTSIDE","119"
"32","ASSAULT (IN PROGRESS): SHOTS/OUTSIDE","15"
"32","ASSAULT (IN PROGRESS): OTHER/TRANSIT","19"
"107","ASSAULT (IN PROGRESS): OTHER/LTD ACC HWY","6"
"61","ASSAULT (PAST): WEAPON/FAMILY","6"
"32","ASSAULT (PAST): WEAPON/INSIDE","34"
"45","ASSAULT (PAST): KNIFE/SCHOOL","2"
"102","ASSAULT (IN PROGRESS): SHOTS/OUTSIDE","9"
"9","ASSAULT (IN PROGRESS): SHOTS/INSIDE","12"
"106","ASSAULT (IN PROGRESS): KNIFE/FAMILY","21"
"112","ASSAULT (PAST): WEAPON/CHILD ABUSE","1"
"44","ASSAULT (PAST): SHOTS/OUTSIDE","4"
"116","ASSAULT (PAST): SHOTS/INSIDE","2"
"60","ASSAULT (PAST): WEAPON/INSIDE","11"
"24","ASSAULT (IN PROGRESS): OTHER/OUTSIDE","185"
"1","ASSAULT (PAST): SHOTS/TRANSIT","1"
"13","ASSAULT (IN PROGRESS): SHOTS/FAMILY","1"
"83","ASSAULT (IN PROGRESS): OTHER/INSIDE","285"
"18","ASSAULT (PAST): KNIFE/INSIDE","7"
"120","ASSAULT (IN PROGRESS): WEAPON/FAMILY","32"
"28","ASSAULT (PAST): OTHER/TRANSIT","12"
"63","ASSAULT (PAST): WEAPON/FAMILY","1"
"44","ASSAULT (IN PROGRESS): KNIFE/OUTSIDE","91"
"63","ASSAULT (IN PROGRESS): WEAPON/OUTSIDE","31"
"103","ASSAULT (IN PROGRESS): WEAPON/CHILD","1"
"49","ASSAULT (IN PROGRESS): OTHER/TRANSIT","16"
"110","ASSAULT (PAST): SHOTS/OUTSIDE","1"
"101","ASSAULT (PAST): SHOTS/SCHOOL","1"
"10","ASSAULT (IN PROGRESS): KNIFE/OUTSIDE","14"
"46","ASSAULT (PAST): WEAPON/INSIDE","41"
"9","ASSAULT (IN PROGRESS): WEAPON/TRANSIT","3"
"7","ASSAULT (PAST): WEAPON/CHILD ABUSE","1"
"73","ASSAULT (PAST): WEAPON/OUTSIDE","14"
"69","ASSAULT (IN PROGRESS): OTHER/TRANSIT","4"
"28","ASSAULT (PAST): WEAPON/SCHOOL","2"
"115","ASSAULT (IN PROGRESS): OTHER/LTD ACC HWY","3"
"122","ASSAULT (IN PROGRESS): OTHER/LTD ACC HWY","2"
"22","ASSAULT (PAST): KNIFE/OUTSIDE","1"
"26","ASSAULT (PAST): OTHER/CHILD ABUSE","8"
"43","ASSAULT (IN PROGRESS): KNIFE/FAMILY","64"
"25","ASSAULT (IN PROGRESS): OTHER/CHILD ABUSE","19"
"66","ASSAULT (IN PROGRESS): KNIFE/SCHOOL","2"
"67","ASSAULT (IN PROGRESS): OTHER/INSIDE","536"
"40","ASSAULT (IN PROGRESS): WEAPON/FAMILY","79"
"122","ASSAULT (PAST): WEAPON/INSIDE","8"
"22","ASSAULT (PAST): OTHER/INSIDE","1"
"20","ASSAULT (IN PROGRESS): KNIFE/TRANSIT","1"
"14","ASSAULT (IN PROGRESS): OTHER/CHILD ABUSE","9"
"123","ASSAULT (IN PROGRESS): OTHER/SCHOOL","8"
"84","ASSAULT (PAST): WEAPON/OUTSIDE","5"
"10","ASSAULT (IN PROGRESS): OTHER/OUTSIDE","226"
"33","ASSAULT (IN PROGRESS): OTHER/TRANSIT","38"
"73","ASSAULT (PAST): KNIFE/OUTSIDE","7"
"83","ASSAULT (PAST): OTHER/FAMILY","84"
"114","ASSAULT (PAST): OTHER/SCHOOL","22"
"105","ASSAULT (IN PROGRESS): OTHER/FAMILY","248"
"63","ASSAULT (IN PROGRESS): OTHER/SCHOOL","4"
"72","ASSAULT (PAST): WEAPON/FAMILY","5"
"113","ASSAULT (IN PROGRESS): WEAPON/CHILD","1"
"50","ASSAULT (IN PROGRESS): SHOTS/INSIDE","4"
"47","ASSAULT (PAST): OTHER/LTD ACC HWY","1"
"42","ASSAULT (IN PROGRESS): SHOTS/INSIDE","20"
"81","ASSAULT (IN PROGRESS): SHOTS/OUTSIDE","16"
"103","ASSAULT (IN PROGRESS): OTHER/FAMILY","550"
"43","ASSAULT (IN PROGRESS): WEAPON/LTD ACC HWY","1"
"7","ASSAULT (IN PROGRESS): KNIFE/OUTSIDE","16"
"41","ASSAULT (IN PROGRESS): OTHER/INSIDE","297"
"20","ASSAULT (IN PROGRESS): WEAPON/FAMILY","4"
"103","ASSAULT (IN PROGRESS): OTHER/TRANSIT","21"
"40","ASSAULT (PAST): WEAPON/FAMILY","17"
"70","ASSAULT (PAST): SHOTS/INSIDE","1"
"79","ASSAULT (PAST): OTHER/SCHOOL","22"
"122","ASSAULT (PAST): KNIFE/OUTSIDE","4"
"66","ASSAULT (IN PROGRESS): WEAPON/INSIDE","26"
"115","ASSAULT (IN PROGRESS): KNIFE/TRANSIT","5"
"114","ASSAULT (IN PROGRESS): WEAPON/INSIDE","55"
"121","ASSAULT (IN PROGRESS): KNIFE/CHILD ABUSE","1"
"46","ASSAULT (PAST): OTHER/TRANSIT","16"
"17","ASSAULT (IN PROGRESS): KNIFE/FAMILY","1"
"52","ASSAULT (PAST): KNIFE/INSIDE","49"
"106","ASSAULT (IN PROGRESS): KNIFE/LTD ACC HWY","1"
"42","ASSAULT (IN PROGRESS): WEAPON/OUTSIDE","84"
"114","ASSAULT (PAST): WEAPON/OUTSIDE","22"
"84","ASSAULT (PAST): SHOTS/INSIDE","1"
"63","ASSAULT (PAST): OTHER/SCHOOL","1"
"102","ASSAULT (IN PROGRESS): OTHER/FAMILY","457"
"45","ASSAULT (PAST): KNIFE/OUTSIDE","7"
"52","ASSAULT (IN PROGRESS): OTHER/OUTSIDE","485"
"104","ASSAULT (IN PROGRESS): OTHER/TRANSIT","17"
"103","ASSAULT (PAST): OTHER/INSIDE","262"
"116","ASSAULT (IN PROGRESS): OTHER/CHILD ABUSE","15"
"88","ASSAULT (IN PROGRESS): KNIFE/OUTSIDE","11"
"24","ASSAULT (PAST): WEAPON/INSIDE","10"
"19","ASSAULT (PAST): KNIFE/TRANSIT","1"
"83","ASSAULT (IN PROGRESS): SHOTS/OUTSIDE","12"
"40","ASSAULT (IN PROGRESS): KNIFE/OUTSIDE","92"
"42","ASSAULT (PAST): KNIFE/FAMILY","8"
"75","ASSAULT (IN PROGRESS): OTHER/LTD ACC HWY","2"
"20","ASSAULT (IN PROGRESS): KNIFE/INSIDE","10"
"41","ASSAULT (PAST): OTHER/INSIDE","159"
"107","ASSAULT (IN PROGRESS): SHOTS/OUTSIDE","6"
"79","ASSAULT (IN PROGRESS): WEAPON/OUTSIDE","49"
"75","ASSAULT (IN PROGRESS): OTHER/INSIDE","1159"
"111","ASSAULT (IN PROGRESS): OTHER/INSIDE","71"
"24","ASSAULT (IN PROGRESS): WEAPON/CHILD","1"
"114","ASSAULT (IN PROGRESS): KNIFE/FAMILY","16"
"123","ASSAULT (IN PROGRESS): OTHER/INSIDE","51"
"26","ASSAULT (PAST): SHOTS/INSIDE","2"
"103","ASSAULT (PAST): KNIFE/OUTSIDE","16"
"47","ASSAULT (IN PROGRESS): OTHER/INSIDE","688"
"40","ASSAULT (IN PROGRESS): WEAPON/TRANSIT","3"
"123","ASSAULT (PAST): OTHER/INSIDE","36"
"6","ASSAULT (PAST): OTHER/FAMILY","4"
"88","ASSAULT (IN PROGRESS): OTHER/LTD ACC HWY","2"
"104","ASSAULT (PAST): WEAPON/TRANSIT","1"
"77","ASSAULT (IN PROGRESS): WEAPON/TRANSIT","5"
"120","ASSAULT (IN PROGRESS): SHOTS/FAMILY","1"
"25","ASSAULT (PAST): OTHER/FAMILY","33"
"1","ASSAULT (IN PROGRESS): WEAPON/FAMILY","1"
"43","ASSAULT (PAST): WEAPON/OUTSIDE","20"
"103","ASSAULT (IN PROGRESS): WEAPON/SCHOOL","4"
"48","ASSAULT (PAST): WEAPON/FAMILY","16"
"49","ASSAULT (PAST): OTHER/SCHOOL","12"
"46","ASSAULT (PAST): SHOTS/OUTSIDE","4"
"6","ASSAULT (IN PROGRESS): WEAPON/CHILD","1"
"77","ASSAULT (PAST): OTHER/INSIDE","140"
"73","ASSAULT (IN PROGRESS): KNIFE/TRANSIT","8"
"28","ASSAULT (IN PROGRESS): KNIFE/TRANSIT","3"
"67","ASSAULT (PAST): SHOTS/INSIDE","13"
"73","ASSAULT (IN PROGRESS): WEAPON/INSIDE","167"
"30","ASSAULT (PAST): KNIFE/FAMILY","1"
"33","ASSAULT (PAST): SHOTS/FAMILY","1"
"109","ASSAULT (IN PROGRESS): OTHER/OUTSIDE","406"
"50","ASSAULT (IN PROGRESS): WEAPON/INSIDE","40"
"69","ASSAULT (IN PROGRESS): KNIFE/INSIDE","13"
"116","ASSAULT (IN PROGRESS): WEAPON/SCHOOL","2"
"23","ASSAULT (IN PROGRESS): OTHER/SCHOOL","6"
"13","ASSAULT (IN PROGRESS): OTHER/OUTSIDE","393"
"61","ASSAULT (IN PROGRESS): KNIFE/FAMILY","10"
"67","ASSAULT (PAST): OTHER/TRANSIT","1"
"48","ASSAULT (PAST): OTHER/CHILD ABUSE","25"
"107","ASSAULT (IN PROGRESS): OTHER/OUTSIDE","204"
"18","ASSAULT (IN PROGRESS): SHOTS/CHILD","1"
"7","ASSAULT (PAST): OTHER/FAMILY","15"
"111","ASSAULT (IN PROGRESS): KNIFE/FAMILY","3"
"30","ASSAULT (IN PROGRESS): SHOTS/INSIDE","7"
"18","ASSAULT (PAST): OTHER/FAMILY","37"
"120","ASSAULT (IN PROGRESS): KNIFE/INSIDE","35"
"114","ASSAULT (IN PROGRESS): OTHER/OUTSIDE","481"
"75","ASSAULT (PAST): WEAPON/CHILD ABUSE","2"
"26","ASSAULT (PAST): WEAPON/FAMILY","1"
"26","ASSAULT (IN PROGRESS): OTHER/SCHOOL","8"
"107","ASSAULT (IN PROGRESS): WEAPON/FAMILY","20"
"40","ASSAULT (PAST): OTHER/SCHOOL","29"
"33","ASSAULT (IN PROGRESS): KNIFE/TRANSIT","3"
"19","ASSAULT (PAST): WEAPON/INSIDE","11"
"49","ASSAULT (IN PROGRESS): OTHER/SCHOOL","12"
"23","ASSAULT (PAST): OTHER/INSIDE","257"
"28","ASSAULT (IN PROGRESS): KNIFE/OUTSIDE","32"
"45","ASSAULT (PAST): WEAPON/OUTSIDE","8"
"0","ASSAULT (PAST): KNIFE/INSIDE","1"
"100","ASSAULT (PAST): SHOTS/INSIDE","1"
"1","ASSAULT (PAST): WEAPON/INSIDE","12"
"26","ASSAULT (IN PROGRESS): SHOTS/INSIDE","5"
"60","ASSAULT (PAST): OTHER/SCHOOL","14"
"32","ASSAULT (PAST): KNIFE/OUTSIDE","4"
"44","ASSAULT (IN PROGRESS): SHOTS/INSIDE","36"
"33","ASSAULT (IN PROGRESS): WEAPON/INSIDE","20"
"103","ASSAULT (IN PROGRESS): OTHER/OUTSIDE","515"
"46","ASSAULT (PAST): OTHER/INSIDE","349"
"34","ASSAULT (PAST): KNIFE/SCHOOL","2"
"23","ASSAULT (PAST): OTHER/FAMILY","72"
"100","ASSAULT (IN PROGRESS): OTHER/SCHOOL","12"
"60","ASSAULT (PAST): OTHER/INSIDE","266"
"14","ASSAULT (PAST): WEAPON/TRANSIT","6"
"122","ASSAULT (IN PROGRESS): WEAPON/FAMILY","22"
"76","ASSAULT (IN PROGRESS): OTHER/OUTSIDE","72"
"94","ASSAULT (PAST): KNIFE/INSIDE","3"
"19","ASSAULT (IN PROGRESS): OTHER/FAMILY","106"
"49","ASSAULT (IN PROGRESS): OTHER/FAMILY","474"
"44","ASSAULT (IN PROGRESS): OTHER/CHILD ABUSE","36"
"18","ASSAULT (IN PROGRESS): WEAPON/OUTSIDE","72"
"1","ASSAULT (IN PROGRESS): SHOTS/TRANSIT","1"
"107","ASSAULT (IN PROGRESS): WEAPON/OUTSIDE","25"
"32","ASSAULT (IN PROGRESS): WEAPON/TRANSIT","1"
"26","ASSAULT (PAST): WEAPON/INSIDE","6"
"108","ASSAULT (IN PROGRESS): OTHER/TRANSIT","71"
"104","ASSAULT (IN PROGRESS): OTHER/SCHOOL","17"
"40","ASSAULT (PAST): KNIFE/CHILD ABUSE","3"
"10","ASSAULT (IN PROGRESS): KNIFE/INSIDE","11"
"1","ASSAULT (IN PROGRESS): OTHER/SCHOOL","3"
"45","ASSAULT (PAST): KNIFE/INSIDE","13"
"104","ASSAULT (PAST): SHOTS/INSIDE","2"
"33","ASSAULT (PAST): OTHER/LTD ACC HWY","1"
"88","ASSAULT (IN PROGRESS): WEAPON/CHILD","2"
"6","ASSAULT (IN PROGRESS): WEAPON/OUTSIDE","52"
"41","ASSAULT (IN PROGRESS): WEAPON/FAMILY","34"
"109","ASSAULT (IN PROGRESS): WEAPON/INSIDE","66"
"10","ASSAULT (PAST): WEAPON/OUTSIDE","7"
"69","ASSAULT (PAST): SHOTS/OUTSIDE","2"
"47","ASSAULT (PAST): WEAPON/CHILD ABUSE","3"
"123","ASSAULT (IN PROGRESS): OTHER/LTD ACC HWY","2"
"63","ASSAULT (PAST): KNIFE/INSIDE","12"
"44","ASSAULT (PAST): OTHER/SCHOOL","33"
"113","ASSAULT (IN PROGRESS): OTHER/LTD ACC HWY","3"
"101","ASSAULT (PAST): WEAPON/FAMILY","2"
"102","ASSAULT (PAST): WEAPON/INSIDE","18"
"79","ASSAULT (IN PROGRESS): OTHER/TRANSIT","27"
"33","ASSAULT (IN PROGRESS): KNIFE/OUTSIDE","25"
"94","ASSAULT (PAST): WEAPON/INSIDE","5"
"25","ASSAULT (IN PROGRESS): KNIFE/TRANSIT","8"
"23","ASSAULT (IN PROGRESS): SHOTS/INSIDE","35"
"30","ASSAULT (PAST): OTHER/TRANSIT","15"
"52","ASSAULT (IN PROGRESS): WEAPON/TRANSIT","4"
"30","ASSAULT (PAST): OTHER/CHILD ABUSE","1"
"19","ASSAULT (PAST): SHOTS/INSIDE","1"
"28","ASSAULT (PAST): WEAPON/CHILD ABUSE","2"
"79","ASSAULT (IN PROGRESS): SHOTS/OUTSIDE","26"
"76","ASSAULT (IN PROGRESS): KNIFE/INSIDE","9"
"67","ASSAULT (PAST): WEAPON/CHILD ABUSE","2"
"73","ASSAULT (PAST): SHOTS/OUTSIDE","3"
"84","ASSAULT (IN PROGRESS): KNIFE/TRANSIT","8"
"62","ASSAULT (PAST): OTHER/SCHOOL","9"
"19","ASSAULT (IN PROGRESS): OTHER/OUTSIDE","244"
"47","ASSAULT (PAST): WEAPON/TRANSIT","1"
"116","ASSAULT (PAST): KNIFE/OUTSIDE","2"
"112","ASSAULT (IN PROGRESS): KNIFE/TRANSIT","2"
"24","ASSAULT (PAST): SHOTS/INSIDE","3"
"101","ASSAULT (PAST): WEAPON/OUTSIDE","7"
"78","ASSAULT (PAST): WEAPON/INSIDE","5"
"6","ASSAULT (IN PROGRESS): WEAPON/FAMILY","1"
"76","ASSAULT (PAST): WEAPON/FAMILY","2"
"77","ASSAULT (IN PROGRESS): WEAPON/OUTSIDE","44"
"120","ASSAULT (IN PROGRESS): SHOTS/INSIDE","7"
"72","ASSAULT (PAST): OTHER/OUTSIDE","65"
"52","ASSAULT (IN PROGRESS): KNIFE/OUTSIDE","94"
"78","ASSAULT (PAST): OTHER/FAMILY","22"
"50","ASSAULT (IN PROGRESS): OTHER/INSIDE","216"
"61","ASSAULT (PAST): KNIFE/INSIDE","7"
"67","ASSAULT (PAST): WEAPON/OUTSIDE","9"
"100","ASSAULT (IN PROGRESS): WEAPON/INSIDE","24"
"68","ASSAULT (PAST): OTHER/OUTSIDE","51"
"40","ASSAULT (PAST): OTHER/OUTSIDE","158"
"50","ASSAULT (IN PROGRESS): OTHER/OUTSIDE","146"
"67","ASSAULT (IN PROGRESS): OTHER/CHILD ABUSE","33"
"30","ASSAULT (PAST): OTHER/INSIDE","81"
"24","ASSAULT (IN PROGRESS): OTHER/TRANSIT","44"
"108","ASSAULT (IN PROGRESS): OTHER/OUTSIDE","275"
"122","ASSAULT (PAST): KNIFE/INSIDE","6"
"1","ASSAULT (IN PROGRESS): WEAPON/INSIDE","13"
"42","ASSAULT (IN PROGRESS): KNIFE/LTD ACC HWY","1"
"5","ASSAULT (IN PROGRESS): SHOTS/OUTSIDE","4"
"109","ASSAULT (PAST): KNIFE/FAMILY","1"
"104","ASSAULT (PAST): OTHER/OUTSIDE","57"
"60","ASSAULT (PAST): WEAPON/SCHOOL","1"
"46","ASSAULT (IN PROGRESS): OTHER/FAMILY","1033"
"52","ASSAULT (IN PROGRESS): OTHER/LTD ACC HWY","1"
"94","ASSAULT (IN PROGRESS): WEAPON/OUTSIDE","19"
"44","ASSAULT (PAST): KNIFE/INSIDE","80"
"44","ASSAULT (IN PROGRESS): WEAPON/OUTSIDE","103"
"70","ASSAULT (PAST): KNIFE/FAMILY","3"
"7","ASSAULT (PAST): OTHER/OUTSIDE","54"
"18","ASSAULT (PAST): WEAPON/TRANSIT","2"
"48","ASSAULT (PAST): KNIFE/FAMILY","4"
"48","ASSAULT (IN PROGRESS): WEAPON/CHILD","6"
"46","ASSAULT (PAST): KNIFE/FAMILY","9"
"46","ASSAULT (IN PROGRESS): SHOTS/INSIDE","41"
"77","ASSAULT (PAST): OTHER/OUTSIDE","40"
"40","ASSAULT (PAST): KNIFE/INSIDE","107"
"33","ASSAULT (PAST): OTHER/FAMILY","30"
"90","ASSAULT (IN PROGRESS): SHOTS/TRANSIT","2"
"34","ASSAULT (IN PROGRESS): OTHER/INSIDE","215"
"40","ASSAULT (PAST): OTHER/TRANSIT","29"
"72","ASSAULT (IN PROGRESS): OTHER/INSIDE","268"
"72","ASSAULT (PAST): OTHER/LTD ACC HWY","1"
"105","ASSAULT (IN PROGRESS): KNIFE/FAMILY","11"
"77","ASSAULT (IN PROGRESS): WEAPON/FAMILY","31"
"19","ASSAULT (IN PROGRESS): OTHER/LTD ACC HWY","5"
"44","ASSAULT (PAST): KNIFE/SCHOOL","1"
"62","ASSAULT (IN PROGRESS): OTHER/TRANSIT","18"
"47","ASSAULT (PAST): KNIFE/OUTSIDE","11"
"66","ASSAULT (IN PROGRESS): WEAPON/FAMILY","13"
"77","ASSAULT (PAST): OTHER/FAMILY","38"
"48","ASSAULT (IN PROGRESS): KNIFE/FAMILY","62"
"45","ASSAULT (IN PROGRESS): KNIFE/OUTSIDE","32"
"101","ASSAULT (PAST): KNIFE/OUTSIDE","4"
"76","ASSAULT (IN PROGRESS): WEAPON/OUTSIDE","20"
"75","ASSAULT (IN PROGRESS): WEAPON/INSIDE","183"
"23","ASSAULT (PAST): KNIFE/INSIDE","39"
"41","ASSAULT (PAST): OTHER/OUTSIDE","58"
"5","ASSAULT (IN PROGRESS): OTHER/TRANSIT","62"
"122","ASSAULT (IN PROGRESS): OTHER/TRANSIT","2"
"75","ASSAULT (IN PROGRESS): SHOTS/OUTSIDE","50"
"114","ASSAULT (PAST): KNIFE/LTD ACC HWY","1"
"44","ASSAULT (IN PROGRESS): KNIFE/FAMILY","72"
"17","ASSAULT (IN PROGRESS): SHOTS/OUTSIDE","3"
"46","ASSAULT (PAST): OTHER/CHILD ABUSE","29"
"61","ASSAULT (PAST): SHOTS/INSIDE","1"
"47","ASSAULT (IN PROGRESS): OTHER/LTD ACC HWY","1"
"33","ASSAULT (PAST): KNIFE/OUTSIDE","9"
"121","ASSAULT (PAST): OTHER/SCHOOL","11"
"77","ASSAULT (PAST): KNIFE/OUTSIDE","4"
"104","ASSAULT (IN PROGRESS): WEAPON/FAMILY","20"
"111","ASSAULT (IN PROGRESS): SHOTS/SCHOOL","2"
"43","ASSAULT (IN PROGRESS): OTHER/LTD ACC HWY","4"
"49","ASSAULT (PAST): OTHER/CHILD ABUSE","12"
"90","ASSAULT (IN PROGRESS): OTHER/CHILD ABUSE","13"
"67","ASSAULT (IN PROGRESS): OTHER/TRANSIT","11"
"52","ASSAULT (IN PROGRESS): OTHER/TRANSIT","53"
"78","ASSAULT (IN PROGRESS): KNIFE/FAMILY","1"
"42","ASSAULT (PAST): OTHER/FAMILY","110"
"6","ASSAULT (IN PROGRESS): WEAPON/SCHOOL","2"
"6","ASSAULT (IN PROGRESS): OTHER/SCHOOL","2"
"62","ASSAULT (PAST): SHOTS/INSIDE","1"
"30","ASSAULT (IN PROGRESS): WEAPON/FAMILY","8"
"108","ASSAULT (PAST): OTHER/INSIDE","130"
"46","ASSAULT (IN PROGRESS): SHOTS/LTD ACC HWY","1"
"40","ASSAULT (IN PROGRESS): KNIFE/TRANSIT","11"
"67","ASSAULT (PAST): WEAPON/INSIDE","31"
"115","ASSAULT (IN PROGRESS): OTHER/CHILD ABUSE","25"
"23","ASSAULT (PAST): OTHER/CHILD ABUSE","5"
"19","ASSAULT (IN PROGRESS): KNIFE/INSIDE","6"
"76","ASSAULT (PAST): WEAPON/OUTSIDE","6"
"102","ASSAULT (PAST): WEAPON/CHILD ABUSE","1"
"42","ASSAULT (IN PROGRESS): KNIFE/INSIDE","108"
"76","ASSAULT (PAST): OTHER/SCHOOL","5"
"25","ASSAULT (IN PROGRESS): KNIFE/OUTSIDE","56"
"105","ASSAULT (IN PROGRESS): KNIFE/OUTSIDE","9"
"25","ASSAULT (IN PROGRESS): SHOTS/OUTSIDE","12"
"50","ASSAULT (PAST): WEAPON/INSIDE","12"
"75","ASSAULT (IN PROGRESS): SHOTS/INSIDE","43"
"52","ASSAULT (IN PROGRESS): KNIFE/CHILD ABUSE","1"
"62","ASSAULT (PAST): KNIFE/INSIDE","4"
"1","ASSAULT (IN PROGRESS): KNIFE/OUTSIDE","23"
"5","ASSAULT (IN PROGRESS): WEAPON/OUTSIDE","37"
"68","ASSAULT (IN PROGRESS): WEAPON/FAMILY","8"
"94","ASSAULT (PAST): OTHER/INSIDE","62"
"111","ASSAULT (IN PROGRESS): WEAPON/LTD ACC HWY","2"
"120","ASSAULT (PAST): OTHER/CHILD ABUSE","14"
"1","ASSAULT (PAST): OTHER/FAMILY","29"
"115","ASSAULT (IN PROGRESS): WEAPON/OUTSIDE","95"
"71","ASSAULT (PAST): WEAPON/FAMILY","3"
"68","ASSAULT (IN PROGRESS): OTHER/FAMILY","151"
"70","ASSAULT (IN PROGRESS): OTHER/INSIDE","334"
"106","ASSAULT (IN PROGRESS): KNIFE/OUTSIDE","30"
"112","ASSAULT (IN PROGRESS): KNIFE/FAMILY","5"
"107","ASSAULT (PAST): KNIFE/FAMILY","1"
"102","ASSAULT (IN PROGRESS): OTHER/SCHOOL","7"
"44","ASSAULT (IN PROGRESS): SHOTS/TRANSIT","2"
"50","ASSAULT (PAST): KNIFE/FAMILY","1"
"71","ASSAULT (PAST): OTHER/OUTSIDE","63"
"1","ASSAULT (IN PROGRESS): OTHER/TRANSIT","99"
"34","ASSAULT (IN PROGRESS): WEAPON/SCHOOL","2"
"104","ASSAULT (IN PROGRESS): KNIFE/TRANSIT","2"
"17","ASSAULT (PAST): OTHER/FAMILY","15"
"116","ASSAULT (PAST): OTHER/CHILD ABUSE","11"
"43","ASSAULT (PAST): WEAPON/FAMILY","9"
"41","ASSAULT (PAST): WEAPON/INSIDE","15"
"24","ASSAULT (PAST): KNIFE/OUTSIDE","7"
"84","ASSAULT (IN PROGRESS): OTHER/SCHOOL","14"
"70","ASSAULT (PAST): OTHER/CHILD ABUSE","12"
"49","ASSAULT (IN PROGRESS): KNIFE/CHILD ABUSE","1"
"23","ASSAULT (IN PROGRESS): WEAPON/FAMILY","29"
"71","ASSAULT (IN PROGRESS): SHOTS/OUTSIDE","26"
"10","ASSAULT (PAST): OTHER/INSIDE","109"
"79","ASSAULT (IN PROGRESS): KNIFE/FAMILY","19"
"9","ASSAULT (IN PROGRESS): WEAPON/FAMILY","7"
"115","ASSAULT (IN PROGRESS): KNIFE/OUTSIDE","79"
"83","ASSAULT (IN PROGRESS): WEAPON/FAMILY","29"
"105","ASSAULT (PAST): OTHER/INSIDE","183"
"100","ASSAULT (PAST): OTHER/FAMILY","26"
"9","ASSAULT (IN PROGRESS): KNIFE/FAMILY","4"
"49","ASSAULT (IN PROGRESS): WEAPON/FAMILY","46"
"23","ASSAULT (PAST): OTHER/OUTSIDE","74"
"77","ASSAULT (IN PROGRESS): WEAPON/CHILD","2"
"68","ASSAULT (PAST): KNIFE/OUTSIDE","3"
"102","ASSAULT (PAST): WEAPON/FAMILY","5"
"114","ASSAULT (PAST): KNIFE/FAMILY","6"
"42","ASSAULT (PAST): WEAPON/INSIDE","36"
"63","ASSAULT (PAST): OTHER/OUTSIDE","21"
"101","ASSAULT (PAST): OTHER/CHILD ABUSE","12"
"33","ASSAULT (IN PROGRESS): SHOTS/OUTSIDE","8"
"26","ASSAULT (IN PROGRESS): SHOTS/OUTSIDE","10"
"46","ASSAULT (IN PROGRESS): WEAPON/SCHOOL","2"
"84","ASSAULT (IN PROGRESS): KNIFE/INSIDE","19"
"52","ASSAULT (PAST): OTHER/CHILD ABUSE","26"
"66","ASSAULT (PAST): OTHER/CHILD ABUSE","12"
"115","ASSAULT (PAST): WEAPON/OUTSIDE","15"
"10","ASSAULT (IN PROGRESS): OTHER/CHILD ABUSE","8"
"52","ASSAULT (PAST): WEAPON/CHILD ABUSE","2"
"71","ASSAULT (IN PROGRESS): KNIFE/OUTSIDE","34"
"44","ASSAULT (IN PROGRESS): KNIFE/INSIDE","118"
"112","ASSAULT (PAST): OTHER/OUTSIDE","21"
"23","ASSAULT (IN PROGRESS): SHOTS/OUTSIDE","32"
"5","ASSAULT (PAST): OTHER/FAMILY","16"
"110","ASSAULT (PAST): WEAPON/INSIDE","19"
"61","ASSAULT (IN PROGRESS): OTHER/SCHOOL","7"
"70","ASSAULT (IN PROGRESS): WEAPON/OUTSIDE","51"
"75","ASSAULT (PAST): WEAPON/OUTSIDE","24"
"84","ASSAULT (IN PROGRESS): WEAPON/TRANSIT","9"
"88","ASSAULT (PAST): OTHER/OUTSIDE","37"
"76","ASSAULT (IN PROGRESS): OTHER/TRANSIT","6"
"71","ASSAULT (PAST): OTHER/TRANSIT","6"
"109","ASSAULT (PAST): WEAPON/OUTSIDE","18"
"13","ASSAULT (IN PROGRESS): WEAPON/CHILD","1"
"104","ASSAULT (PAST): SHOTS/OUTSIDE","1"
"102","ASSAULT (PAST): SHOTS/INSIDE","7"
"100","ASSAULT (PAST): KNIFE/OUTSIDE","1"
"75","ASSAULT (PAST): OTHER/TRANSIT","17"
"108","ASSAULT (PAST): WEAPON/OUTSIDE","12"
"46","ASSAULT (IN PROGRESS): WEAPON/OUTSIDE","118"
"47","ASSAULT (PAST): KNIFE/FAMILY","5"
"115","ASSAULT (PAST): WEAPON/INSIDE","17"
"81","ASSAULT (PAST): SHOTS/FAMILY","1"
"52","ASSAULT (IN PROGRESS): SHOTS/INSIDE","19"
"20","ASSAULT (PAST): WEAPON/INSIDE","7"
"24","ASSAULT (PAST): OTHER/SCHOOL","4"
"48","ASSAULT (PAST): KNIFE/INSIDE","34"
"23","ASSAULT (IN PROGRESS): OTHER/CHILD ABUSE","24"
"68","ASSAULT (IN PROGRESS): OTHER/TRANSIT","15"
"77","ASSAULT (PAST): KNIFE/INSIDE","8"
"24","ASSAULT (PAST): OTHER/INSIDE","134"
"46","ASSAULT (PAST): OTHER/LTD ACC HWY","1"
"47","ASSAULT (PAST): OTHER/TRANSIT","6"
"41","ASSAULT (IN PROGRESS): KNIFE/TRANSIT","7"
"79","ASSAULT (IN PROGRESS): OTHER/INSIDE","380"
"112","ASSAULT (IN PROGRESS): OTHER/CHILD ABUSE","10"
"123","ASSAULT (PAST): KNIFE/INSIDE","1"
"13","ASSAULT (IN PROGRESS): SHOTS/INSIDE","6"
"5","ASSAULT (IN PROGRESS): WEAPON/TRANSIT","3"
"88","ASSAULT (IN PROGRESS): WEAPON/OUTSIDE","29"
"120","ASSAULT (PAST): SHOTS/INSIDE","2"
"20","ASSAULT (IN PROGRESS): OTHER/CHILD ABUSE","12"
"101","ASSAULT (IN PROGRESS): KNIFE/SCHOOL","1"
"33","ASSAULT (IN PROGRESS): KNIFE/INSIDE","19"
"23","ASSAULT (PAST): WEAPON/FAMILY","4"
"81","ASSAULT (IN PROGRESS): OTHER/INSIDE","242"
"120","ASSAULT (IN PROGRESS): KNIFE/OUTSIDE","33"
"81","ASSAULT (IN PROGRESS): OTHER/SCHOOL","14"
"33","ASSAULT (PAST): WEAPON/INSIDE","19"
"122","ASSAULT (IN PROGRESS): KNIFE/FAMILY","17"
"45","ASSAULT (IN PROGRESS): OTHER/INSIDE","219"
"83","ASSAULT (IN PROGRESS): KNIFE/CHILD ABUSE","4"
"30","ASSAULT (IN PROGRESS): KNIFE/FAMILY","6"
"43","ASSAULT (IN PROGRESS): KNIFE/LTD ACC HWY","1"
"63","ASSAULT (IN PROGRESS): OTHER/INSIDE","116"
"14","ASSAULT (IN PROGRESS): OTHER/TRANSIT","172"
"49","ASSAULT (IN PROGRESS): WEAPON/OUTSIDE","49"
"121","ASSAULT (IN PROGRESS): OTHER/FAMILY","290"
"111","ASSAULT (IN PROGRESS): WEAPON/INSIDE","4"
"5","ASSAULT (IN PROGRESS): KNIFE/FAMILY","7"
"60","ASSAULT (IN PROGRESS): WEAPON/OUTSIDE","44"
"61","ASSAULT (PAST): OTHER/FAMILY","45"
"33","ASSAULT (PAST): OTHER/CHILD ABUSE","5"
"47","ASSAULT (PAST): OTHER/OUTSIDE","133"
"19","ASSAULT (IN PROGRESS): OTHER/INSIDE","216"
"77","ASSAULT (IN PROGRESS): OTHER/FAMILY","299"
"62","ASSAULT (PAST): KNIFE/OUTSIDE","2"
"67","ASSAULT (IN PROGRESS): OTHER/OUTSIDE","373"
"30","ASSAULT (IN PROGRESS): WEAPON/INSIDE","22"
"46","ASSAULT (IN PROGRESS): SHOTS/FAMILY","4"
"112","ASSAULT (PAST): KNIFE/OUTSIDE","1"
"84","ASSAULT (PAST): KNIFE/OUTSIDE","2"
"120","ASSAULT (IN PROGRESS): OTHER/CHILD ABUSE","25"
"25","ASSAULT (IN PROGRESS): KNIFE/FAMILY","23"
"61","ASSAULT (PAST): KNIFE/FAMILY","3"
"70","ASSAULT (PAST): WEAPON/INSIDE","11"
"18","ASSAULT (IN PROGRESS): SHOTS/OUTSIDE","16"
"81","ASSAULT (PAST): OTHER/OUTSIDE","57"
"120","ASSAULT (PAST): WEAPON/FAMILY","3"
"14","ASSAULT (PAST): KNIFE/FAMILY","2"
"13","ASSAULT (IN PROGRESS): OTHER/SCHOOL","10"
"34","ASSAULT (IN PROGRESS): KNIFE/TRANSIT","4"
"42","ASSAULT (IN PROGRESS): WEAPON/FAMILY","80"
"42","ASSAULT (PAST): KNIFE/INSIDE","29"
"10","ASSAULT (IN PROGRESS): WEAPON/FAMILY","5"
"84","ASSAULT (IN PROGRESS): SHOTS/OUTSIDE","9"
"20","ASSAULT (IN PROGRESS): WEAPON/SCHOOL","1"
"71","ASSAULT (PAST): OTHER/INSIDE","355"
"32","ASSAULT (PAST): OTHER/SCHOOL","8"
"71","ASSAULT (PAST): OTHER/SCHOOL","8"
"5","ASSAULT (IN PROGRESS): KNIFE/TRANSIT","9"
"103","ASSAULT (IN PROGRESS): SHOTS/OUTSIDE","28"
"100","ASSAULT (IN PROGRESS): OTHER/OUTSIDE","79"
"23","ASSAULT (IN PROGRESS): KNIFE/TRANSIT","2"
"69","ASSAULT (PAST): OTHER/FAMILY","34"
"7","ASSAULT (IN PROGRESS): SHOTS/FAMILY","1"
"69","ASSAULT (IN PROGRESS): SHOTS/OUTSIDE","13"
"20","ASSAULT (PAST): OTHER/INSIDE","71"
"83","ASSAULT (IN PROGRESS): OTHER/CHILD ABUSE","22"
"103","ASSAULT (IN PROGRESS): OTHER/INSIDE","499"
"66","ASSAULT (PAST): KNIFE/FAMILY","1"
"46","ASSAULT (IN PROGRESS): SHOTS/CHILD","2"
"49","ASSAULT (IN PROGRESS): SHOTS/OUTSIDE","25"
"100","ASSAULT (PAST): WEAPON/FAMILY","1"
"23","ASSAULT (PAST): KNIFE/FAMILY","4"
"10","ASSAULT (IN PROGRESS): OTHER/INSIDE","153"
"23","ASSAULT (IN PROGRESS): OTHER/LTD ACC HWY","1"
"113","ASSAULT (IN PROGRESS): OTHER/SCHOOL","21"
"120","ASSAULT (IN PROGRESS): KNIFE/FAMILY","24"
"5","ASSAULT (PAST): WEAPON/OUTSIDE","7"
"10","ASSAULT (IN PROGRESS): KNIFE/FAMILY","4"
"62","ASSAULT (IN PROGRESS): KNIFE/CHILD ABUSE","1"
"103","ASSAULT (IN PROGRESS): WEAPON/OUTSIDE","66"
"108","ASSAULT (IN PROGRESS): KNIFE/INSIDE","22"
"101","ASSAULT (IN PROGRESS): SHOTS/OUTSIDE","24"
"66","ASSAULT (IN PROGRESS): WEAPON/OUTSIDE","37"
"90","ASSAULT (PAST): KNIFE/OUTSIDE","1"
"73","ASSAULT (PAST): WEAPON/INSIDE","36"
"61","ASSAULT (IN PROGRESS): OTHER/TRANSIT","18"
"10","ASSAULT (PAST): OTHER/TRANSIT","10"
"33","ASSAULT (PAST): WEAPON/TRANSIT","1"
"46","ASSAULT (IN PROGRESS): OTHER/CHILD ABUSE","45"
"106","ASSAULT (IN PROGRESS): OTHER/SCHOOL","11"
"76","ASSAULT (IN PROGRESS): OTHER/CHILD ABUSE","3"
"84","ASSAULT (IN PROGRESS): OTHER/TRANSIT","87"
"6","ASSAULT (IN PROGRESS): SHOTS/OUTSIDE","10"
"40","ASSAULT (IN PROGRESS): OTHER/TRANSIT","72"
"107","ASSAULT (PAST): SHOTS/OUTSIDE","1"
"10","ASSAULT (IN PROGRESS): KNIFE/TRANSIT","4"
"79","ASSAULT (PAST): WEAPON/CHILD ABUSE","2"
"78","ASSAULT (PAST): KNIFE/SCHOOL","1"
"41","ASSAULT (PAST): OTHER/SCHOOL","8"
"23","ASSAULT (PAST): WEAPON/INSIDE","27"
"122","ASSAULT (PAST): OTHER/SCHOOL","12"
"18","ASSAULT (PAST): OTHER/TRANSIT","33"
"120","ASSAULT (IN PROGRESS): WEAPON/OUTSIDE","36"
"20","ASSAULT (IN PROGRESS): WEAPON/INSIDE","12"
"102","ASSAULT (IN PROGRESS): OTHER/INSIDE","266"
"40","ASSAULT (IN PROGRESS): OTHER/OUTSIDE","579"
"106","ASSAULT (PAST): OTHER/INSIDE","131"
"47","ASSAULT (IN PROGRESS): KNIFE/TRANSIT","4"
"26","ASSAULT (PAST): OTHER/OUTSIDE","30"
"84","ASSAULT (PAST): OTHER/SCHOOL","15"
"120","ASSAULT (PAST): KNIFE/INSIDE","26"
"23","ASSAULT (IN PROGRESS): OTHER/OUTSIDE","265"
"103","ASSAULT (PAST): WEAPON/OUTSIDE","11"
"25","ASSAULT (PAST): OTHER/TRANSIT","9"
"107","ASSAULT (PAST): OTHER/OUTSIDE","47"
"1","ASSAULT (IN PROGRESS): OTHER/LTD ACC HWY","3"
"101","ASSAULT (PAST): OTHER/SCHOOL","15"
"122","ASSAULT (IN PROGRESS): OTHER/OUTSIDE","143"
"115","ASSAULT (PAST): OTHER/SCHOOL","1"
"43","ASSAULT (IN PROGRESS): WEAPON/INSIDE","81"
"43","ASSAULT (IN PROGRESS): SHOTS/FAMILY","3"
"45","ASSAULT (IN PROGRESS): SHOTS/OUTSIDE","19"
"34","ASSAULT (PAST): WEAPON/SCHOOL","2"
"78","ASSAULT (IN PROGRESS): WEAPON/SCHOOL","1"
"62","ASSAULT (IN PROGRESS): SHOTS/INSIDE","3"
"113","ASSAULT (PAST): KNIFE/OUTSIDE","3"
"34","ASSAULT (IN PROGRESS): SHOTS/OUTSIDE","17"
"44","ASSAULT (IN PROGRESS): SHOTS/FAMILY","4"
"32","ASSAULT (IN PROGRESS): WEAPON/FAMILY","38"
"72","ASSAULT (IN PROGRESS): OTHER/FAMILY","230"
"49","ASSAULT (IN PROGRESS): KNIFE/OUTSIDE","43"
"110","ASSAULT (IN PROGRESS): WEAPON/FAMILY","34"
"19","ASSAULT (IN PROGRESS): OTHER/CHILD ABUSE","13"
"47","ASSAULT (IN PROGRESS): SHOTS/OUTSIDE","44"
"47","ASSAULT (IN PROGRESS): WEAPON/TRANSIT","3"
"34","ASSAULT (IN PROGRESS): KNIFE/OUTSIDE","39"
"26","ASSAULT (IN PROGRESS): OTHER/INSIDE","126"
"40","ASSAULT (IN PROGRESS): WEAPON/INSIDE","117"
"33","ASSAULT (IN PROGRESS): WEAPON/OUTSIDE","37"
"104","ASSAULT (IN PROGRESS): OTHER/INSIDE","185"
"48","ASSAULT (IN PROGRESS): OTHER/SCHOOL","32"
"9","ASSAULT (IN PROGRESS): OTHER/CHILD ABUSE","19"
"34","ASSAULT (IN PROGRESS): WEAPON/TRANSIT","1"
"103","ASSAULT (IN PROGRESS): WEAPON/INSIDE","68"
"102","ASSAULT (IN PROGRESS): OTHER/CHILD ABUSE","23"
"116","ASSAULT (IN PROGRESS): OTHER/LTD ACC HWY","4"
"61","ASSAULT (IN PROGRESS): WEAPON/OUTSIDE","46"
"61","ASSAULT (PAST): OTHER/INSIDE","152"
"115","ASSAULT (PAST): KNIFE/CHILD ABUSE","1"
"44","ASSAULT (PAST): OTHER/INSIDE","419"
"24","ASSAULT (PAST): OTHER/TRANSIT","14"
"121","ASSAULT (PAST): OTHER/INSIDE","126"
"9","ASSAULT (IN PROGRESS): KNIFE/OUTSIDE","29"
"40","ASSAULT (IN PROGRESS): KNIFE/INSIDE","92"
"120","ASSAULT (PAST): SHOTS/OUTSIDE","2"
"40","ASSAULT (PAST): WEAPON/CHILD ABUSE","2"
"14","ASSAULT (PAST): WEAPON/OUTSIDE","21"
"90","ASSAULT (IN PROGRESS): KNIFE/FAMILY","13"
"13","ASSAULT (IN PROGRESS): OTHER/LTD ACC HWY","1"
"61","ASSAULT (PAST): WEAPON/SCHOOL","3"
"112","ASSAULT (IN PROGRESS): SHOTS/OUTSIDE","5"
"114","ASSAULT (PAST): WEAPON/INSIDE","21"
"26","ASSAULT (PAST): KNIFE/INSIDE","10"
"105","ASSAULT (IN PROGRESS): SHOTS/FAMILY","1"
"28","ASSAULT (PAST): WEAPON/FAMILY","5"
"75","ASSAULT (IN PROGRESS): KNIFE/CHILD ABUSE","1"
"30","ASSAULT (PAST): OTHER/OUTSIDE","41"
"50","ASSAULT (PAST): OTHER/SCHOOL","21"
"41","ASSAULT (IN PROGRESS): WEAPON/CHILD","2"
"52","ASSAULT (IN PROGRESS): OTHER/SCHOOL","13"
"19","ASSAULT (PAST): WEAPON/OUTSIDE","15"
"47","ASSAULT (IN PROGRESS): OTHER/TRANSIT","12"
"102","ASSAULT (IN PROGRESS): KNIFE/FAMILY","36"
"30","ASSAULT (IN PROGRESS): WEAPON/CHILD","1"
"83","ASSAULT (IN PROGRESS): KNIFE/FAMILY","8"
"5","ASSAULT (IN PROGRESS): SHOTS/INSIDE","3"
"42","ASSAULT (PAST): WEAPON/SCHOOL","1"
"28","ASSAULT (IN PROGRESS): WEAPON/OUTSIDE","41"
"60","ASSAULT (PAST): KNIFE/OUTSIDE","3"
"73","ASSAULT (PAST): KNIFE/TRANSIT","2"
"10","ASSAULT (IN PROGRESS): WEAPON/TRANSIT","2"
"24","ASSAULT (PAST): KNIFE/INSIDE","8"
"62","ASSAULT (IN PROGRESS): KNIFE/INSIDE","17"
"24","ASSAULT (IN PROGRESS): OTHER/FAMILY","165"
"123","ASSAULT (PAST): OTHER/OUTSIDE","12"
"106","ASSAULT (IN PROGRESS): OTHER/CHILD ABUSE","17"
"66","ASSAULT (IN PROGRESS): SHOTS/INSIDE","27"
"25","ASSAULT (PAST): KNIFE/INSIDE","13"
"5","ASSAULT (PAST): OTHER/SCHOOL","8"
"30","ASSAULT (IN PROGRESS): KNIFE/OUTSIDE","25"
"73","ASSAULT (IN PROGRESS): OTHER/SCHOOL","18"
"102","ASSAULT (IN PROGRESS): KNIFE/CHILD ABUSE","1"
"63","ASSAULT (PAST): OTHER/FAMILY","34"
"107","ASSAULT (PAST): OTHER/TRANSIT","17"
"41","ASSAULT (IN PROGRESS): SHOTS/FAMILY","1"
"121","ASSAULT (IN PROGRESS): OTHER/CHILD ABUSE","19"
"84","ASSAULT (IN PROGRESS): OTHER/OUTSIDE","239"
"115","ASSAULT (PAST): KNIFE/OUTSIDE","13"
"62","ASSAULT (IN PROGRESS): OTHER/FAMILY","257"
"28","ASSAULT (PAST): KNIFE/TRANSIT","2"
