"nypd_pct_cd","typ_desc","n"
"101","ASSAULT (IN PROGRESS): WEAPON/OUTSIDE","25"
"7","ASSAULT (PAST): OTHER/TRANSIT","14"
"9","ASSAULT (PAST): WEAPON/CHILD ABUSE","1"
"105","ASSAULT (IN PROGRESS): OTHER/INSIDE","467"
"107","ASSAULT (IN PROGRESS): KNIFE/TRANSIT","1"
"115","ASSAULT (IN PROGRESS): WEAPON/TRANSIT","2"
"7","ASSAULT (IN PROGRESS): WEAPON/TRANSIT","2"
"62","ASSAULT (IN PROGRESS): OTHER/LTD ACC HWY","3"
"76","ASSAULT (PAST): OTHER/TRANSIT","1"
"110","ASSAULT (PAST): OTHER/LTD ACC HWY","1"
"18","ASSAULT (IN PROGRESS): KNIFE/INSIDE","18"
"13","ASSAULT (PAST): OTHER/SCHOOL","16"
"60","ASSAULT (IN PROGRESS): KNIFE/FAMILY","16"
"107","ASSAULT (PAST): OTHER/INSIDE","148"
"83","ASSAULT (IN PROGRESS): SHOTS/FAMILY","1"
"25","ASSAULT (IN PROGRESS): SHOTS/INSIDE","16"
"49","ASSAULT (PAST): OTHER/OUTSIDE","66"
"42","ASSAULT (IN PROGRESS): WEAPON/SCHOOL","6"
"72","ASSAULT (PAST): OTHER/INSIDE","140"
"49","ASSAULT (PAST): KNIFE/OUTSIDE","2"
"19","ASSAULT (IN PROGRESS): WEAPON/INSIDE","26"
"20","ASSAULT (PAST): OTHER/SCHOOL","22"
"45","ASSAULT (IN PROGRESS): WEAPON/CHILD","4"
"108","ASSAULT (IN PROGRESS): SHOTS/INSIDE","2"
"32","ASSAULT (PAST): OTHER/CHILD ABUSE","11"
"71","ASSAULT (PAST): OTHER/FAMILY","59"
"120","ASSAULT (IN PROGRESS): OTHER/LTD ACC HWY","3"
"88","ASSAULT (PAST): KNIFE/OUTSIDE","4"
"45","ASSAULT (IN PROGRESS): KNIFE/FAMILY","15"
"23","ASSAULT (IN PROGRESS): OTHER/TRANSIT","9"
"34","ASSAULT (IN PROGRESS): OTHER/TRANSIT","21"
"19","ASSAULT (IN PROGRESS): WEAPON/CHILD","1"
"75","ASSAULT (PAST): OTHER/SCHOOL","84"
"114","ASSAULT (PAST): OTHER/TRANSIT","18"
"105","ASSAULT (IN PROGRESS): OTHER/LTD ACC HWY","4"
"47","ASSAULT (IN PROGRESS): OTHER/CHILD ABUSE","54"
"17","ASSAULT (PAST): KNIFE/OUTSIDE","2"
"70","ASSAULT (IN PROGRESS): KNIFE/TRANSIT","1"
"90","ASSAULT (PAST): WEAPON/OUTSIDE","3"
"123","ASSAULT (PAST): SHOTS/INSIDE","2"
"101","ASSAULT (PAST): OTHER/TRANSIT","5"
"114","ASSAULT (PAST): KNIFE/TRANSIT","1"
"103","ASSAULT (PAST): KNIFE/SCHOOL","2"
"79","ASSAULT (IN PROGRESS): WEAPON/FAMILY","36"
"83","ASSAULT (PAST): WEAPON/OUTSIDE","9"
"33","ASSAULT (IN PROGRESS): KNIFE/FAMILY","12"
"13","ASSAULT (IN PROGRESS): SHOTS/TRANSIT","2"
"77","ASSAULT (IN PROGRESS): KNIFE/FAMILY","28"
"104","ASSAULT (IN PROGRESS): OTHER/LTD ACC HWY","3"
"123","ASSAULT (PAST): OTHER/SCHOOL","5"
"71","ASSAULT (IN PROGRESS): KNIFE/FAMILY","19"
"70","ASSAULT (IN PROGRESS): KNIFE/SCHOOL","4"
"68","ASSAULT (IN PROGRESS): WEAPON/CHILD","1"
"78","ASSAULT (IN PROGRESS): OTHER/INSIDE","237"
"122","ASSAULT (PAST): KNIFE/FAMILY","2"
"83","ASSAULT (PAST): OTHER/OUTSIDE","93"
"45","ASSAULT (PAST): WEAPON/LTD ACC HWY","1"
"103","ASSAULT (PAST): WEAPON/FAMILY","6"
"45","ASSAULT (PAST): SHOTS/INSIDE","2"
"77","ASSAULT (IN PROGRESS): OTHER/OUTSIDE","220"
"45","ASSAULT (IN PROGRESS): KNIFE/TRANSIT","1"
"18","ASSAULT (PAST): KNIFE/OUTSIDE","7"
"9","ASSAULT (PAST): WEAPON/INSIDE","8"
"84","ASSAULT (PAST): OTHER/INSIDE","141"
"33","ASSAULT (PAST): WEAPON/CHILD ABUSE","1"
"123","ASSAULT (PAST): WEAPON/OUTSIDE","3"
"9","ASSAULT (PAST): OTHER/TRANSIT","6"
"94","ASSAULT (IN PROGRESS): SHOTS/OUTSIDE","2"
"46","ASSAULT (PAST): WEAPON/FAMILY","10"
"33","ASSAULT (PAST): OTHER/SCHOOL","4"
"61","ASSAULT (PAST): WEAPON/CHILD ABUSE","4"
"78","ASSAULT (PAST): OTHER/INSIDE","120"
"9","ASSAULT (PAST): OTHER/CHILD ABUSE","1"
"52","ASSAULT (IN PROGRESS): WEAPON/FAMILY","69"
"41","ASSAULT (IN PROGRESS): OTHER/OUTSIDE","254"
"10","ASSAULT (PAST): KNIFE/INSIDE","4"
"75","ASSAULT (IN PROGRESS): OTHER/SCHOOL","56"
"34","ASSAULT (IN PROGRESS): WEAPON/CHILD","1"
"47","ASSAULT (IN PROGRESS): KNIFE/FAMILY","72"
"108","ASSAULT (IN PROGRESS): OTHER/INSIDE","237"
"112","ASSAULT (PAST): WEAPON/FAMILY","2"
"41","ASSAULT (IN PROGRESS): SHOTS/INSIDE","12"
"90","ASSAULT (IN PROGRESS): WEAPON/FAMILY","15"
"108","ASSAULT (IN PROGRESS): WEAPON/SCHOOL","1"
"84","ASSAULT (IN PROGRESS): WEAPON/OUTSIDE","27"
"19","ASSAULT (PAST): KNIFE/INSIDE","13"
"28","ASSAULT (PAST): KNIFE/INSIDE","4"
"71","ASSAULT (PAST): KNIFE/OUTSIDE","8"
"63","ASSAULT (IN PROGRESS): KNIFE/OUTSIDE","18"
"78","ASSAULT (IN PROGRESS): WEAPON/OUTSIDE","35"
"45","ASSAULT (PAST): OTHER/INSIDE","128"
"23","ASSAULT (IN PROGRESS): KNIFE/FAMILY","29"
"106","ASSAULT (IN PROGRESS): SHOTS/FAMILY","1"
"45","ASSAULT (IN PROGRESS): OTHER/FAMILY","364"
"47","ASSAULT (PAST): KNIFE/CHILD ABUSE","1"
"23","ASSAULT (IN PROGRESS): OTHER/FAMILY","353"
"71","ASSAULT (IN PROGRESS): OTHER/FAMILY","295"
"69","ASSAULT (IN PROGRESS): KNIFE/OUTSIDE","20"
"5","ASSAULT (IN PROGRESS): WEAPON/FAMILY","8"
"25","ASSAULT (PAST): WEAPON/OUTSIDE","14"
"45","ASSAULT (PAST): KNIFE/FAMILY","3"
"69","ASSAULT (PAST): WEAPON/OUTSIDE","5"
"106","ASSAULT (PAST): KNIFE/INSIDE","10"
"18","ASSAULT (IN PROGRESS): OTHER/SCHOOL","6"
"103","ASSAULT (PAST): WEAPON/INSIDE","24"
"70","ASSAULT (IN PROGRESS): SHOTS/TRANSIT","2"
"107","ASSAULT (PAST): WEAPON/OUTSIDE","3"
"24","ASSAULT (IN PROGRESS): WEAPON/INSIDE","35"
"110","ASSAULT (IN PROGRESS): KNIFE/FAMILY","17"
"43","ASSAULT (PAST): OTHER/TRANSIT","9"
"34","ASSAULT (IN PROGRESS): OTHER/CHILD ABUSE","13"
"102","ASSAULT (PAST): OTHER/CHILD ABUSE","14"
"33","ASSAULT (IN PROGRESS): WEAPON/TRANSIT","1"
"63","ASSAULT (PAST): WEAPON/INSIDE","7"
"112","ASSAULT (IN PROGRESS): WEAPON/INSIDE","13"
"9","ASSAULT (IN PROGRESS): WEAPON/CHILD","2"
"30","ASSAULT (PAST): OTHER/FAMILY","24"
"47","ASSAULT (PAST): OTHER/INSIDE","322"
"113","ASSAULT (IN PROGRESS): KNIFE/INSIDE","38"
"60","ASSAULT (IN PROGRESS): OTHER/FAMILY","397"
"5","ASSAULT (IN PROGRESS): OTHER/CHILD ABUSE","1"
"113","ASSAULT (IN PROGRESS): WEAPON/FAMILY","44"
"102","ASSAULT (PAST): OTHER/FAMILY","78"
"122","ASSAULT (IN PROGRESS): WEAPON/OUTSIDE","29"
"66","ASSAULT (PAST): SHOTS/INSIDE","1"
"90","ASSAULT (IN PROGRESS): OTHER/OUTSIDE","284"
"70","ASSAULT (PAST): SHOTS/OUTSIDE","2"
"67","ASSAULT (IN PROGRESS): WEAPON/INSIDE","100"
"62","ASSAULT (IN PROGRESS): WEAPON/TRANSIT","1"
"75","ASSAULT (IN PROGRESS): WEAPON/CHILD","10"
"111","ASSAULT (IN PROGRESS): WEAPON/OUTSIDE","9"
"76","ASSAULT (PAST): KNIFE/FAMILY","1"
"108","ASSAULT (PAST): OTHER/SCHOOL","26"
"115","ASSAULT (PAST): KNIFE/FAMILY","3"
"114","ASSAULT (IN PROGRESS): OTHER/CHILD ABUSE","36"
"78","ASSAULT (IN PROGRESS): SHOTS/TRANSIT","3"
"106","ASSAULT (PAST): WEAPON/FAMILY","6"
"62","ASSAULT (PAST): SHOTS/OUTSIDE","1"
"19","ASSAULT (IN PROGRESS): KNIFE/TRANSIT","9"
"90","ASSAULT (PAST): WEAPON/SCHOOL","4"
"45","ASSAULT (IN PROGRESS): KNIFE/SCHOOL","3"
"62","ASSAULT (IN PROGRESS): WEAPON/OUTSIDE","42"
"81","ASSAULT (IN PROGRESS): KNIFE/INSIDE","52"
"100","ASSAULT (PAST): OTHER/SCHOOL","13"
"41","ASSAULT (IN PROGRESS): KNIFE/OUTSIDE","55"
"114","ASSAULT (PAST): SHOTS/OUTSIDE","1"
"83","ASSAULT (IN PROGRESS): WEAPON/INSIDE","48"
"46","ASSAULT (IN PROGRESS): KNIFE/FAMILY","78"
"88","ASSAULT (PAST): KNIFE/FAMILY","2"
"1","ASSAULT (IN PROGRESS): WEAPON/OUTSIDE","42"
"66","ASSAULT (PAST): OTHER/SCHOOL","25"
"105","ASSAULT (PAST): WEAPON/OUTSIDE","8"
"68","ASSAULT (PAST): OTHER/CHILD ABUSE","5"
"52","ASSAULT (PAST): KNIFE/OUTSIDE","17"
"104","ASSAULT (IN PROGRESS): WEAPON/INSIDE","30"
"103","ASSAULT (IN PROGRESS): OTHER/LTD ACC HWY","1"
"44","ASSAULT (IN PROGRESS): SHOTS/OUTSIDE","74"
"48","ASSAULT (PAST): KNIFE/OUTSIDE","13"
"84","ASSAULT (IN PROGRESS): OTHER/INSIDE","255"
"50","ASSAULT (IN PROGRESS): SHOTS/OUTSIDE","10"
"104","ASSAULT (PAST): KNIFE/INSIDE","6"
"69","ASSAULT (PAST): OTHER/CHILD ABUSE","7"
"52","ASSAULT (PAST): OTHER/INSIDE","397"
"13","ASSAULT (IN PROGRESS): KNIFE/FAMILY","2"
"9","ASSAULT (IN PROGRESS): SHOTS/OUTSIDE","14"
"1","ASSAULT (PAST): SHOTS/OUTSIDE","1"
"13","ASSAULT (PAST): OTHER/TRANSIT","43"
"115","ASSAULT (IN PROGRESS): SHOTS/OUTSIDE","19"
"111","ASSAULT (PAST): OTHER/INSIDE","58"
"49","ASSAULT (IN PROGRESS): WEAPON/CHILD","3"
"43","ASSAULT (PAST): KNIFE/INSIDE","17"
"105","ASSAULT (IN PROGRESS): WEAPON/CHILD","2"
"115","ASSAULT (PAST): WEAPON/FAMILY","7"
"83","ASSAULT (IN PROGRESS): OTHER/TRANSIT","38"
"49","ASSAULT (PAST): KNIFE/FAMILY","6"
"107","ASSAULT (PAST): OTHER/FAMILY","61"
"73","ASSAULT (IN PROGRESS): WEAPON/TRANSIT","4"
"115","ASSAULT (PAST): OTHER/LTD ACC HWY","2"
"78","ASSAULT (PAST): SHOTS/OUTSIDE","2"
"67","ASSAULT (IN PROGRESS): SHOTS/OUTSIDE","63"
"23","ASSAULT (IN PROGRESS): WEAPON/OUTSIDE","42"
"90","ASSAULT (IN PROGRESS): KNIFE/TRANSIT","4"
"79","ASSAULT (IN PROGRESS): SHOTS/INSIDE","51"
"47","ASSAULT (IN PROGRESS): WEAPON/SCHOOL","2"
"113","ASSAULT (IN PROGRESS): OTHER/FAMILY","464"
"52","ASSAULT (PAST): OTHER/TRANSIT","16"
"25","ASSAULT (PAST): WEAPON/FAMILY","3"
"75","ASSAULT (IN PROGRESS): KNIFE/OUTSIDE","99"
"77","ASSAULT (PAST): OTHER/SCHOOL","21"
"28","ASSAULT (IN PROGRESS): SHOTS/OUTSIDE","17"
"102","ASSAULT (IN PROGRESS): KNIFE/INSIDE","22"
"48","ASSAULT (PAST): OTHER/FAMILY","172"
"90","ASSAULT (IN PROGRESS): SHOTS/INSIDE","9"
"10","ASSAULT (IN PROGRESS): WEAPON/OUTSIDE","34"
"113","ASSAULT (IN PROGRESS): OTHER/INSIDE","316"
"71","ASSAULT (IN PROGRESS): OTHER/SCHOOL","14"
"103","ASSAULT (IN PROGRESS): SHOTS/INSIDE","17"
"81","ASSAULT (PAST): WEAPON/INSIDE","21"
"110","ASSAULT (IN PROGRESS): WEAPON/TRANSIT","8"
"17","ASSAULT (PAST): WEAPON/INSIDE","7"
"73","ASSAULT (IN PROGRESS): KNIFE/OUTSIDE","62"
"102","ASSAULT (IN PROGRESS): WEAPON/CHILD","2"
"50","ASSAULT (PAST): WEAPON/TRANSIT","2"
"102","ASSAULT (PAST): OTHER/OUTSIDE","81"
"41","ASSAULT (IN PROGRESS): KNIFE/CHILD ABUSE","2"
"79","ASSAULT (IN PROGRESS): WEAPON/TRANSIT","1"
"71","ASSAULT (IN PROGRESS): OTHER/TRANSIT","27"
"48","ASSAULT (IN PROGRESS): SHOTS/INSIDE","29"
"107","ASSAULT (PAST): SHOTS/INSIDE","4"
"7","ASSAULT (PAST): KNIFE/FAMILY","1"
"48","ASSAULT (IN PROGRESS): OTHER/FAMILY","936"
"9","ASSAULT (IN PROGRESS): OTHER/SCHOOL","9"
"43","ASSAULT (PAST): OTHER/LTD ACC HWY","2"
"115","ASSAULT (PAST): OTHER/FAMILY","89"
"105","ASSAULT (IN PROGRESS): WEAPON/SCHOOL","2"
"48","ASSAULT (IN PROGRESS): OTHER/OUTSIDE","473"
"60","ASSAULT (IN PROGRESS): SHOTS/OUTSIDE","16"
"104","ASSAULT (PAST): OTHER/TRANSIT","4"
"113","ASSAULT (PAST): WEAPON/SCHOOL","1"
"76","ASSAULT (PAST): OTHER/CHILD ABUSE","3"
"83","ASSAULT (IN PROGRESS): SHOTS/INSIDE","23"
"20","ASSAULT (IN PROGRESS): OTHER/TRANSIT","35"
"108","ASSAULT (IN PROGRESS): SHOTS/OUTSIDE","8"
"50","ASSAULT (PAST): KNIFE/INSIDE","6"
"26","ASSAULT (IN PROGRESS): WEAPON/OUTSIDE","15"
"13","ASSAULT (PAST): WEAPON/OUTSIDE","22"
"33","ASSAULT (IN PROGRESS): OTHER/LTD ACC HWY","1"
"111","ASSAULT (IN PROGRESS): SHOTS/OUTSIDE","1"
"81","ASSAULT (IN PROGRESS): SHOTS/CHILD","1"
"34","ASSAULT (PAST): OTHER/CHILD ABUSE","5"
"78","ASSAULT (PAST): OTHER/SCHOOL","9"
"30","ASSAULT (PAST): WEAPON/CHILD ABUSE","1"
"19","ASSAULT (PAST): OTHER/INSIDE","184"
"34","ASSAULT (PAST): OTHER/SCHOOL","17"
"84","ASSAULT (PAST): KNIFE/INSIDE","2"
"81","ASSAULT (IN PROGRESS): SHOTS/FAMILY","3"
"43","ASSAULT (IN PROGRESS): KNIFE/TRANSIT","3"
"75","ASSAULT (IN PROGRESS): SHOTS/FAMILY","6"
"67","ASSAULT (IN PROGRESS): WEAPON/FAMILY","53"
"112","ASSAULT (IN PROGRESS): KNIFE/INSIDE","6"
"20","ASSAULT (PAST): KNIFE/SCHOOL","2"
"43","ASSAULT (IN PROGRESS): SHOTS/OUTSIDE","54"
"107","ASSAULT (PAST): WEAPON/SCHOOL","1"
"107","ASSAULT (IN PROGRESS): OTHER/TRANSIT","19"
"120","ASSAULT (PAST): OTHER/INSIDE","225"
"46","ASSAULT (IN PROGRESS): WEAPON/CHILD","2"
"100","ASSAULT (PAST): KNIFE/INSIDE","5"
"60","ASSAULT (IN PROGRESS): KNIFE/TRANSIT","1"
"17","ASSAULT (PAST): WEAPON/FAMILY","1"
"109","ASSAULT (PAST): OTHER/INSIDE","292"
"48","ASSAULT (PAST): WEAPON/INSIDE","45"
"110","ASSAULT (IN PROGRESS): OTHER/OUTSIDE","711"
"101","ASSAULT (IN PROGRESS): KNIFE/OUTSIDE","20"
"63","ASSAULT (IN PROGRESS): OTHER/LTD ACC HWY","3"
"25","ASSAULT (IN PROGRESS): WEAPON/OUTSIDE","55"
"52","ASSAULT (PAST): OTHER/FAMILY","149"
"75","ASSAULT (IN PROGRESS): OTHER/TRANSIT","60"
"114","ASSAULT (PAST): OTHER/INSIDE","325"
"23","ASSAULT (PAST): OTHER/TRANSIT","3"
"94","ASSAULT (IN PROGRESS): OTHER/CHILD ABUSE","15"
"88","ASSAULT (PAST): SHOTS/TRANSIT","1"
"17","ASSAULT (IN PROGRESS): OTHER/INSIDE","174"
"100","ASSAULT (IN PROGRESS): OTHER/FAMILY","145"
"44","ASSAULT (PAST): KNIFE/FAMILY","12"
"108","ASSAULT (IN PROGRESS): WEAPON/CHILD","4"
"19","ASSAULT (IN PROGRESS): SHOTS/SCHOOL","2"
"45","ASSAULT (PAST): OTHER/OUTSIDE","37"
"62","ASSAULT (PAST): KNIFE/FAMILY","1"
"34","ASSAULT (PAST): OTHER/OUTSIDE","77"
"47","ASSAULT (IN PROGRESS): OTHER/OUTSIDE","410"
"6","ASSAULT (IN PROGRESS): KNIFE/TRANSIT","8"
"103","ASSAULT (IN PROGRESS): KNIFE/TRANSIT","2"
"25","ASSAULT (IN PROGRESS): SHOTS/FAMILY","3"
"81","ASSAULT (PAST): OTHER/SCHOOL","13"
"60","ASSAULT (IN PROGRESS): SHOTS/INSIDE","20"
"61","ASSAULT (IN PROGRESS): WEAPON/SCHOOL","2"
"111","ASSAULT (IN PROGRESS): OTHER/LTD ACC HWY","2"
"114","ASSAULT (PAST): KNIFE/OUTSIDE","9"
"46","ASSAULT (IN PROGRESS): OTHER/OUTSIDE","585"
"28","ASSAULT (PAST): OTHER/FAMILY","26"
"67","ASSAULT (PAST): KNIFE/OUTSIDE","9"
"45","ASSAULT (IN PROGRESS): SHOTS/INSIDE","8"
"112","ASSAULT (IN PROGRESS): OTHER/SCHOOL","8"
"103","ASSAULT (PAST): KNIFE/INSIDE","7"
"112","ASSAULT (PAST): OTHER/FAMILY","26"
"78","ASSAULT (IN PROGRESS): SHOTS/OUTSIDE","8"
"42","ASSAULT (PAST): KNIFE/OUTSIDE","21"
"17","ASSAULT (PAST): OTHER/OUTSIDE","58"
"77","ASSAULT (PAST): SHOTS/FAMILY","1"
"73","ASSAULT (IN PROGRESS): KNIFE/FAMILY","68"
"47","ASSAULT (IN PROGRESS): KNIFE/SCHOOL","3"
"28","ASSAULT (PAST): WEAPON/OUTSIDE","8"
"34","ASSAULT (IN PROGRESS): OTHER/SCHOOL","11"
"71","ASSAULT (PAST): WEAPON/CHILD ABUSE","1"
"32","ASSAULT (IN PROGRESS): WEAPON/INSIDE","67"
"48","ASSAULT (PAST): OTHER/SCHOOL","42"
"84","ASSAULT (PAST): OTHER/CHILD ABUSE","1"
"13","ASSAULT (IN PROGRESS): WEAPON/OUTSIDE","69"
"121","ASSAULT (IN PROGRESS): SHOTS/INSIDE","8"
"83","ASSAULT (PAST): KNIFE/INSIDE","24"
"10","ASSAULT (IN PROGRESS): OTHER/FAMILY","118"
"67","ASSAULT (PAST): OTHER/FAMILY","109"
"1","ASSAULT (IN PROGRESS): OTHER/INSIDE","186"
"45","ASSAULT (PAST): OTHER/TRANSIT","12"
"43","ASSAULT (PAST): KNIFE/OUTSIDE","12"
"34","ASSAULT (IN PROGRESS): OTHER/FAMILY","259"
"76","ASSAULT (IN PROGRESS): WEAPON/FAMILY","8"
"52","ASSAULT (IN PROGRESS): KNIFE/FAMILY","55"
"5","ASSAULT (IN PROGRESS): KNIFE/OUTSIDE","21"
"103","ASSAULT (IN PROGRESS): WEAPON/TRANSIT","2"
"105","ASSAULT (IN PROGRESS): WEAPON/OUTSIDE","63"
"1","ASSAULT (IN PROGRESS): KNIFE/INSIDE","15"
"62","ASSAULT (PAST): OTHER/INSIDE","96"
"108","ASSAULT (IN PROGRESS): OTHER/FAMILY","262"
"24","ASSAULT (IN PROGRESS): SHOTS/OUTSIDE","9"
"62","ASSAULT (IN PROGRESS): KNIFE/FAMILY","11"
"69","ASSAULT (PAST): WEAPON/INSIDE","5"
"110","ASSAULT (PAST): OTHER/TRANSIT","26"
"5","ASSAULT (PAST): WEAPON/FAMILY","1"
"25","ASSAULT (PAST): SHOTS/OUTSIDE","2"
"62","ASSAULT (PAST): WEAPON/INSIDE","6"
"33","ASSAULT (IN PROGRESS): SHOTS/INSIDE","5"
"32","ASSAULT (PAST): SHOTS/INSIDE","14"
"42","ASSAULT (IN PROGRESS): WEAPON/INSIDE","104"
"62","ASSAULT (IN PROGRESS): OTHER/SCHOOL","8"
"101","ASSAULT (IN PROGRESS): WEAPON/CHILD","3"
"123","ASSAULT (IN PROGRESS): KNIFE/INSIDE","1"
"10","ASSAULT (IN PROGRESS): WEAPON/INSIDE","22"
"121","ASSAULT (PAST): OTHER/FAMILY","55"
"25","ASSAULT (PAST): OTHER/CHILD ABUSE","4"
"110","ASSAULT (IN PROGRESS): OTHER/SCHOOL","15"
"41","ASSAULT (IN PROGRESS): OTHER/SCHOOL","17"
"49","ASSAULT (PAST): SHOTS/INSIDE","19"
"75","ASSAULT (IN PROGRESS): WEAPON/FAMILY","98"
"24","ASSAULT (PAST): KNIFE/TRANSIT","2"
"7","ASSAULT (PAST): KNIFE/INSIDE","3"
"88","ASSAULT (PAST): OTHER/INSIDE","140"
"43","ASSAULT (PAST): OTHER/FAMILY","153"
"42","ASSAULT (IN PROGRESS): SHOTS/TRANSIT","3"
"111","ASSAULT (IN PROGRESS): KNIFE/INSIDE","2"
"73","ASSAULT (PAST): WEAPON/SCHOOL","4"
"94","ASSAULT (PAST): OTHER/SCHOOL","3"
"7","ASSAULT (PAST): KNIFE/OUTSIDE","4"
"114","ASSAULT (PAST): OTHER/CHILD ABUSE","17"
"75","ASSAULT (PAST): KNIFE/FAMILY","6"
"32","ASSAULT (IN PROGRESS): OTHER/CHILD ABUSE","28"
"68","ASSAULT (PAST): OTHER/INSIDE","75"
"77","ASSAULT (PAST): KNIFE/CHILD ABUSE","1"
"52","ASSAULT (IN PROGRESS): WEAPON/INSIDE","76"
"17","ASSAULT (IN PROGRESS): OTHER/LTD ACC HWY","3"
"100","ASSAULT (PAST): KNIFE/FAMILY","3"
"78","ASSAULT (PAST): WEAPON/OUTSIDE","4"
"90","ASSAULT (PAST): OTHER/OUTSIDE","60"
"66","ASSAULT (PAST): WEAPON/INSIDE","21"
"123","ASSAULT (PAST): WEAPON/INSIDE","1"
"68","ASSAULT (PAST): KNIFE/INSIDE","5"
"109","ASSAULT (IN PROGRESS): OTHER/INSIDE","459"
"32","ASSAULT (PAST): OTHER/TRANSIT","9"
"28","ASSAULT (IN PROGRESS): SHOTS/INSIDE","5"
"40","ASSAULT (PAST): WEAPON/INSIDE","47"
"113","ASSAULT (PAST): OTHER/SCHOOL","32"
"104","ASSAULT (PAST): WEAPON/OUTSIDE","13"
"70","ASSAULT (IN PROGRESS): KNIFE/FAMILY","21"
"33","ASSAULT (IN PROGRESS): WEAPON/LTD ACC HWY","1"
"32","ASSAULT (IN PROGRESS): WEAPON/SCHOOL","5"
"9","ASSAULT (PAST): SHOTS/INSIDE","2"
"113","ASSAULT (IN PROGRESS): WEAPON/SCHOOL","4"
"88","ASSAULT (PAST): OTHER/TRANSIT","7"
"79","ASSAULT (PAST): SHOTS/OUTSIDE","4"
"47","ASSAULT (IN PROGRESS): KNIFE/OUTSIDE","75"
"100","ASSAULT (IN PROGRESS): SHOTS/OUTSIDE","9"
"6","ASSAULT (PAST): WEAPON/INSIDE","13"
"81","ASSAULT (IN PROGRESS): WEAPON/INSIDE","42"
"61","ASSAULT (IN PROGRESS): WEAPON/TRANSIT","2"
"123","ASSAULT (IN PROGRESS): WEAPON/FAMILY","9"
"72","ASSAULT (IN PROGRESS): OTHER/TRANSIT","33"
"90","ASSAULT (IN PROGRESS): KNIFE/INSIDE","20"
"30","ASSAULT (IN PROGRESS): OTHER/TRANSIT","29"
"88","ASSAULT (IN PROGRESS): OTHER/CHILD ABUSE","10"
"79","ASSAULT (PAST): OTHER/FAMILY","47"
"104","ASSAULT (PAST): OTHER/CHILD ABUSE","9"
"70","ASSAULT (PAST): OTHER/SCHOOL","20"
"49","ASSAULT (IN PROGRESS): WEAPON/TRANSIT","1"
"6","ASSAULT (IN PROGRESS): OTHER/CHILD ABUSE","4"
"13","ASSAULT (IN PROGRESS): OTHER/INSIDE","414"
"107","ASSAULT (IN PROGRESS): KNIFE/OUTSIDE","17"
"90","ASSAULT (IN PROGRESS): OTHER/LTD ACC HWY","2"
"41","ASSAULT (PAST): WEAPON/CHILD ABUSE","1"
"114","ASSAULT (IN PROGRESS): KNIFE/TRANSIT","2"
"61","ASSAULT (PAST): OTHER/CHILD ABUSE","5"
"63","ASSAULT (PAST): KNIFE/FAMILY","1"
"5","ASSAULT (IN PROGRESS): WEAPON/SCHOOL","2"
"34","ASSAULT (PAST): WEAPON/TRANSIT","1"
"113","ASSAULT (PAST): KNIFE/FAMILY","2"
"101","ASSAULT (IN PROGRESS): OTHER/CHILD ABUSE","23"
"6","ASSAULT (PAST): OTHER/TRANSIT","18"
"83","ASSAULT (PAST): OTHER/INSIDE","214"
"79","ASSAULT (IN PROGRESS): OTHER/SCHOOL","12"
"106","ASSAULT (PAST): OTHER/SCHOOL","22"
"73","ASSAULT (IN PROGRESS): SHOTS/OUTSIDE","68"
"79","ASSAULT (IN PROGRESS): OTHER/CHILD ABUSE","30"
"114","ASSAULT (IN PROGRESS): KNIFE/INSIDE","41"
"25","ASSAULT (IN PROGRESS): WEAPON/FAMILY","33"
"7","ASSAULT (IN PROGRESS): KNIFE/INSIDE","31"
"103","ASSAULT (PAST): SHOTS/OUTSIDE","2"
"112","ASSAULT (IN PROGRESS): OTHER/TRANSIT","33"
"32","ASSAULT (PAST): SHOTS/OUTSIDE","2"
"111","ASSAULT (PAST): OTHER/CHILD ABUSE","3"
"25","ASSAULT (PAST): SHOTS/INSIDE","1"
"75","ASSAULT (IN PROGRESS): OTHER/FAMILY","1232"
"75","ASSAULT (IN PROGRESS): WEAPON/TRANSIT","6"
"72","ASSAULT (PAST): WEAPON/INSIDE","10"
"50","ASSAULT (PAST): OTHER/INSIDE","108"
"40","ASSAULT (PAST): OTHER/FAMILY","133"
"106","ASSAULT (PAST): OTHER/TRANSIT","13"
"77","ASSAULT (PAST): WEAPON/OUTSIDE","9"
"100","ASSAULT (IN PROGRESS): SHOTS/INSIDE","8"
"44","ASSAULT (PAST): WEAPON/TRANSIT","1"
"70","ASSAULT (IN PROGRESS): KNIFE/INSIDE","33"
"121","ASSAULT (IN PROGRESS): KNIFE/INSIDE","21"
"109","ASSAULT (IN PROGRESS): KNIFE/INSIDE","32"
"6","ASSAULT (IN PROGRESS): WEAPON/INSIDE","18"
"40","ASSAULT (IN PROGRESS): SHOTS/INSIDE","34"
"123","ASSAULT (IN PROGRESS): KNIFE/OUTSIDE","3"
"67","ASSAULT (PAST): OTHER/SCHOOL","20"
"28","ASSAULT (PAST): KNIFE/OUTSIDE","6"
"83","ASSAULT (IN PROGRESS): KNIFE/OUTSIDE","60"
"113","ASSAULT (PAST): WEAPON/INSIDE","12"
"71","ASSAULT (IN PROGRESS): SHOTS/INSIDE","20"
"9","ASSAULT (IN PROGRESS): WEAPON/INSIDE","41"
"60","ASSAULT (IN PROGRESS): WEAPON/INSIDE","48"
"69","ASSAULT (IN PROGRESS): OTHER/FAMILY","329"
"43","ASSAULT (IN PROGRESS): KNIFE/INSIDE","57"
"76","ASSAULT (IN PROGRESS): WEAPON/LTD ACC HWY","1"
"62","ASSAULT (PAST): OTHER/OUTSIDE","74"
"101","ASSAULT (PAST): SHOTS/INSIDE","3"
"110","ASSAULT (IN PROGRESS): OTHER/TRANSIT","73"
"104","ASSAULT (PAST): OTHER/SCHOOL","41"
"20","ASSAULT (PAST): SHOTS/INSIDE","1"
"62","ASSAULT (IN PROGRESS): WEAPON/INSIDE","23"
"18","ASSAULT (PAST): OTHER/INSIDE","236"
"46","ASSAULT (IN PROGRESS): KNIFE/TRANSIT","7"
"43","ASSAULT (PAST): KNIFE/FAMILY","5"
"113","ASSAULT (IN PROGRESS): SHOTS/INSIDE","28"
"14","ASSAULT (IN PROGRESS): WEAPON/FAMILY","7"
"110","ASSAULT (PAST): WEAPON/OUTSIDE","22"
"110","ASSAULT (PAST): WEAPON/TRANSIT","4"
"122","ASSAULT (IN PROGRESS): OTHER/INSIDE","168"
"100","ASSAULT (IN PROGRESS): KNIFE/OUTSIDE","10"
"61","ASSAULT (IN PROGRESS): KNIFE/OUTSIDE","27"
"88","ASSAULT (IN PROGRESS): OTHER/INSIDE","225"
"121","ASSAULT (IN PROGRESS): OTHER/SCHOOL","11"
"63","ASSAULT (IN PROGRESS): OTHER/FAMILY","205"
"73","ASSAULT (IN PROGRESS): WEAPON/FAMILY","73"
"34","ASSAULT (IN PROGRESS): OTHER/LTD ACC HWY","1"
"68","ASSAULT (IN PROGRESS): WEAPON/OUTSIDE","30"
"94","ASSAULT (IN PROGRESS): OTHER/LTD ACC HWY","1"
"18","ASSAULT (PAST): SHOTS/INSIDE","2"
"33","ASSAULT (IN PROGRESS): WEAPON/FAMILY","15"
"110","ASSAULT (PAST): KNIFE/SCHOOL","2"
"66","ASSAULT (PAST): KNIFE/OUTSIDE","3"
"83","ASSAULT (IN PROGRESS): KNIFE/TRANSIT","3"
"120","ASSAULT (PAST): KNIFE/FAMILY","5"
"115","ASSAULT (PAST): OTHER/OUTSIDE","162"
"112","ASSAULT (PAST): KNIFE/TRANSIT","1"
"6","ASSAULT (IN PROGRESS): SHOTS/INSIDE","3"
"61","ASSAULT (IN PROGRESS): OTHER/OUTSIDE","242"
"120","ASSAULT (IN PROGRESS): WEAPON/CHILD","1"
"100","ASSAULT (IN PROGRESS): OTHER/TRANSIT","6"
"94","ASSAULT (IN PROGRESS): WEAPON/CHILD","1"
"110","ASSAULT (IN PROGRESS): WEAPON/CHILD","3"
"19","ASSAULT (IN PROGRESS): KNIFE/FAMILY","9"
"79","ASSAULT (PAST): KNIFE/OUTSIDE","6"
"13","ASSAULT (IN PROGRESS): WEAPON/INSIDE","54"
"52","ASSAULT (IN PROGRESS): WEAPON/SCHOOL","2"
"115","ASSAULT (IN PROGRESS): KNIFE/INSIDE","28"
"110","ASSAULT (IN PROGRESS): OTHER/CHILD ABUSE","28"
"103","ASSAULT (IN PROGRESS): OTHER/SCHOOL","20"
"40","ASSAULT (IN PROGRESS): WEAPON/CHILD","6"
"1","ASSAULT (IN PROGRESS): OTHER/FAMILY","79"
"13","ASSAULT (IN PROGRESS): WEAPON/FAMILY","7"
"101","ASSAULT (PAST): KNIFE/INSIDE","15"
"109","ASSAULT (IN PROGRESS): OTHER/CHILD ABUSE","22"
"100","ASSAULT (IN PROGRESS): KNIFE/FAMILY","4"
"120","ASSAULT (PAST): OTHER/OUTSIDE","76"
"88","ASSAULT (PAST): WEAPON/FAMILY","2"
"108","ASSAULT (PAST): OTHER/TRANSIT","30"
"84","ASSAULT (PAST): WEAPON/INSIDE","9"
"41","ASSAULT (IN PROGRESS): KNIFE/INSIDE","46"
"101","ASSAULT (PAST): KNIFE/FAMILY","1"
"103","ASSAULT (PAST): OTHER/SCHOOL","39"
"103","ASSAULT (IN PROGRESS): WEAPON/FAMILY","48"
"101","ASSAULT (PAST): KNIFE/TRANSIT","1"
"48","ASSAULT (IN PROGRESS): KNIFE/INSIDE","103"
"7","ASSAULT (IN PROGRESS): KNIFE/FAMILY","7"
"50","ASSAULT (PAST): OTHER/CHILD ABUSE","13"
"50","ASSAULT (PAST): WEAPON/CHILD ABUSE","2"
"108","ASSAULT (IN PROGRESS): OTHER/SCHOOL","4"
"104","ASSAULT (PAST): OTHER/INSIDE","120"
"14","ASSAULT (PAST): KNIFE/TRANSIT","2"
"88","ASSAULT (PAST): WEAPON/INSIDE","14"
"109","ASSAULT (PAST): WEAPON/FAMILY","4"
"52","ASSAULT (IN PROGRESS): KNIFE/TRANSIT","9"
"72","ASSAULT (IN PROGRESS): KNIFE/TRANSIT","3"
"103","ASSAULT (IN PROGRESS): KNIFE/FAMILY","28"
"6","ASSAULT (IN PROGRESS): OTHER/FAMILY","34"
"81","ASSAULT (IN PROGRESS): OTHER/OUTSIDE","249"
"10","ASSAULT (IN PROGRESS): SHOTS/INSIDE","4"
"102","ASSAULT (IN PROGRESS): WEAPON/INSIDE","37"
"84","ASSAULT (IN PROGRESS): KNIFE/FAMILY","5"
"106","ASSAULT (IN PROGRESS): KNIFE/INSIDE","25"
"113","ASSAULT (PAST): SHOTS/OUTSIDE","1"
"47","ASSAULT (IN PROGRESS): WEAPON/CHILD","7"
"49","ASSAULT (PAST): OTHER/TRANSIT","11"
"47","ASSAULT (PAST): KNIFE/SCHOOL","4"
"61","ASSAULT (IN PROGRESS): WEAPON/LTD ACC HWY","1"
"45","ASSAULT (IN PROGRESS): WEAPON/INSIDE","28"
"18","ASSAULT (IN PROGRESS): WEAPON/TRANSIT","7"
"17","ASSAULT (IN PROGRESS): OTHER/TRANSIT","48"
"24","ASSAULT (PAST): OTHER/FAMILY","26"
"10","ASSAULT (PAST): WEAPON/TRANSIT","1"
"83","ASSAULT (PAST): WEAPON/TRANSIT","1"
"69","ASSAULT (PAST): KNIFE/SCHOOL","1"
"28","ASSAULT (IN PROGRESS): WEAPON/INSIDE","25"
"70","ASSAULT (IN PROGRESS): SHOTS/INSIDE","23"
"83","ASSAULT (PAST): KNIFE/OUTSIDE","8"
"26","ASSAULT (IN PROGRESS): KNIFE/TRANSIT","1"
"66","ASSAULT (IN PROGRESS): KNIFE/FAMILY","7"
"72","ASSAULT (IN PROGRESS): KNIFE/FAMILY","4"
"17","ASSAULT (IN PROGRESS): KNIFE/OUTSIDE","6"
"111","ASSAULT (IN PROGRESS): SHOTS/INSIDE","1"
"24","ASSAULT (PAST): WEAPON/TRANSIT","1"
"84","ASSAULT (IN PROGRESS): SHOTS/FAMILY","4"
"9","ASSAULT (PAST): KNIFE/FAMILY","1"
"40","ASSAULT (IN PROGRESS): OTHER/CHILD ABUSE","51"
"26","ASSAULT (IN PROGRESS): KNIFE/FAMILY","6"
"61","ASSAULT (PAST): OTHER/OUTSIDE","54"
"7","ASSAULT (IN PROGRESS): SHOTS/INSIDE","2"
"111","ASSAULT (IN PROGRESS): OTHER/FAMILY","116"
"20","ASSAULT (IN PROGRESS): SHOTS/INSIDE","2"
"73","ASSAULT (PAST): OTHER/TRANSIT","35"
"28","ASSAULT (IN PROGRESS): OTHER/OUTSIDE","283"
"20","ASSAULT (PAST): KNIFE/FAMILY","2"
"71","ASSAULT (IN PROGRESS): KNIFE/INSIDE","40"
"79","ASSAULT (PAST): WEAPON/OUTSIDE","8"
"81","ASSAULT (PAST): OTHER/CHILD ABUSE","17"
"106","ASSAULT (PAST): WEAPON/OUTSIDE","10"
"60","ASSAULT (PAST): OTHER/CHILD ABUSE","10"
"75","ASSAULT (PAST): WEAPON/INSIDE","51"
"115","ASSAULT (PAST): OTHER/CHILD ABUSE","13"
"47","ASSAULT (PAST): SHOTS/INSIDE","11"
"9","ASSAULT (IN PROGRESS): SHOTS/FAMILY","1"
"83","ASSAULT (IN PROGRESS): WEAPON/TRANSIT","2"
"79","ASSAULT (PAST): OTHER/INSIDE","191"
"69","ASSAULT (PAST): OTHER/TRANSIT","2"
"68","ASSAULT (IN PROGRESS): OTHER/SCHOOL","8"
"101","ASSAULT (IN PROGRESS): OTHER/SCHOOL","26"
"111","ASSAULT (PAST): OTHER/LTD ACC HWY","1"
"88","ASSAULT (PAST): WEAPON/OUTSIDE","4"
"63","ASSAULT (PAST): WEAPON/OUTSIDE","5"
"77","ASSAULT (PAST): KNIFE/TRANSIT","1"
"28","ASSAULT (PAST): WEAPON/TRANSIT","1"
"81","ASSAULT (IN PROGRESS): WEAPON/TRANSIT","2"
"105","ASSAULT (PAST): OTHER/CHILD ABUSE","15"
"71","ASSAULT (IN PROGRESS): OTHER/CHILD ABUSE","17"
"26","ASSAULT (IN PROGRESS): KNIFE/OUTSIDE","12"
"70","ASSAULT (PAST): WEAPON/CHILD ABUSE","2"
"101","ASSAULT (IN PROGRESS): SHOTS/INSIDE","4"
"81","ASSAULT (IN PROGRESS): WEAPON/FAMILY","35"
"105","ASSAULT (IN PROGRESS): WEAPON/INSIDE","48"
"46","ASSAULT (PAST): OTHER/OUTSIDE","119"
"114","ASSAULT (PAST): WEAPON/CHILD ABUSE","1"
"122","ASSAULT (PAST): OTHER/INSIDE","109"
"121","ASSAULT (IN PROGRESS): OTHER/INSIDE","235"
"108","ASSAULT (PAST): KNIFE/OUTSIDE","5"
"44","ASSAULT (PAST): WEAPON/OUTSIDE","17"
"42","ASSAULT (IN PROGRESS): OTHER/SCHOOL","39"
"45","ASSAULT (PAST): WEAPON/INSIDE","7"
"30","ASSAULT (IN PROGRESS): KNIFE/INSIDE","23"
"32","ASSAULT (PAST): WEAPON/FAMILY","4"
"24","ASSAULT (IN PROGRESS): KNIFE/TRANSIT","2"
"67","ASSAULT (IN PROGRESS): SHOTS/FAMILY","3"
"73","ASSAULT (IN PROGRESS): WEAPON/SCHOOL","4"
"66","ASSAULT (PAST): WEAPON/OUTSIDE","15"
"14","ASSAULT (IN PROGRESS): WEAPON/INSIDE","55"
"42","ASSAULT (IN PROGRESS): KNIFE/OUTSIDE","67"
"105","ASSAULT (IN PROGRESS): SHOTS/OUTSIDE","17"
"75","ASSAULT (PAST): OTHER/FAMILY","170"
"71","ASSAULT (IN PROGRESS): WEAPON/INSIDE","41"
"69","ASSAULT (PAST): OTHER/SCHOOL","18"
"69","ASSAULT (IN PROGRESS): WEAPON/TRANSIT","4"
"88","ASSAULT (PAST): WEAPON/CHILD ABUSE","1"
"70","ASSAULT (PAST): WEAPON/OUTSIDE","16"
"104","ASSAULT (PAST): KNIFE/OUTSIDE","3"
"24","ASSAULT (PAST): WEAPON/OUTSIDE","11"
"69","ASSAULT (IN PROGRESS): KNIFE/FAMILY","15"
"17","ASSAULT (PAST): OTHER/TRANSIT","13"
"84","ASSAULT (IN PROGRESS): OTHER/FAMILY","136"
"90","ASSAULT (IN PROGRESS): OTHER/SCHOOL","11"
"106","ASSAULT (IN PROGRESS): OTHER/TRANSIT","12"
"69","ASSAULT (IN PROGRESS): OTHER/CHILD ABUSE","19"
"78","ASSAULT (IN PROGRESS): WEAPON/TRANSIT","6"
"18","ASSAULT (IN PROGRESS): WEAPON/CHILD","2"
"14","ASSAULT (PAST): OTHER/FAMILY","29"
"19","ASSAULT (IN PROGRESS): SHOTS/FAMILY","6"
"106","ASSAULT (IN PROGRESS): OTHER/LTD ACC HWY","1"
"48","ASSAULT (IN PROGRESS): OTHER/LTD ACC HWY","1"
"72","ASSAULT (IN PROGRESS): KNIFE/OUTSIDE","27"
"120","ASSAULT (PAST): OTHER/FAMILY","79"
"26","ASSAULT (IN PROGRESS): OTHER/CHILD ABUSE","8"
"1","ASSAULT (IN PROGRESS): OTHER/CHILD ABUSE","5"
"40","ASSAULT (IN PROGRESS): WEAPON/LTD ACC HWY","1"
"71","ASSAULT (IN PROGRESS): OTHER/OUTSIDE","264"
"69","ASSAULT (IN PROGRESS): WEAPON/OUTSIDE","21"
"40","ASSAULT (PAST): OTHER/INSIDE","392"
"46","ASSAULT (IN PROGRESS): KNIFE/INSIDE","136"
"66","ASSAULT (IN PROGRESS): OTHER/CHILD ABUSE","15"
"90","ASSAULT (PAST): WEAPON/FAMILY","1"
"94","ASSAULT (PAST): WEAPON/FAMILY","3"
"28","ASSAULT (IN PROGRESS): OTHER/FAMILY","189"
"47","ASSAULT (IN PROGRESS): SHOTS/LTD ACC HWY","2"
"41","ASSAULT (IN PROGRESS): WEAPON/SCHOOL","3"
"69","ASSAULT (IN PROGRESS): WEAPON/INSIDE","31"
"115","ASSAULT (IN PROGRESS): OTHER/OUTSIDE","581"
"24","ASSAULT (IN PROGRESS): KNIFE/OUTSIDE","17"
"102","ASSAULT (PAST): KNIFE/OUTSIDE","5"
"69","ASSAULT (IN PROGRESS): WEAPON/LTD ACC HWY","1"
"75","ASSAULT (IN PROGRESS): WEAPON/OUTSIDE","125"
"70","ASSAULT (PAST): KNIFE/INSIDE","12"
"49","ASSAULT (PAST): KNIFE/TRANSIT","1"
"105","ASSAULT (PAST): KNIFE/INSIDE","23"
"71","ASSAULT (IN PROGRESS): KNIFE/TRANSIT","1"
"109","ASSAULT (PAST): OTHER/TRANSIT","7"
"44","ASSAULT (IN PROGRESS): OTHER/SCHOOL","23"
"18","ASSAULT (PAST): OTHER/CHILD ABUSE","3"
"106","ASSAULT (PAST): WEAPON/INSIDE","12"
"81","ASSAULT (IN PROGRESS): WEAPON/CHILD","1"
"19","ASSAULT (IN PROGRESS): SHOTS/OUTSIDE","5"
"63","ASSAULT (PAST): WEAPON/CHILD ABUSE","1"
"114","ASSAULT (PAST): WEAPON/FAMILY","3"
"88","ASSAULT (IN PROGRESS): OTHER/FAMILY","136"
"102","ASSAULT (IN PROGRESS): OTHER/OUTSIDE","353"
"111","ASSAULT (PAST): WEAPON/OUTSIDE","3"
"102","ASSAULT (PAST): KNIFE/FAMILY","4"
"28","ASSAULT (PAST): OTHER/SCHOOL","3"
"102","ASSAULT (PAST): OTHER/INSIDE","210"
"52","ASSAULT (PAST): SHOTS/INSIDE","12"
"100","ASSAULT (PAST): WEAPON/INSIDE","3"
"105","ASSAULT (PAST): KNIFE/FAMILY","3"
"20","ASSAULT (IN PROGRESS): KNIFE/OUTSIDE","8"
"78","ASSAULT (IN PROGRESS): KNIFE/OUTSIDE","23"
"105","ASSAULT (PAST): KNIFE/OUTSIDE","5"
"40","ASSAULT (PAST): KNIFE/OUTSIDE","20"
"101","ASSAULT (IN PROGRESS): OTHER/INSIDE","337"
"103","ASSAULT (IN PROGRESS): KNIFE/OUTSIDE","75"
"107","ASSAULT (IN PROGRESS): KNIFE/FAMILY","9"
"13","ASSAULT (PAST): OTHER/CHILD ABUSE","2"
"123","ASSAULT (PAST): OTHER/FAMILY","20"
"121","ASSAULT (IN PROGRESS): WEAPON/SCHOOL","2"
"112","ASSAULT (PAST): OTHER/TRANSIT","13"
"48","ASSAULT (IN PROGRESS): KNIFE/CHILD ABUSE","2"
"63","ASSAULT (PAST): OTHER/CHILD ABUSE","4"
"88","ASSAULT (PAST): KNIFE/INSIDE","11"
"68","ASSAULT (PAST): OTHER/FAMILY","30"
"122","ASSAULT (PAST): WEAPON/OUTSIDE","1"
"1","ASSAULT (IN PROGRESS): KNIFE/TRANSIT","15"
"19","ASSAULT (PAST): KNIFE/FAMILY","1"
"40","ASSAULT (PAST): WEAPON/OUTSIDE","18"
"63","ASSAULT (IN PROGRESS): SHOTS/OUTSIDE","17"
"115","ASSAULT (IN PROGRESS): KNIFE/FAMILY","23"
"18","ASSAULT (IN PROGRESS): KNIFE/TRANSIT","8"
"52","ASSAULT (IN PROGRESS): OTHER/CHILD ABUSE","30"
"28","ASSAULT (PAST): SHOTS/OUTSIDE","1"
"7","ASSAULT (PAST): WEAPON/OUTSIDE","3"
"112","ASSAULT (IN PROGRESS): OTHER/OUTSIDE","108"
"52","ASSAULT (PAST): WEAPON/OUTSIDE","18"
"108","ASSAULT (PAST): KNIFE/INSIDE","7"
"81","ASSAULT (IN PROGRESS): SHOTS/TRANSIT","7"
"28","ASSAULT (IN PROGRESS): WEAPON/TRANSIT","1"
"30","ASSAULT (PAST): WEAPON/FAMILY","3"
"6","ASSAULT (PAST): OTHER/SCHOOL","3"
"9","ASSAULT (IN PROGRESS): KNIFE/INSIDE","23"
"49","ASSAULT (IN PROGRESS): OTHER/INSIDE","388"
"104","ASSAULT (IN PROGRESS): WEAPON/OUTSIDE","55"
"110","ASSAULT (IN PROGRESS): SHOTS/OUTSIDE","21"
"60","ASSAULT (PAST): SHOTS/INSIDE","3"
"34","ASSAULT (PAST): WEAPON/FAMILY","3"
"108","ASSAULT (IN PROGRESS): WEAPON/OUTSIDE","42"
"52","ASSAULT (IN PROGRESS): OTHER/INSIDE","604"
"78","ASSAULT (IN PROGRESS): OTHER/TRANSIT","53"
"26","ASSAULT (PAST): OTHER/TRANSIT","13"
"41","ASSAULT (PAST): KNIFE/INSIDE","12"
"103","ASSAULT (IN PROGRESS): SHOTS/FAMILY","2"
"109","ASSAULT (PAST): OTHER/CHILD ABUSE","14"
"60","ASSAULT (PAST): KNIFE/FAMILY","2"
"66","ASSAULT (PAST): OTHER/FAMILY","45"
"110","ASSAULT (IN PROGRESS): KNIFE/INSIDE","46"
"23","ASSAULT (PAST): KNIFE/OUTSIDE","9"
"73","ASSAULT (IN PROGRESS): OTHER/FAMILY","884"
"104","ASSAULT (IN PROGRESS): WEAPON/TRANSIT","1"
"115","ASSAULT (IN PROGRESS): KNIFE/CHILD ABUSE","1"
"69","ASSAULT (PAST): KNIFE/INSIDE","5"
"14","ASSAULT (IN PROGRESS): KNIFE/FAMILY","10"
"114","ASSAULT (IN PROGRESS): WEAPON/FAMILY","37"
"121","ASSAULT (PAST): WEAPON/OUTSIDE","2"
"77","ASSAULT (IN PROGRESS): SHOTS/OUTSIDE","25"
"72","ASSAULT (IN PROGRESS): WEAPON/TRANSIT","2"
"50","ASSAULT (PAST): WEAPON/OUTSIDE","10"
"121","ASSAULT (PAST): WEAPON/INSIDE","7"
"49","ASSAULT (IN PROGRESS): SHOTS/FAMILY","1"
"106","ASSAULT (IN PROGRESS): WEAPON/FAMILY","23"
"22","ASSAULT (IN PROGRESS): KNIFE/OUTSIDE","5"
"49","ASSAULT (PAST): WEAPON/CHILD ABUSE","2"
"79","ASSAULT (PAST): OTHER/TRANSIT","10"
"112","ASSAULT (IN PROGRESS): KNIFE/OUTSIDE","12"
"106","ASSAULT (IN PROGRESS): WEAPON/OUTSIDE","73"
"18","ASSAULT (PAST): SHOTS/OUTSIDE","3"
"45","ASSAULT (PAST): WEAPON/FAMILY","7"
"122","ASSAULT (IN PROGRESS): WEAPON/INSIDE","22"
"10","ASSAULT (PAST): SHOTS/INSIDE","1"
"83","ASSAULT (PAST): KNIFE/FAMILY","4"
"28","ASSAULT (IN PROGRESS): OTHER/SCHOOL","2"
"13","ASSAULT (IN PROGRESS): KNIFE/INSIDE","36"
"5","ASSAULT (PAST): OTHER/INSIDE","103"
"13","ASSAULT (PAST): WEAPON/TRANSIT","3"
"46","ASSAULT (PAST): OTHER/SCHOOL","29"
"113","ASSAULT (PAST): OTHER/INSIDE","166"
"6","ASSAULT (PAST): WEAPON/TRANSIT","1"
"18","ASSAULT (IN PROGRESS): WEAPON/FAMILY","8"
"66","ASSAULT (IN PROGRESS): KNIFE/TRANSIT","1"
"115","ASSAULT (PAST): OTHER/TRANSIT","17"
"14","ASSAULT (IN PROGRESS): KNIFE/OUTSIDE","63"
"34","ASSAULT (IN PROGRESS): SHOTS/FAMILY","2"
"61","ASSAULT (PAST): OTHER/SCHOOL","21"
"66","ASSAULT (IN PROGRESS): KNIFE/OUTSIDE","20"
"28","ASSAULT (PAST): OTHER/INSIDE","131"
"42","ASSAULT (PAST): WEAPON/CHILD ABUSE","3"
"90","ASSAULT (IN PROGRESS): WEAPON/OUTSIDE","57"
"68","ASSAULT (IN PROGRESS): OTHER/INSIDE","115"
"60","ASSAULT (IN PROGRESS): OTHER/OUTSIDE","297"
"77","ASSAULT (IN PROGRESS): WEAPON/INSIDE","40"
"78","ASSAULT (IN PROGRESS): OTHER/CHILD ABUSE","6"
"61","ASSAULT (IN PROGRESS): SHOTS/INSIDE","6"
"1","ASSAULT (PAST): SHOTS/INSIDE","2"
"70","ASSAULT (PAST): WEAPON/FAMILY","8"
"90","ASSAULT (IN PROGRESS): WEAPON/INSIDE","38"
"34","ASSAULT (IN PROGRESS): KNIFE/INSIDE","42"
"112","ASSAULT (PAST): SHOTS/INSIDE","1"
"7","ASSAULT (IN PROGRESS): KNIFE/TRANSIT","3"
"43","ASSAULT (PAST): SHOTS/OUTSIDE","3"
"77","ASSAULT (IN PROGRESS): SHOTS/TRANSIT","2"
"26","ASSAULT (PAST): WEAPON/OUTSIDE","5"
"81","ASSAULT (IN PROGRESS): WEAPON/OUTSIDE","38"
"47","ASSAULT (IN PROGRESS): WEAPON/OUTSIDE","91"
"61","ASSAULT (IN PROGRESS): SHOTS/OUTSIDE","8"
"45","ASSAULT (PAST): OTHER/SCHOOL","31"
"28","ASSAULT (PAST): OTHER/CHILD ABUSE","4"
"41","ASSAULT (PAST): OTHER/FAMILY","66"
"100","ASSAULT (IN PROGRESS): KNIFE/TRANSIT","1"
"41","ASSAULT (PAST): WEAPON/FAMILY","1"
"63","ASSAULT (IN PROGRESS): KNIFE/INSIDE","14"
"72","ASSAULT (PAST): OTHER/CHILD ABUSE","15"
"73","ASSAULT (PAST): OTHER/CHILD ABUSE","22"
"6","ASSAULT (IN PROGRESS): OTHER/OUTSIDE","370"
"104","ASSAULT (IN PROGRESS): SHOTS/OUTSIDE","13"
"61","ASSAULT (PAST): KNIFE/OUTSIDE","2"
"83","ASSAULT (PAST): SHOTS/OUTSIDE","2"
"101","ASSAULT (PAST): OTHER/LTD ACC HWY","1"
"24","ASSAULT (IN PROGRESS): OTHER/INSIDE","532"
"123","ASSAULT (IN PROGRESS): KNIFE/FAMILY","6"
"114","ASSAULT (IN PROGRESS): KNIFE/OUTSIDE","49"
"103","ASSAULT (PAST): OTHER/FAMILY","94"
"72","ASSAULT (IN PROGRESS): WEAPON/OUTSIDE","45"
"14","ASSAULT (PAST): SHOTS/INSIDE","2"
"44","ASSAULT (PAST): WEAPON/CHILD ABUSE","5"
"73","ASSAULT (IN PROGRESS): OTHER/CHILD ABUSE","33"
"1","ASSAULT (IN PROGRESS): KNIFE/FAMILY","6"
"20","ASSAULT (IN PROGRESS): WEAPON/OUTSIDE","31"
"62","ASSAULT (IN PROGRESS): SHOTS/OUTSIDE","8"
"24","ASSAULT (IN PROGRESS): WEAPON/TRANSIT","9"
"9","ASSAULT (PAST): OTHER/FAMILY","12"
"123","ASSAULT (IN PROGRESS): OTHER/OUTSIDE","52"
"42","ASSAULT (PAST): OTHER/INSIDE","347"
"20","ASSAULT (IN PROGRESS): OTHER/INSIDE","74"
"100","ASSAULT (PAST): WEAPON/SCHOOL","1"
"77","ASSAULT (PAST): WEAPON/INSIDE","14"
"17","ASSAULT (IN PROGRESS): OTHER/OUTSIDE","188"
"45","ASSAULT (PAST): OTHER/FAMILY","57"
"25","ASSAULT (PAST): OTHER/OUTSIDE","89"
"107","ASSAULT (PAST): WEAPON/INSIDE","4"
"17","ASSAULT (PAST): WEAPON/TRANSIT","3"
"111","ASSAULT (IN PROGRESS): OTHER/OUTSIDE","89"
"84","ASSAULT (IN PROGRESS): KNIFE/OUTSIDE","16"
"32","ASSAULT (IN PROGRESS): OTHER/FAMILY","476"
"18","ASSAULT (PAST): OTHER/SCHOOL","7"
"76","ASSAULT (IN PROGRESS): SHOTS/INSIDE","20"
"46","ASSAULT (IN PROGRESS): OTHER/LTD ACC HWY","4"
"46","ASSAULT (PAST): KNIFE/OUTSIDE","18"
"81","ASSAULT (IN PROGRESS): KNIFE/SCHOOL","1"
"121","ASSAULT (PAST): OTHER/CHILD ABUSE","16"
"69","ASSAULT (IN PROGRESS): OTHER/INSIDE","177"
"52","ASSAULT (PAST): OTHER/OUTSIDE","105"
"6","ASSAULT (PAST): KNIFE/OUTSIDE","5"
"114","ASSAULT (PAST): SHOTS/INSIDE","3"
"111","ASSAULT (PAST): KNIFE/INSIDE","1"
"109","ASSAULT (IN PROGRESS): SHOTS/OUTSIDE","14"
"43","ASSAULT (IN PROGRESS): OTHER/INSIDE","502"
"61","ASSAULT (IN PROGRESS): KNIFE/SCHOOL","1"
"14","ASSAULT (PAST): KNIFE/OUTSIDE","16"
"84","ASSAULT (PAST): WEAPON/FAMILY","1"
"26","ASSAULT (PAST): OTHER/SCHOOL","10"
"67","ASSAULT (PAST): KNIFE/INSIDE","25"
"43","ASSAULT (IN PROGRESS): OTHER/FAMILY","940"
"49","ASSAULT (IN PROGRESS): KNIFE/TRANSIT","6"
"110","ASSAULT (IN PROGRESS): WEAPON/OUTSIDE","132"
"14","ASSAULT (PAST): OTHER/TRANSIT","102"
"73","ASSAULT (PAST): OTHER/OUTSIDE","105"
"81","ASSAULT (PAST): WEAPON/FAMILY","4"
"101","ASSAULT (IN PROGRESS): OTHER/OUTSIDE","188"
"67","ASSAULT (PAST): SHOTS/OUTSIDE","3"
"107","ASSAULT (PAST): OTHER/SCHOOL","53"
"46","ASSAULT (IN PROGRESS): SHOTS/TRANSIT","1"
"60","ASSAULT (IN PROGRESS): WEAPON/CHILD","2"
"113","ASSAULT (PAST): KNIFE/INSIDE","10"
"106","ASSAULT (IN PROGRESS): SHOTS/OUTSIDE","14"
"40","ASSAULT (PAST): KNIFE/FAMILY","6"
"90","ASSAULT (IN PROGRESS): OTHER/INSIDE","228"
"112","ASSAULT (IN PROGRESS): SHOTS/FAMILY","8"
"61","ASSAULT (PAST): OTHER/TRANSIT","8"
"62","ASSAULT (PAST): OTHER/CHILD ABUSE","10"
"62","ASSAULT (PAST): WEAPON/OUTSIDE","12"
"114","ASSAULT (IN PROGRESS): OTHER/INSIDE","512"
"47","ASSAULT (PAST): OTHER/CHILD ABUSE","22"
"52","ASSAULT (PAST): WEAPON/INSIDE","32"
"108","ASSAULT (IN PROGRESS): KNIFE/OUTSIDE","28"
"48","ASSAULT (PAST): OTHER/TRANSIT","4"
"83","ASSAULT (IN PROGRESS): WEAPON/OUTSIDE","70"
"109","ASSAULT (PAST): KNIFE/INSIDE","26"
"72","ASSAULT (PAST): SHOTS/INSIDE","3"
"103","ASSAULT (PAST): OTHER/OUTSIDE","117"
"41","ASSAULT (IN PROGRESS): KNIFE/SCHOOL","2"
"78","ASSAULT (PAST): WEAPON/TRANSIT","3"
"48","ASSAULT (IN PROGRESS): SHOTS/TRANSIT","2"
"112","ASSAULT (PAST): OTHER/SCHOOL","19"
"13","ASSAULT (PAST): OTHER/INSIDE","331"
"43","ASSAULT (IN PROGRESS): OTHER/OUTSIDE","462"
"66","ASSAULT (IN PROGRESS): SHOTS/SCHOOL","2"
"76","ASSAULT (IN PROGRESS): WEAPON/CHILD","1"
"75","ASSAULT (PAST): WEAPON/SCHOOL","6"
"22","ASSAULT (IN PROGRESS): SHOTS/OUTSIDE","1"
"60","ASSAULT (IN PROGRESS): KNIFE/SCHOOL","2"
"70","ASSAULT (IN PROGRESS): OTHER/TRANSIT","32"
"108","ASSAULT (PAST): WEAPON/INSIDE","12"
"100","ASSAULT (PAST): OTHER/INSIDE","71"
"68","ASSAULT (IN PROGRESS): KNIFE/TRANSIT","1"
"14","ASSAULT (IN PROGRESS): OTHER/SCHOOL","3"
"32","ASSAULT (IN PROGRESS): KNIFE/OUTSIDE","41"
"120","ASSAULT (IN PROGRESS): OTHER/INSIDE","429"
"19","ASSAULT (PAST): OTHER/TRANSIT","25"
"32","ASSAULT (IN PROGRESS): KNIFE/FAMILY","45"
"32","ASSAULT (PAST): WEAPON/OUTSIDE","14"
"7","ASSAULT (IN PROGRESS): OTHER/FAMILY","200"
"26","ASSAULT (IN PROGRESS): WEAPON/TRANSIT","3"
"48","ASSAULT (IN PROGRESS): KNIFE/TRANSIT","2"
"81","ASSAULT (IN PROGRESS): WEAPON/SCHOOL","1"
"109","ASSAULT (PAST): OTHER/LTD ACC HWY","1"
"70","ASSAULT (PAST): OTHER/TRANSIT","15"
"100","ASSAULT (PAST): KNIFE/TRANSIT","1"
"42","ASSAULT (IN PROGRESS): OTHER/TRANSIT","11"
"17","ASSAULT (IN PROGRESS): OTHER/FAMILY","40"
"43","ASSAULT (PAST): WEAPON/INSIDE","23"
"108","ASSAULT (PAST): KNIFE/FAMILY","1"
"77","ASSAULT (PAST): OTHER/TRANSIT","9"
"110","ASSAULT (PAST): WEAPON/CHILD ABUSE","3"
"20","ASSAULT (PAST): OTHER/TRANSIT","11"
"7","ASSAULT (IN PROGRESS): SHOTS/OUTSIDE","18"
"73","ASSAULT (PAST): KNIFE/FAMILY","7"
"94","ASSAULT (IN PROGRESS): OTHER/INSIDE","109"
"90","ASSAULT (IN PROGRESS): KNIFE/OUTSIDE","27"
"79","ASSAULT (PAST): WEAPON/SCHOOL","4"
"103","ASSAULT (IN PROGRESS): OTHER/CHILD ABUSE","26"
"83","ASSAULT (PAST): WEAPON/CHILD ABUSE","2"
"83","ASSAULT (PAST): SHOTS/INSIDE","5"
"105","ASSAULT (PAST): WEAPON/INSIDE","15"
"103","ASSAULT (IN PROGRESS): KNIFE/INSIDE","59"
"107","ASSAULT (PAST): OTHER/CHILD ABUSE","11"
"1","ASSAULT (PAST): WEAPON/OUTSIDE","9"
"112","ASSAULT (IN PROGRESS): WEAPON/TRANSIT","1"
"84","ASSAULT (PAST): KNIFE/TRANSIT","2"
"113","ASSAULT (PAST): WEAPON/CHILD ABUSE","1"
"1","ASSAULT (PAST): KNIFE/INSIDE","11"
"83","ASSAULT (IN PROGRESS): OTHER/SCHOOL","23"
"1","ASSAULT (IN PROGRESS): OTHER/OUTSIDE","296"
"7","ASSAULT (IN PROGRESS): OTHER/OUTSIDE","251"
"88","ASSAULT (PAST): SHOTS/INSIDE","1"
"43","ASSAULT (PAST): OTHER/SCHOOL","31"
"42","ASSAULT (IN PROGRESS): KNIFE/FAMILY","60"
"101","ASSAULT (PAST): WEAPON/INSIDE","19"
"108","ASSAULT (IN PROGRESS): WEAPON/LTD ACC HWY","2"
"109","ASSAULT (PAST): KNIFE/OUTSIDE","4"
"49","ASSAULT (PAST): KNIFE/INSIDE","51"
"100","ASSAULT (IN PROGRESS): WEAPON/FAMILY","7"
"40","ASSAULT (IN PROGRESS): SHOTS/OUTSIDE","71"
"73","ASSAULT (IN PROGRESS): SHOTS/INSIDE","40"
"33","ASSAULT (PAST): OTHER/INSIDE","162"
"23","ASSAULT (PAST): WEAPON/OUTSIDE","5"
"108","ASSAULT (IN PROGRESS): KNIFE/TRANSIT","7"
"23","ASSAULT (IN PROGRESS): OTHER/INSIDE","294"
"42","ASSAULT (IN PROGRESS): OTHER/OUTSIDE","420"
"101","ASSAULT (IN PROGRESS): KNIFE/FAMILY","24"
"101","ASSAULT (PAST): OTHER/OUTSIDE","33"
"107","ASSAULT (IN PROGRESS): WEAPON/CHILD","1"
"105","ASSAULT (IN PROGRESS): OTHER/OUTSIDE","298"
"1","ASSAULT (IN PROGRESS): SHOTS/FAMILY","1"
"26","ASSAULT (IN PROGRESS): SHOTS/TRANSIT","1"
"18","ASSAULT (IN PROGRESS): OTHER/FAMILY","175"
"49","ASSAULT (PAST): WEAPON/FAMILY","5"
"90","ASSAULT (PAST): KNIFE/INSIDE","3"
"50","ASSAULT (IN PROGRESS): OTHER/LTD ACC HWY","2"
"18","ASSAULT (IN PROGRESS): SHOTS/INSIDE","5"
"77","ASSAULT (PAST): OTHER/CHILD ABUSE","6"
"83","ASSAULT (IN PROGRESS): OTHER/FAMILY","434"
"32","ASSAULT (IN PROGRESS): WEAPON/CHILD","3"
"23","ASSAULT (IN PROGRESS): WEAPON/CHILD","2"
"17","ASSAULT (IN PROGRESS): WEAPON/INSIDE","24"
"107","ASSAULT (PAST): KNIFE/INSIDE","8"
"41","ASSAULT (IN PROGRESS): OTHER/TRANSIT","14"
"70","ASSAULT (IN PROGRESS): OTHER/CHILD ABUSE","25"
"71","ASSAULT (PAST): KNIFE/INSIDE","67"
"22","ASSAULT (PAST): WEAPON/OUTSIDE","2"
"30","ASSAULT (IN PROGRESS): KNIFE/TRANSIT","3"
"78","ASSAULT (IN PROGRESS): OTHER/OUTSIDE","172"
"50","ASSAULT (IN PROGRESS): OTHER/FAMILY","345"
"41","ASSAULT (IN PROGRESS): OTHER/LTD ACC HWY","1"
"75","ASSAULT (IN PROGRESS): KNIFE/FAMILY","88"
"108","ASSAULT (IN PROGRESS): WEAPON/FAMILY","12"
"47","ASSAULT (PAST): WEAPON/INSIDE","35"
"121","ASSAULT (PAST): WEAPON/FAMILY","1"
"78","ASSAULT (IN PROGRESS): KNIFE/INSIDE","27"
"23","ASSAULT (IN PROGRESS): SHOTS/CHILD","1"
"17","ASSAULT (IN PROGRESS): OTHER/CHILD ABUSE","3"
"114","ASSAULT (IN PROGRESS): WEAPON/CHILD","2"
"20","ASSAULT (PAST): KNIFE/OUTSIDE","2"
"107","ASSAULT (IN PROGRESS): OTHER/SCHOOL","27"
"63","ASSAULT (IN PROGRESS): OTHER/CHILD ABUSE","13"
"105","ASSAULT (IN PROGRESS): OTHER/SCHOOL","15"
"19","ASSAULT (IN PROGRESS): SHOTS/INSIDE","14"
"34","ASSAULT (PAST): WEAPON/CHILD ABUSE","1"
"109","ASSAULT (IN PROGRESS): OTHER/LTD ACC HWY","3"
"18","ASSAULT (IN PROGRESS): OTHER/OUTSIDE","559"
"88","ASSAULT (IN PROGRESS): OTHER/TRANSIT","31"
"79","ASSAULT (IN PROGRESS): WEAPON/SCHOOL","4"
"7","ASSAULT (IN PROGRESS): WEAPON/INSIDE","21"
"48","ASSAULT (PAST): SHOTS/INSIDE","9"
"83","ASSAULT (PAST): OTHER/CHILD ABUSE","5"
"1","ASSAULT (PAST): WEAPON/TRANSIT","3"
"66","ASSAULT (IN PROGRESS): OTHER/SCHOOL","11"
"26","ASSAULT (IN PROGRESS): KNIFE/INSIDE","18"
"42","ASSAULT (PAST): WEAPON/OUTSIDE","12"
"14","ASSAULT (PAST): SHOTS/TRANSIT","1"
"113","ASSAULT (IN PROGRESS): KNIFE/OUTSIDE","29"
"88","ASSAULT (IN PROGRESS): KNIFE/FAMILY","14"
"61","ASSAULT (IN PROGRESS): WEAPON/INSIDE","24"
"26","ASSAULT (PAST): SHOTS/OUTSIDE","1"
"72","ASSAULT (PAST): WEAPON/SCHOOL","2"
"121","ASSAULT (IN PROGRESS): WEAPON/FAMILY","22"
"105","ASSAULT (PAST): WEAPON/CHILD ABUSE","1"
"111","ASSAULT (PAST): OTHER/FAMILY","13"
"67","ASSAULT (PAST): KNIFE/FAMILY","8"
"49","ASSAULT (IN PROGRESS): SHOTS/TRANSIT","2"
"81","ASSAULT (IN PROGRESS): OTHER/TRANSIT","19"
"20","ASSAULT (IN PROGRESS): OTHER/OUTSIDE","138"
"10","ASSAULT (PAST): OTHER/OUTSIDE","59"
"83","ASSAULT (PAST): OTHER/TRANSIT","7"
"46","ASSAULT (IN PROGRESS): WEAPON/INSIDE","132"
"14","ASSAULT (PAST): OTHER/CHILD ABUSE","7"
"60","ASSAULT (IN PROGRESS): OTHER/TRANSIT","26"
"41","ASSAULT (PAST): SHOTS/INSIDE","1"
"90","ASSAULT (IN PROGRESS): OTHER/TRANSIT","34"
"63","ASSAULT (IN PROGRESS): SHOTS/SCHOOL","2"
"75","ASSAULT (PAST): KNIFE/OUTSIDE","16"
"69","ASSAULT (IN PROGRESS): OTHER/SCHOOL","8"
"67","ASSAULT (PAST): WEAPON/FAMILY","5"
"9","ASSAULT (PAST): OTHER/SCHOOL","8"
"68","ASSAULT (PAST): WEAPON/OUTSIDE","3"
"94","ASSAULT (IN PROGRESS): KNIFE/OUTSIDE","4"
"62","ASSAULT (IN PROGRESS): KNIFE/OUTSIDE","27"
"52","ASSAULT (PAST): WEAPON/FAMILY","9"
"42","ASSAULT (PAST): OTHER/OUTSIDE","105"
"69","ASSAULT (IN PROGRESS): SHOTS/TRANSIT","1"
"41","ASSAULT (IN PROGRESS): KNIFE/FAMILY","22"
"22","ASSAULT (IN PROGRESS): WEAPON/OUTSIDE","5"
"13","ASSAULT (PAST): KNIFE/INSIDE","34"
"75","ASSAULT (PAST): KNIFE/TRANSIT","2"
"111","ASSAULT (IN PROGRESS): OTHER/SCHOOL","10"
"5","ASSAULT (PAST): OTHER/TRANSIT","23"
"70","ASSAULT (IN PROGRESS): WEAPON/FAMILY","48"
"28","ASSAULT (IN PROGRESS): OTHER/TRANSIT","36"
"76","ASSAULT (IN PROGRESS): OTHER/SCHOOL","4"
"68","ASSAULT (IN PROGRESS): OTHER/OUTSIDE","181"
"25","ASSAULT (PAST): OTHER/SCHOOL","17"
"19","ASSAULT (IN PROGRESS): OTHER/TRANSIT","59"
"7","ASSAULT (PAST): OTHER/SCHOOL","6"
"44","ASSAULT (IN PROGRESS): OTHER/INSIDE","901"
"34","ASSAULT (PAST): KNIFE/FAMILY","1"
"73","ASSAULT (IN PROGRESS): OTHER/INSIDE","824"
"81","ASSAULT (IN PROGRESS): KNIFE/OUTSIDE","29"
"75","ASSAULT (IN PROGRESS): KNIFE/TRANSIT","7"
"90","ASSAULT (PAST): OTHER/SCHOOL","23"
"14","ASSAULT (PAST): OTHER/INSIDE","263"
"79","ASSAULT (IN PROGRESS): KNIFE/INSIDE","86"
"123","ASSAULT (IN PROGRESS): KNIFE/SCHOOL","1"
"100","ASSAULT (IN PROGRESS): SHOTS/TRANSIT","3"
"66","ASSAULT (PAST): OTHER/OUTSIDE","71"
"66","ASSAULT (IN PROGRESS): OTHER/INSIDE","173"
"71","ASSAULT (IN PROGRESS): OTHER/INSIDE","384"
"103","ASSAULT (PAST): OTHER/CHILD ABUSE","11"
"77","ASSAULT (IN PROGRESS): OTHER/TRANSIT","21"
"34","ASSAULT (IN PROGRESS): OTHER/OUTSIDE","283"
"18","ASSAULT (PAST): WEAPON/INSIDE","15"
"114","ASSAULT (PAST): KNIFE/INSIDE","34"
"40","ASSAULT (IN PROGRESS): OTHER/INSIDE","678"
"84","ASSAULT (IN PROGRESS): WEAPON/FAMILY","10"
"81","ASSAULT (PAST): OTHER/TRANSIT","11"
"101","ASSAULT (IN PROGRESS): WEAPON/FAMILY","47"
"34","ASSAULT (IN PROGRESS): SHOTS/TRANSIT","1"
"79","ASSAULT (PAST): SHOTS/INSIDE","9"
"94","ASSAULT (PAST): WEAPON/OUTSIDE","5"
"0","ASSAULT (IN PROGRESS): OTHER/OUTSIDE","1"
"46","ASSAULT (PAST): WEAPON/CHILD ABUSE","1"
"1","ASSAULT (IN PROGRESS): SHOTS/INSIDE","3"
"111","ASSAULT (PAST): OTHER/OUTSIDE","16"
"94","ASSAULT (IN PROGRESS): OTHER/OUTSIDE","158"
"34","ASSAULT (IN PROGRESS): WEAPON/OUTSIDE","41"
"114","ASSAULT (IN PROGRESS): KNIFE/SCHOOL","6"
"90","ASSAULT (PAST): OTHER/FAMILY","27"
"13","ASSAULT (PAST): WEAPON/INSIDE","22"
"60","ASSAULT (IN PROGRESS): WEAPON/FAMILY","31"
"114","ASSAULT (IN PROGRESS): WEAPON/TRANSIT","3"
"13","ASSAULT (IN PROGRESS): KNIFE/TRANSIT","9"
"72","ASSAULT (IN PROGRESS): WEAPON/INSIDE","29"
"20","ASSAULT (PAST): WEAPON/OUTSIDE","9"
"44","ASSAULT (IN PROGRESS): KNIFE/TRANSIT","5"
"49","ASSAULT (IN PROGRESS): OTHER/CHILD ABUSE","31"
"30","ASSAULT (PAST): KNIFE/INSIDE","3"
"107","ASSAULT (IN PROGRESS): OTHER/INSIDE","221"
"104","ASSAULT (IN PROGRESS): WEAPON/SCHOOL","2"
"102","ASSAULT (PAST): OTHER/SCHOOL","8"
"44","ASSAULT (IN PROGRESS): OTHER/FAMILY","943"
"40","ASSAULT (IN PROGRESS): WEAPON/OUTSIDE","105"
"68","ASSAULT (PAST): KNIFE/FAMILY","1"
"94","ASSAULT (IN PROGRESS): OTHER/FAMILY","113"
"110","ASSAULT (PAST): KNIFE/OUTSIDE","15"
"5","ASSAULT (IN PROGRESS): SHOTS/TRANSIT","1"
"46","ASSAULT (IN PROGRESS): WEAPON/LTD ACC HWY","1"
"32","ASSAULT (IN PROGRESS): KNIFE/INSIDE","34"
"32","ASSAULT (IN PROGRESS): OTHER/INSIDE","391"
"19","ASSAULT (IN PROGRESS): OTHER/SCHOOL","2"
"19","ASSAULT (PAST): KNIFE/OUTSIDE","5"
"45","ASSAULT (IN PROGRESS): OTHER/SCHOOL","20"
"1","ASSAULT (PAST): OTHER/CHILD ABUSE","4"
"50","ASSAULT (IN PROGRESS): WEAPON/OUTSIDE","38"
"90","ASSAULT (PAST): OTHER/INSIDE","104"
"66","ASSAULT (IN PROGRESS): OTHER/FAMILY","164"
"45","ASSAULT (IN PROGRESS): OTHER/OUTSIDE","214"
"84","ASSAULT (PAST): OTHER/FAMILY","30"
"70","ASSAULT (IN PROGRESS): OTHER/SCHOOL","9"
"6","ASSAULT (IN PROGRESS): WEAPON/TRANSIT","4"
"46","ASSAULT (IN PROGRESS): OTHER/SCHOOL","25"
"41","ASSAULT (IN PROGRESS): SHOTS/OUTSIDE","41"
"9","ASSAULT (PAST): OTHER/OUTSIDE","101"
"115","ASSAULT (IN PROGRESS): WEAPON/FAMILY","39"
"67","ASSAULT (IN PROGRESS): KNIFE/FAMILY","61"
"109","ASSAULT (IN PROGRESS): KNIFE/OUTSIDE","32"
"108","ASSAULT (IN PROGRESS): KNIFE/FAMILY","9"
"5","ASSAULT (PAST): OTHER/CHILD ABUSE","2"
"101","ASSAULT (IN PROGRESS): SHOTS/FAMILY","7"
"115","ASSAULT (IN PROGRESS): OTHER/SCHOOL","9"
"42","ASSAULT (IN PROGRESS): SHOTS/FAMILY","1"
"90","ASSAULT (IN PROGRESS): WEAPON/TRANSIT","2"
"73","ASSAULT (IN PROGRESS): OTHER/OUTSIDE","481"
"84","ASSAULT (IN PROGRESS): OTHER/LTD ACC HWY","1"
"24","ASSAULT (IN PROGRESS): WEAPON/FAMILY","12"
"44","ASSAULT (PAST): WEAPON/FAMILY","18"
"102","ASSAULT (IN PROGRESS): KNIFE/TRANSIT","1"
"47","ASSAULT (PAST): SHOTS/OUTSIDE","3"
"88","ASSAULT (IN PROGRESS): OTHER/OUTSIDE","166"
"107","ASSAULT (PAST): KNIFE/OUTSIDE","1"
"28","ASSAULT (IN PROGRESS): OTHER/CHILD ABUSE","24"
"13","ASSAULT (IN PROGRESS): OTHER/TRANSIT","77"
"79","ASSAULT (IN PROGRESS): WEAPON/CHILD","2"
"68","ASSAULT (IN PROGRESS): SHOTS/OUTSIDE","9"
"62","ASSAULT (IN PROGRESS): OTHER/INSIDE","164"
"68","ASSAULT (IN PROGRESS): KNIFE/OUTSIDE","14"
"46","ASSAULT (IN PROGRESS): WEAPON/FAMILY","71"
"14","ASSAULT (IN PROGRESS): WEAPON/TRANSIT","21"
"45","ASSAULT (IN PROGRESS): WEAPON/FAMILY","25"
"5","ASSAULT (PAST): KNIFE/OUTSIDE","4"
"121","ASSAULT (IN PROGRESS): WEAPON/CHILD","3"
"13","ASSAULT (IN PROGRESS): SHOTS/OUTSIDE","10"
"41","ASSAULT (IN PROGRESS): OTHER/CHILD ABUSE","29"
"78","ASSAULT (IN PROGRESS): WEAPON/FAMILY","3"
"32","ASSAULT (IN PROGRESS): OTHER/LTD ACC HWY","1"
"104","ASSAULT (IN PROGRESS): SHOTS/FAMILY","3"
"109","ASSAULT (IN PROGRESS): SHOTS/INSIDE","10"
"50","ASSAULT (PAST): SHOTS/OUTSIDE","4"
"123","ASSAULT (IN PROGRESS): WEAPON/INSIDE","4"
"50","ASSAULT (PAST): KNIFE/OUTSIDE","6"
"73","ASSAULT (PAST): SHOTS/INSIDE","4"
"23","ASSAULT (PAST): SHOTS/INSIDE","10"
"52","ASSAULT (PAST): SHOTS/OUTSIDE","4"
"14","ASSAULT (IN PROGRESS): KNIFE/TRANSIT","17"
"73","ASSAULT (IN PROGRESS): SHOTS/FAMILY","5"
"121","ASSAULT (IN PROGRESS): OTHER/LTD ACC HWY","5"
"123","ASSAULT (IN PROGRESS): SHOTS/INSIDE","1"
"105","ASSAULT (IN PROGRESS): SHOTS/INSIDE","8"
"111","ASSAULT (PAST): WEAPON/INSIDE","2"
"114","ASSAULT (IN PROGRESS): SHOTS/INSIDE","25"
"68","ASSAULT (IN PROGRESS): OTHER/CHILD ABUSE","6"
"75","ASSAULT (PAST): KNIFE/INSIDE","38"
"114","ASSAULT (PAST): OTHER/FAMILY","81"
"47","ASSAULT (IN PROGRESS): OTHER/FAMILY","971"
"115","ASSAULT (IN PROGRESS): WEAPON/INSIDE","46"
"61","ASSAULT (IN PROGRESS): OTHER/LTD ACC HWY","1"
"60","ASSAULT (PAST): WEAPON/OUTSIDE","9"
"17","ASSAULT (IN PROGRESS): WEAPON/TRANSIT","6"
"112","ASSAULT (PAST): OTHER/CHILD ABUSE","6"
"78","ASSAULT (PAST): OTHER/CHILD ABUSE","4"
"1","ASSAULT (PAST): KNIFE/OUTSIDE","3"
"61","ASSAULT (IN PROGRESS): SHOTS/FAMILY","3"
"1","ASSAULT (PAST): OTHER/SCHOOL","6"
"48","ASSAULT (IN PROGRESS): SHOTS/OUTSIDE","41"
"79","ASSAULT (PAST): KNIFE/FAMILY","2"
"33","ASSAULT (IN PROGRESS): OTHER/CHILD ABUSE","8"
"62","ASSAULT (IN PROGRESS): OTHER/OUTSIDE","259"
"77","ASSAULT (IN PROGRESS): KNIFE/INSIDE","44"
"6","ASSAULT (IN PROGRESS): OTHER/INSIDE","158"
"107","ASSAULT (PAST): WEAPON/CHILD ABUSE","1"
"71","ASSAULT (PAST): KNIFE/TRANSIT","1"
"28","ASSAULT (PAST): WEAPON/INSIDE","16"
"14","ASSAULT (IN PROGRESS): WEAPON/OUTSIDE","112"
"115","ASSAULT (IN PROGRESS): OTHER/FAMILY","556"
"5","ASSAULT (IN PROGRESS): OTHER/SCHOOL","8"
"33","ASSAULT (PAST): WEAPON/OUTSIDE","11"
"71","ASSAULT (PAST): WEAPON/INSIDE","27"
"94","ASSAULT (IN PROGRESS): OTHER/SCHOOL","6"
"101","ASSAULT (IN PROGRESS): OTHER/TRANSIT","13"
"69","ASSAULT (IN PROGRESS): OTHER/OUTSIDE","143"
"6","ASSAULT (PAST): OTHER/OUTSIDE","79"
"81","ASSAULT (PAST): KNIFE/FAMILY","5"
"112","ASSAULT (PAST): OTHER/INSIDE","85"
"9","ASSAULT (IN PROGRESS): OTHER/TRANSIT","25"
"79","ASSAULT (PAST): OTHER/OUTSIDE","89"
"40","ASSAULT (IN PROGRESS): OTHER/SCHOOL","33"
"5","ASSAULT (PAST): SHOTS/FAMILY","1"
"102","ASSAULT (PAST): WEAPON/OUTSIDE","14"
"60","ASSAULT (IN PROGRESS): OTHER/CHILD ABUSE","22"
"44","ASSAULT (IN PROGRESS): WEAPON/TRANSIT","4"
"66","ASSAULT (PAST): OTHER/TRANSIT","10"
"34","ASSAULT (PAST): WEAPON/INSIDE","13"
"62","ASSAULT (PAST): OTHER/TRANSIT","14"
"79","ASSAULT (PAST): WEAPON/FAMILY","1"
"69","ASSAULT (PAST): OTHER/OUTSIDE","41"
"72","ASSAULT (IN PROGRESS): OTHER/SCHOOL","11"
"115","ASSAULT (IN PROGRESS): OTHER/TRANSIT","43"
"43","ASSAULT (PAST): OTHER/INSIDE","265"
"42","ASSAULT (PAST): OTHER/TRANSIT","4"
"47","ASSAULT (PAST): KNIFE/INSIDE","33"
"113","ASSAULT (PAST): OTHER/OUTSIDE","44"
"25","ASSAULT (IN PROGRESS): WEAPON/CHILD","2"
"68","ASSAULT (PAST): WEAPON/FAMILY","1"
"81","ASSAULT (PAST): OTHER/INSIDE","230"
"20","ASSAULT (PAST): OTHER/OUTSIDE","36"
"26","ASSAULT (IN PROGRESS): OTHER/FAMILY","102"
"52","ASSAULT (IN PROGRESS): WEAPON/LTD ACC HWY","1"
"77","ASSAULT (IN PROGRESS): OTHER/SCHOOL","14"
"34","ASSAULT (IN PROGRESS): SHOTS/INSIDE","27"
"90","ASSAULT (PAST): OTHER/TRANSIT","6"
"79","ASSAULT (IN PROGRESS): KNIFE/TRANSIT","4"
"5","ASSAULT (IN PROGRESS): OTHER/FAMILY","68"
"9","ASSAULT (PAST): KNIFE/INSIDE","11"
"7","ASSAULT (IN PROGRESS): OTHER/LTD ACC HWY","1"
"72","ASSAULT (PAST): KNIFE/OUTSIDE","5"
"73","ASSAULT (IN PROGRESS): KNIFE/INSIDE","104"
"43","ASSAULT (PAST): SHOTS/INSIDE","5"
"7","ASSAULT (PAST): WEAPON/TRANSIT","1"
"7","ASSAULT (IN PROGRESS): OTHER/SCHOOL","9"
"76","ASSAULT (PAST): KNIFE/INSIDE","2"
"71","ASSAULT (PAST): WEAPON/OUTSIDE","14"
"23","ASSAULT (IN PROGRESS): KNIFE/OUTSIDE","23"
"49","ASSAULT (PAST): OTHER/INSIDE","297"
"114","ASSAULT (PAST): WEAPON/SCHOOL","6"
"10","ASSAULT (PAST): OTHER/FAMILY","27"
"45","ASSAULT (PAST): OTHER/LTD ACC HWY","1"
"42","ASSAULT (PAST): SHOTS/INSIDE","8"
"112","ASSAULT (IN PROGRESS): WEAPON/OUTSIDE","16"
"90","ASSAULT (IN PROGRESS): SHOTS/SCHOOL","1"
"23","ASSAULT (PAST): SHOTS/FAMILY","1"
"78","ASSAULT (IN PROGRESS): SHOTS/FAMILY","1"
"115","ASSAULT (PAST): OTHER/INSIDE","169"
"30","ASSAULT (PAST): KNIFE/OUTSIDE","8"
"102","ASSAULT (PAST): WEAPON/SCHOOL","2"
"122","ASSAULT (PAST): OTHER/FAMILY","42"
"122","ASSAULT (IN PROGRESS): SHOTS/INSIDE","6"
"43","ASSAULT (IN PROGRESS): OTHER/CHILD ABUSE","47"
"45","ASSAULT (IN PROGRESS): OTHER/CHILD ABUSE","23"
"20","ASSAULT (PAST): OTHER/FAMILY","17"
"14","ASSAULT (IN PROGRESS): SHOTS/INSIDE","7"
"52","ASSAULT (IN PROGRESS): WEAPON/CHILD","5"
"30","ASSAULT (PAST): WEAPON/OUTSIDE","5"
"113","ASSAULT (IN PROGRESS): WEAPON/OUTSIDE","44"
"13","ASSAULT (IN PROGRESS): OTHER/FAMILY","102"
"102","ASSAULT (PAST): KNIFE/INSIDE","44"
"63","ASSAULT (IN PROGRESS): WEAPON/INSIDE","22"
"103","ASSAULT (PAST): SHOTS/INSIDE","1"
"113","ASSAULT (IN PROGRESS): OTHER/CHILD ABUSE","21"
"67","ASSAULT (PAST): OTHER/INSIDE","277"
"23","ASSAULT (IN PROGRESS): KNIFE/INSIDE","26"
"48","ASSAULT (PAST): OTHER/INSIDE","399"
"78","ASSAULT (IN PROGRESS): WEAPON/INSIDE","30"
"122","ASSAULT (IN PROGRESS): OTHER/SCHOOL","17"
"121","ASSAULT (PAST): OTHER/OUTSIDE","51"
"61","ASSAULT (IN PROGRESS): KNIFE/INSIDE","20"
"75","ASSAULT (PAST): OTHER/INSIDE","463"
"123","ASSAULT (IN PROGRESS): OTHER/FAMILY","104"
"49","ASSAULT (PAST): SHOTS/OUTSIDE","4"
"120","ASSAULT (IN PROGRESS): OTHER/SCHOOL","32"
"114","ASSAULT (IN PROGRESS): OTHER/TRANSIT","53"
"115","ASSAULT (IN PROGRESS): SHOTS/INSIDE","9"
"100","ASSAULT (IN PROGRESS): WEAPON/TRANSIT","1"
"66","ASSAULT (IN PROGRESS): KNIFE/INSIDE","16"
"101","ASSAULT (PAST): OTHER/INSIDE","172"
"60","ASSAULT (IN PROGRESS): KNIFE/INSIDE","34"
"88","ASSAULT (IN PROGRESS): SHOTS/OUTSIDE","16"
"48","ASSAULT (PAST): SHOTS/OUTSIDE","4"
"33","ASSAULT (PAST): OTHER/OUTSIDE","65"
"30","ASSAULT (IN PROGRESS): OTHER/FAMILY","160"
"69","ASSAULT (IN PROGRESS): KNIFE/TRANSIT","1"
"100","ASSAULT (PAST): OTHER/TRANSIT","4"
"104","ASSAULT (IN PROGRESS): OTHER/CHILD ABUSE","10"
"122","ASSAULT (IN PROGRESS): KNIFE/INSIDE","20"
"19","ASSAULT (PAST): SHOTS/OUTSIDE","1"
"46","ASSAULT (IN PROGRESS): SHOTS/OUTSIDE","82"
"32","ASSAULT (IN PROGRESS): SHOTS/INSIDE","12"
"41","ASSAULT (IN PROGRESS): OTHER/FAMILY","346"
"47","ASSAULT (PAST): SHOTS/FAMILY","1"
"84","ASSAULT (IN PROGRESS): OTHER/CHILD ABUSE","6"
"88","ASSAULT (IN PROGRESS): SHOTS/INSIDE","8"
"19","ASSAULT (IN PROGRESS): WEAPON/OUTSIDE","38"
"109","ASSAULT (IN PROGRESS): OTHER/SCHOOL","12"
"79","ASSAULT (IN PROGRESS): SHOTS/FAMILY","7"
"72","ASSAULT (IN PROGRESS): SHOTS/OUTSIDE","12"
"1","ASSAULT (IN PROGRESS): SHOTS/OUTSIDE","6"
"28","ASSAULT (PAST): OTHER/OUTSIDE","88"
"106","ASSAULT (IN PROGRESS): SHOTS/INSIDE","5"
"76","ASSAULT (IN PROGRESS): KNIFE/OUTSIDE","6"
"106","ASSAULT (PAST): WEAPON/CHILD ABUSE","1"
"112","ASSAULT (PAST): WEAPON/OUTSIDE","2"
"76","ASSAULT (IN PROGRESS): WEAPON/INSIDE","9"
"120","ASSAULT (IN PROGRESS): WEAPON/INSIDE","59"
"33","ASSAULT (PAST): OTHER/TRANSIT","16"
"71","ASSAULT (IN PROGRESS): WEAPON/CHILD","1"
"44","ASSAULT (IN PROGRESS): WEAPON/SCHOOL","2"
"66","ASSAULT (PAST): WEAPON/FAMILY","1"
"79","ASSAULT (PAST): KNIFE/INSIDE","10"
"41","ASSAULT (PAST): OTHER/CHILD ABUSE","9"
"6","ASSAULT (PAST): OTHER/CHILD ABUSE","2"
"44","ASSAULT (IN PROGRESS): WEAPON/CHILD","2"
"9","ASSAULT (IN PROGRESS): OTHER/FAMILY","142"
"122","ASSAULT (IN PROGRESS): WEAPON/LTD ACC HWY","1"
"28","ASSAULT (IN PROGRESS): OTHER/INSIDE","267"
"70","ASSAULT (PAST): SHOTS/FAMILY","1"
"115","ASSAULT (PAST): KNIFE/INSIDE","5"
"107","ASSAULT (PAST): WEAPON/TRANSIT","2"
"62","ASSAULT (PAST): OTHER/FAMILY","34"
"73","ASSAULT (IN PROGRESS): WEAPON/CHILD","7"
"105","ASSAULT (IN PROGRESS): WEAPON/FAMILY","41"
"110","ASSAULT (PAST): OTHER/CHILD ABUSE","11"
"81","ASSAULT (PAST): KNIFE/OUTSIDE","9"
"78","ASSAULT (PAST): OTHER/OUTSIDE","46"
"88","ASSAULT (PAST): OTHER/FAMILY","26"
"72","ASSAULT (IN PROGRESS): OTHER/LTD ACC HWY","2"
"19","ASSAULT (IN PROGRESS): WEAPON/FAMILY","5"
"22","ASSAULT (IN PROGRESS): OTHER/OUTSIDE","29"
"5","ASSAULT (PAST): SHOTS/OUTSIDE","2"
"28","ASSAULT (IN PROGRESS): KNIFE/INSIDE","23"
"50","ASSAULT (IN PROGRESS): WEAPON/LTD ACC HWY","2"
"13","ASSAULT (PAST): SHOTS/OUTSIDE","1"
"62","ASSAULT (IN PROGRESS): OTHER/CHILD ABUSE","14"
"108","ASSAULT (IN PROGRESS): OTHER/CHILD ABUSE","4"
"70","ASSAULT (IN PROGRESS): KNIFE/OUTSIDE","53"
"41","ASSAULT (PAST): SHOTS/OUTSIDE","3"
"61","ASSAULT (IN PROGRESS): OTHER/INSIDE","213"
"26","ASSAULT (IN PROGRESS): OTHER/TRANSIT","23"
"79","ASSAULT (PAST): OTHER/CHILD ABUSE","3"
"111","ASSAULT (PAST): OTHER/SCHOOL","21"
"111","ASSAULT (IN PROGRESS): WEAPON/FAMILY","7"
"113","ASSAULT (PAST): OTHER/CHILD ABUSE","22"
"110","ASSAULT (PAST): KNIFE/INSIDE","47"
"107","ASSAULT (IN PROGRESS): KNIFE/CHILD ABUSE","1"
"81","ASSAULT (IN PROGRESS): OTHER/CHILD ABUSE","22"
"44","ASSAULT (PAST): WEAPON/INSIDE","43"
"106","ASSAULT (IN PROGRESS): OTHER/INSIDE","214"
"42","ASSAULT (IN PROGRESS): OTHER/INSIDE","638"
"44","ASSAULT (IN PROGRESS): WEAPON/INSIDE","143"
"10","ASSAULT (PAST): OTHER/CHILD ABUSE","9"
"73","ASSAULT (PAST): KNIFE/INSIDE","26"
"42","ASSAULT (PAST): OTHER/SCHOOL","43"
"112","ASSAULT (PAST): WEAPON/LTD ACC HWY","1"
"5","ASSAULT (IN PROGRESS): OTHER/INSIDE","198"
"83","ASSAULT (IN PROGRESS): OTHER/OUTSIDE","391"
"44","ASSAULT (PAST): OTHER/TRANSIT","32"
"113","ASSAULT (IN PROGRESS): SHOTS/OUTSIDE","40"
"73","ASSAULT (IN PROGRESS): SHOTS/SCHOOL","1"
"73","ASSAULT (IN PROGRESS): OTHER/TRANSIT","57"
"60","ASSAULT (PAST): KNIFE/INSIDE","26"
"94","ASSAULT (IN PROGRESS): OTHER/TRANSIT","23"
"45","ASSAULT (IN PROGRESS): WEAPON/LTD ACC HWY","1"
"100","ASSAULT (IN PROGRESS): WEAPON/OUTSIDE","14"
"25","ASSAULT (PAST): WEAPON/INSIDE","20"
"70","ASSAULT (IN PROGRESS): WEAPON/INSIDE","57"
"68","ASSAULT (IN PROGRESS): SHOTS/INSIDE","6"
"44","ASSAULT (IN PROGRESS): WEAPON/FAMILY","96"
"81","ASSAULT (IN PROGRESS): SHOTS/INSIDE","22"
"40","ASSAULT (IN PROGRESS): KNIFE/FAMILY","51"
"5","ASSAULT (IN PROGRESS): OTHER/OUTSIDE","245"
"7","ASSAULT (IN PROGRESS): WEAPON/OUTSIDE","31"
"81","ASSAULT (PAST): SHOTS/OUTSIDE","4"
"76","ASSAULT (IN PROGRESS): KNIFE/FAMILY","6"
"42","ASSAULT (IN PROGRESS): SHOTS/OUTSIDE","65"
"62","ASSAULT (PAST): WEAPON/FAMILY","3"
"22","ASSAULT (PAST): OTHER/OUTSIDE","5"
"114","ASSAULT (IN PROGRESS): WEAPON/OUTSIDE","79"
"14","ASSAULT (IN PROGRESS): OTHER/INSIDE","465"
"77","ASSAULT (IN PROGRESS): SHOTS/INSIDE","41"
"30","ASSAULT (PAST): OTHER/SCHOOL","5"
"48","ASSAULT (PAST): WEAPON/OUTSIDE","35"
"108","ASSAULT (PAST): WEAPON/TRANSIT","2"
"78","ASSAULT (IN PROGRESS): OTHER/SCHOOL","5"
"20","ASSAULT (IN PROGRESS): OTHER/FAMILY","75"
"18","ASSAULT (PAST): WEAPON/OUTSIDE","15"
"112","ASSAULT (PAST): KNIFE/INSIDE","3"
"72","ASSAULT (PAST): KNIFE/INSIDE","13"
"44","ASSAULT (PAST): SHOTS/INSIDE","25"
"62","ASSAULT (IN PROGRESS): WEAPON/FAMILY","16"
"81","ASSAULT (PAST): SHOTS/INSIDE","14"
"60","ASSAULT (IN PROGRESS): OTHER/INSIDE","355"
"46","ASSAULT (IN PROGRESS): WEAPON/TRANSIT","14"
"75","ASSAULT (IN PROGRESS): WEAPON/SCHOOL","7"
"114","ASSAULT (PAST): OTHER/OUTSIDE","142"
"44","ASSAULT (PAST): OTHER/CHILD ABUSE","24"
"48","ASSAULT (IN PROGRESS): KNIFE/OUTSIDE","81"
"81","ASSAULT (IN PROGRESS): KNIFE/FAMILY","28"
"104","ASSAULT (PAST): WEAPON/INSIDE","9"
"1","ASSAULT (PAST): OTHER/TRANSIT","84"
"90","ASSAULT (IN PROGRESS): SHOTS/OUTSIDE","18"
"20","ASSAULT (PAST): WEAPON/TRANSIT","2"
"88","ASSAULT (IN PROGRESS): WEAPON/FAMILY","8"
"76","ASSAULT (IN PROGRESS): OTHER/INSIDE","70"
"50","ASSAULT (IN PROGRESS): KNIFE/TRANSIT","2"
"106","ASSAULT (IN PROGRESS): WEAPON/TRANSIT","1"
"81","ASSAULT (PAST): KNIFE/INSIDE","44"
"66","ASSAULT (IN PROGRESS): WEAPON/TRANSIT","2"
"52","ASSAULT (IN PROGRESS): KNIFE/INSIDE","76"
"120","ASSAULT (PAST): KNIFE/OUTSIDE","5"
"14","ASSAULT (PAST): KNIFE/INSIDE","13"
"41","ASSAULT (PAST): KNIFE/FAMILY","3"
"73","ASSAULT (PAST): OTHER/INSIDE","350"
"90","ASSAULT (IN PROGRESS): KNIFE/SCHOOL","2"
"44","ASSAULT (PAST): SHOTS/CHILD ABUSE","1"
"47","ASSAULT (IN PROGRESS): OTHER/SCHOOL","17"
"102","ASSAULT (IN PROGRESS): OTHER/LTD ACC HWY","2"
"60","ASSAULT (PAST): OTHER/TRANSIT","25"
"40","ASSAULT (IN PROGRESS): SHOTS/FAMILY","1"
"70","ASSAULT (PAST): OTHER/OUTSIDE","75"
"114","ASSAULT (IN PROGRESS): SHOTS/FAMILY","1"
"25","ASSAULT (PAST): KNIFE/FAMILY","1"
"107","ASSAULT (PAST): WEAPON/FAMILY","2"
"67","ASSAULT (IN PROGRESS): OTHER/FAMILY","701"
"73","ASSAULT (PAST): OTHER/SCHOOL","31"
"84","ASSAULT (IN PROGRESS): WEAPON/SCHOOL","1"
"32","ASSAULT (IN PROGRESS): KNIFE/SCHOOL","2"
"106","ASSAULT (PAST): KNIFE/OUTSIDE","1"
"7","ASSAULT (PAST): WEAPON/FAMILY","2"
"105","ASSAULT (PAST): WEAPON/SCHOOL","1"
"41","ASSAULT (IN PROGRESS): WEAPON/LTD ACC HWY","2"
"43","ASSAULT (IN PROGRESS): OTHER/TRANSIT","21"
"72","ASSAULT (PAST): OTHER/FAMILY","33"
"122","ASSAULT (IN PROGRESS): SHOTS/OUTSIDE","4"
"6","ASSAULT (PAST): WEAPON/OUTSIDE","9"
"103","ASSAULT (PAST): WEAPON/CHILD ABUSE","2"
"70","ASSAULT (IN PROGRESS): WEAPON/CHILD","1"
"52","ASSAULT (PAST): WEAPON/TRANSIT","2"
"24","ASSAULT (PAST): OTHER/CHILD ABUSE","6"
"108","ASSAULT (IN PROGRESS): WEAPON/TRANSIT","4"
"110","ASSAULT (IN PROGRESS): KNIFE/TRANSIT","5"
"7","ASSAULT (IN PROGRESS): OTHER/TRANSIT","23"
"120","ASSAULT (IN PROGRESS): OTHER/FAMILY","544"
"9","ASSAULT (IN PROGRESS): OTHER/OUTSIDE","387"
"50","ASSAULT (IN PROGRESS): SHOTS/FAMILY","3"
"6","ASSAULT (PAST): KNIFE/INSIDE","5"
"44","ASSAULT (IN PROGRESS): OTHER/TRANSIT","52"
"67","ASSAULT (PAST): SHOTS/FAMILY","1"
"88","ASSAULT (IN PROGRESS): WEAPON/INSIDE","27"
"67","ASSAULT (IN PROGRESS): OTHER/SCHOOL","8"
"43","ASSAULT (IN PROGRESS): WEAPON/FAMILY","71"
"47","ASSAULT (IN PROGRESS): SHOTS/TRANSIT","1"
"44","ASSAULT (PAST): WEAPON/SCHOOL","2"
"62","ASSAULT (IN PROGRESS): SHOTS/FAMILY","2"
"14","ASSAULT (PAST): SHOTS/OUTSIDE","1"
"42","ASSAULT (IN PROGRESS): OTHER/CHILD ABUSE","45"
"9","ASSAULT (IN PROGRESS): WEAPON/OUTSIDE","59"
"50","ASSAULT (IN PROGRESS): OTHER/CHILD ABUSE","20"
"10","ASSAULT (IN PROGRESS): OTHER/SCHOOL","5"
"112","ASSAULT (IN PROGRESS): OTHER/FAMILY","140"
"34","ASSAULT (IN PROGRESS): WEAPON/INSIDE","39"
"7","ASSAULT (IN PROGRESS): OTHER/CHILD ABUSE","8"
"79","ASSAULT (IN PROGRESS): OTHER/FAMILY","366"
"70","ASSAULT (PAST): OTHER/INSIDE","207"
"120","ASSAULT (PAST): OTHER/SCHOOL","21"
"83","ASSAULT (PAST): OTHER/SCHOOL","20"
"78","ASSAULT (PAST): SHOTS/INSIDE","2"
"24","ASSAULT (IN PROGRESS): SHOTS/INSIDE","5"
"24","ASSAULT (PAST): WEAPON/FAMILY","1"
"110","ASSAULT (PAST): OTHER/FAMILY","107"
"68","ASSAULT (IN PROGRESS): OTHER/LTD ACC HWY","2"
"61","ASSAULT (IN PROGRESS): OTHER/CHILD ABUSE","19"
"17","ASSAULT (PAST): OTHER/INSIDE","119"
"88","ASSAULT (PAST): OTHER/SCHOOL","16"
"34","ASSAULT (PAST): WEAPON/OUTSIDE","16"
"60","ASSAULT (PAST): OTHER/OUTSIDE","85"
"84","ASSAULT (PAST): SHOTS/OUTSIDE","5"
"103","ASSAULT (PAST): WEAPON/SCHOOL","3"
"112","ASSAULT (IN PROGRESS): OTHER/INSIDE","121"
"48","ASSAULT (PAST): OTHER/OUTSIDE","122"
"25","ASSAULT (IN PROGRESS): OTHER/LTD ACC HWY","3"
"14","ASSAULT (PAST): OTHER/SCHOOL","4"
"75","ASSAULT (IN PROGRESS): KNIFE/INSIDE","108"
"106","ASSAULT (IN PROGRESS): OTHER/FAMILY","385"
"41","ASSAULT (IN PROGRESS): WEAPON/OUTSIDE","34"
"75","ASSAULT (IN PROGRESS): OTHER/CHILD ABUSE","87"
"47","ASSAULT (IN PROGRESS): SHOTS/FAMILY","3"
"18","ASSAULT (IN PROGRESS): KNIFE/FAMILY","4"
"19","ASSAULT (IN PROGRESS): KNIFE/OUTSIDE","8"
"78","ASSAULT (PAST): WEAPON/FAMILY","1"
"50","ASSAULT (IN PROGRESS): KNIFE/FAMILY","19"
"50","ASSAULT (IN PROGRESS): OTHER/TRANSIT","7"
"18","ASSAULT (PAST): WEAPON/FAMILY","1"
"50","ASSAULT (IN PROGRESS): WEAPON/CHILD","4"
"76","ASSAULT (IN PROGRESS): SHOTS/OUTSIDE","22"
"25","ASSAULT (IN PROGRESS): KNIFE/INSIDE","44"
"108","ASSAULT (PAST): OTHER/OUTSIDE","72"
"67","ASSAULT (IN PROGRESS): KNIFE/CHILD ABUSE","2"
"66","ASSAULT (PAST): OTHER/INSIDE","141"
"25","ASSAULT (IN PROGRESS): OTHER/OUTSIDE","332"
"110","ASSAULT (IN PROGRESS): WEAPON/INSIDE","65"
"90","ASSAULT (IN PROGRESS): WEAPON/SCHOOL","2"
"5","ASSAULT (PAST): WEAPON/INSIDE","7"
"44","ASSAULT (PAST): KNIFE/OUTSIDE","17"
"10","ASSAULT (PAST): OTHER/SCHOOL","15"
"48","ASSAULT (PAST): WEAPON/SCHOOL","1"
"102","ASSAULT (IN PROGRESS): WEAPON/OUTSIDE","56"
"109","ASSAULT (PAST): OTHER/SCHOOL","25"
"19","ASSAULT (PAST): OTHER/CHILD ABUSE","5"
"33","ASSAULT (PAST): KNIFE/FAMILY","1"
"78","ASSAULT (PAST): KNIFE/OUTSIDE","7"
"9","ASSAULT (PAST): WEAPON/OUTSIDE","19"
"43","ASSAULT (IN PROGRESS): WEAPON/CHILD","6"
"76","ASSAULT (IN PROGRESS): OTHER/FAMILY","86"
"78","ASSAULT (IN PROGRESS): SHOTS/INSIDE","4"
"94","ASSAULT (IN PROGRESS): KNIFE/FAMILY","2"
"105","ASSAULT (IN PROGRESS): OTHER/CHILD ABUSE","27"
"46","ASSAULT (IN PROGRESS): OTHER/INSIDE","780"
"75","ASSAULT (PAST): WEAPON/FAMILY","7"
"108","ASSAULT (PAST): OTHER/CHILD ABUSE","13"
"6","ASSAULT (IN PROGRESS): OTHER/TRANSIT","54"
"106","ASSAULT (IN PROGRESS): WEAPON/INSIDE","43"
"49","ASSAULT (IN PROGRESS): SHOTS/INSIDE","14"
"77","ASSAULT (PAST): SHOTS/INSIDE","1"
"14","ASSAULT (IN PROGRESS): SHOTS/TRANSIT","2"
"100","ASSAULT (IN PROGRESS): OTHER/INSIDE","138"
"41","ASSAULT (PAST): WEAPON/OUTSIDE","7"
"9","ASSAULT (IN PROGRESS): OTHER/INSIDE","301"
"20","ASSAULT (IN PROGRESS): OTHER/SCHOOL","9"
"90","ASSAULT (PAST): SHOTS/INSIDE","1"
"106","ASSAULT (PAST): OTHER/OUTSIDE","60"
"13","ASSAULT (IN PROGRESS): KNIFE/OUTSIDE","29"
"49","ASSAULT (PAST): OTHER/FAMILY","87"
"68","ASSAULT (IN PROGRESS): KNIFE/INSIDE","13"
"25","ASSAULT (IN PROGRESS): WEAPON/TRANSIT","1"
"109","ASSAULT (IN PROGRESS): WEAPON/FAMILY","31"
"46","ASSAULT (IN PROGRESS): KNIFE/OUTSIDE","109"
"110","ASSAULT (PAST): WEAPON/FAMILY","4"
"104","ASSAULT (PAST): WEAPON/LTD ACC HWY","1"
"44","ASSAULT (PAST): KNIFE/TRANSIT","1"
"88","ASSAULT (PAST): OTHER/CHILD ABUSE","5"
"63","ASSAULT (IN PROGRESS): KNIFE/FAMILY","15"
"46","ASSAULT (PAST): OTHER/FAMILY","147"
"50","ASSAULT (IN PROGRESS): KNIFE/INSIDE","28"
"81","ASSAULT (IN PROGRESS): OTHER/FAMILY","316"
"90","ASSAULT (IN PROGRESS): OTHER/FAMILY","204"
"32","ASSAULT (PAST): KNIFE/INSIDE","43"
"77","ASSAULT (IN PROGRESS): SHOTS/FAMILY","13"
"112","ASSAULT (PAST): WEAPON/INSIDE","4"
"26","ASSAULT (PAST): KNIFE/FAMILY","1"
"67","ASSAULT (IN PROGRESS): KNIFE/INSIDE","93"
"100","ASSAULT (IN PROGRESS): WEAPON/CHILD","1"
"30","ASSAULT (IN PROGRESS): WEAPON/TRANSIT","2"
"17","ASSAULT (PAST): KNIFE/INSIDE","3"
"41","ASSAULT (PAST): OTHER/TRANSIT","4"
"106","ASSAULT (PAST): KNIFE/FAMILY","1"
"26","ASSAULT (IN PROGRESS): OTHER/OUTSIDE","105"
"63","ASSAULT (PAST): KNIFE/OUTSIDE","2"
"60","ASSAULT (IN PROGRESS): KNIFE/OUTSIDE","30"
"72","ASSAULT (PAST): OTHER/TRANSIT","12"
"20","ASSAULT (IN PROGRESS): SHOTS/OUTSIDE","4"
"34","ASSAULT (PAST): OTHER/INSIDE","142"
"63","ASSAULT (IN PROGRESS): SHOTS/INSIDE","17"
"105","ASSAULT (PAST): OTHER/FAMILY","89"
"26","ASSAULT (PAST): KNIFE/OUTSIDE","2"
"84","ASSAULT (PAST): OTHER/TRANSIT","55"
"17","ASSAULT (PAST): KNIFE/TRANSIT","2"
"111","ASSAULT (PAST): KNIFE/FAMILY","1"
"68","ASSAULT (IN PROGRESS): KNIFE/FAMILY","6"
"105","ASSAULT (IN PROGRESS): KNIFE/INSIDE","26"
"104","ASSAULT (IN PROGRESS): KNIFE/INSIDE","19"
"114","ASSAULT (IN PROGRESS): OTHER/LTD ACC HWY","1"
"13","ASSAULT (IN PROGRESS): OTHER/CHILD ABUSE","13"
"122","ASSAULT (IN PROGRESS): OTHER/CHILD ABUSE","17"
"115","ASSAULT (IN PROGRESS): OTHER/INSIDE","362"
"61","ASSAULT (IN PROGRESS): WEAPON/FAMILY","16"
"47","ASSAULT (PAST): OTHER/SCHOOL","31"
"110","ASSAULT (IN PROGRESS): SHOTS/LTD ACC HWY","2"
"72","ASSAULT (IN PROGRESS): KNIFE/INSIDE","19"
"106","ASSAULT (IN PROGRESS): OTHER/OUTSIDE","302"
"22","ASSAULT (IN PROGRESS): OTHER/CHILD ABUSE","1"
"72","ASSAULT (IN PROGRESS): WEAPON/FAMILY","17"
"50","ASSAULT (PAST): OTHER/TRANSIT","1"
"25","ASSAULT (PAST): OTHER/INSIDE","160"
"111","ASSAULT (IN PROGRESS): SHOTS/FAMILY","1"
"108","ASSAULT (IN PROGRESS): KNIFE/SCHOOL","1"
"52","ASSAULT (PAST): KNIFE/TRANSIT","3"
"100","ASSAULT (IN PROGRESS): OTHER/CHILD ABUSE","3"
"112","ASSAULT (IN PROGRESS): SHOTS/INSIDE","9"
"83","ASSAULT (PAST): KNIFE/SCHOOL","2"
"44","ASSAULT (IN PROGRESS): OTHER/LTD ACC HWY","2"
"61","ASSAULT (PAST): WEAPON/INSIDE","8"
"120","ASSAULT (IN PROGRESS): OTHER/OUTSIDE","334"
"22","ASSAULT (IN PROGRESS): OTHER/INSIDE","3"
"32","ASSAULT (PAST): OTHER/FAMILY","68"
"107","ASSAULT (IN PROGRESS): KNIFE/SCHOOL","6"
"69","ASSAULT (PAST): WEAPON/FAMILY","3"
"6","ASSAULT (IN PROGRESS): KNIFE/INSIDE","9"
"23","ASSAULT (PAST): OTHER/SCHOOL","28"
"34","ASSAULT (IN PROGRESS): KNIFE/SCHOOL","5"
"94","ASSAULT (PAST): OTHER/CHILD ABUSE","1"
"43","ASSAULT (IN PROGRESS): OTHER/SCHOOL","21"
"71","ASSAULT (PAST): SHOTS/INSIDE","13"
"88","ASSAULT (IN PROGRESS): WEAPON/LTD ACC HWY","1"
"42","ASSAULT (IN PROGRESS): KNIFE/SCHOOL","4"
"79","ASSAULT (IN PROGRESS): OTHER/OUTSIDE","302"
"26","ASSAULT (PAST): OTHER/FAMILY","30"
"68","ASSAULT (IN PROGRESS): WEAPON/TRANSIT","1"
"9","ASSAULT (PAST): KNIFE/OUTSIDE","2"
"105","ASSAULT (PAST): WEAPON/FAMILY","5"
"5","ASSAULT (IN PROGRESS): KNIFE/SCHOOL","4"
"107","ASSAULT (IN PROGRESS): KNIFE/INSIDE","13"
"52","ASSAULT (IN PROGRESS): WEAPON/OUTSIDE","126"
"102","ASSAULT (PAST): OTHER/TRANSIT","6"
"108","ASSAULT (PAST): WEAPON/FAMILY","6"
"78","ASSAULT (PAST): KNIFE/INSIDE","9"
"13","ASSAULT (PAST): OTHER/FAMILY","32"
"70","ASSAULT (IN PROGRESS): OTHER/FAMILY","351"
"33","ASSAULT (PAST): KNIFE/TRANSIT","1"
"112","ASSAULT (IN PROGRESS): WEAPON/FAMILY","13"
"114","ASSAULT (IN PROGRESS): WEAPON/SCHOOL","3"
"81","ASSAULT (PAST): OTHER/FAMILY","45"
"109","ASSAULT (IN PROGRESS): KNIFE/FAMILY","20"
"71","ASSAULT (PAST): KNIFE/FAMILY","3"
"78","ASSAULT (IN PROGRESS): OTHER/LTD ACC HWY","2"
"109","ASSAULT (PAST): OTHER/OUTSIDE","108"
"45","ASSAULT (PAST): OTHER/CHILD ABUSE","7"
"115","ASSAULT (IN PROGRESS): WEAPON/SCHOOL","5"
"122","ASSAULT (IN PROGRESS): SHOTS/FAMILY","1"
"88","ASSAULT (PAST): WEAPON/TRANSIT","2"
"23","ASSAULT (IN PROGRESS): WEAPON/INSIDE","42"
"81","ASSAULT (PAST): WEAPON/TRANSIT","1"
"49","ASSAULT (PAST): WEAPON/INSIDE","22"
"122","ASSAULT (IN PROGRESS): KNIFE/OUTSIDE","7"
"69","ASSAULT (PAST): WEAPON/CHILD ABUSE","2"
"121","ASSAULT (IN PROGRESS): OTHER/OUTSIDE","212"
"122","ASSAULT (PAST): OTHER/CHILD ABUSE","16"
"46","ASSAULT (PAST): SHOTS/INSIDE","5"
"40","ASSAULT (PAST): SHOTS/OUTSIDE","3"
"46","ASSAULT (PAST): WEAPON/OUTSIDE","29"
"121","ASSAULT (IN PROGRESS): WEAPON/INSIDE","23"
"43","ASSAULT (IN PROGRESS): WEAPON/TRANSIT","2"
"43","ASSAULT (IN PROGRESS): SHOTS/INSIDE","23"
"70","ASSAULT (IN PROGRESS): WEAPON/TRANSIT","2"
"40","ASSAULT (PAST): OTHER/CHILD ABUSE","20"
"84","ASSAULT (IN PROGRESS): WEAPON/INSIDE","27"
"30","ASSAULT (IN PROGRESS): SHOTS/OUTSIDE","25"
"43","ASSAULT (PAST): OTHER/OUTSIDE","107"
"107","ASSAULT (IN PROGRESS): WEAPON/INSIDE","25"
"110","ASSAULT (PAST): KNIFE/FAMILY","1"
"14","ASSAULT (IN PROGRESS): SHOTS/OUTSIDE","29"
"104","ASSAULT (IN PROGRESS): OTHER/OUTSIDE","248"
"18","ASSAULT (IN PROGRESS): OTHER/TRANSIT","99"
"88","ASSAULT (IN PROGRESS): KNIFE/INSIDE","15"
"105","ASSAULT (PAST): OTHER/SCHOOL","35"
"60","ASSAULT (PAST): OTHER/FAMILY","79"
"106","ASSAULT (PAST): OTHER/FAMILY","53"
"49","ASSAULT (PAST): WEAPON/OUTSIDE","7"
"76","ASSAULT (PAST): OTHER/OUTSIDE","21"
"100","ASSAULT (IN PROGRESS): KNIFE/INSIDE","5"
"69","ASSAULT (IN PROGRESS): WEAPON/CHILD","1"
"60","ASSAULT (IN PROGRESS): OTHER/SCHOOL","22"
"79","ASSAULT (IN PROGRESS): KNIFE/CHILD ABUSE","3"
"25","ASSAULT (PAST): WEAPON/TRANSIT","3"
"77","ASSAULT (IN PROGRESS): KNIFE/OUTSIDE","29"
"102","ASSAULT (IN PROGRESS): KNIFE/OUTSIDE","43"
"70","ASSAULT (IN PROGRESS): OTHER/OUTSIDE","333"
"107","ASSAULT (IN PROGRESS): WEAPON/LTD ACC HWY","1"
"42","ASSAULT (IN PROGRESS): OTHER/LTD ACC HWY","1"
"33","ASSAULT (IN PROGRESS): OTHER/INSIDE","248"
"34","ASSAULT (PAST): SHOTS/INSIDE","4"
"48","ASSAULT (IN PROGRESS): WEAPON/TRANSIT","1"
"18","ASSAULT (PAST): KNIFE/SCHOOL","2"
"50","ASSAULT (IN PROGRESS): KNIFE/OUTSIDE","26"
"24","ASSAULT (IN PROGRESS): KNIFE/FAMILY","13"
"50","ASSAULT (PAST): OTHER/OUTSIDE","30"
"9","ASSAULT (PAST): KNIFE/TRANSIT","2"
"47","ASSAULT (PAST): OTHER/FAMILY","144"
"32","ASSAULT (IN PROGRESS): OTHER/SCHOOL","15"
"5","ASSAULT (PAST): OTHER/OUTSIDE","71"
"19","ASSAULT (PAST): OTHER/OUTSIDE","78"
"42","ASSAULT (IN PROGRESS): OTHER/FAMILY","816"
"5","ASSAULT (PAST): WEAPON/TRANSIT","2"
"71","ASSAULT (PAST): OTHER/CHILD ABUSE","15"
"40","ASSAULT (IN PROGRESS): KNIFE/CHILD ABUSE","2"
"114","ASSAULT (IN PROGRESS): SHOTS/OUTSIDE","32"
"6","ASSAULT (PAST): OTHER/INSIDE","122"
"32","ASSAULT (PAST): OTHER/INSIDE","275"
"52","ASSAULT (PAST): WEAPON/SCHOOL","2"
"94","ASSAULT (PAST): OTHER/TRANSIT","5"
"33","ASSAULT (IN PROGRESS): OTHER/FAMILY","226"
"1","ASSAULT (PAST): KNIFE/TRANSIT","1"
"75","ASSAULT (PAST): OTHER/OUTSIDE","157"
"33","ASSAULT (PAST): SHOTS/INSIDE","6"
"47","ASSAULT (PAST): WEAPON/FAMILY","10"
"69","ASSAULT (IN PROGRESS): SHOTS/INSIDE","21"
"110","ASSAULT (IN PROGRESS): OTHER/INSIDE","448"
"75","ASSAULT (IN PROGRESS): OTHER/OUTSIDE","655"
"72","ASSAULT (IN PROGRESS): SHOTS/INSIDE","7"
"24","ASSAULT (IN PROGRESS): OTHER/CHILD ABUSE","10"
"43","ASSAULT (IN PROGRESS): WEAPON/OUTSIDE","91"
"72","ASSAULT (PAST): WEAPON/OUTSIDE","11"
"30","ASSAULT (IN PROGRESS): OTHER/INSIDE","150"
"109","ASSAULT (PAST): SHOTS/OUTSIDE","2"
"121","ASSAULT (PAST): KNIFE/FAMILY","1"
"67","ASSAULT (IN PROGRESS): WEAPON/OUTSIDE","72"
"83","ASSAULT (PAST): WEAPON/INSIDE","19"
"121","ASSAULT (IN PROGRESS): KNIFE/OUTSIDE","25"
"20","ASSAULT (PAST): SHOTS/SCHOOL","2"
"77","ASSAULT (IN PROGRESS): KNIFE/TRANSIT","3"
"84","ASSAULT (PAST): OTHER/OUTSIDE","77"
"52","ASSAULT (PAST): KNIFE/FAMILY","9"
"79","ASSAULT (IN PROGRESS): KNIFE/OUTSIDE","51"
"107","ASSAULT (IN PROGRESS): OTHER/CHILD ABUSE","11"
"18","ASSAULT (PAST): OTHER/OUTSIDE","134"
"50","ASSAULT (IN PROGRESS): OTHER/SCHOOL","7"
"61","ASSAULT (IN PROGRESS): OTHER/FAMILY","270"
"94","ASSAULT (IN PROGRESS): KNIFE/INSIDE","11"
"75","ASSAULT (IN PROGRESS): SHOTS/TRANSIT","3"
"46","ASSAULT (PAST): WEAPON/TRANSIT","2"
"42","ASSAULT (PAST): WEAPON/FAMILY","6"
"13","ASSAULT (PAST): SHOTS/INSIDE","3"
"32","ASSAULT (PAST): OTHER/OUTSIDE","90"
"43","ASSAULT (PAST): WEAPON/CHILD ABUSE","2"
"32","ASSAULT (IN PROGRESS): KNIFE/TRANSIT","2"
"113","ASSAULT (PAST): SHOTS/INSIDE","4"
"50","ASSAULT (PAST): OTHER/FAMILY","59"
"45","ASSAULT (IN PROGRESS): KNIFE/LTD ACC HWY","1"
"63","ASSAULT (PAST): SHOTS/INSIDE","1"
"33","ASSAULT (IN PROGRESS): SHOTS/FAMILY","3"
"122","ASSAULT (PAST): OTHER/OUTSIDE","21"
"61","ASSAULT (PAST): KNIFE/TRANSIT","1"
"46","ASSAULT (IN PROGRESS): OTHER/TRANSIT","56"
"108","ASSAULT (IN PROGRESS): WEAPON/INSIDE","38"
"20","ASSAULT (PAST): WEAPON/FAMILY","2"
"110","ASSAULT (IN PROGRESS): WEAPON/LTD ACC HWY","2"
"102","ASSAULT (IN PROGRESS): OTHER/TRANSIT","15"
"78","ASSAULT (IN PROGRESS): KNIFE/TRANSIT","8"
"46","ASSAULT (PAST): KNIFE/INSIDE","25"
"71","ASSAULT (IN PROGRESS): WEAPON/TRANSIT","2"
"43","ASSAULT (IN PROGRESS): SHOTS/SCHOOL","2"
"25","ASSAULT (IN PROGRESS): OTHER/TRANSIT","47"
"33","ASSAULT (IN PROGRESS): OTHER/OUTSIDE","203"
"43","ASSAULT (IN PROGRESS): KNIFE/OUTSIDE","71"
"9","ASSAULT (PAST): OTHER/INSIDE","131"
"71","ASSAULT (PAST): SHOTS/TRANSIT","1"
"121","ASSAULT (PAST): KNIFE/INSIDE","4"
"30","ASSAULT (PAST): SHOTS/OUTSIDE","1"
"7","ASSAULT (IN PROGRESS): WEAPON/FAMILY","8"
"81","ASSAULT (PAST): WEAPON/OUTSIDE","11"
"122","ASSAULT (IN PROGRESS): OTHER/FAMILY","248"
"42","ASSAULT (IN PROGRESS): WEAPON/CHILD","3"
"120","ASSAULT (IN PROGRESS): SHOTS/OUTSIDE","29"
"103","ASSAULT (PAST): KNIFE/TRANSIT","2"
"70","ASSAULT (IN PROGRESS): SHOTS/FAMILY","1"
"83","ASSAULT (PAST): WEAPON/FAMILY","6"
"103","ASSAULT (PAST): OTHER/TRANSIT","16"
"25","ASSAULT (IN PROGRESS): OTHER/INSIDE","332"
"48","ASSAULT (IN PROGRESS): WEAPON/FAMILY","78"
"113","ASSAULT (IN PROGRESS): WEAPON/INSIDE","37"
"104","ASSAULT (IN PROGRESS): OTHER/FAMILY","343"
"63","ASSAULT (IN PROGRESS): WEAPON/FAMILY","12"
"26","ASSAULT (IN PROGRESS): WEAPON/CHILD","1"
"122","ASSAULT (PAST): WEAPON/FAMILY","4"
"76","ASSAULT (PAST): OTHER/INSIDE","45"
"43","ASSAULT (PAST): OTHER/CHILD ABUSE","21"
"69","ASSAULT (IN PROGRESS): WEAPON/FAMILY","33"
"120","ASSAULT (PAST): WEAPON/INSIDE","23"
"104","ASSAULT (IN PROGRESS): SHOTS/INSIDE","14"
"109","ASSAULT (IN PROGRESS): OTHER/TRANSIT","12"
"40","ASSAULT (IN PROGRESS): WEAPON/SCHOOL","2"
"94","ASSAULT (IN PROGRESS): WEAPON/FAMILY","2"
"84","ASSAULT (PAST): WEAPON/TRANSIT","2"
"5","ASSAULT (IN PROGRESS): WEAPON/INSIDE","31"
"79","ASSAULT (IN PROGRESS): WEAPON/INSIDE","59"
"18","ASSAULT (IN PROGRESS): KNIFE/OUTSIDE","42"
"123","ASSAULT (PAST): OTHER/CHILD ABUSE","2"
"67","ASSAULT (PAST): OTHER/OUTSIDE","83"
"34","ASSAULT (PAST): OTHER/TRANSIT","11"
"72","ASSAULT (IN PROGRESS): OTHER/OUTSIDE","291"
"24","ASSAULT (IN PROGRESS): KNIFE/INSIDE","15"
"67","ASSAULT (IN PROGRESS): WEAPON/CHILD","5"
"1","ASSAULT (PAST): OTHER/INSIDE","161"
"121","ASSAULT (IN PROGRESS): SHOTS/FAMILY","2"
"32","ASSAULT (PAST): KNIFE/FAMILY","6"
"69","ASSAULT (PAST): KNIFE/OUTSIDE","4"
"14","ASSAULT (IN PROGRESS): OTHER/OUTSIDE","739"
"106","ASSAULT (PAST): OTHER/CHILD ABUSE","12"
"44","ASSAULT (IN PROGRESS): OTHER/OUTSIDE","573"
"7","ASSAULT (IN PROGRESS): OTHER/INSIDE","168"
"18","ASSAULT (IN PROGRESS): OTHER/INSIDE","404"
"110","ASSAULT (IN PROGRESS): SHOTS/INSIDE","9"
"20","ASSAULT (IN PROGRESS): SHOTS/FAMILY","2"
"20","ASSAULT (IN PROGRESS): WEAPON/TRANSIT","5"
"20","ASSAULT (IN PROGRESS): KNIFE/FAMILY","6"
"77","ASSAULT (IN PROGRESS): OTHER/INSIDE","279"
"107","ASSAULT (IN PROGRESS): OTHER/FAMILY","289"
"18","ASSAULT (IN PROGRESS): WEAPON/INSIDE","59"
"14","ASSAULT (PAST): OTHER/OUTSIDE","224"
"88","ASSAULT (IN PROGRESS): OTHER/SCHOOL","6"
"32","ASSAULT (IN PROGRESS): OTHER/OUTSIDE","325"
"42","ASSAULT (PAST): OTHER/CHILD ABUSE","21"
"19","ASSAULT (IN PROGRESS): KNIFE/CHILD ABUSE","1"
"81","ASSAULT (PAST): SHOTS/TRANSIT","1"
"13","ASSAULT (IN PROGRESS): WEAPON/TRANSIT","3"
"102","ASSAULT (IN PROGRESS): SHOTS/INSIDE","8"
"18","ASSAULT (IN PROGRESS): OTHER/CHILD ABUSE","14"
"73","ASSAULT (IN PROGRESS): KNIFE/CHILD ABUSE","1"
"52","ASSAULT (PAST): OTHER/SCHOOL","37"
"101","ASSAULT (IN PROGRESS): KNIFE/INSIDE","49"
"45","ASSAULT (IN PROGRESS): WEAPON/OUTSIDE","32"
"108","ASSAULT (PAST): KNIFE/SCHOOL","2"
"113","ASSAULT (PAST): WEAPON/OUTSIDE","5"
"40","ASSAULT (PAST): WEAPON/SCHOOL","2"
"73","ASSAULT (PAST): OTHER/FAMILY","137"
"72","ASSAULT (IN PROGRESS): WEAPON/CHILD","2"
"63","ASSAULT (IN PROGRESS): WEAPON/CHILD","1"
"83","ASSAULT (IN PROGRESS): KNIFE/INSIDE","24"
"41","ASSAULT (IN PROGRESS): WEAPON/INSIDE","46"
"7","ASSAULT (PAST): WEAPON/INSIDE","5"
"113","ASSAULT (PAST): OTHER/FAMILY","77"
"109","ASSAULT (PAST): WEAPON/INSIDE","23"
"90","ASSAULT (PAST): WEAPON/INSIDE","12"
"33","ASSAULT (PAST): KNIFE/INSIDE","27"
"90","ASSAULT (PAST): OTHER/CHILD ABUSE","11"
"66","ASSAULT (IN PROGRESS): OTHER/TRANSIT","25"
"113","ASSAULT (IN PROGRESS): OTHER/OUTSIDE","270"
"123","ASSAULT (PAST): OTHER/LTD ACC HWY","2"
"100","ASSAULT (PAST): WEAPON/OUTSIDE","3"
"75","ASSAULT (PAST): SHOTS/INSIDE","5"
"43","ASSAULT (IN PROGRESS): WEAPON/SCHOOL","5"
"120","ASSAULT (PAST): WEAPON/OUTSIDE","14"
"66","ASSAULT (PAST): KNIFE/INSIDE","11"
"111","ASSAULT (IN PROGRESS): OTHER/CHILD ABUSE","8"
"110","ASSAULT (IN PROGRESS): KNIFE/OUTSIDE","81"
"104","ASSAULT (IN PROGRESS): KNIFE/OUTSIDE","18"
"61","ASSAULT (PAST): WEAPON/OUTSIDE","7"
"34","ASSAULT (IN PROGRESS): WEAPON/FAMILY","20"
"76","ASSAULT (PAST): OTHER/FAMILY","17"
"22","ASSAULT (IN PROGRESS): OTHER/FAMILY","2"
"52","ASSAULT (IN PROGRESS): OTHER/FAMILY","760"
"104","ASSAULT (PAST): OTHER/FAMILY","57"
"30","ASSAULT (IN PROGRESS): WEAPON/OUTSIDE","27"
"5","ASSAULT (PAST): KNIFE/INSIDE","3"
"10","ASSAULT (PAST): WEAPON/INSIDE","9"
"48","ASSAULT (IN PROGRESS): OTHER/CHILD ABUSE","37"
"110","ASSAULT (PAST): SHOTS/INSIDE","10"
"1","ASSAULT (IN PROGRESS): WEAPON/TRANSIT","12"
"43","ASSAULT (PAST): WEAPON/TRANSIT","1"
"70","ASSAULT (PAST): KNIFE/OUTSIDE","5"
"45","ASSAULT (IN PROGRESS): KNIFE/INSIDE","18"
"83","ASSAULT (IN PROGRESS): WEAPON/CHILD","1"
"14","ASSAULT (PAST): WEAPON/INSIDE","17"
"105","ASSAULT (PAST): OTHER/OUTSIDE","43"
"112","ASSAULT (PAST): WEAPON/TRANSIT","1"
"94","ASSAULT (IN PROGRESS): WEAPON/INSIDE","16"
"17","ASSAULT (IN PROGRESS): KNIFE/INSIDE","6"
"110","ASSAULT (PAST): OTHER/INSIDE","261"
"49","ASSAULT (IN PROGRESS): KNIFE/INSIDE","32"
"45","ASSAULT (IN PROGRESS): OTHER/LTD ACC HWY","5"
"25","ASSAULT (IN PROGRESS): OTHER/SCHOOL","7"
"102","ASSAULT (PAST): SHOTS/OUTSIDE","1"
"40","ASSAULT (PAST): SHOTS/INSIDE","17"
"109","ASSAULT (PAST): SHOTS/INSIDE","6"
"71","ASSAULT (IN PROGRESS): WEAPON/OUTSIDE","40"
"7","ASSAULT (PAST): OTHER/INSIDE","103"
"52","ASSAULT (IN PROGRESS): SHOTS/OUTSIDE","36"
"5","ASSAULT (IN PROGRESS): KNIFE/INSIDE","9"
"1","ASSAULT (PAST): OTHER/OUTSIDE","91"
,"ASSAULT (IN PROGRESS): OTHER/INSIDE","1"
"77","ASSAULT (PAST): KNIFE/FAMILY","1"
"77","ASSAULT (IN PROGRESS): OTHER/CHILD ABUSE","17"
"67","ASSAULT (PAST): WEAPON/SCHOOL","1"
"18","ASSAULT (PAST): KNIFE/TRANSIT","1"
"110","ASSAULT (PAST): OTHER/SCHOOL","26"
"19","ASSAULT (PAST): OTHER/FAMILY","32"
"40","ASSAULT (IN PROGRESS): OTHER/FAMILY","886"
"104","ASSAULT (IN PROGRESS): KNIFE/FAMILY","12"
"109","ASSAULT (IN PROGRESS): WEAPON/OUTSIDE","80"
"47","ASSAULT (IN PROGRESS): WEAPON/INSIDE","100"
"78","ASSAULT (IN PROGRESS): OTHER/FAMILY","68"
"104","ASSAULT (PAST): WEAPON/FAMILY","2"
"106","ASSAULT (PAST): KNIFE/SCHOOL","5"
"47","ASSAULT (PAST): WEAPON/OUTSIDE","18"
"25","ASSAULT (PAST): KNIFE/OUTSIDE","7"
"34","ASSAULT (IN PROGRESS): KNIFE/FAMILY","9"
"84","ASSAULT (IN PROGRESS): SHOTS/INSIDE","11"
"26","ASSAULT (IN PROGRESS): WEAPON/FAMILY","11"
"34","ASSAULT (PAST): KNIFE/INSIDE","26"
"123","ASSAULT (PAST): SHOTS/OUTSIDE","1"
"101","ASSAULT (IN PROGRESS): OTHER/FAMILY","417"
"47","ASSAULT (IN PROGRESS): SHOTS/INSIDE","12"
"10","ASSAULT (IN PROGRESS): SHOTS/FAMILY","1"
"18","ASSAULT (PAST): WEAPON/SCHOOL","2"
"30","ASSAULT (PAST): WEAPON/INSIDE","6"
"83","ASSAULT (IN PROGRESS): WEAPON/SCHOOL","2"
"63","ASSAULT (IN PROGRESS): OTHER/OUTSIDE","109"
"101","ASSAULT (PAST): WEAPON/SCHOOL","2"
"67","ASSAULT (IN PROGRESS): SHOTS/INSIDE","60"
"63","ASSAULT (PAST): OTHER/INSIDE","98"
"6","ASSAULT (IN PROGRESS): KNIFE/OUTSIDE","25"
"25","ASSAULT (IN PROGRESS): WEAPON/INSIDE","52"
"109","ASSAULT (PAST): OTHER/FAMILY","82"
"43","ASSAULT (IN PROGRESS): KNIFE/SCHOOL","2"
"113","ASSAULT (PAST): WEAPON/FAMILY","6"
"47","ASSAULT (IN PROGRESS): KNIFE/INSIDE","97"
"108","ASSAULT (PAST): OTHER/FAMILY","43"
"111","ASSAULT (PAST): KNIFE/OUTSIDE","3"
"101","ASSAULT (PAST): OTHER/FAMILY","72"
"30","ASSAULT (PAST): SHOTS/INSIDE","2"
"94","ASSAULT (PAST): OTHER/FAMILY","19"
"94","ASSAULT (IN PROGRESS): SHOTS/INSIDE","1"
"17","ASSAULT (IN PROGRESS): WEAPON/FAMILY","2"
"17","ASSAULT (IN PROGRESS): WEAPON/OUTSIDE","25"
"50","ASSAULT (IN PROGRESS): WEAPON/FAMILY","118"
"49","ASSAULT (IN PROGRESS): WEAPON/INSIDE","56"
"72","ASSAULT (PAST): OTHER/SCHOOL","13"
"26","ASSAULT (IN PROGRESS): KNIFE/SCHOOL","2"
"10","ASSAULT (IN PROGRESS): SHOTS/OUTSIDE","5"
"102","ASSAULT (IN PROGRESS): WEAPON/TRANSIT","1"
"121","ASSAULT (IN PROGRESS): SHOTS/OUTSIDE","5"
"75","ASSAULT (PAST): SHOTS/OUTSIDE","2"
"101","ASSAULT (IN PROGRESS): KNIFE/TRANSIT","4"
"67","ASSAULT (PAST): OTHER/CHILD ABUSE","19"
"48","ASSAULT (IN PROGRESS): OTHER/TRANSIT","9"
"109","ASSAULT (IN PROGRESS): OTHER/FAMILY","420"
"109","ASSAULT (IN PROGRESS): WEAPON/LTD ACC HWY","1"
"69","ASSAULT (PAST): OTHER/INSIDE","81"
"23","ASSAULT (IN PROGRESS): KNIFE/LTD ACC HWY","1"
"48","ASSAULT (IN PROGRESS): SHOTS/FAMILY","1"
"48","ASSAULT (PAST): WEAPON/CHILD ABUSE","2"
"73","ASSAULT (PAST): WEAPON/FAMILY","13"
"45","ASSAULT (IN PROGRESS): OTHER/TRANSIT","13"
"14","ASSAULT (IN PROGRESS): OTHER/FAMILY","170"
"48","ASSAULT (IN PROGRESS): WEAPON/INSIDE","92"
"114","ASSAULT (IN PROGRESS): OTHER/FAMILY","532"
"68","ASSAULT (PAST): WEAPON/INSIDE","4"
"48","ASSAULT (IN PROGRESS): KNIFE/SCHOOL","2"
"71","ASSAULT (PAST): SHOTS/OUTSIDE","1"
"121","ASSAULT (IN PROGRESS): WEAPON/OUTSIDE","32"
"34","ASSAULT (PAST): KNIFE/OUTSIDE","5"
"10","ASSAULT (PAST): KNIFE/OUTSIDE","4"
"32","ASSAULT (IN PROGRESS): WEAPON/OUTSIDE","53"
"34","ASSAULT (PAST): OTHER/FAMILY","40"
"105","ASSAULT (PAST): SHOTS/INSIDE","5"
"77","ASSAULT (PAST): WEAPON/FAMILY","3"
"121","ASSAULT (IN PROGRESS): KNIFE/FAMILY","16"
"123","ASSAULT (IN PROGRESS): SHOTS/OUTSIDE","3"
"110","ASSAULT (PAST): OTHER/OUTSIDE","160"
"68","ASSAULT (PAST): OTHER/SCHOOL","9"
"84","ASSAULT (IN PROGRESS): WEAPON/CHILD","1"
"17","ASSAULT (PAST): WEAPON/OUTSIDE","7"
"103","ASSAULT (PAST): KNIFE/FAMILY","3"
"26","ASSAULT (IN PROGRESS): WEAPON/INSIDE","29"
"61","ASSAULT (PAST): OTHER/LTD ACC HWY","1"
"47","ASSAULT (IN PROGRESS): WEAPON/FAMILY","99"
"67","ASSAULT (IN PROGRESS): KNIFE/OUTSIDE","51"
"114","ASSAULT (IN PROGRESS): OTHER/SCHOOL","24"
"110","ASSAULT (IN PROGRESS): OTHER/LTD ACC HWY","7"
"14","ASSAULT (IN PROGRESS): KNIFE/INSIDE","19"
"68","ASSAULT (PAST): OTHER/TRANSIT","5"
"72","ASSAULT (IN PROGRESS): OTHER/CHILD ABUSE","11"
"41","ASSAULT (IN PROGRESS): WEAPON/TRANSIT","2"
"25","ASSAULT (IN PROGRESS): OTHER/FAMILY","280"
"10","ASSAULT (IN PROGRESS): OTHER/TRANSIT","31"
"44","ASSAULT (PAST): OTHER/OUTSIDE","150"
"20","ASSAULT (PAST): OTHER/CHILD ABUSE","6"
"112","ASSAULT (IN PROGRESS): OTHER/LTD ACC HWY","6"
"66","ASSAULT (IN PROGRESS): OTHER/OUTSIDE","232"
"73","ASSAULT (IN PROGRESS): WEAPON/OUTSIDE","79"
"102","ASSAULT (IN PROGRESS): WEAPON/FAMILY","23"
"107","ASSAULT (PAST): OTHER/LTD ACC HWY","1"
"113","ASSAULT (IN PROGRESS): KNIFE/FAMILY","27"
"79","ASSAULT (PAST): WEAPON/TRANSIT","1"
"28","ASSAULT (IN PROGRESS): KNIFE/FAMILY","8"
"68","ASSAULT (IN PROGRESS): WEAPON/INSIDE","13"
"101","ASSAULT (IN PROGRESS): WEAPON/INSIDE","40"
"28","ASSAULT (IN PROGRESS): WEAPON/FAMILY","14"
"100","ASSAULT (PAST): OTHER/OUTSIDE","16"
"24","ASSAULT (PAST): OTHER/OUTSIDE","55"
"110","ASSAULT (IN PROGRESS): OTHER/FAMILY","522"
"71","ASSAULT (IN PROGRESS): WEAPON/FAMILY","27"
"30","ASSAULT (IN PROGRESS): OTHER/OUTSIDE","180"
"7","ASSAULT (PAST): KNIFE/TRANSIT","2"
"19","ASSAULT (IN PROGRESS): WEAPON/TRANSIT","8"
"123","ASSAULT (IN PROGRESS): WEAPON/OUTSIDE","7"
"49","ASSAULT (IN PROGRESS): KNIFE/FAMILY","28"
"50","ASSAULT (PAST): SHOTS/INSIDE","4"
"26","ASSAULT (PAST): OTHER/INSIDE","100"
"24","ASSAULT (IN PROGRESS): WEAPON/OUTSIDE","32"
"50","ASSAULT (PAST): WEAPON/FAMILY","11"
"30","ASSAULT (IN PROGRESS): OTHER/CHILD ABUSE","7"
"75","ASSAULT (PAST): OTHER/CHILD ABUSE","35"
"79","ASSAULT (PAST): WEAPON/INSIDE","18"
"13","ASSAULT (PAST): KNIFE/OUTSIDE","7"
"70","ASSAULT (PAST): OTHER/FAMILY","74"
"123","ASSAULT (IN PROGRESS): OTHER/CHILD ABUSE","5"
"100","ASSAULT (PAST): OTHER/CHILD ABUSE","4"
"48","ASSAULT (IN PROGRESS): OTHER/INSIDE","660"
"94","ASSAULT (PAST): OTHER/OUTSIDE","47"
"41","ASSAULT (PAST): KNIFE/OUTSIDE","10"
"9","ASSAULT (IN PROGRESS): KNIFE/CHILD ABUSE","1"
"78","ASSAULT (PAST): OTHER/TRANSIT","14"
"60","ASSAULT (PAST): WEAPON/FAMILY","3"
"49","ASSAULT (IN PROGRESS): OTHER/OUTSIDE","292"
"48","ASSAULT (IN PROGRESS): WEAPON/OUTSIDE","88"
"66","ASSAULT (IN PROGRESS): SHOTS/OUTSIDE","12"
"70","ASSAULT (IN PROGRESS): SHOTS/OUTSIDE","24"
"61","ASSAULT (IN PROGRESS): KNIFE/TRANSIT","5"
"113","ASSAULT (IN PROGRESS): SHOTS/FAMILY","1"
"19","ASSAULT (PAST): OTHER/SCHOOL","3"
"44","ASSAULT (PAST): OTHER/FAMILY","151"
"13","ASSAULT (PAST): OTHER/OUTSIDE","91"
"32","ASSAULT (IN PROGRESS): SHOTS/OUTSIDE","44"
"32","ASSAULT (IN PROGRESS): OTHER/TRANSIT","13"
"107","ASSAULT (IN PROGRESS): OTHER/LTD ACC HWY","9"
"61","ASSAULT (PAST): WEAPON/FAMILY","5"
"32","ASSAULT (PAST): WEAPON/INSIDE","32"
"45","ASSAULT (PAST): KNIFE/SCHOOL","2"
"102","ASSAULT (IN PROGRESS): SHOTS/OUTSIDE","16"
"9","ASSAULT (IN PROGRESS): SHOTS/INSIDE","16"
"121","ASSAULT (PAST): WEAPON/CHILD ABUSE","1"
"106","ASSAULT (IN PROGRESS): KNIFE/FAMILY","15"
"112","ASSAULT (PAST): WEAPON/CHILD ABUSE","1"
"44","ASSAULT (PAST): SHOTS/OUTSIDE","5"
"47","ASSAULT (PAST): KNIFE/LTD ACC HWY","2"
"60","ASSAULT (PAST): WEAPON/INSIDE","26"
"13","ASSAULT (IN PROGRESS): KNIFE/CHILD ABUSE","1"
"24","ASSAULT (IN PROGRESS): OTHER/OUTSIDE","204"
"83","ASSAULT (IN PROGRESS): OTHER/INSIDE","329"
"123","ASSAULT (IN PROGRESS): WEAPON/CHILD","1"
"18","ASSAULT (PAST): KNIFE/INSIDE","8"
"120","ASSAULT (IN PROGRESS): WEAPON/FAMILY","46"
"28","ASSAULT (PAST): OTHER/TRANSIT","11"
"63","ASSAULT (PAST): WEAPON/FAMILY","3"
"44","ASSAULT (IN PROGRESS): KNIFE/OUTSIDE","98"
"63","ASSAULT (IN PROGRESS): WEAPON/OUTSIDE","23"
"103","ASSAULT (IN PROGRESS): WEAPON/CHILD","4"
"49","ASSAULT (IN PROGRESS): OTHER/TRANSIT","11"
"110","ASSAULT (PAST): SHOTS/OUTSIDE","1"
"10","ASSAULT (IN PROGRESS): KNIFE/OUTSIDE","21"
"46","ASSAULT (PAST): WEAPON/INSIDE","42"
"9","ASSAULT (IN PROGRESS): WEAPON/TRANSIT","1"
"73","ASSAULT (PAST): WEAPON/OUTSIDE","15"
"69","ASSAULT (IN PROGRESS): OTHER/TRANSIT","7"
"115","ASSAULT (IN PROGRESS): OTHER/LTD ACC HWY","4"
"122","ASSAULT (IN PROGRESS): OTHER/LTD ACC HWY","2"
"62","ASSAULT (IN PROGRESS): SHOTS/TRANSIT","3"
"26","ASSAULT (PAST): OTHER/CHILD ABUSE","1"
"43","ASSAULT (IN PROGRESS): KNIFE/FAMILY","65"
"25","ASSAULT (IN PROGRESS): OTHER/CHILD ABUSE","23"
"108","ASSAULT (PAST): KNIFE/TRANSIT","1"
"67","ASSAULT (IN PROGRESS): OTHER/INSIDE","553"
"40","ASSAULT (IN PROGRESS): WEAPON/FAMILY","70"
"122","ASSAULT (PAST): WEAPON/INSIDE","6"
"22","ASSAULT (PAST): OTHER/INSIDE","6"
"20","ASSAULT (IN PROGRESS): KNIFE/TRANSIT","1"
"123","ASSAULT (IN PROGRESS): OTHER/SCHOOL","21"
"14","ASSAULT (IN PROGRESS): OTHER/CHILD ABUSE","15"
"84","ASSAULT (PAST): WEAPON/OUTSIDE","11"
"10","ASSAULT (IN PROGRESS): OTHER/OUTSIDE","263"
"33","ASSAULT (IN PROGRESS): OTHER/TRANSIT","32"
"73","ASSAULT (PAST): KNIFE/OUTSIDE","11"
"83","ASSAULT (PAST): OTHER/FAMILY","76"
"114","ASSAULT (PAST): OTHER/SCHOOL","51"
"105","ASSAULT (IN PROGRESS): OTHER/FAMILY","461"
"63","ASSAULT (IN PROGRESS): OTHER/SCHOOL","2"
"72","ASSAULT (PAST): WEAPON/FAMILY","1"
"113","ASSAULT (IN PROGRESS): WEAPON/CHILD","2"
"44","ASSAULT (PAST): OTHER/LTD ACC HWY","1"
"50","ASSAULT (IN PROGRESS): SHOTS/INSIDE","16"
"42","ASSAULT (IN PROGRESS): SHOTS/INSIDE","36"
"81","ASSAULT (IN PROGRESS): SHOTS/OUTSIDE","30"
"103","ASSAULT (IN PROGRESS): OTHER/FAMILY","594"
"7","ASSAULT (IN PROGRESS): KNIFE/OUTSIDE","34"
"41","ASSAULT (IN PROGRESS): OTHER/INSIDE","246"
"20","ASSAULT (IN PROGRESS): WEAPON/FAMILY","2"
"103","ASSAULT (IN PROGRESS): OTHER/TRANSIT","40"
"40","ASSAULT (PAST): WEAPON/FAMILY","9"
"70","ASSAULT (PAST): SHOTS/INSIDE","3"
"111","ASSAULT (PAST): OTHER/TRANSIT","1"
"79","ASSAULT (PAST): OTHER/SCHOOL","25"
"72","ASSAULT (IN PROGRESS): WEAPON/SCHOOL","1"
"66","ASSAULT (IN PROGRESS): WEAPON/INSIDE","21"
"115","ASSAULT (IN PROGRESS): KNIFE/TRANSIT","5"
"114","ASSAULT (IN PROGRESS): WEAPON/INSIDE","73"
"46","ASSAULT (PAST): OTHER/TRANSIT","17"
"52","ASSAULT (PAST): KNIFE/INSIDE","49"
"42","ASSAULT (IN PROGRESS): WEAPON/OUTSIDE","79"
"114","ASSAULT (PAST): WEAPON/OUTSIDE","12"
"84","ASSAULT (PAST): SHOTS/INSIDE","3"
"63","ASSAULT (PAST): OTHER/SCHOOL","3"
"102","ASSAULT (IN PROGRESS): OTHER/FAMILY","448"
"45","ASSAULT (PAST): KNIFE/OUTSIDE","4"
"52","ASSAULT (IN PROGRESS): OTHER/OUTSIDE","463"
"104","ASSAULT (IN PROGRESS): OTHER/TRANSIT","11"
"76","ASSAULT (IN PROGRESS): OTHER/LTD ACC HWY","4"
"103","ASSAULT (PAST): OTHER/INSIDE","221"
"88","ASSAULT (IN PROGRESS): KNIFE/OUTSIDE","19"
"24","ASSAULT (PAST): WEAPON/INSIDE","9"
"83","ASSAULT (IN PROGRESS): SHOTS/OUTSIDE","31"
"40","ASSAULT (IN PROGRESS): KNIFE/OUTSIDE","122"
"75","ASSAULT (IN PROGRESS): OTHER/LTD ACC HWY","1"
"42","ASSAULT (PAST): KNIFE/FAMILY","5"
"20","ASSAULT (IN PROGRESS): KNIFE/INSIDE","3"
"41","ASSAULT (PAST): OTHER/INSIDE","190"
"107","ASSAULT (IN PROGRESS): SHOTS/OUTSIDE","6"
"79","ASSAULT (IN PROGRESS): WEAPON/OUTSIDE","54"
"75","ASSAULT (IN PROGRESS): OTHER/INSIDE","965"
"111","ASSAULT (IN PROGRESS): OTHER/INSIDE","75"
"24","ASSAULT (IN PROGRESS): WEAPON/CHILD","1"
"114","ASSAULT (IN PROGRESS): KNIFE/FAMILY","17"
"123","ASSAULT (IN PROGRESS): OTHER/INSIDE","59"
"26","ASSAULT (PAST): SHOTS/INSIDE","4"
"103","ASSAULT (PAST): KNIFE/OUTSIDE","11"
"47","ASSAULT (IN PROGRESS): OTHER/INSIDE","623"
"40","ASSAULT (IN PROGRESS): WEAPON/TRANSIT","7"
"123","ASSAULT (PAST): OTHER/INSIDE","36"
"40","ASSAULT (IN PROGRESS): OTHER/LTD ACC HWY","3"
"106","ASSAULT (PAST): WEAPON/TRANSIT","1"
"107","ASSAULT (IN PROGRESS): WEAPON/TRANSIT","2"
"6","ASSAULT (PAST): OTHER/FAMILY","7"
"77","ASSAULT (IN PROGRESS): WEAPON/TRANSIT","3"
"30","ASSAULT (IN PROGRESS): OTHER/SCHOOL","7"
"25","ASSAULT (PAST): OTHER/FAMILY","45"
"1","ASSAULT (IN PROGRESS): WEAPON/FAMILY","8"
"43","ASSAULT (PAST): WEAPON/OUTSIDE","17"
"103","ASSAULT (IN PROGRESS): WEAPON/SCHOOL","5"
"48","ASSAULT (PAST): WEAPON/FAMILY","15"
"49","ASSAULT (PAST): OTHER/SCHOOL","19"
"46","ASSAULT (PAST): SHOTS/OUTSIDE","3"
"77","ASSAULT (PAST): OTHER/INSIDE","145"
"73","ASSAULT (IN PROGRESS): KNIFE/TRANSIT","8"
"28","ASSAULT (IN PROGRESS): KNIFE/TRANSIT","4"
"67","ASSAULT (PAST): SHOTS/INSIDE","20"
"73","ASSAULT (IN PROGRESS): WEAPON/INSIDE","119"
"30","ASSAULT (PAST): KNIFE/FAMILY","1"
"109","ASSAULT (IN PROGRESS): OTHER/OUTSIDE","431"
"50","ASSAULT (IN PROGRESS): WEAPON/INSIDE","66"
"6","ASSAULT (PAST): WEAPON/FAMILY","1"
"69","ASSAULT (IN PROGRESS): KNIFE/INSIDE","13"
"23","ASSAULT (IN PROGRESS): OTHER/SCHOOL","14"
"13","ASSAULT (IN PROGRESS): OTHER/OUTSIDE","357"
"61","ASSAULT (IN PROGRESS): KNIFE/FAMILY","12"
"67","ASSAULT (PAST): OTHER/TRANSIT","1"
"78","ASSAULT (IN PROGRESS): WEAPON/CHILD","1"
"48","ASSAULT (PAST): OTHER/CHILD ABUSE","30"
"107","ASSAULT (IN PROGRESS): OTHER/OUTSIDE","196"
"121","ASSAULT (PAST): SHOTS/OUTSIDE","1"
"7","ASSAULT (PAST): OTHER/FAMILY","20"
"30","ASSAULT (IN PROGRESS): SHOTS/INSIDE","4"
"111","ASSAULT (IN PROGRESS): KNIFE/FAMILY","5"
"18","ASSAULT (PAST): OTHER/FAMILY","38"
"120","ASSAULT (IN PROGRESS): KNIFE/INSIDE","49"
"114","ASSAULT (IN PROGRESS): OTHER/OUTSIDE","483"
"26","ASSAULT (PAST): WEAPON/FAMILY","3"
"26","ASSAULT (IN PROGRESS): OTHER/SCHOOL","6"
"107","ASSAULT (IN PROGRESS): WEAPON/FAMILY","16"
"40","ASSAULT (PAST): OTHER/SCHOOL","43"
"33","ASSAULT (IN PROGRESS): KNIFE/TRANSIT","5"
"19","ASSAULT (PAST): WEAPON/INSIDE","9"
"49","ASSAULT (IN PROGRESS): OTHER/SCHOOL","11"
"0","ASSAULT (IN PROGRESS): OTHER/LTD ACC HWY","1"
"23","ASSAULT (PAST): OTHER/INSIDE","209"
"28","ASSAULT (IN PROGRESS): KNIFE/OUTSIDE","42"
"45","ASSAULT (PAST): WEAPON/OUTSIDE","6"
"1","ASSAULT (PAST): WEAPON/INSIDE","16"
"23","ASSAULT (PAST): SHOTS/OUTSIDE","2"
"26","ASSAULT (IN PROGRESS): SHOTS/INSIDE","11"
"60","ASSAULT (PAST): OTHER/SCHOOL","24"
"32","ASSAULT (PAST): KNIFE/OUTSIDE","7"
"44","ASSAULT (IN PROGRESS): SHOTS/INSIDE","72"
"33","ASSAULT (IN PROGRESS): WEAPON/INSIDE","34"
"103","ASSAULT (IN PROGRESS): OTHER/OUTSIDE","502"
"46","ASSAULT (PAST): OTHER/INSIDE","309"
"23","ASSAULT (PAST): OTHER/FAMILY","53"
"100","ASSAULT (IN PROGRESS): OTHER/SCHOOL","9"
"60","ASSAULT (PAST): OTHER/INSIDE","206"
"14","ASSAULT (PAST): WEAPON/TRANSIT","7"
"122","ASSAULT (IN PROGRESS): WEAPON/FAMILY","16"
"76","ASSAULT (IN PROGRESS): OTHER/OUTSIDE","75"
"94","ASSAULT (PAST): KNIFE/INSIDE","2"
"19","ASSAULT (IN PROGRESS): OTHER/FAMILY","141"
"49","ASSAULT (IN PROGRESS): OTHER/FAMILY","473"
"44","ASSAULT (IN PROGRESS): OTHER/CHILD ABUSE","60"
"18","ASSAULT (IN PROGRESS): WEAPON/OUTSIDE","68"
"1","ASSAULT (IN PROGRESS): SHOTS/TRANSIT","1"
"107","ASSAULT (IN PROGRESS): WEAPON/OUTSIDE","39"
"26","ASSAULT (PAST): WEAPON/INSIDE","2"
"108","ASSAULT (IN PROGRESS): OTHER/TRANSIT","88"
"25","ASSAULT (IN PROGRESS): KNIFE/SCHOOL","2"
"104","ASSAULT (IN PROGRESS): OTHER/SCHOOL","23"
"10","ASSAULT (IN PROGRESS): KNIFE/INSIDE","12"
"1","ASSAULT (IN PROGRESS): OTHER/SCHOOL","2"
"45","ASSAULT (PAST): KNIFE/INSIDE","17"
"104","ASSAULT (PAST): SHOTS/INSIDE","1"
"33","ASSAULT (PAST): OTHER/LTD ACC HWY","1"
"88","ASSAULT (IN PROGRESS): WEAPON/CHILD","1"
"6","ASSAULT (IN PROGRESS): WEAPON/OUTSIDE","54"
"41","ASSAULT (IN PROGRESS): WEAPON/FAMILY","19"
"109","ASSAULT (IN PROGRESS): WEAPON/INSIDE","65"
"10","ASSAULT (PAST): WEAPON/OUTSIDE","7"
"69","ASSAULT (PAST): SHOTS/OUTSIDE","2"
"47","ASSAULT (PAST): WEAPON/CHILD ABUSE","1"
"123","ASSAULT (IN PROGRESS): OTHER/LTD ACC HWY","2"
"63","ASSAULT (PAST): KNIFE/INSIDE","3"
"44","ASSAULT (PAST): OTHER/SCHOOL","45"
"113","ASSAULT (IN PROGRESS): OTHER/LTD ACC HWY","4"
"101","ASSAULT (PAST): WEAPON/FAMILY","4"
"102","ASSAULT (PAST): WEAPON/INSIDE","14"
"79","ASSAULT (IN PROGRESS): OTHER/TRANSIT","40"
"33","ASSAULT (IN PROGRESS): KNIFE/OUTSIDE","39"
"94","ASSAULT (PAST): WEAPON/INSIDE","3"
"25","ASSAULT (IN PROGRESS): KNIFE/TRANSIT","4"
"23","ASSAULT (IN PROGRESS): SHOTS/INSIDE","13"
"30","ASSAULT (PAST): OTHER/TRANSIT","12"
"52","ASSAULT (IN PROGRESS): WEAPON/TRANSIT","13"
"30","ASSAULT (PAST): OTHER/CHILD ABUSE","3"
"121","ASSAULT (IN PROGRESS): WEAPON/LTD ACC HWY","1"
"19","ASSAULT (PAST): SHOTS/INSIDE","6"
"79","ASSAULT (IN PROGRESS): SHOTS/OUTSIDE","39"
"76","ASSAULT (IN PROGRESS): KNIFE/INSIDE","9"
"67","ASSAULT (PAST): WEAPON/CHILD ABUSE","2"
"69","ASSAULT (IN PROGRESS): SHOTS/FAMILY","1"
"73","ASSAULT (PAST): SHOTS/OUTSIDE","9"
"84","ASSAULT (IN PROGRESS): KNIFE/TRANSIT","11"
"62","ASSAULT (PAST): OTHER/SCHOOL","37"
"19","ASSAULT (IN PROGRESS): OTHER/OUTSIDE","275"
"47","ASSAULT (PAST): WEAPON/TRANSIT","2"
"112","ASSAULT (IN PROGRESS): KNIFE/TRANSIT","3"
"24","ASSAULT (PAST): SHOTS/INSIDE","1"
"101","ASSAULT (PAST): WEAPON/OUTSIDE","7"
"78","ASSAULT (PAST): WEAPON/INSIDE","7"
"6","ASSAULT (IN PROGRESS): WEAPON/FAMILY","3"
"76","ASSAULT (PAST): WEAPON/FAMILY","1"
"77","ASSAULT (IN PROGRESS): WEAPON/OUTSIDE","50"
"120","ASSAULT (IN PROGRESS): SHOTS/INSIDE","25"
"72","ASSAULT (PAST): OTHER/OUTSIDE","87"
"52","ASSAULT (IN PROGRESS): KNIFE/OUTSIDE","96"
"78","ASSAULT (PAST): OTHER/FAMILY","17"
"50","ASSAULT (IN PROGRESS): OTHER/INSIDE","281"
"61","ASSAULT (PAST): KNIFE/INSIDE","1"
"67","ASSAULT (PAST): WEAPON/OUTSIDE","11"
"100","ASSAULT (IN PROGRESS): WEAPON/INSIDE","24"
"68","ASSAULT (PAST): OTHER/OUTSIDE","34"
"40","ASSAULT (PAST): OTHER/OUTSIDE","163"
"50","ASSAULT (IN PROGRESS): OTHER/OUTSIDE","158"
"67","ASSAULT (IN PROGRESS): OTHER/CHILD ABUSE","50"
"30","ASSAULT (PAST): OTHER/INSIDE","79"
"24","ASSAULT (IN PROGRESS): OTHER/TRANSIT","45"
"108","ASSAULT (IN PROGRESS): OTHER/OUTSIDE","319"
"122","ASSAULT (PAST): KNIFE/INSIDE","6"
"1","ASSAULT (IN PROGRESS): WEAPON/INSIDE","18"
"114","ASSAULT (IN PROGRESS): KNIFE/CHILD ABUSE","1"
"69","ASSAULT (IN PROGRESS): SHOTS/SCHOOL","2"
"46","ASSAULT (IN PROGRESS): KNIFE/CHILD ABUSE","3"
"5","ASSAULT (IN PROGRESS): SHOTS/OUTSIDE","13"
"109","ASSAULT (PAST): KNIFE/FAMILY","7"
"104","ASSAULT (PAST): OTHER/OUTSIDE","56"
"60","ASSAULT (PAST): WEAPON/SCHOOL","3"
"46","ASSAULT (IN PROGRESS): OTHER/FAMILY","929"
"52","ASSAULT (IN PROGRESS): OTHER/LTD ACC HWY","2"
"83","ASSAULT (PAST): WEAPON/SCHOOL","2"
"94","ASSAULT (IN PROGRESS): WEAPON/OUTSIDE","33"
"44","ASSAULT (PAST): KNIFE/INSIDE","65"
"44","ASSAULT (IN PROGRESS): WEAPON/OUTSIDE","113"
"26","ASSAULT (PAST): WEAPON/SCHOOL","2"
"70","ASSAULT (PAST): KNIFE/FAMILY","2"
"7","ASSAULT (PAST): OTHER/OUTSIDE","58"
"18","ASSAULT (PAST): WEAPON/TRANSIT","2"
"48","ASSAULT (PAST): KNIFE/FAMILY","9"
"50","ASSAULT (PAST): WEAPON/SCHOOL","2"
"48","ASSAULT (IN PROGRESS): WEAPON/CHILD","3"
"46","ASSAULT (PAST): KNIFE/FAMILY","5"
"72","ASSAULT (IN PROGRESS): SHOTS/TRANSIT","1"
"46","ASSAULT (IN PROGRESS): SHOTS/INSIDE","84"
"77","ASSAULT (PAST): OTHER/OUTSIDE","58"
"40","ASSAULT (PAST): KNIFE/INSIDE","68"
"33","ASSAULT (PAST): OTHER/FAMILY","28"
"90","ASSAULT (IN PROGRESS): SHOTS/TRANSIT","2"
"34","ASSAULT (IN PROGRESS): OTHER/INSIDE","235"
"40","ASSAULT (PAST): OTHER/TRANSIT","21"
"72","ASSAULT (IN PROGRESS): OTHER/INSIDE","294"
"112","ASSAULT (IN PROGRESS): WEAPON/SCHOOL","6"
"105","ASSAULT (IN PROGRESS): KNIFE/FAMILY","31"
"77","ASSAULT (IN PROGRESS): WEAPON/FAMILY","31"
"19","ASSAULT (IN PROGRESS): OTHER/LTD ACC HWY","1"
"44","ASSAULT (PAST): KNIFE/SCHOOL","2"
"62","ASSAULT (IN PROGRESS): OTHER/TRANSIT","26"
"47","ASSAULT (PAST): KNIFE/OUTSIDE","18"
"23","ASSAULT (PAST): WEAPON/CHILD ABUSE","1"
"66","ASSAULT (IN PROGRESS): WEAPON/FAMILY","18"
"77","ASSAULT (PAST): OTHER/FAMILY","44"
"62","ASSAULT (PAST): WEAPON/SCHOOL","3"
"107","ASSAULT (IN PROGRESS): SHOTS/INSIDE","5"
"122","ASSAULT (PAST): SHOTS/OUTSIDE","1"
"48","ASSAULT (IN PROGRESS): KNIFE/FAMILY","51"
"45","ASSAULT (IN PROGRESS): KNIFE/OUTSIDE","40"
"101","ASSAULT (PAST): KNIFE/OUTSIDE","5"
"76","ASSAULT (IN PROGRESS): WEAPON/OUTSIDE","10"
"75","ASSAULT (IN PROGRESS): WEAPON/INSIDE","158"
"23","ASSAULT (PAST): KNIFE/INSIDE","32"
"41","ASSAULT (PAST): OTHER/OUTSIDE","68"
"5","ASSAULT (IN PROGRESS): OTHER/TRANSIT","72"
"75","ASSAULT (IN PROGRESS): SHOTS/OUTSIDE","84"
"105","ASSAULT (IN PROGRESS): SHOTS/SCHOOL","2"
"44","ASSAULT (IN PROGRESS): KNIFE/FAMILY","67"
"17","ASSAULT (IN PROGRESS): SHOTS/OUTSIDE","1"
"46","ASSAULT (PAST): OTHER/CHILD ABUSE","26"
"61","ASSAULT (PAST): SHOTS/INSIDE","2"
"47","ASSAULT (IN PROGRESS): OTHER/LTD ACC HWY","1"
"33","ASSAULT (PAST): KNIFE/OUTSIDE","8"
"121","ASSAULT (PAST): OTHER/SCHOOL","11"
"77","ASSAULT (PAST): KNIFE/OUTSIDE","4"
"104","ASSAULT (IN PROGRESS): WEAPON/FAMILY","21"
"43","ASSAULT (IN PROGRESS): OTHER/LTD ACC HWY","1"
"49","ASSAULT (PAST): OTHER/CHILD ABUSE","10"
"90","ASSAULT (IN PROGRESS): OTHER/CHILD ABUSE","14"
"67","ASSAULT (IN PROGRESS): OTHER/TRANSIT","11"
"52","ASSAULT (IN PROGRESS): OTHER/TRANSIT","62"
"78","ASSAULT (IN PROGRESS): KNIFE/FAMILY","1"
"42","ASSAULT (PAST): OTHER/FAMILY","129"
"6","ASSAULT (IN PROGRESS): OTHER/SCHOOL","2"
"115","ASSAULT (PAST): WEAPON/TRANSIT","1"
"62","ASSAULT (PAST): SHOTS/INSIDE","1"
"30","ASSAULT (IN PROGRESS): WEAPON/FAMILY","16"
"10","ASSAULT (IN PROGRESS): KNIFE/SCHOOL","2"
"108","ASSAULT (PAST): OTHER/INSIDE","123"
"40","ASSAULT (IN PROGRESS): KNIFE/TRANSIT","11"
"67","ASSAULT (PAST): WEAPON/INSIDE","35"
"115","ASSAULT (IN PROGRESS): OTHER/CHILD ABUSE","27"
"23","ASSAULT (PAST): OTHER/CHILD ABUSE","12"
"19","ASSAULT (IN PROGRESS): KNIFE/INSIDE","14"
"76","ASSAULT (PAST): WEAPON/OUTSIDE","1"
"102","ASSAULT (PAST): WEAPON/CHILD ABUSE","2"
"42","ASSAULT (IN PROGRESS): KNIFE/INSIDE","104"
"76","ASSAULT (PAST): OTHER/SCHOOL","6"
"25","ASSAULT (IN PROGRESS): KNIFE/OUTSIDE","51"
"105","ASSAULT (IN PROGRESS): KNIFE/OUTSIDE","31"
"25","ASSAULT (IN PROGRESS): SHOTS/OUTSIDE","39"
"50","ASSAULT (PAST): WEAPON/INSIDE","25"
"75","ASSAULT (IN PROGRESS): SHOTS/INSIDE","51"
"62","ASSAULT (PAST): KNIFE/INSIDE","3"
"1","ASSAULT (IN PROGRESS): KNIFE/OUTSIDE","14"
"5","ASSAULT (IN PROGRESS): WEAPON/OUTSIDE","47"
"68","ASSAULT (IN PROGRESS): WEAPON/FAMILY","13"
"94","ASSAULT (PAST): OTHER/INSIDE","49"
"111","ASSAULT (IN PROGRESS): WEAPON/LTD ACC HWY","1"
"120","ASSAULT (PAST): OTHER/CHILD ABUSE","16"
"1","ASSAULT (PAST): OTHER/FAMILY","18"
"115","ASSAULT (IN PROGRESS): WEAPON/OUTSIDE","121"
"71","ASSAULT (PAST): WEAPON/FAMILY","5"
"68","ASSAULT (IN PROGRESS): OTHER/FAMILY","179"
"70","ASSAULT (IN PROGRESS): OTHER/INSIDE","368"
"106","ASSAULT (IN PROGRESS): KNIFE/OUTSIDE","32"
"112","ASSAULT (IN PROGRESS): KNIFE/FAMILY","3"
"107","ASSAULT (PAST): KNIFE/FAMILY","1"
"102","ASSAULT (IN PROGRESS): OTHER/SCHOOL","4"
"44","ASSAULT (IN PROGRESS): SHOTS/TRANSIT","1"
"50","ASSAULT (PAST): KNIFE/FAMILY","2"
"71","ASSAULT (PAST): OTHER/OUTSIDE","59"
"1","ASSAULT (IN PROGRESS): OTHER/TRANSIT","118"
"104","ASSAULT (IN PROGRESS): KNIFE/TRANSIT","5"
"17","ASSAULT (PAST): OTHER/FAMILY","9"
"105","ASSAULT (IN PROGRESS): KNIFE/LTD ACC HWY","1"
"43","ASSAULT (PAST): WEAPON/FAMILY","14"
"41","ASSAULT (PAST): WEAPON/INSIDE","20"
"24","ASSAULT (PAST): KNIFE/OUTSIDE","5"
"84","ASSAULT (IN PROGRESS): OTHER/SCHOOL","8"
"70","ASSAULT (PAST): OTHER/CHILD ABUSE","10"
"23","ASSAULT (IN PROGRESS): WEAPON/FAMILY","29"
"71","ASSAULT (IN PROGRESS): SHOTS/OUTSIDE","25"
"10","ASSAULT (PAST): OTHER/INSIDE","108"
"105","ASSAULT (PAST): SHOTS/OUTSIDE","3"
"79","ASSAULT (IN PROGRESS): KNIFE/FAMILY","90"
"112","ASSAULT (PAST): KNIFE/FAMILY","2"
"9","ASSAULT (IN PROGRESS): WEAPON/FAMILY","4"
"83","ASSAULT (IN PROGRESS): WEAPON/FAMILY","29"
"115","ASSAULT (IN PROGRESS): KNIFE/OUTSIDE","74"
"105","ASSAULT (PAST): OTHER/INSIDE","292"
"100","ASSAULT (PAST): OTHER/FAMILY","15"
"9","ASSAULT (IN PROGRESS): KNIFE/FAMILY","7"
"49","ASSAULT (IN PROGRESS): WEAPON/FAMILY","39"
"23","ASSAULT (PAST): OTHER/OUTSIDE","75"
"77","ASSAULT (IN PROGRESS): WEAPON/CHILD","4"
"68","ASSAULT (PAST): KNIFE/OUTSIDE","2"
"102","ASSAULT (PAST): WEAPON/FAMILY","9"
"114","ASSAULT (PAST): KNIFE/FAMILY","1"
"42","ASSAULT (PAST): WEAPON/INSIDE","33"
"63","ASSAULT (PAST): OTHER/OUTSIDE","30"
"101","ASSAULT (PAST): OTHER/CHILD ABUSE","22"
"114","ASSAULT (IN PROGRESS): SHOTS/TRANSIT","4"
"28","ASSAULT (IN PROGRESS): KNIFE/CHILD ABUSE","1"
"76","ASSAULT (IN PROGRESS): SHOTS/FAMILY","2"
"33","ASSAULT (IN PROGRESS): SHOTS/OUTSIDE","26"
"20","ASSAULT (PAST): OTHER/LTD ACC HWY","1"
"26","ASSAULT (IN PROGRESS): SHOTS/OUTSIDE","7"
"84","ASSAULT (IN PROGRESS): KNIFE/INSIDE","14"
"52","ASSAULT (PAST): OTHER/CHILD ABUSE","14"
"66","ASSAULT (PAST): OTHER/CHILD ABUSE","9"
"115","ASSAULT (PAST): WEAPON/OUTSIDE","17"
"10","ASSAULT (IN PROGRESS): OTHER/CHILD ABUSE","5"
"71","ASSAULT (IN PROGRESS): KNIFE/OUTSIDE","28"
"44","ASSAULT (IN PROGRESS): KNIFE/INSIDE","135"
"7","ASSAULT (PAST): OTHER/CHILD ABUSE","2"
"112","ASSAULT (PAST): OTHER/OUTSIDE","27"
"5","ASSAULT (PAST): OTHER/FAMILY","14"
"23","ASSAULT (IN PROGRESS): SHOTS/OUTSIDE","24"
"110","ASSAULT (PAST): WEAPON/INSIDE","28"
"69","ASSAULT (PAST): SHOTS/LTD ACC HWY","2"
"61","ASSAULT (IN PROGRESS): OTHER/SCHOOL","14"
"70","ASSAULT (IN PROGRESS): WEAPON/OUTSIDE","71"
"75","ASSAULT (PAST): WEAPON/OUTSIDE","36"
"84","ASSAULT (IN PROGRESS): WEAPON/TRANSIT","12"
"88","ASSAULT (PAST): OTHER/OUTSIDE","54"
"115","ASSAULT (PAST): SHOTS/INSIDE","2"
"76","ASSAULT (IN PROGRESS): OTHER/TRANSIT","11"
"71","ASSAULT (PAST): OTHER/TRANSIT","12"
"109","ASSAULT (PAST): WEAPON/OUTSIDE","14"
"104","ASSAULT (PAST): SHOTS/OUTSIDE","2"
"102","ASSAULT (PAST): SHOTS/INSIDE","17"
"100","ASSAULT (PAST): KNIFE/OUTSIDE","1"
"101","ASSAULT (PAST): WEAPON/CHILD ABUSE","1"
"42","ASSAULT (IN PROGRESS): KNIFE/TRANSIT","1"
"75","ASSAULT (PAST): OTHER/TRANSIT","22"
"108","ASSAULT (PAST): WEAPON/OUTSIDE","10"
"46","ASSAULT (IN PROGRESS): WEAPON/OUTSIDE","164"
"47","ASSAULT (PAST): KNIFE/FAMILY","14"
"115","ASSAULT (PAST): WEAPON/INSIDE","19"
"84","ASSAULT (IN PROGRESS): SHOTS/TRANSIT","2"
"52","ASSAULT (IN PROGRESS): SHOTS/INSIDE","21"
"20","ASSAULT (PAST): WEAPON/INSIDE","3"
"24","ASSAULT (PAST): OTHER/SCHOOL","5"
"48","ASSAULT (PAST): KNIFE/INSIDE","56"
"23","ASSAULT (IN PROGRESS): OTHER/CHILD ABUSE","42"
"68","ASSAULT (IN PROGRESS): OTHER/TRANSIT","15"
"77","ASSAULT (PAST): KNIFE/INSIDE","12"
"24","ASSAULT (PAST): OTHER/INSIDE","123"
"47","ASSAULT (PAST): OTHER/TRANSIT","13"
"41","ASSAULT (IN PROGRESS): KNIFE/TRANSIT","4"
"79","ASSAULT (IN PROGRESS): OTHER/INSIDE","439"
"112","ASSAULT (IN PROGRESS): OTHER/CHILD ABUSE","4"
"123","ASSAULT (PAST): KNIFE/INSIDE","2"
"13","ASSAULT (IN PROGRESS): SHOTS/INSIDE","7"
"5","ASSAULT (IN PROGRESS): WEAPON/TRANSIT","6"
"88","ASSAULT (IN PROGRESS): WEAPON/OUTSIDE","34"
"120","ASSAULT (PAST): SHOTS/INSIDE","7"
"20","ASSAULT (IN PROGRESS): OTHER/CHILD ABUSE","13"
"94","ASSAULT (PAST): SHOTS/OUTSIDE","1"
"101","ASSAULT (IN PROGRESS): KNIFE/SCHOOL","2"
"33","ASSAULT (IN PROGRESS): KNIFE/INSIDE","30"
"23","ASSAULT (PAST): WEAPON/FAMILY","5"
"81","ASSAULT (IN PROGRESS): OTHER/INSIDE","330"
"120","ASSAULT (IN PROGRESS): KNIFE/OUTSIDE","28"
"81","ASSAULT (IN PROGRESS): OTHER/SCHOOL","14"
"33","ASSAULT (PAST): WEAPON/INSIDE","8"
"122","ASSAULT (IN PROGRESS): KNIFE/FAMILY","5"
"45","ASSAULT (IN PROGRESS): OTHER/INSIDE","245"
"30","ASSAULT (IN PROGRESS): KNIFE/FAMILY","8"
"63","ASSAULT (IN PROGRESS): OTHER/INSIDE","119"
"14","ASSAULT (IN PROGRESS): OTHER/TRANSIT","201"
"49","ASSAULT (IN PROGRESS): WEAPON/OUTSIDE","55"
"121","ASSAULT (IN PROGRESS): OTHER/FAMILY","370"
"111","ASSAULT (IN PROGRESS): WEAPON/INSIDE","6"
"5","ASSAULT (IN PROGRESS): KNIFE/FAMILY","3"
"60","ASSAULT (IN PROGRESS): WEAPON/OUTSIDE","58"
"61","ASSAULT (PAST): OTHER/FAMILY","51"
"33","ASSAULT (PAST): OTHER/CHILD ABUSE","10"
"47","ASSAULT (PAST): OTHER/OUTSIDE","84"
"19","ASSAULT (IN PROGRESS): OTHER/INSIDE","172"
"77","ASSAULT (IN PROGRESS): OTHER/FAMILY","376"
"62","ASSAULT (PAST): KNIFE/OUTSIDE","3"
"67","ASSAULT (IN PROGRESS): OTHER/OUTSIDE","374"
"30","ASSAULT (IN PROGRESS): WEAPON/INSIDE","36"
"46","ASSAULT (IN PROGRESS): SHOTS/FAMILY","1"
"84","ASSAULT (PAST): KNIFE/OUTSIDE","5"
"120","ASSAULT (IN PROGRESS): OTHER/CHILD ABUSE","38"
"25","ASSAULT (IN PROGRESS): KNIFE/FAMILY","17"
"70","ASSAULT (PAST): WEAPON/INSIDE","24"
"18","ASSAULT (IN PROGRESS): SHOTS/OUTSIDE","15"
"81","ASSAULT (PAST): OTHER/OUTSIDE","80"
"120","ASSAULT (PAST): WEAPON/FAMILY","8"
"13","ASSAULT (IN PROGRESS): OTHER/SCHOOL","2"
"40","ASSAULT (IN PROGRESS): KNIFE/SCHOOL","2"
"34","ASSAULT (IN PROGRESS): KNIFE/TRANSIT","3"
"42","ASSAULT (IN PROGRESS): WEAPON/FAMILY","63"
"42","ASSAULT (PAST): KNIFE/INSIDE","29"
"10","ASSAULT (IN PROGRESS): WEAPON/FAMILY","12"
"84","ASSAULT (IN PROGRESS): SHOTS/OUTSIDE","14"
"7","ASSAULT (IN PROGRESS): KNIFE/CHILD ABUSE","1"
"71","ASSAULT (PAST): OTHER/INSIDE","351"
"32","ASSAULT (PAST): OTHER/SCHOOL","10"
"71","ASSAULT (PAST): OTHER/SCHOOL","19"
"5","ASSAULT (IN PROGRESS): KNIFE/TRANSIT","2"
"103","ASSAULT (IN PROGRESS): SHOTS/OUTSIDE","24"
"100","ASSAULT (IN PROGRESS): OTHER/OUTSIDE","110"
"105","ASSAULT (IN PROGRESS): OTHER/TRANSIT","1"
"23","ASSAULT (IN PROGRESS): KNIFE/TRANSIT","4"
"69","ASSAULT (PAST): OTHER/FAMILY","49"
"69","ASSAULT (IN PROGRESS): SHOTS/OUTSIDE","22"
"20","ASSAULT (PAST): OTHER/INSIDE","77"
"83","ASSAULT (IN PROGRESS): OTHER/CHILD ABUSE","16"
"103","ASSAULT (IN PROGRESS): OTHER/INSIDE","463"
"66","ASSAULT (PAST): KNIFE/FAMILY","1"
"46","ASSAULT (IN PROGRESS): SHOTS/CHILD","1"
"49","ASSAULT (IN PROGRESS): SHOTS/OUTSIDE","19"
"23","ASSAULT (PAST): KNIFE/FAMILY","4"
"10","ASSAULT (IN PROGRESS): OTHER/INSIDE","200"
"113","ASSAULT (IN PROGRESS): OTHER/SCHOOL","22"
"75","ASSAULT (PAST): WEAPON/TRANSIT","1"
"103","ASSAULT (IN PROGRESS): KNIFE/LTD ACC HWY","2"
"120","ASSAULT (IN PROGRESS): KNIFE/FAMILY","37"
"5","ASSAULT (PAST): WEAPON/OUTSIDE","12"
"10","ASSAULT (IN PROGRESS): KNIFE/FAMILY","2"
"103","ASSAULT (IN PROGRESS): WEAPON/OUTSIDE","94"
"108","ASSAULT (IN PROGRESS): KNIFE/INSIDE","18"
"101","ASSAULT (IN PROGRESS): SHOTS/OUTSIDE","23"
"66","ASSAULT (IN PROGRESS): WEAPON/OUTSIDE","42"
"90","ASSAULT (PAST): KNIFE/OUTSIDE","4"
"73","ASSAULT (PAST): WEAPON/INSIDE","39"
"61","ASSAULT (IN PROGRESS): OTHER/TRANSIT","29"
"68","ASSAULT (IN PROGRESS): WEAPON/LTD ACC HWY","3"
"10","ASSAULT (PAST): OTHER/TRANSIT","12"
"33","ASSAULT (PAST): WEAPON/TRANSIT","2"
"94","ASSAULT (IN PROGRESS): WEAPON/TRANSIT","1"
"46","ASSAULT (IN PROGRESS): OTHER/CHILD ABUSE","47"
"106","ASSAULT (IN PROGRESS): OTHER/SCHOOL","24"
"76","ASSAULT (IN PROGRESS): OTHER/CHILD ABUSE","9"
"24","ASSAULT (IN PROGRESS): OTHER/LTD ACC HWY","1"
"84","ASSAULT (IN PROGRESS): OTHER/TRANSIT","120"
"6","ASSAULT (IN PROGRESS): SHOTS/OUTSIDE","4"
"40","ASSAULT (IN PROGRESS): OTHER/TRANSIT","78"
"10","ASSAULT (IN PROGRESS): KNIFE/TRANSIT","1"
"33","ASSAULT (IN PROGRESS): OTHER/SCHOOL","7"
"41","ASSAULT (PAST): OTHER/SCHOOL","17"
"23","ASSAULT (PAST): WEAPON/INSIDE","19"
"122","ASSAULT (PAST): OTHER/SCHOOL","24"
"18","ASSAULT (PAST): OTHER/TRANSIT","35"
"120","ASSAULT (IN PROGRESS): WEAPON/OUTSIDE","55"
"20","ASSAULT (IN PROGRESS): WEAPON/INSIDE","9"
"102","ASSAULT (IN PROGRESS): OTHER/INSIDE","304"
"40","ASSAULT (IN PROGRESS): OTHER/OUTSIDE","567"
"106","ASSAULT (PAST): OTHER/INSIDE","101"
"47","ASSAULT (IN PROGRESS): KNIFE/TRANSIT","4"
"26","ASSAULT (PAST): OTHER/OUTSIDE","28"
"84","ASSAULT (PAST): OTHER/SCHOOL","15"
"120","ASSAULT (PAST): KNIFE/INSIDE","24"
"23","ASSAULT (IN PROGRESS): OTHER/OUTSIDE","265"
"103","ASSAULT (PAST): WEAPON/OUTSIDE","19"
"25","ASSAULT (PAST): OTHER/TRANSIT","13"
"107","ASSAULT (PAST): OTHER/OUTSIDE","45"
"101","ASSAULT (PAST): OTHER/SCHOOL","25"
"122","ASSAULT (IN PROGRESS): OTHER/OUTSIDE","117"
"115","ASSAULT (PAST): OTHER/SCHOOL","6"
"43","ASSAULT (IN PROGRESS): WEAPON/INSIDE","63"
"43","ASSAULT (IN PROGRESS): SHOTS/FAMILY","4"
"45","ASSAULT (IN PROGRESS): SHOTS/OUTSIDE","22"
"46","ASSAULT (PAST): KNIFE/TRANSIT","1"
"90","ASSAULT (IN PROGRESS): WEAPON/CHILD","1"
"62","ASSAULT (IN PROGRESS): SHOTS/INSIDE","5"
"34","ASSAULT (IN PROGRESS): SHOTS/OUTSIDE","21"
"113","ASSAULT (PAST): KNIFE/OUTSIDE","3"
"44","ASSAULT (IN PROGRESS): SHOTS/FAMILY","2"
"32","ASSAULT (IN PROGRESS): WEAPON/FAMILY","37"
"90","ASSAULT (PAST): KNIFE/SCHOOL","2"
"72","ASSAULT (IN PROGRESS): OTHER/FAMILY","236"
"49","ASSAULT (IN PROGRESS): KNIFE/OUTSIDE","41"
"110","ASSAULT (IN PROGRESS): WEAPON/FAMILY","41"
"19","ASSAULT (IN PROGRESS): OTHER/CHILD ABUSE","14"
"47","ASSAULT (IN PROGRESS): SHOTS/OUTSIDE","46"
"47","ASSAULT (IN PROGRESS): WEAPON/TRANSIT","3"
"34","ASSAULT (IN PROGRESS): KNIFE/OUTSIDE","42"
"26","ASSAULT (IN PROGRESS): OTHER/INSIDE","130"
"40","ASSAULT (IN PROGRESS): WEAPON/INSIDE","100"
"33","ASSAULT (IN PROGRESS): WEAPON/OUTSIDE","45"
"104","ASSAULT (IN PROGRESS): OTHER/INSIDE","233"
"70","ASSAULT (PAST): KNIFE/TRANSIT","2"
"48","ASSAULT (IN PROGRESS): OTHER/SCHOOL","31"
"9","ASSAULT (IN PROGRESS): OTHER/CHILD ABUSE","7"
"69","ASSAULT (PAST): SHOTS/INSIDE","1"
"115","ASSAULT (PAST): SHOTS/OUTSIDE","3"
"34","ASSAULT (IN PROGRESS): WEAPON/TRANSIT","4"
"115","ASSAULT (IN PROGRESS): SHOTS/TRANSIT","1"
"103","ASSAULT (IN PROGRESS): WEAPON/INSIDE","61"
"102","ASSAULT (IN PROGRESS): OTHER/CHILD ABUSE","17"
"61","ASSAULT (IN PROGRESS): WEAPON/OUTSIDE","37"
"61","ASSAULT (PAST): OTHER/INSIDE","126"
"44","ASSAULT (PAST): OTHER/INSIDE","452"
"24","ASSAULT (PAST): OTHER/TRANSIT","10"
"121","ASSAULT (PAST): OTHER/INSIDE","105"
"9","ASSAULT (IN PROGRESS): KNIFE/OUTSIDE","34"
"40","ASSAULT (IN PROGRESS): KNIFE/INSIDE","73"
"120","ASSAULT (PAST): SHOTS/OUTSIDE","2"
"28","ASSAULT (IN PROGRESS): SHOTS/TRANSIT","1"
"40","ASSAULT (PAST): WEAPON/CHILD ABUSE","1"
"14","ASSAULT (PAST): WEAPON/OUTSIDE","20"
"90","ASSAULT (IN PROGRESS): KNIFE/FAMILY","9"
"13","ASSAULT (IN PROGRESS): OTHER/LTD ACC HWY","2"
"112","ASSAULT (IN PROGRESS): SHOTS/OUTSIDE","3"
"114","ASSAULT (PAST): WEAPON/INSIDE","24"
"26","ASSAULT (PAST): KNIFE/INSIDE","10"
"120","ASSAULT (IN PROGRESS): KNIFE/SCHOOL","6"
"28","ASSAULT (PAST): WEAPON/FAMILY","1"
"75","ASSAULT (IN PROGRESS): KNIFE/CHILD ABUSE","2"
"30","ASSAULT (PAST): OTHER/OUTSIDE","41"
"50","ASSAULT (PAST): OTHER/SCHOOL","14"
"41","ASSAULT (IN PROGRESS): WEAPON/CHILD","2"
"52","ASSAULT (IN PROGRESS): OTHER/SCHOOL","21"
"19","ASSAULT (PAST): WEAPON/OUTSIDE","7"
"47","ASSAULT (IN PROGRESS): OTHER/TRANSIT","29"
"102","ASSAULT (IN PROGRESS): KNIFE/FAMILY","22"
"83","ASSAULT (IN PROGRESS): KNIFE/FAMILY","23"
"5","ASSAULT (IN PROGRESS): SHOTS/INSIDE","6"
"23","ASSAULT (IN PROGRESS): WEAPON/TRANSIT","2"
"42","ASSAULT (PAST): WEAPON/SCHOOL","3"
"28","ASSAULT (IN PROGRESS): WEAPON/OUTSIDE","70"
"60","ASSAULT (PAST): KNIFE/OUTSIDE","6"
"73","ASSAULT (PAST): KNIFE/TRANSIT","2"
"10","ASSAULT (IN PROGRESS): WEAPON/TRANSIT","3"
"17","ASSAULT (IN PROGRESS): SHOTS/INSIDE","2"
"24","ASSAULT (PAST): KNIFE/INSIDE","5"
"62","ASSAULT (IN PROGRESS): KNIFE/INSIDE","9"
"24","ASSAULT (IN PROGRESS): OTHER/FAMILY","195"
"123","ASSAULT (PAST): OTHER/OUTSIDE","13"
"106","ASSAULT (IN PROGRESS): OTHER/CHILD ABUSE","20"
"66","ASSAULT (IN PROGRESS): SHOTS/INSIDE","11"
"25","ASSAULT (PAST): KNIFE/INSIDE","11"
"33","ASSAULT (IN PROGRESS): SHOTS/TRANSIT","1"
"23","ASSAULT (PAST): KNIFE/TRANSIT","1"
"30","ASSAULT (IN PROGRESS): KNIFE/OUTSIDE","34"
"73","ASSAULT (IN PROGRESS): OTHER/SCHOOL","24"
"63","ASSAULT (PAST): OTHER/FAMILY","27"
"81","ASSAULT (IN PROGRESS): KNIFE/TRANSIT","1"
"107","ASSAULT (PAST): OTHER/TRANSIT","27"
"121","ASSAULT (IN PROGRESS): OTHER/CHILD ABUSE","20"
"84","ASSAULT (IN PROGRESS): OTHER/OUTSIDE","277"
"115","ASSAULT (PAST): KNIFE/OUTSIDE","19"
"62","ASSAULT (IN PROGRESS): OTHER/FAMILY","276"
"28","ASSAULT (PAST): KNIFE/TRANSIT","1"
