"nypd_pct_cd","typ_desc","n"
"101","ASSAULT (IN PROGRESS): WEAPON/OUTSIDE","30"
"101","ASSAULT (PAST): KNIFE/CHILD ABUSE","1"
"7","ASSAULT (PAST): OTHER/TRANSIT","11"
"14","ASSAULT (PAST): WEAPON/FAMILY","2"
"106","ASSAULT (PAST): SHOTS/INSIDE","1"
"105","ASSAULT (IN PROGRESS): OTHER/INSIDE","383"
"25","ASSAULT (PAST): SHOTS/FAMILY","1"
"107","ASSAULT (IN PROGRESS): KNIFE/TRANSIT","4"
"115","ASSAULT (IN PROGRESS): WEAPON/TRANSIT","6"
"7","ASSAULT (IN PROGRESS): WEAPON/TRANSIT","2"
"108","ASSAULT (IN PROGRESS): SHOTS/LTD ACC HWY","2"
"76","ASSAULT (PAST): OTHER/TRANSIT","2"
"18","ASSAULT (IN PROGRESS): KNIFE/INSIDE","25"
"13","ASSAULT (PAST): OTHER/SCHOOL","9"
"60","ASSAULT (IN PROGRESS): KNIFE/FAMILY","25"
"17","ASSAULT (IN PROGRESS): KNIFE/TRANSIT","2"
"107","ASSAULT (PAST): OTHER/INSIDE","192"
"83","ASSAULT (IN PROGRESS): SHOTS/FAMILY","3"
"10","ASSAULT (PAST): SHOTS/OUTSIDE","2"
"25","ASSAULT (IN PROGRESS): SHOTS/INSIDE","34"
"49","ASSAULT (PAST): OTHER/OUTSIDE","57"
"42","ASSAULT (IN PROGRESS): WEAPON/SCHOOL","1"
"72","ASSAULT (PAST): OTHER/INSIDE","128"
"19","ASSAULT (IN PROGRESS): WEAPON/INSIDE","20"
"49","ASSAULT (PAST): KNIFE/OUTSIDE","9"
"20","ASSAULT (PAST): OTHER/SCHOOL","5"
"45","ASSAULT (IN PROGRESS): WEAPON/CHILD","1"
"108","ASSAULT (IN PROGRESS): SHOTS/INSIDE","2"
"32","ASSAULT (PAST): OTHER/CHILD ABUSE","6"
"71","ASSAULT (PAST): OTHER/FAMILY","59"
"88","ASSAULT (PAST): KNIFE/OUTSIDE","3"
"45","ASSAULT (IN PROGRESS): KNIFE/FAMILY","20"
"23","ASSAULT (IN PROGRESS): OTHER/TRANSIT","8"
"34","ASSAULT (IN PROGRESS): OTHER/TRANSIT","32"
"75","ASSAULT (PAST): OTHER/SCHOOL","36"
"114","ASSAULT (PAST): OTHER/TRANSIT","17"
"105","ASSAULT (IN PROGRESS): OTHER/LTD ACC HWY","5"
"47","ASSAULT (IN PROGRESS): OTHER/CHILD ABUSE","42"
"17","ASSAULT (PAST): KNIFE/OUTSIDE","5"
"90","ASSAULT (PAST): WEAPON/OUTSIDE","5"
"101","ASSAULT (PAST): OTHER/TRANSIT","3"
"114","ASSAULT (PAST): KNIFE/TRANSIT","1"
"79","ASSAULT (IN PROGRESS): WEAPON/FAMILY","27"
"83","ASSAULT (PAST): WEAPON/OUTSIDE","11"
"33","ASSAULT (IN PROGRESS): KNIFE/FAMILY","14"
"13","ASSAULT (IN PROGRESS): SHOTS/TRANSIT","1"
"77","ASSAULT (IN PROGRESS): KNIFE/FAMILY","22"
"104","ASSAULT (IN PROGRESS): OTHER/LTD ACC HWY","1"
"123","ASSAULT (PAST): OTHER/SCHOOL","3"
"71","ASSAULT (IN PROGRESS): KNIFE/FAMILY","17"
"78","ASSAULT (IN PROGRESS): OTHER/INSIDE","243"
"122","ASSAULT (PAST): KNIFE/FAMILY","4"
"83","ASSAULT (PAST): OTHER/OUTSIDE","93"
"103","ASSAULT (PAST): WEAPON/FAMILY","2"
"77","ASSAULT (IN PROGRESS): OTHER/OUTSIDE","221"
"107","ASSAULT (IN PROGRESS): KNIFE/LTD ACC HWY","1"
"25","ASSAULT (IN PROGRESS): SHOTS/TRANSIT","3"
"113","ASSAULT (PAST): OTHER/LTD ACC HWY","1"
"26","ASSAULT (PAST): KNIFE/TRANSIT","3"
"45","ASSAULT (IN PROGRESS): KNIFE/TRANSIT","4"
"18","ASSAULT (PAST): KNIFE/OUTSIDE","4"
"28","ASSAULT (IN PROGRESS): WEAPON/CHILD","5"
"9","ASSAULT (PAST): WEAPON/INSIDE","16"
"84","ASSAULT (PAST): OTHER/INSIDE","103"
"48","ASSAULT (PAST): SHOTS/FAMILY","1"
"9","ASSAULT (PAST): OTHER/TRANSIT","8"
"46","ASSAULT (PAST): WEAPON/FAMILY","13"
"94","ASSAULT (IN PROGRESS): SHOTS/OUTSIDE","13"
"33","ASSAULT (PAST): OTHER/SCHOOL","2"
"78","ASSAULT (PAST): OTHER/INSIDE","118"
"50","ASSAULT (PAST): OTHER/LTD ACC HWY","1"
"9","ASSAULT (PAST): OTHER/CHILD ABUSE","3"
"52","ASSAULT (IN PROGRESS): WEAPON/FAMILY","38"
"41","ASSAULT (IN PROGRESS): OTHER/OUTSIDE","206"
"10","ASSAULT (PAST): KNIFE/INSIDE","3"
"75","ASSAULT (IN PROGRESS): OTHER/SCHOOL","13"
"50","ASSAULT (IN PROGRESS): KNIFE/CHILD ABUSE","1"
"34","ASSAULT (IN PROGRESS): WEAPON/CHILD","1"
"47","ASSAULT (IN PROGRESS): KNIFE/FAMILY","62"
"108","ASSAULT (IN PROGRESS): OTHER/INSIDE","215"
"41","ASSAULT (IN PROGRESS): SHOTS/INSIDE","18"
"90","ASSAULT (IN PROGRESS): WEAPON/FAMILY","20"
"40","ASSAULT (IN PROGRESS): KNIFE/LTD ACC HWY","1"
"84","ASSAULT (IN PROGRESS): WEAPON/OUTSIDE","33"
"19","ASSAULT (PAST): KNIFE/INSIDE","8"
"28","ASSAULT (PAST): KNIFE/INSIDE","10"
"71","ASSAULT (PAST): KNIFE/OUTSIDE","3"
"63","ASSAULT (IN PROGRESS): KNIFE/OUTSIDE","11"
"78","ASSAULT (IN PROGRESS): WEAPON/OUTSIDE","32"
"45","ASSAULT (PAST): OTHER/INSIDE","131"
"23","ASSAULT (IN PROGRESS): KNIFE/FAMILY","17"
"45","ASSAULT (IN PROGRESS): OTHER/FAMILY","331"
"47","ASSAULT (PAST): KNIFE/CHILD ABUSE","1"
"23","ASSAULT (IN PROGRESS): OTHER/FAMILY","379"
"71","ASSAULT (IN PROGRESS): OTHER/FAMILY","295"
"69","ASSAULT (IN PROGRESS): KNIFE/OUTSIDE","23"
"5","ASSAULT (IN PROGRESS): WEAPON/FAMILY","3"
"25","ASSAULT (PAST): WEAPON/OUTSIDE","11"
"45","ASSAULT (PAST): KNIFE/FAMILY","1"
"69","ASSAULT (PAST): WEAPON/OUTSIDE","2"
"106","ASSAULT (PAST): KNIFE/INSIDE","6"
"18","ASSAULT (IN PROGRESS): OTHER/SCHOOL","7"
"45","ASSAULT (PAST): WEAPON/TRANSIT","1"
"103","ASSAULT (PAST): WEAPON/INSIDE","26"
"107","ASSAULT (PAST): WEAPON/OUTSIDE","3"
"24","ASSAULT (IN PROGRESS): WEAPON/INSIDE","108"
"110","ASSAULT (IN PROGRESS): KNIFE/FAMILY","25"
"43","ASSAULT (PAST): OTHER/TRANSIT","9"
"34","ASSAULT (IN PROGRESS): OTHER/CHILD ABUSE","21"
"102","ASSAULT (PAST): OTHER/CHILD ABUSE","11"
"33","ASSAULT (IN PROGRESS): WEAPON/TRANSIT","2"
"63","ASSAULT (PAST): WEAPON/INSIDE","8"
"112","ASSAULT (IN PROGRESS): WEAPON/INSIDE","18"
"30","ASSAULT (PAST): OTHER/FAMILY","27"
"47","ASSAULT (PAST): OTHER/INSIDE","313"
"113","ASSAULT (IN PROGRESS): KNIFE/INSIDE","26"
"60","ASSAULT (IN PROGRESS): OTHER/FAMILY","351"
"5","ASSAULT (IN PROGRESS): OTHER/CHILD ABUSE","3"
"113","ASSAULT (IN PROGRESS): WEAPON/FAMILY","33"
"102","ASSAULT (PAST): OTHER/FAMILY","64"
"112","ASSAULT (IN PROGRESS): SHOTS/LTD ACC HWY","1"
"122","ASSAULT (IN PROGRESS): WEAPON/OUTSIDE","28"
"66","ASSAULT (PAST): SHOTS/INSIDE","2"
"90","ASSAULT (IN PROGRESS): OTHER/OUTSIDE","277"
"70","ASSAULT (PAST): SHOTS/OUTSIDE","1"
"67","ASSAULT (IN PROGRESS): WEAPON/INSIDE","72"
"62","ASSAULT (IN PROGRESS): WEAPON/TRANSIT","1"
"75","ASSAULT (IN PROGRESS): WEAPON/CHILD","4"
"111","ASSAULT (IN PROGRESS): WEAPON/OUTSIDE","11"
"108","ASSAULT (PAST): OTHER/SCHOOL","1"
"115","ASSAULT (PAST): KNIFE/FAMILY","2"
"114","ASSAULT (IN PROGRESS): OTHER/CHILD ABUSE","19"
"72","ASSAULT (PAST): SHOTS/OUTSIDE","1"
"78","ASSAULT (IN PROGRESS): SHOTS/TRANSIT","1"
"78","ASSAULT (PAST): KNIFE/TRANSIT","4"
"19","ASSAULT (IN PROGRESS): KNIFE/TRANSIT","3"
"121","ASSAULT (PAST): KNIFE/OUTSIDE","1"
"60","ASSAULT (PAST): WEAPON/TRANSIT","1"
"62","ASSAULT (IN PROGRESS): WEAPON/OUTSIDE","36"
"81","ASSAULT (IN PROGRESS): KNIFE/INSIDE","39"
"100","ASSAULT (PAST): OTHER/SCHOOL","1"
"41","ASSAULT (IN PROGRESS): KNIFE/OUTSIDE","58"
"114","ASSAULT (PAST): SHOTS/OUTSIDE","2"
"83","ASSAULT (IN PROGRESS): WEAPON/INSIDE","57"
"28","ASSAULT (PAST): SHOTS/INSIDE","2"
"46","ASSAULT (IN PROGRESS): KNIFE/FAMILY","92"
"88","ASSAULT (PAST): KNIFE/FAMILY","2"
"1","ASSAULT (IN PROGRESS): WEAPON/OUTSIDE","28"
"66","ASSAULT (PAST): OTHER/SCHOOL","4"
"105","ASSAULT (PAST): WEAPON/OUTSIDE","2"
"26","ASSAULT (PAST): WEAPON/TRANSIT","1"
"68","ASSAULT (PAST): OTHER/CHILD ABUSE","5"
"52","ASSAULT (PAST): KNIFE/OUTSIDE","20"
"104","ASSAULT (IN PROGRESS): WEAPON/INSIDE","30"
"103","ASSAULT (IN PROGRESS): OTHER/LTD ACC HWY","1"
"48","ASSAULT (PAST): KNIFE/OUTSIDE","15"
"44","ASSAULT (IN PROGRESS): SHOTS/OUTSIDE","102"
"84","ASSAULT (IN PROGRESS): OTHER/INSIDE","165"
"50","ASSAULT (IN PROGRESS): SHOTS/OUTSIDE","17"
"104","ASSAULT (PAST): KNIFE/INSIDE","4"
"69","ASSAULT (PAST): OTHER/CHILD ABUSE","9"
"122","ASSAULT (PAST): SHOTS/INSIDE","2"
"52","ASSAULT (PAST): OTHER/INSIDE","328"
"13","ASSAULT (IN PROGRESS): KNIFE/FAMILY","2"
"9","ASSAULT (IN PROGRESS): SHOTS/OUTSIDE","16"
"1","ASSAULT (PAST): SHOTS/OUTSIDE","1"
"13","ASSAULT (PAST): OTHER/TRANSIT","31"
"115","ASSAULT (IN PROGRESS): SHOTS/OUTSIDE","16"
"111","ASSAULT (PAST): OTHER/INSIDE","48"
"49","ASSAULT (IN PROGRESS): WEAPON/CHILD","2"
"43","ASSAULT (PAST): KNIFE/INSIDE","22"
"105","ASSAULT (IN PROGRESS): WEAPON/CHILD","3"
"50","ASSAULT (IN PROGRESS): SHOTS/LTD ACC HWY","2"
"115","ASSAULT (PAST): WEAPON/FAMILY","3"
"83","ASSAULT (IN PROGRESS): OTHER/TRANSIT","28"
"49","ASSAULT (PAST): KNIFE/FAMILY","8"
"107","ASSAULT (PAST): OTHER/FAMILY","51"
"73","ASSAULT (IN PROGRESS): WEAPON/TRANSIT","2"
"78","ASSAULT (PAST): SHOTS/OUTSIDE","5"
"67","ASSAULT (IN PROGRESS): SHOTS/OUTSIDE","51"
"23","ASSAULT (IN PROGRESS): WEAPON/OUTSIDE","29"
"90","ASSAULT (IN PROGRESS): KNIFE/TRANSIT","3"
"79","ASSAULT (IN PROGRESS): SHOTS/INSIDE","41"
"113","ASSAULT (IN PROGRESS): OTHER/FAMILY","484"
"52","ASSAULT (PAST): OTHER/TRANSIT","28"
"25","ASSAULT (PAST): WEAPON/FAMILY","6"
"75","ASSAULT (IN PROGRESS): KNIFE/OUTSIDE","109"
"77","ASSAULT (PAST): OTHER/SCHOOL","6"
"28","ASSAULT (IN PROGRESS): SHOTS/OUTSIDE","32"
"102","ASSAULT (IN PROGRESS): KNIFE/INSIDE","22"
"48","ASSAULT (PAST): OTHER/FAMILY","133"
"90","ASSAULT (IN PROGRESS): SHOTS/INSIDE","7"
"10","ASSAULT (IN PROGRESS): WEAPON/OUTSIDE","43"
"113","ASSAULT (IN PROGRESS): OTHER/INSIDE","281"
"71","ASSAULT (IN PROGRESS): OTHER/SCHOOL","9"
"103","ASSAULT (IN PROGRESS): SHOTS/INSIDE","26"
"81","ASSAULT (PAST): WEAPON/INSIDE","19"
"110","ASSAULT (IN PROGRESS): WEAPON/TRANSIT","6"
"17","ASSAULT (PAST): WEAPON/INSIDE","14"
"73","ASSAULT (IN PROGRESS): KNIFE/OUTSIDE","69"
"102","ASSAULT (IN PROGRESS): WEAPON/CHILD","2"
"102","ASSAULT (PAST): OTHER/OUTSIDE","65"
"79","ASSAULT (IN PROGRESS): WEAPON/TRANSIT","2"
"71","ASSAULT (IN PROGRESS): OTHER/TRANSIT","20"
"48","ASSAULT (IN PROGRESS): SHOTS/INSIDE","49"
"107","ASSAULT (PAST): SHOTS/INSIDE","6"
"68","ASSAULT (PAST): OTHER/LTD ACC HWY","1"
"7","ASSAULT (PAST): KNIFE/FAMILY","1"
"48","ASSAULT (IN PROGRESS): OTHER/FAMILY","834"
"9","ASSAULT (IN PROGRESS): OTHER/SCHOOL","4"
"43","ASSAULT (PAST): OTHER/LTD ACC HWY","2"
"115","ASSAULT (PAST): OTHER/FAMILY","92"
"105","ASSAULT (IN PROGRESS): WEAPON/SCHOOL","2"
"48","ASSAULT (IN PROGRESS): OTHER/OUTSIDE","441"
"60","ASSAULT (IN PROGRESS): SHOTS/OUTSIDE","26"
"121","ASSAULT (PAST): SHOTS/INSIDE","4"
"104","ASSAULT (PAST): OTHER/TRANSIT","6"
"76","ASSAULT (PAST): OTHER/CHILD ABUSE","1"
"83","ASSAULT (IN PROGRESS): SHOTS/INSIDE","20"
"20","ASSAULT (IN PROGRESS): OTHER/TRANSIT","37"
"108","ASSAULT (IN PROGRESS): SHOTS/OUTSIDE","15"
"50","ASSAULT (PAST): KNIFE/INSIDE","6"
"76","ASSAULT (IN PROGRESS): SHOTS/CHILD","1"
"26","ASSAULT (IN PROGRESS): WEAPON/OUTSIDE","12"
"13","ASSAULT (PAST): WEAPON/OUTSIDE","19"
"111","ASSAULT (IN PROGRESS): SHOTS/OUTSIDE","7"
"34","ASSAULT (PAST): OTHER/CHILD ABUSE","9"
"78","ASSAULT (PAST): OTHER/SCHOOL","7"
"19","ASSAULT (PAST): OTHER/INSIDE","167"
"34","ASSAULT (PAST): OTHER/SCHOOL","7"
"84","ASSAULT (PAST): KNIFE/INSIDE","2"
"81","ASSAULT (IN PROGRESS): SHOTS/FAMILY","6"
"43","ASSAULT (IN PROGRESS): KNIFE/TRANSIT","6"
"67","ASSAULT (IN PROGRESS): WEAPON/FAMILY","66"
"75","ASSAULT (IN PROGRESS): SHOTS/FAMILY","3"
"112","ASSAULT (IN PROGRESS): KNIFE/INSIDE","5"
"43","ASSAULT (IN PROGRESS): SHOTS/OUTSIDE","60"
"107","ASSAULT (IN PROGRESS): OTHER/TRANSIT","41"
"120","ASSAULT (PAST): OTHER/INSIDE","251"
"1","ASSAULT (PAST): KNIFE/FAMILY","2"
"46","ASSAULT (IN PROGRESS): WEAPON/CHILD","5"
"100","ASSAULT (PAST): KNIFE/INSIDE","1"
"60","ASSAULT (IN PROGRESS): KNIFE/TRANSIT","2"
"109","ASSAULT (PAST): OTHER/INSIDE","257"
"48","ASSAULT (PAST): WEAPON/INSIDE","37"
"110","ASSAULT (IN PROGRESS): OTHER/OUTSIDE","499"
"101","ASSAULT (IN PROGRESS): KNIFE/OUTSIDE","38"
"63","ASSAULT (IN PROGRESS): OTHER/LTD ACC HWY","2"
"25","ASSAULT (IN PROGRESS): WEAPON/OUTSIDE","50"
"52","ASSAULT (PAST): OTHER/FAMILY","119"
"75","ASSAULT (IN PROGRESS): OTHER/TRANSIT","64"
"114","ASSAULT (PAST): OTHER/INSIDE","271"
"23","ASSAULT (PAST): OTHER/TRANSIT","1"
"94","ASSAULT (IN PROGRESS): OTHER/CHILD ABUSE","9"
"17","ASSAULT (IN PROGRESS): OTHER/INSIDE","216"
"100","ASSAULT (IN PROGRESS): OTHER/FAMILY","136"
"44","ASSAULT (PAST): KNIFE/FAMILY","7"
"108","ASSAULT (IN PROGRESS): WEAPON/CHILD","1"
"45","ASSAULT (PAST): OTHER/OUTSIDE","31"
"62","ASSAULT (PAST): KNIFE/FAMILY","1"
"34","ASSAULT (PAST): OTHER/OUTSIDE","53"
"47","ASSAULT (IN PROGRESS): OTHER/OUTSIDE","422"
"6","ASSAULT (IN PROGRESS): KNIFE/TRANSIT","12"
"30","ASSAULT (PAST): WEAPON/TRANSIT","1"
"103","ASSAULT (IN PROGRESS): KNIFE/TRANSIT","2"
"25","ASSAULT (IN PROGRESS): SHOTS/FAMILY","9"
"81","ASSAULT (PAST): OTHER/SCHOOL","7"
"60","ASSAULT (IN PROGRESS): SHOTS/INSIDE","17"
"111","ASSAULT (IN PROGRESS): OTHER/LTD ACC HWY","4"
"114","ASSAULT (PAST): KNIFE/OUTSIDE","7"
"46","ASSAULT (IN PROGRESS): OTHER/OUTSIDE","492"
"28","ASSAULT (PAST): OTHER/FAMILY","26"
"67","ASSAULT (PAST): KNIFE/OUTSIDE","11"
"45","ASSAULT (IN PROGRESS): SHOTS/INSIDE","5"
"112","ASSAULT (IN PROGRESS): OTHER/SCHOOL","4"
"112","ASSAULT (PAST): OTHER/FAMILY","27"
"103","ASSAULT (PAST): KNIFE/INSIDE","22"
"78","ASSAULT (IN PROGRESS): SHOTS/OUTSIDE","11"
"111","ASSAULT (IN PROGRESS): KNIFE/OUTSIDE","4"
"42","ASSAULT (PAST): KNIFE/OUTSIDE","14"
"17","ASSAULT (PAST): OTHER/OUTSIDE","52"
"73","ASSAULT (IN PROGRESS): KNIFE/FAMILY","78"
"44","ASSAULT (IN PROGRESS): KNIFE/SCHOOL","4"
"28","ASSAULT (PAST): WEAPON/OUTSIDE","11"
"34","ASSAULT (IN PROGRESS): OTHER/SCHOOL","5"
"71","ASSAULT (PAST): WEAPON/CHILD ABUSE","2"
"32","ASSAULT (IN PROGRESS): WEAPON/INSIDE","55"
"48","ASSAULT (PAST): OTHER/SCHOOL","25"
"20","ASSAULT (PAST): KNIFE/INSIDE","1"
"84","ASSAULT (PAST): OTHER/CHILD ABUSE","4"
"13","ASSAULT (IN PROGRESS): WEAPON/OUTSIDE","35"
"121","ASSAULT (IN PROGRESS): SHOTS/INSIDE","10"
"83","ASSAULT (PAST): KNIFE/INSIDE","31"
"10","ASSAULT (IN PROGRESS): OTHER/FAMILY","131"
"67","ASSAULT (PAST): OTHER/FAMILY","112"
"1","ASSAULT (IN PROGRESS): OTHER/INSIDE","180"
"45","ASSAULT (PAST): OTHER/TRANSIT","12"
"43","ASSAULT (PAST): KNIFE/OUTSIDE","9"
"5","ASSAULT (PAST): SHOTS/INSIDE","1"
"34","ASSAULT (IN PROGRESS): OTHER/FAMILY","261"
"76","ASSAULT (IN PROGRESS): WEAPON/FAMILY","11"
"52","ASSAULT (IN PROGRESS): KNIFE/FAMILY","37"
"5","ASSAULT (IN PROGRESS): KNIFE/OUTSIDE","22"
"52","ASSAULT (IN PROGRESS): SHOTS/FAMILY","9"
"105","ASSAULT (IN PROGRESS): WEAPON/OUTSIDE","31"
"1","ASSAULT (IN PROGRESS): KNIFE/INSIDE","10"
"62","ASSAULT (PAST): OTHER/INSIDE","101"
"108","ASSAULT (IN PROGRESS): OTHER/FAMILY","254"
"62","ASSAULT (IN PROGRESS): KNIFE/FAMILY","13"
"24","ASSAULT (IN PROGRESS): SHOTS/OUTSIDE","20"
"69","ASSAULT (PAST): WEAPON/INSIDE","4"
"110","ASSAULT (PAST): OTHER/TRANSIT","22"
"5","ASSAULT (PAST): WEAPON/FAMILY","1"
"25","ASSAULT (PAST): SHOTS/OUTSIDE","2"
"62","ASSAULT (PAST): WEAPON/INSIDE","4"
"33","ASSAULT (IN PROGRESS): SHOTS/INSIDE","14"
"32","ASSAULT (PAST): SHOTS/INSIDE","12"
"42","ASSAULT (IN PROGRESS): WEAPON/INSIDE","96"
"62","ASSAULT (IN PROGRESS): OTHER/SCHOOL","5"
"101","ASSAULT (IN PROGRESS): WEAPON/CHILD","5"
"123","ASSAULT (IN PROGRESS): KNIFE/INSIDE","2"
"10","ASSAULT (IN PROGRESS): WEAPON/INSIDE","19"
"121","ASSAULT (PAST): OTHER/FAMILY","40"
"25","ASSAULT (PAST): OTHER/CHILD ABUSE","9"
"41","ASSAULT (IN PROGRESS): OTHER/SCHOOL","11"
"49","ASSAULT (PAST): SHOTS/INSIDE","25"
"75","ASSAULT (IN PROGRESS): WEAPON/FAMILY","103"
"7","ASSAULT (PAST): KNIFE/INSIDE","4"
"88","ASSAULT (PAST): OTHER/INSIDE","133"
"42","ASSAULT (PAST): KNIFE/SCHOOL","2"
"43","ASSAULT (PAST): OTHER/FAMILY","149"
"6","ASSAULT (IN PROGRESS): KNIFE/FAMILY","1"
"111","ASSAULT (IN PROGRESS): KNIFE/INSIDE","5"
"94","ASSAULT (PAST): OTHER/SCHOOL","2"
"104","ASSAULT (IN PROGRESS): WEAPON/CHILD","3"
"7","ASSAULT (PAST): KNIFE/OUTSIDE","2"
"114","ASSAULT (PAST): OTHER/CHILD ABUSE","16"
"75","ASSAULT (PAST): KNIFE/FAMILY","6"
"32","ASSAULT (IN PROGRESS): OTHER/CHILD ABUSE","41"
"68","ASSAULT (PAST): OTHER/INSIDE","69"
"52","ASSAULT (IN PROGRESS): WEAPON/INSIDE","108"
"100","ASSAULT (PAST): KNIFE/FAMILY","1"
"78","ASSAULT (PAST): WEAPON/OUTSIDE","4"
"90","ASSAULT (PAST): OTHER/OUTSIDE","58"
"52","ASSAULT (IN PROGRESS): SHOTS/CHILD","3"
"66","ASSAULT (PAST): WEAPON/INSIDE","10"
"123","ASSAULT (PAST): WEAPON/INSIDE","1"
"68","ASSAULT (PAST): KNIFE/INSIDE","2"
"109","ASSAULT (IN PROGRESS): OTHER/INSIDE","415"
"32","ASSAULT (PAST): OTHER/TRANSIT","12"
"28","ASSAULT (IN PROGRESS): SHOTS/INSIDE","13"
"40","ASSAULT (PAST): WEAPON/INSIDE","44"
"113","ASSAULT (PAST): OTHER/SCHOOL","11"
"26","ASSAULT (IN PROGRESS): SHOTS/FAMILY","1"
"104","ASSAULT (PAST): WEAPON/OUTSIDE","9"
"70","ASSAULT (IN PROGRESS): KNIFE/FAMILY","13"
"105","ASSAULT (PAST): KNIFE/SCHOOL","3"
"88","ASSAULT (PAST): OTHER/TRANSIT","1"
"79","ASSAULT (PAST): SHOTS/OUTSIDE","4"
"47","ASSAULT (IN PROGRESS): KNIFE/OUTSIDE","61"
"100","ASSAULT (IN PROGRESS): SHOTS/OUTSIDE","9"
"6","ASSAULT (PAST): WEAPON/INSIDE","12"
"81","ASSAULT (IN PROGRESS): WEAPON/INSIDE","45"
"32","ASSAULT (PAST): WEAPON/TRANSIT","1"
"61","ASSAULT (IN PROGRESS): WEAPON/TRANSIT","2"
"123","ASSAULT (IN PROGRESS): WEAPON/FAMILY","5"
"72","ASSAULT (IN PROGRESS): OTHER/TRANSIT","31"
"90","ASSAULT (IN PROGRESS): KNIFE/INSIDE","12"
"30","ASSAULT (IN PROGRESS): OTHER/TRANSIT","35"
"88","ASSAULT (IN PROGRESS): OTHER/CHILD ABUSE","10"
"79","ASSAULT (PAST): OTHER/FAMILY","50"
"108","ASSAULT (IN PROGRESS): OTHER/LTD ACC HWY","2"
"104","ASSAULT (PAST): OTHER/CHILD ABUSE","14"
"70","ASSAULT (PAST): OTHER/SCHOOL","5"
"49","ASSAULT (IN PROGRESS): WEAPON/TRANSIT","1"
"6","ASSAULT (IN PROGRESS): OTHER/CHILD ABUSE","1"
"13","ASSAULT (IN PROGRESS): OTHER/INSIDE","357"
"107","ASSAULT (IN PROGRESS): KNIFE/OUTSIDE","17"
"24","ASSAULT (PAST): SHOTS/OUTSIDE","1"
"18","ASSAULT (IN PROGRESS): WEAPON/LTD ACC HWY","1"
"90","ASSAULT (IN PROGRESS): OTHER/LTD ACC HWY","2"
"114","ASSAULT (IN PROGRESS): KNIFE/TRANSIT","7"
"61","ASSAULT (PAST): OTHER/CHILD ABUSE","10"
"113","ASSAULT (PAST): KNIFE/FAMILY","3"
"101","ASSAULT (IN PROGRESS): OTHER/CHILD ABUSE","28"
"6","ASSAULT (PAST): OTHER/TRANSIT","28"
"83","ASSAULT (PAST): OTHER/INSIDE","225"
"106","ASSAULT (PAST): OTHER/SCHOOL","6"
"79","ASSAULT (IN PROGRESS): OTHER/SCHOOL","5"
"109","ASSAULT (IN PROGRESS): KNIFE/TRANSIT","1"
"73","ASSAULT (IN PROGRESS): SHOTS/OUTSIDE","68"
"79","ASSAULT (IN PROGRESS): OTHER/CHILD ABUSE","27"
"114","ASSAULT (IN PROGRESS): KNIFE/INSIDE","44"
"25","ASSAULT (IN PROGRESS): WEAPON/FAMILY","24"
"7","ASSAULT (IN PROGRESS): KNIFE/INSIDE","21"
"103","ASSAULT (PAST): SHOTS/OUTSIDE","1"
"112","ASSAULT (IN PROGRESS): OTHER/TRANSIT","48"
"122","ASSAULT (PAST): OTHER/TRANSIT","1"
"32","ASSAULT (PAST): SHOTS/OUTSIDE","1"
"111","ASSAULT (PAST): OTHER/CHILD ABUSE","1"
"25","ASSAULT (PAST): SHOTS/INSIDE","1"
"75","ASSAULT (IN PROGRESS): OTHER/FAMILY","1132"
"75","ASSAULT (IN PROGRESS): WEAPON/TRANSIT","5"
"94","ASSAULT (IN PROGRESS): KNIFE/TRANSIT","3"
"72","ASSAULT (PAST): WEAPON/INSIDE","8"
"50","ASSAULT (PAST): OTHER/INSIDE","120"
"101","ASSAULT (PAST): SHOTS/OUTSIDE","2"
"40","ASSAULT (PAST): OTHER/FAMILY","147"
"106","ASSAULT (PAST): OTHER/TRANSIT","4"
"77","ASSAULT (PAST): WEAPON/OUTSIDE","11"
"44","ASSAULT (PAST): WEAPON/TRANSIT","1"
"70","ASSAULT (IN PROGRESS): KNIFE/INSIDE","42"
"121","ASSAULT (IN PROGRESS): KNIFE/INSIDE","19"
"109","ASSAULT (IN PROGRESS): KNIFE/INSIDE","21"
"6","ASSAULT (IN PROGRESS): WEAPON/INSIDE","21"
"40","ASSAULT (IN PROGRESS): SHOTS/INSIDE","43"
"123","ASSAULT (IN PROGRESS): KNIFE/OUTSIDE","6"
"103","ASSAULT (IN PROGRESS): KNIFE/CHILD ABUSE","4"
"67","ASSAULT (PAST): OTHER/SCHOOL","13"
"28","ASSAULT (PAST): KNIFE/OUTSIDE","9"
"83","ASSAULT (IN PROGRESS): KNIFE/OUTSIDE","39"
"113","ASSAULT (PAST): WEAPON/INSIDE","15"
"106","ASSAULT (IN PROGRESS): KNIFE/TRANSIT","1"
"71","ASSAULT (IN PROGRESS): SHOTS/INSIDE","25"
"9","ASSAULT (IN PROGRESS): WEAPON/INSIDE","33"
"60","ASSAULT (IN PROGRESS): WEAPON/INSIDE","39"
"69","ASSAULT (IN PROGRESS): OTHER/FAMILY","287"
"43","ASSAULT (IN PROGRESS): KNIFE/INSIDE","83"
"76","ASSAULT (IN PROGRESS): WEAPON/LTD ACC HWY","1"
"62","ASSAULT (PAST): OTHER/OUTSIDE","46"
"101","ASSAULT (PAST): SHOTS/INSIDE","6"
"110","ASSAULT (IN PROGRESS): OTHER/TRANSIT","46"
"104","ASSAULT (PAST): OTHER/SCHOOL","7"
"62","ASSAULT (IN PROGRESS): WEAPON/INSIDE","21"
"18","ASSAULT (PAST): OTHER/INSIDE","212"
"46","ASSAULT (IN PROGRESS): KNIFE/TRANSIT","9"
"43","ASSAULT (PAST): KNIFE/FAMILY","6"
"113","ASSAULT (IN PROGRESS): SHOTS/INSIDE","21"
"14","ASSAULT (IN PROGRESS): WEAPON/FAMILY","3"
"110","ASSAULT (PAST): WEAPON/OUTSIDE","12"
"110","ASSAULT (PAST): WEAPON/TRANSIT","1"
"122","ASSAULT (IN PROGRESS): OTHER/INSIDE","150"
"100","ASSAULT (IN PROGRESS): KNIFE/OUTSIDE","9"
"61","ASSAULT (IN PROGRESS): KNIFE/OUTSIDE","19"
"88","ASSAULT (IN PROGRESS): OTHER/INSIDE","267"
"121","ASSAULT (IN PROGRESS): OTHER/SCHOOL","8"
"63","ASSAULT (IN PROGRESS): OTHER/FAMILY","189"
"73","ASSAULT (IN PROGRESS): WEAPON/FAMILY","67"
"34","ASSAULT (IN PROGRESS): OTHER/LTD ACC HWY","2"
"68","ASSAULT (IN PROGRESS): WEAPON/OUTSIDE","26"
"18","ASSAULT (PAST): SHOTS/INSIDE","2"
"33","ASSAULT (IN PROGRESS): WEAPON/FAMILY","17"
"66","ASSAULT (PAST): KNIFE/OUTSIDE","3"
"83","ASSAULT (IN PROGRESS): KNIFE/TRANSIT","5"
"120","ASSAULT (PAST): KNIFE/FAMILY","1"
"115","ASSAULT (PAST): OTHER/OUTSIDE","127"
"61","ASSAULT (IN PROGRESS): OTHER/OUTSIDE","229"
"120","ASSAULT (IN PROGRESS): WEAPON/CHILD","3"
"100","ASSAULT (IN PROGRESS): OTHER/TRANSIT","12"
"94","ASSAULT (IN PROGRESS): WEAPON/CHILD","1"
"110","ASSAULT (IN PROGRESS): WEAPON/CHILD","1"
"19","ASSAULT (IN PROGRESS): KNIFE/FAMILY","4"
"79","ASSAULT (PAST): KNIFE/OUTSIDE","5"
"13","ASSAULT (IN PROGRESS): WEAPON/INSIDE","40"
"115","ASSAULT (IN PROGRESS): KNIFE/INSIDE","28"
"110","ASSAULT (IN PROGRESS): OTHER/CHILD ABUSE","25"
"103","ASSAULT (IN PROGRESS): OTHER/SCHOOL","3"
"40","ASSAULT (IN PROGRESS): WEAPON/CHILD","6"
"13","ASSAULT (IN PROGRESS): WEAPON/FAMILY","6"
"1","ASSAULT (IN PROGRESS): OTHER/FAMILY","82"
"101","ASSAULT (PAST): KNIFE/INSIDE","13"
"109","ASSAULT (IN PROGRESS): OTHER/CHILD ABUSE","25"
"100","ASSAULT (IN PROGRESS): KNIFE/FAMILY","4"
"120","ASSAULT (PAST): OTHER/OUTSIDE","59"
"88","ASSAULT (PAST): WEAPON/FAMILY","3"
"108","ASSAULT (PAST): OTHER/TRANSIT","28"
"84","ASSAULT (PAST): WEAPON/INSIDE","7"
"41","ASSAULT (IN PROGRESS): KNIFE/INSIDE","40"
"101","ASSAULT (PAST): KNIFE/FAMILY","2"
"94","ASSAULT (PAST): KNIFE/OUTSIDE","3"
"103","ASSAULT (PAST): OTHER/SCHOOL","9"
"103","ASSAULT (IN PROGRESS): WEAPON/FAMILY","46"
"69","ASSAULT (IN PROGRESS): KNIFE/CHILD ABUSE","1"
"123","ASSAULT (IN PROGRESS): SHOTS/FAMILY","1"
"48","ASSAULT (IN PROGRESS): KNIFE/INSIDE","81"
"7","ASSAULT (IN PROGRESS): KNIFE/FAMILY","12"
"50","ASSAULT (PAST): OTHER/CHILD ABUSE","9"
"104","ASSAULT (PAST): OTHER/INSIDE","115"
"60","ASSAULT (IN PROGRESS): WEAPON/TRANSIT","1"
"14","ASSAULT (PAST): KNIFE/TRANSIT","2"
"88","ASSAULT (PAST): WEAPON/INSIDE","8"
"109","ASSAULT (PAST): WEAPON/FAMILY","7"
"52","ASSAULT (IN PROGRESS): KNIFE/TRANSIT","3"
"72","ASSAULT (IN PROGRESS): KNIFE/TRANSIT","2"
"103","ASSAULT (IN PROGRESS): KNIFE/FAMILY","41"
"109","ASSAULT (IN PROGRESS): SHOTS/FAMILY","3"
"6","ASSAULT (IN PROGRESS): OTHER/FAMILY","40"
"81","ASSAULT (IN PROGRESS): OTHER/OUTSIDE","234"
"71","ASSAULT (PAST): WEAPON/TRANSIT","1"
"10","ASSAULT (IN PROGRESS): SHOTS/INSIDE","4"
"102","ASSAULT (IN PROGRESS): WEAPON/INSIDE","31"
"75","ASSAULT (IN PROGRESS): KNIFE/SCHOOL","4"
"84","ASSAULT (IN PROGRESS): KNIFE/FAMILY","3"
"106","ASSAULT (IN PROGRESS): KNIFE/INSIDE","27"
"113","ASSAULT (PAST): SHOTS/OUTSIDE","1"
"49","ASSAULT (PAST): OTHER/TRANSIT","10"
"47","ASSAULT (IN PROGRESS): WEAPON/CHILD","5"
"45","ASSAULT (IN PROGRESS): WEAPON/INSIDE","23"
"18","ASSAULT (IN PROGRESS): WEAPON/TRANSIT","11"
"109","ASSAULT (IN PROGRESS): WEAPON/TRANSIT","1"
"17","ASSAULT (IN PROGRESS): OTHER/TRANSIT","36"
"24","ASSAULT (PAST): OTHER/FAMILY","19"
"10","ASSAULT (PAST): WEAPON/TRANSIT","1"
"28","ASSAULT (IN PROGRESS): WEAPON/INSIDE","32"
"70","ASSAULT (IN PROGRESS): SHOTS/INSIDE","24"
"83","ASSAULT (PAST): KNIFE/OUTSIDE","6"
"26","ASSAULT (IN PROGRESS): KNIFE/TRANSIT","2"
"66","ASSAULT (IN PROGRESS): KNIFE/FAMILY","6"
"72","ASSAULT (IN PROGRESS): KNIFE/FAMILY","10"
"17","ASSAULT (IN PROGRESS): KNIFE/OUTSIDE","13"
"111","ASSAULT (IN PROGRESS): SHOTS/INSIDE","1"
"24","ASSAULT (PAST): WEAPON/TRANSIT","4"
"25","ASSAULT (IN PROGRESS): SHOTS/SCHOOL","3"
"40","ASSAULT (IN PROGRESS): OTHER/CHILD ABUSE","44"
"26","ASSAULT (IN PROGRESS): KNIFE/FAMILY","3"
"61","ASSAULT (PAST): OTHER/OUTSIDE","52"
"7","ASSAULT (IN PROGRESS): SHOTS/INSIDE","9"
"111","ASSAULT (IN PROGRESS): OTHER/FAMILY","109"
"20","ASSAULT (IN PROGRESS): SHOTS/INSIDE","3"
"73","ASSAULT (PAST): OTHER/TRANSIT","23"
"28","ASSAULT (IN PROGRESS): OTHER/OUTSIDE","303"
"71","ASSAULT (IN PROGRESS): KNIFE/INSIDE","33"
"79","ASSAULT (PAST): WEAPON/OUTSIDE","12"
"81","ASSAULT (PAST): OTHER/CHILD ABUSE","6"
"102","ASSAULT (IN PROGRESS): SHOTS/LTD ACC HWY","3"
"106","ASSAULT (PAST): WEAPON/OUTSIDE","4"
"60","ASSAULT (PAST): OTHER/CHILD ABUSE","9"
"75","ASSAULT (PAST): WEAPON/INSIDE","48"
"115","ASSAULT (PAST): OTHER/CHILD ABUSE","7"
"47","ASSAULT (PAST): SHOTS/INSIDE","9"
"79","ASSAULT (PAST): OTHER/INSIDE","171"
"69","ASSAULT (PAST): OTHER/TRANSIT","4"
"88","ASSAULT (PAST): WEAPON/OUTSIDE","4"
"63","ASSAULT (PAST): WEAPON/OUTSIDE","3"
"81","ASSAULT (IN PROGRESS): WEAPON/TRANSIT","2"
"105","ASSAULT (PAST): OTHER/CHILD ABUSE","18"
"71","ASSAULT (IN PROGRESS): OTHER/CHILD ABUSE","27"
"26","ASSAULT (IN PROGRESS): KNIFE/OUTSIDE","10"
"70","ASSAULT (PAST): WEAPON/CHILD ABUSE","1"
"24","ASSAULT (PAST): KNIFE/FAMILY","1"
"101","ASSAULT (IN PROGRESS): SHOTS/INSIDE","28"
"81","ASSAULT (IN PROGRESS): WEAPON/FAMILY","19"
"105","ASSAULT (IN PROGRESS): WEAPON/INSIDE","39"
"46","ASSAULT (PAST): OTHER/OUTSIDE","98"
"114","ASSAULT (PAST): WEAPON/CHILD ABUSE","1"
"122","ASSAULT (PAST): OTHER/INSIDE","117"
"121","ASSAULT (IN PROGRESS): OTHER/INSIDE","223"
"108","ASSAULT (PAST): KNIFE/OUTSIDE","1"
"44","ASSAULT (PAST): WEAPON/OUTSIDE","15"
"42","ASSAULT (IN PROGRESS): OTHER/SCHOOL","11"
"45","ASSAULT (PAST): WEAPON/INSIDE","9"
"30","ASSAULT (IN PROGRESS): KNIFE/INSIDE","23"
"32","ASSAULT (PAST): WEAPON/FAMILY","6"
"24","ASSAULT (IN PROGRESS): KNIFE/TRANSIT","2"
"120","ASSAULT (IN PROGRESS): WEAPON/SCHOOL","2"
"73","ASSAULT (IN PROGRESS): WEAPON/SCHOOL","2"
"66","ASSAULT (PAST): WEAPON/OUTSIDE","7"
"14","ASSAULT (IN PROGRESS): WEAPON/INSIDE","57"
"42","ASSAULT (IN PROGRESS): KNIFE/OUTSIDE","67"
"105","ASSAULT (IN PROGRESS): SHOTS/OUTSIDE","25"
"75","ASSAULT (PAST): OTHER/FAMILY","172"
"71","ASSAULT (IN PROGRESS): WEAPON/INSIDE","39"
"69","ASSAULT (PAST): OTHER/SCHOOL","5"
"70","ASSAULT (PAST): WEAPON/OUTSIDE","13"
"104","ASSAULT (PAST): KNIFE/OUTSIDE","5"
"24","ASSAULT (PAST): WEAPON/OUTSIDE","5"
"40","ASSAULT (PAST): KNIFE/TRANSIT","3"
"69","ASSAULT (IN PROGRESS): KNIFE/FAMILY","14"
"106","ASSAULT (IN PROGRESS): SHOTS/TRANSIT","2"
"17","ASSAULT (PAST): OTHER/TRANSIT","12"
"84","ASSAULT (IN PROGRESS): OTHER/FAMILY","95"
"90","ASSAULT (IN PROGRESS): OTHER/SCHOOL","2"
"106","ASSAULT (IN PROGRESS): OTHER/TRANSIT","20"
"69","ASSAULT (IN PROGRESS): OTHER/CHILD ABUSE","17"
"78","ASSAULT (IN PROGRESS): WEAPON/TRANSIT","3"
"14","ASSAULT (PAST): OTHER/FAMILY","24"
"19","ASSAULT (IN PROGRESS): SHOTS/FAMILY","3"
"106","ASSAULT (IN PROGRESS): OTHER/LTD ACC HWY","3"
"48","ASSAULT (IN PROGRESS): OTHER/LTD ACC HWY","3"
"72","ASSAULT (IN PROGRESS): KNIFE/OUTSIDE","37"
"120","ASSAULT (PAST): OTHER/FAMILY","65"
"26","ASSAULT (IN PROGRESS): OTHER/CHILD ABUSE","10"
"47","ASSAULT (PAST): KNIFE/TRANSIT","1"
"24","ASSAULT (IN PROGRESS): SHOTS/FAMILY","1"
"1","ASSAULT (IN PROGRESS): OTHER/CHILD ABUSE","5"
"71","ASSAULT (IN PROGRESS): OTHER/OUTSIDE","239"
"69","ASSAULT (IN PROGRESS): WEAPON/OUTSIDE","18"
"40","ASSAULT (PAST): OTHER/INSIDE","391"
"46","ASSAULT (IN PROGRESS): KNIFE/INSIDE","109"
"66","ASSAULT (IN PROGRESS): OTHER/CHILD ABUSE","15"
"90","ASSAULT (PAST): WEAPON/FAMILY","2"
"28","ASSAULT (IN PROGRESS): OTHER/FAMILY","214"
"69","ASSAULT (IN PROGRESS): WEAPON/INSIDE","32"
"115","ASSAULT (IN PROGRESS): OTHER/OUTSIDE","512"
"24","ASSAULT (IN PROGRESS): KNIFE/OUTSIDE","15"
"102","ASSAULT (PAST): KNIFE/OUTSIDE","5"
"17","ASSAULT (PAST): OTHER/SCHOOL","2"
"75","ASSAULT (IN PROGRESS): WEAPON/OUTSIDE","128"
"70","ASSAULT (PAST): KNIFE/INSIDE","7"
"105","ASSAULT (PAST): KNIFE/INSIDE","13"
"49","ASSAULT (PAST): KNIFE/TRANSIT","3"
"71","ASSAULT (IN PROGRESS): KNIFE/TRANSIT","2"
"109","ASSAULT (PAST): OTHER/TRANSIT","5"
"44","ASSAULT (IN PROGRESS): OTHER/SCHOOL","8"
"18","ASSAULT (PAST): OTHER/CHILD ABUSE","2"
"106","ASSAULT (PAST): WEAPON/INSIDE","11"
"81","ASSAULT (IN PROGRESS): WEAPON/CHILD","1"
"19","ASSAULT (IN PROGRESS): SHOTS/OUTSIDE","4"
"63","ASSAULT (PAST): WEAPON/CHILD ABUSE","1"
"114","ASSAULT (PAST): WEAPON/FAMILY","8"
"88","ASSAULT (IN PROGRESS): OTHER/FAMILY","121"
"102","ASSAULT (IN PROGRESS): OTHER/OUTSIDE","318"
"111","ASSAULT (PAST): WEAPON/OUTSIDE","2"
"102","ASSAULT (PAST): KNIFE/FAMILY","7"
"28","ASSAULT (PAST): OTHER/SCHOOL","2"
"102","ASSAULT (PAST): OTHER/INSIDE","199"
"52","ASSAULT (PAST): SHOTS/INSIDE","12"
"100","ASSAULT (PAST): WEAPON/INSIDE","1"
"122","ASSAULT (PAST): KNIFE/CHILD ABUSE","1"
"20","ASSAULT (IN PROGRESS): KNIFE/OUTSIDE","12"
"78","ASSAULT (IN PROGRESS): KNIFE/OUTSIDE","13"
"105","ASSAULT (PAST): KNIFE/OUTSIDE","2"
"40","ASSAULT (PAST): KNIFE/OUTSIDE","20"
"101","ASSAULT (IN PROGRESS): OTHER/INSIDE","298"
"41","ASSAULT (PAST): KNIFE/TRANSIT","1"
"103","ASSAULT (IN PROGRESS): KNIFE/OUTSIDE","63"
"107","ASSAULT (IN PROGRESS): KNIFE/FAMILY","10"
"13","ASSAULT (PAST): OTHER/CHILD ABUSE","6"
"123","ASSAULT (PAST): OTHER/FAMILY","20"
"112","ASSAULT (PAST): OTHER/TRANSIT","14"
"63","ASSAULT (PAST): OTHER/CHILD ABUSE","6"
"88","ASSAULT (PAST): KNIFE/INSIDE","12"
"68","ASSAULT (PAST): OTHER/FAMILY","23"
"109","ASSAULT (IN PROGRESS): KNIFE/CHILD ABUSE","1"
"122","ASSAULT (PAST): WEAPON/OUTSIDE","6"
"1","ASSAULT (IN PROGRESS): KNIFE/TRANSIT","10"
"19","ASSAULT (PAST): KNIFE/FAMILY","1"
"40","ASSAULT (PAST): WEAPON/OUTSIDE","18"
"63","ASSAULT (IN PROGRESS): SHOTS/OUTSIDE","13"
"115","ASSAULT (IN PROGRESS): KNIFE/FAMILY","17"
"18","ASSAULT (IN PROGRESS): KNIFE/TRANSIT","10"
"52","ASSAULT (IN PROGRESS): OTHER/CHILD ABUSE","33"
"28","ASSAULT (PAST): SHOTS/OUTSIDE","1"
"7","ASSAULT (PAST): WEAPON/OUTSIDE","3"
"112","ASSAULT (IN PROGRESS): OTHER/OUTSIDE","117"
"52","ASSAULT (PAST): WEAPON/OUTSIDE","16"
"108","ASSAULT (PAST): KNIFE/INSIDE","3"
"81","ASSAULT (IN PROGRESS): SHOTS/TRANSIT","1"
"30","ASSAULT (PAST): WEAPON/FAMILY","3"
"9","ASSAULT (IN PROGRESS): KNIFE/INSIDE","25"
"49","ASSAULT (IN PROGRESS): OTHER/INSIDE","307"
"104","ASSAULT (IN PROGRESS): WEAPON/OUTSIDE","56"
"110","ASSAULT (IN PROGRESS): SHOTS/OUTSIDE","22"
"60","ASSAULT (PAST): SHOTS/INSIDE","5"
"34","ASSAULT (PAST): WEAPON/FAMILY","3"
"108","ASSAULT (IN PROGRESS): WEAPON/OUTSIDE","53"
"52","ASSAULT (IN PROGRESS): OTHER/INSIDE","495"
"13","ASSAULT (PAST): KNIFE/FAMILY","1"
"78","ASSAULT (IN PROGRESS): OTHER/TRANSIT","39"
"26","ASSAULT (PAST): OTHER/TRANSIT","8"
"41","ASSAULT (PAST): KNIFE/INSIDE","13"
"103","ASSAULT (IN PROGRESS): SHOTS/FAMILY","1"
"109","ASSAULT (PAST): OTHER/CHILD ABUSE","16"
"73","ASSAULT (PAST): WEAPON/TRANSIT","1"
"60","ASSAULT (PAST): KNIFE/FAMILY","4"
"101","ASSAULT (IN PROGRESS): KNIFE/CHILD ABUSE","1"
"66","ASSAULT (PAST): OTHER/FAMILY","29"
"28","ASSAULT (IN PROGRESS): SHOTS/FAMILY","2"
"110","ASSAULT (IN PROGRESS): KNIFE/INSIDE","38"
"23","ASSAULT (PAST): KNIFE/OUTSIDE","4"
"60","ASSAULT (PAST): SHOTS/OUTSIDE","1"
"73","ASSAULT (IN PROGRESS): OTHER/FAMILY","784"
"104","ASSAULT (IN PROGRESS): WEAPON/TRANSIT","1"
"69","ASSAULT (PAST): KNIFE/INSIDE","2"
"14","ASSAULT (IN PROGRESS): KNIFE/FAMILY","4"
"114","ASSAULT (IN PROGRESS): WEAPON/FAMILY","32"
"121","ASSAULT (PAST): WEAPON/OUTSIDE","3"
"77","ASSAULT (IN PROGRESS): SHOTS/OUTSIDE","42"
"72","ASSAULT (IN PROGRESS): WEAPON/TRANSIT","1"
"50","ASSAULT (PAST): WEAPON/OUTSIDE","8"
"121","ASSAULT (PAST): WEAPON/INSIDE","10"
"106","ASSAULT (IN PROGRESS): WEAPON/FAMILY","37"
"22","ASSAULT (IN PROGRESS): KNIFE/OUTSIDE","3"
"49","ASSAULT (PAST): WEAPON/CHILD ABUSE","1"
"79","ASSAULT (PAST): OTHER/TRANSIT","17"
"13","ASSAULT (IN PROGRESS): SHOTS/LTD ACC HWY","2"
"112","ASSAULT (IN PROGRESS): KNIFE/OUTSIDE","4"
"106","ASSAULT (IN PROGRESS): WEAPON/OUTSIDE","66"
"18","ASSAULT (PAST): SHOTS/OUTSIDE","1"
"45","ASSAULT (PAST): WEAPON/FAMILY","3"
"122","ASSAULT (IN PROGRESS): WEAPON/INSIDE","18"
"83","ASSAULT (PAST): KNIFE/FAMILY","2"
"28","ASSAULT (IN PROGRESS): OTHER/SCHOOL","7"
"13","ASSAULT (IN PROGRESS): KNIFE/INSIDE","30"
"5","ASSAULT (PAST): OTHER/INSIDE","79"
"13","ASSAULT (PAST): WEAPON/TRANSIT","1"
"46","ASSAULT (PAST): OTHER/SCHOOL","13"
"105","ASSAULT (PAST): WEAPON/LTD ACC HWY","1"
"113","ASSAULT (PAST): OTHER/INSIDE","191"
"6","ASSAULT (PAST): WEAPON/TRANSIT","1"
"18","ASSAULT (IN PROGRESS): WEAPON/FAMILY","9"
"66","ASSAULT (IN PROGRESS): KNIFE/TRANSIT","1"
"115","ASSAULT (PAST): OTHER/TRANSIT","17"
"14","ASSAULT (IN PROGRESS): KNIFE/OUTSIDE","91"
"34","ASSAULT (IN PROGRESS): SHOTS/FAMILY","8"
"61","ASSAULT (PAST): OTHER/SCHOOL","14"
"66","ASSAULT (IN PROGRESS): KNIFE/OUTSIDE","21"
"28","ASSAULT (PAST): OTHER/INSIDE","106"
"90","ASSAULT (IN PROGRESS): WEAPON/OUTSIDE","43"
"68","ASSAULT (IN PROGRESS): OTHER/INSIDE","123"
"60","ASSAULT (IN PROGRESS): OTHER/OUTSIDE","319"
"77","ASSAULT (IN PROGRESS): WEAPON/INSIDE","42"
"78","ASSAULT (IN PROGRESS): OTHER/CHILD ABUSE","9"
"76","ASSAULT (PAST): WEAPON/INSIDE","7"
"61","ASSAULT (IN PROGRESS): SHOTS/INSIDE","12"
"1","ASSAULT (PAST): SHOTS/INSIDE","1"
"70","ASSAULT (PAST): WEAPON/FAMILY","5"
"90","ASSAULT (IN PROGRESS): WEAPON/INSIDE","23"
"34","ASSAULT (IN PROGRESS): KNIFE/INSIDE","36"
"112","ASSAULT (PAST): SHOTS/INSIDE","1"
"7","ASSAULT (IN PROGRESS): KNIFE/TRANSIT","7"
"43","ASSAULT (PAST): SHOTS/OUTSIDE","4"
"123","ASSAULT (PAST): WEAPON/CHILD ABUSE","1"
"67","ASSAULT (IN PROGRESS): KNIFE/TRANSIT","1"
"26","ASSAULT (PAST): WEAPON/OUTSIDE","8"
"81","ASSAULT (IN PROGRESS): WEAPON/OUTSIDE","47"
"47","ASSAULT (IN PROGRESS): WEAPON/OUTSIDE","111"
"61","ASSAULT (IN PROGRESS): SHOTS/OUTSIDE","25"
"104","ASSAULT (PAST): KNIFE/FAMILY","3"
"45","ASSAULT (PAST): OTHER/SCHOOL","19"
"28","ASSAULT (PAST): OTHER/CHILD ABUSE","6"
"41","ASSAULT (PAST): OTHER/FAMILY","50"
"100","ASSAULT (IN PROGRESS): KNIFE/TRANSIT","2"
"41","ASSAULT (PAST): WEAPON/FAMILY","5"
"63","ASSAULT (IN PROGRESS): KNIFE/INSIDE","14"
"72","ASSAULT (PAST): OTHER/CHILD ABUSE","8"
"73","ASSAULT (PAST): OTHER/CHILD ABUSE","19"
"6","ASSAULT (IN PROGRESS): OTHER/OUTSIDE","338"
"104","ASSAULT (IN PROGRESS): SHOTS/OUTSIDE","28"
"61","ASSAULT (PAST): KNIFE/OUTSIDE","4"
"83","ASSAULT (PAST): SHOTS/OUTSIDE","1"
"24","ASSAULT (IN PROGRESS): OTHER/INSIDE","772"
"123","ASSAULT (IN PROGRESS): KNIFE/FAMILY","6"
"114","ASSAULT (IN PROGRESS): KNIFE/OUTSIDE","39"
"103","ASSAULT (PAST): OTHER/FAMILY","92"
"72","ASSAULT (IN PROGRESS): WEAPON/OUTSIDE","49"
"44","ASSAULT (PAST): WEAPON/CHILD ABUSE","2"
"73","ASSAULT (IN PROGRESS): OTHER/CHILD ABUSE","48"
"1","ASSAULT (IN PROGRESS): KNIFE/FAMILY","1"
"20","ASSAULT (IN PROGRESS): WEAPON/OUTSIDE","24"
"62","ASSAULT (IN PROGRESS): SHOTS/OUTSIDE","11"
"24","ASSAULT (IN PROGRESS): WEAPON/TRANSIT","3"
"9","ASSAULT (PAST): OTHER/FAMILY","22"
"123","ASSAULT (IN PROGRESS): OTHER/OUTSIDE","59"
"42","ASSAULT (PAST): OTHER/INSIDE","372"
"20","ASSAULT (IN PROGRESS): OTHER/INSIDE","93"
"77","ASSAULT (PAST): WEAPON/INSIDE","15"
"17","ASSAULT (IN PROGRESS): OTHER/OUTSIDE","194"
"45","ASSAULT (PAST): OTHER/FAMILY","50"
"25","ASSAULT (PAST): OTHER/OUTSIDE","84"
"107","ASSAULT (PAST): WEAPON/INSIDE","8"
"111","ASSAULT (IN PROGRESS): OTHER/OUTSIDE","81"
"94","ASSAULT (PAST): WEAPON/TRANSIT","1"
"84","ASSAULT (IN PROGRESS): KNIFE/OUTSIDE","14"
"1","ASSAULT (PAST): WEAPON/FAMILY","1"
"32","ASSAULT (IN PROGRESS): OTHER/FAMILY","443"
"18","ASSAULT (PAST): OTHER/SCHOOL","7"
"76","ASSAULT (IN PROGRESS): SHOTS/INSIDE","13"
"46","ASSAULT (IN PROGRESS): OTHER/LTD ACC HWY","8"
"46","ASSAULT (PAST): KNIFE/OUTSIDE","12"
"81","ASSAULT (IN PROGRESS): KNIFE/SCHOOL","2"
"121","ASSAULT (PAST): OTHER/CHILD ABUSE","15"
"52","ASSAULT (PAST): OTHER/OUTSIDE","95"
"69","ASSAULT (IN PROGRESS): OTHER/INSIDE","175"
"6","ASSAULT (PAST): KNIFE/OUTSIDE","3"
"114","ASSAULT (PAST): SHOTS/INSIDE","5"
"13","ASSAULT (PAST): WEAPON/FAMILY","3"
"109","ASSAULT (IN PROGRESS): SHOTS/OUTSIDE","8"
"43","ASSAULT (IN PROGRESS): OTHER/INSIDE","504"
"14","ASSAULT (PAST): KNIFE/OUTSIDE","18"
"84","ASSAULT (PAST): WEAPON/FAMILY","3"
"26","ASSAULT (PAST): OTHER/SCHOOL","5"
"67","ASSAULT (PAST): KNIFE/INSIDE","27"
"106","ASSAULT (PAST): KNIFE/TRANSIT","2"
"43","ASSAULT (IN PROGRESS): OTHER/FAMILY","975"
"49","ASSAULT (IN PROGRESS): KNIFE/TRANSIT","4"
"110","ASSAULT (IN PROGRESS): WEAPON/OUTSIDE","86"
"14","ASSAULT (PAST): OTHER/TRANSIT","91"
"73","ASSAULT (PAST): OTHER/OUTSIDE","108"
"81","ASSAULT (PAST): WEAPON/FAMILY","5"
"101","ASSAULT (IN PROGRESS): OTHER/OUTSIDE","144"
"67","ASSAULT (PAST): SHOTS/OUTSIDE","2"
"107","ASSAULT (PAST): OTHER/SCHOOL","17"
"60","ASSAULT (IN PROGRESS): WEAPON/CHILD","1"
"24","ASSAULT (IN PROGRESS): SHOTS/TRANSIT","1"
"113","ASSAULT (PAST): KNIFE/INSIDE","11"
"106","ASSAULT (IN PROGRESS): SHOTS/OUTSIDE","13"
"110","ASSAULT (IN PROGRESS): KNIFE/SCHOOL","2"
"40","ASSAULT (PAST): KNIFE/FAMILY","13"
"90","ASSAULT (IN PROGRESS): OTHER/INSIDE","207"
"112","ASSAULT (IN PROGRESS): SHOTS/FAMILY","4"
"61","ASSAULT (PAST): OTHER/TRANSIT","15"
"62","ASSAULT (PAST): OTHER/CHILD ABUSE","7"
"62","ASSAULT (PAST): WEAPON/OUTSIDE","11"
"72","ASSAULT (PAST): KNIFE/FAMILY","4"
"114","ASSAULT (IN PROGRESS): OTHER/INSIDE","502"
"47","ASSAULT (PAST): OTHER/CHILD ABUSE","21"
"52","ASSAULT (PAST): WEAPON/INSIDE","20"
"108","ASSAULT (IN PROGRESS): KNIFE/OUTSIDE","27"
"48","ASSAULT (PAST): OTHER/TRANSIT","5"
"83","ASSAULT (IN PROGRESS): WEAPON/OUTSIDE","54"
"109","ASSAULT (PAST): KNIFE/INSIDE","24"
"72","ASSAULT (PAST): SHOTS/INSIDE","4"
"68","ASSAULT (PAST): SHOTS/OUTSIDE","1"
"103","ASSAULT (PAST): OTHER/OUTSIDE","107"
"78","ASSAULT (PAST): WEAPON/TRANSIT","1"
"48","ASSAULT (IN PROGRESS): SHOTS/TRANSIT","1"
"112","ASSAULT (PAST): OTHER/SCHOOL","9"
"13","ASSAULT (PAST): OTHER/INSIDE","324"
"43","ASSAULT (IN PROGRESS): OTHER/OUTSIDE","419"
"70","ASSAULT (IN PROGRESS): OTHER/TRANSIT","38"
"108","ASSAULT (PAST): WEAPON/INSIDE","10"
"100","ASSAULT (PAST): OTHER/INSIDE","69"
"68","ASSAULT (IN PROGRESS): KNIFE/TRANSIT","1"
"32","ASSAULT (IN PROGRESS): KNIFE/OUTSIDE","49"
"120","ASSAULT (IN PROGRESS): OTHER/INSIDE","362"
"19","ASSAULT (PAST): OTHER/TRANSIT","24"
"32","ASSAULT (IN PROGRESS): KNIFE/FAMILY","44"
"32","ASSAULT (PAST): WEAPON/OUTSIDE","13"
"7","ASSAULT (IN PROGRESS): OTHER/FAMILY","183"
"26","ASSAULT (IN PROGRESS): WEAPON/TRANSIT","4"
"48","ASSAULT (IN PROGRESS): KNIFE/TRANSIT","1"
"70","ASSAULT (PAST): OTHER/TRANSIT","17"
"42","ASSAULT (IN PROGRESS): OTHER/TRANSIT","6"
"17","ASSAULT (IN PROGRESS): OTHER/FAMILY","67"
"43","ASSAULT (PAST): WEAPON/INSIDE","17"
"77","ASSAULT (PAST): OTHER/TRANSIT","9"
"20","ASSAULT (PAST): OTHER/TRANSIT","7"
"7","ASSAULT (IN PROGRESS): SHOTS/OUTSIDE","12"
"73","ASSAULT (PAST): KNIFE/FAMILY","4"
"94","ASSAULT (IN PROGRESS): OTHER/INSIDE","117"
"90","ASSAULT (IN PROGRESS): KNIFE/OUTSIDE","22"
"62","ASSAULT (IN PROGRESS): KNIFE/TRANSIT","2"
"45","ASSAULT (IN PROGRESS): SHOTS/FAMILY","1"
"103","ASSAULT (IN PROGRESS): OTHER/CHILD ABUSE","22"
"83","ASSAULT (PAST): SHOTS/INSIDE","7"
"105","ASSAULT (PAST): WEAPON/INSIDE","14"
"103","ASSAULT (IN PROGRESS): KNIFE/INSIDE","43"
"107","ASSAULT (PAST): OTHER/CHILD ABUSE","16"
"1","ASSAULT (PAST): WEAPON/OUTSIDE","13"
"112","ASSAULT (IN PROGRESS): WEAPON/TRANSIT","1"
"113","ASSAULT (PAST): WEAPON/CHILD ABUSE","1"
"1","ASSAULT (PAST): KNIFE/INSIDE","8"
"83","ASSAULT (IN PROGRESS): OTHER/SCHOOL","8"
"1","ASSAULT (IN PROGRESS): OTHER/OUTSIDE","294"
"7","ASSAULT (IN PROGRESS): OTHER/OUTSIDE","222"
"88","ASSAULT (PAST): SHOTS/INSIDE","2"
"43","ASSAULT (PAST): OTHER/SCHOOL","27"
"42","ASSAULT (IN PROGRESS): KNIFE/FAMILY","60"
"45","ASSAULT (IN PROGRESS): WEAPON/SCHOOL","2"
"101","ASSAULT (PAST): WEAPON/INSIDE","26"
"108","ASSAULT (IN PROGRESS): WEAPON/LTD ACC HWY","1"
"109","ASSAULT (PAST): KNIFE/OUTSIDE","3"
"49","ASSAULT (PAST): KNIFE/INSIDE","32"
"100","ASSAULT (IN PROGRESS): WEAPON/FAMILY","8"
"40","ASSAULT (IN PROGRESS): SHOTS/OUTSIDE","83"
"73","ASSAULT (IN PROGRESS): SHOTS/INSIDE","66"
"5","ASSAULT (PAST): WEAPON/SCHOOL","2"
"33","ASSAULT (PAST): OTHER/INSIDE","132"
"23","ASSAULT (PAST): WEAPON/OUTSIDE","8"
"112","ASSAULT (IN PROGRESS): WEAPON/LTD ACC HWY","1"
"108","ASSAULT (IN PROGRESS): KNIFE/TRANSIT","11"
"10","ASSAULT (IN PROGRESS): WEAPON/SCHOOL","2"
"23","ASSAULT (IN PROGRESS): OTHER/INSIDE","269"
"72","ASSAULT (IN PROGRESS): SHOTS/FAMILY","2"
"42","ASSAULT (IN PROGRESS): OTHER/OUTSIDE","421"
"101","ASSAULT (IN PROGRESS): KNIFE/FAMILY","24"
"101","ASSAULT (PAST): OTHER/OUTSIDE","33"
"107","ASSAULT (IN PROGRESS): WEAPON/CHILD","1"
"105","ASSAULT (IN PROGRESS): OTHER/OUTSIDE","265"
"26","ASSAULT (IN PROGRESS): SHOTS/TRANSIT","2"
"18","ASSAULT (IN PROGRESS): OTHER/FAMILY","131"
"49","ASSAULT (PAST): WEAPON/FAMILY","9"
"90","ASSAULT (PAST): KNIFE/INSIDE","3"
"50","ASSAULT (IN PROGRESS): OTHER/LTD ACC HWY","4"
"18","ASSAULT (IN PROGRESS): SHOTS/INSIDE","2"
"20","ASSAULT (PAST): WEAPON/CHILD ABUSE","1"
"77","ASSAULT (PAST): OTHER/CHILD ABUSE","7"
"83","ASSAULT (IN PROGRESS): OTHER/FAMILY","403"
"32","ASSAULT (IN PROGRESS): WEAPON/CHILD","1"
"23","ASSAULT (IN PROGRESS): WEAPON/CHILD","1"
"17","ASSAULT (IN PROGRESS): WEAPON/INSIDE","20"
"107","ASSAULT (PAST): KNIFE/INSIDE","16"
"41","ASSAULT (IN PROGRESS): OTHER/TRANSIT","29"
"70","ASSAULT (IN PROGRESS): OTHER/CHILD ABUSE","24"
"71","ASSAULT (PAST): KNIFE/INSIDE","50"
"30","ASSAULT (IN PROGRESS): KNIFE/TRANSIT","5"
"78","ASSAULT (IN PROGRESS): OTHER/OUTSIDE","160"
"50","ASSAULT (IN PROGRESS): OTHER/FAMILY","250"
"41","ASSAULT (IN PROGRESS): OTHER/LTD ACC HWY","1"
"75","ASSAULT (IN PROGRESS): KNIFE/FAMILY","71"
"28","ASSAULT (PAST): KNIFE/FAMILY","1"
"108","ASSAULT (IN PROGRESS): WEAPON/FAMILY","19"
"47","ASSAULT (PAST): WEAPON/INSIDE","32"
"121","ASSAULT (PAST): WEAPON/FAMILY","4"
"78","ASSAULT (IN PROGRESS): KNIFE/INSIDE","15"
"17","ASSAULT (IN PROGRESS): OTHER/CHILD ABUSE","2"
"114","ASSAULT (IN PROGRESS): WEAPON/CHILD","2"
"20","ASSAULT (PAST): KNIFE/OUTSIDE","3"
"107","ASSAULT (IN PROGRESS): OTHER/SCHOOL","8"
"68","ASSAULT (PAST): WEAPON/CHILD ABUSE","1"
"63","ASSAULT (IN PROGRESS): OTHER/CHILD ABUSE","15"
"105","ASSAULT (IN PROGRESS): OTHER/SCHOOL","11"
"109","ASSAULT (IN PROGRESS): OTHER/LTD ACC HWY","7"
"18","ASSAULT (IN PROGRESS): OTHER/OUTSIDE","542"
"88","ASSAULT (IN PROGRESS): OTHER/TRANSIT","24"
"7","ASSAULT (IN PROGRESS): WEAPON/INSIDE","20"
"48","ASSAULT (PAST): SHOTS/INSIDE","20"
"83","ASSAULT (PAST): OTHER/CHILD ABUSE","11"
"1","ASSAULT (PAST): WEAPON/TRANSIT","2"
"26","ASSAULT (IN PROGRESS): KNIFE/INSIDE","9"
"42","ASSAULT (PAST): WEAPON/OUTSIDE","14"
"113","ASSAULT (IN PROGRESS): KNIFE/OUTSIDE","20"
"88","ASSAULT (IN PROGRESS): KNIFE/FAMILY","3"
"61","ASSAULT (IN PROGRESS): WEAPON/INSIDE","22"
"26","ASSAULT (PAST): SHOTS/OUTSIDE","2"
"121","ASSAULT (IN PROGRESS): WEAPON/FAMILY","24"
"111","ASSAULT (PAST): OTHER/FAMILY","12"
"67","ASSAULT (PAST): KNIFE/FAMILY","2"
"49","ASSAULT (IN PROGRESS): SHOTS/TRANSIT","2"
"81","ASSAULT (IN PROGRESS): OTHER/TRANSIT","27"
"20","ASSAULT (IN PROGRESS): OTHER/OUTSIDE","176"
"10","ASSAULT (PAST): OTHER/OUTSIDE","74"
"83","ASSAULT (PAST): OTHER/TRANSIT","8"
"46","ASSAULT (IN PROGRESS): WEAPON/INSIDE","128"
"14","ASSAULT (PAST): OTHER/CHILD ABUSE","2"
"60","ASSAULT (IN PROGRESS): OTHER/TRANSIT","31"
"41","ASSAULT (PAST): SHOTS/INSIDE","2"
"90","ASSAULT (IN PROGRESS): OTHER/TRANSIT","28"
"75","ASSAULT (PAST): KNIFE/OUTSIDE","17"
"69","ASSAULT (IN PROGRESS): OTHER/SCHOOL","3"
"67","ASSAULT (PAST): WEAPON/FAMILY","8"
"9","ASSAULT (PAST): OTHER/SCHOOL","10"
"68","ASSAULT (PAST): WEAPON/OUTSIDE","10"
"88","ASSAULT (IN PROGRESS): KNIFE/TRANSIT","2"
"94","ASSAULT (IN PROGRESS): KNIFE/OUTSIDE","6"
"62","ASSAULT (IN PROGRESS): KNIFE/OUTSIDE","13"
"52","ASSAULT (PAST): WEAPON/FAMILY","7"
"42","ASSAULT (PAST): OTHER/OUTSIDE","102"
"41","ASSAULT (IN PROGRESS): KNIFE/FAMILY","27"
"22","ASSAULT (IN PROGRESS): WEAPON/OUTSIDE","1"
"13","ASSAULT (PAST): KNIFE/INSIDE","30"
"75","ASSAULT (PAST): KNIFE/TRANSIT","2"
"111","ASSAULT (IN PROGRESS): OTHER/SCHOOL","8"
"5","ASSAULT (PAST): OTHER/TRANSIT","34"
"70","ASSAULT (IN PROGRESS): WEAPON/FAMILY","35"
"28","ASSAULT (IN PROGRESS): OTHER/TRANSIT","31"
"76","ASSAULT (IN PROGRESS): OTHER/SCHOOL","3"
"68","ASSAULT (IN PROGRESS): OTHER/OUTSIDE","172"
"25","ASSAULT (PAST): OTHER/SCHOOL","2"
"61","ASSAULT (IN PROGRESS): SHOTS/SCHOOL","3"
"19","ASSAULT (IN PROGRESS): OTHER/TRANSIT","69"
"10","ASSAULT (IN PROGRESS): SHOTS/TRANSIT","3"
"7","ASSAULT (PAST): OTHER/SCHOOL","7"
"44","ASSAULT (IN PROGRESS): OTHER/INSIDE","783"
"34","ASSAULT (PAST): KNIFE/FAMILY","1"
"73","ASSAULT (IN PROGRESS): OTHER/INSIDE","882"
"81","ASSAULT (IN PROGRESS): KNIFE/OUTSIDE","32"
"75","ASSAULT (IN PROGRESS): KNIFE/TRANSIT","11"
"90","ASSAULT (PAST): OTHER/SCHOOL","7"
"14","ASSAULT (PAST): OTHER/INSIDE","225"
"79","ASSAULT (IN PROGRESS): KNIFE/INSIDE","49"
"100","ASSAULT (IN PROGRESS): SHOTS/TRANSIT","4"
"66","ASSAULT (PAST): OTHER/OUTSIDE","47"
"66","ASSAULT (IN PROGRESS): OTHER/INSIDE","195"
"71","ASSAULT (IN PROGRESS): OTHER/INSIDE","370"
"103","ASSAULT (PAST): OTHER/CHILD ABUSE","10"
"77","ASSAULT (IN PROGRESS): OTHER/TRANSIT","43"
"34","ASSAULT (IN PROGRESS): OTHER/OUTSIDE","222"
"18","ASSAULT (PAST): WEAPON/INSIDE","18"
"114","ASSAULT (PAST): KNIFE/INSIDE","14"
"40","ASSAULT (IN PROGRESS): OTHER/INSIDE","630"
"84","ASSAULT (IN PROGRESS): WEAPON/FAMILY","4"
"81","ASSAULT (PAST): OTHER/TRANSIT","3"
"78","ASSAULT (PAST): KNIFE/FAMILY","1"
"115","ASSAULT (PAST): WEAPON/CHILD ABUSE","2"
"75","ASSAULT (PAST): KNIFE/SCHOOL","1"
"101","ASSAULT (IN PROGRESS): WEAPON/FAMILY","33"
"34","ASSAULT (IN PROGRESS): SHOTS/TRANSIT","1"
"79","ASSAULT (PAST): SHOTS/INSIDE","6"
"94","ASSAULT (PAST): WEAPON/OUTSIDE","5"
"1","ASSAULT (IN PROGRESS): SHOTS/INSIDE","3"
"111","ASSAULT (PAST): OTHER/OUTSIDE","22"
"94","ASSAULT (IN PROGRESS): OTHER/OUTSIDE","171"
"34","ASSAULT (IN PROGRESS): WEAPON/OUTSIDE","45"
"90","ASSAULT (PAST): OTHER/FAMILY","40"
"115","ASSAULT (IN PROGRESS): SHOTS/LTD ACC HWY","1"
"13","ASSAULT (PAST): WEAPON/INSIDE","26"
"60","ASSAULT (IN PROGRESS): WEAPON/FAMILY","25"
"114","ASSAULT (IN PROGRESS): WEAPON/TRANSIT","6"
"13","ASSAULT (IN PROGRESS): KNIFE/TRANSIT","6"
"72","ASSAULT (IN PROGRESS): WEAPON/INSIDE","31"
"20","ASSAULT (PAST): WEAPON/OUTSIDE","5"
"44","ASSAULT (IN PROGRESS): KNIFE/TRANSIT","4"
"49","ASSAULT (IN PROGRESS): OTHER/CHILD ABUSE","21"
"105","ASSAULT (IN PROGRESS): KNIFE/SCHOOL","2"
"120","ASSAULT (PAST): WEAPON/CHILD ABUSE","1"
"30","ASSAULT (PAST): KNIFE/INSIDE","4"
"32","ASSAULT (PAST): KNIFE/TRANSIT","2"
"107","ASSAULT (IN PROGRESS): OTHER/INSIDE","217"
"102","ASSAULT (PAST): OTHER/SCHOOL","11"
"44","ASSAULT (IN PROGRESS): OTHER/FAMILY","864"
"40","ASSAULT (IN PROGRESS): WEAPON/OUTSIDE","101"
"68","ASSAULT (PAST): KNIFE/FAMILY","2"
"94","ASSAULT (IN PROGRESS): OTHER/FAMILY","123"
"110","ASSAULT (PAST): KNIFE/OUTSIDE","8"
"5","ASSAULT (IN PROGRESS): SHOTS/TRANSIT","2"
"46","ASSAULT (IN PROGRESS): WEAPON/LTD ACC HWY","1"
"32","ASSAULT (IN PROGRESS): KNIFE/INSIDE","62"
"32","ASSAULT (IN PROGRESS): OTHER/INSIDE","382"
"19","ASSAULT (IN PROGRESS): OTHER/SCHOOL","2"
"18","ASSAULT (IN PROGRESS): SHOTS/TRANSIT","2"
"45","ASSAULT (IN PROGRESS): OTHER/SCHOOL","12"
"75","ASSAULT (IN PROGRESS): SHOTS/LTD ACC HWY","2"
"1","ASSAULT (PAST): OTHER/CHILD ABUSE","4"
"50","ASSAULT (IN PROGRESS): WEAPON/OUTSIDE","28"
"90","ASSAULT (PAST): OTHER/INSIDE","122"
"66","ASSAULT (IN PROGRESS): OTHER/FAMILY","165"
"45","ASSAULT (IN PROGRESS): OTHER/OUTSIDE","183"
"84","ASSAULT (PAST): OTHER/FAMILY","11"
"106","ASSAULT (IN PROGRESS): WEAPON/CHILD","2"
"70","ASSAULT (IN PROGRESS): OTHER/SCHOOL","7"
"6","ASSAULT (IN PROGRESS): WEAPON/TRANSIT","8"
"46","ASSAULT (IN PROGRESS): OTHER/SCHOOL","5"
"41","ASSAULT (IN PROGRESS): SHOTS/OUTSIDE","35"
"9","ASSAULT (PAST): OTHER/OUTSIDE","110"
"115","ASSAULT (IN PROGRESS): WEAPON/FAMILY","23"
"102","ASSAULT (IN PROGRESS): WEAPON/LTD ACC HWY","1"
"67","ASSAULT (IN PROGRESS): KNIFE/FAMILY","51"
"109","ASSAULT (IN PROGRESS): KNIFE/OUTSIDE","20"
"108","ASSAULT (IN PROGRESS): KNIFE/FAMILY","5"
"5","ASSAULT (PAST): OTHER/CHILD ABUSE","2"
"115","ASSAULT (IN PROGRESS): OTHER/SCHOOL","2"
"75","ASSAULT (PAST): KNIFE/CHILD ABUSE","1"
"90","ASSAULT (IN PROGRESS): WEAPON/TRANSIT","4"
"73","ASSAULT (IN PROGRESS): OTHER/OUTSIDE","465"
"84","ASSAULT (IN PROGRESS): OTHER/LTD ACC HWY","1"
"24","ASSAULT (IN PROGRESS): WEAPON/FAMILY","11"
"44","ASSAULT (PAST): WEAPON/FAMILY","13"
"9","ASSAULT (PAST): SHOTS/OUTSIDE","2"
"102","ASSAULT (IN PROGRESS): KNIFE/TRANSIT","4"
"47","ASSAULT (PAST): SHOTS/OUTSIDE","2"
"88","ASSAULT (IN PROGRESS): OTHER/OUTSIDE","181"
"107","ASSAULT (PAST): KNIFE/OUTSIDE","5"
"28","ASSAULT (IN PROGRESS): OTHER/CHILD ABUSE","16"
"13","ASSAULT (IN PROGRESS): OTHER/TRANSIT","74"
"79","ASSAULT (IN PROGRESS): WEAPON/CHILD","3"
"68","ASSAULT (IN PROGRESS): SHOTS/OUTSIDE","2"
"71","ASSAULT (IN PROGRESS): SHOTS/FAMILY","1"
"62","ASSAULT (IN PROGRESS): OTHER/INSIDE","190"
"68","ASSAULT (IN PROGRESS): KNIFE/OUTSIDE","13"
"46","ASSAULT (IN PROGRESS): WEAPON/FAMILY","74"
"14","ASSAULT (IN PROGRESS): WEAPON/TRANSIT","25"
"45","ASSAULT (IN PROGRESS): WEAPON/FAMILY","29"
"5","ASSAULT (PAST): KNIFE/OUTSIDE","5"
"17","ASSAULT (IN PROGRESS): SHOTS/TRANSIT","3"
"121","ASSAULT (IN PROGRESS): WEAPON/CHILD","2"
"13","ASSAULT (IN PROGRESS): SHOTS/OUTSIDE","8"
"41","ASSAULT (IN PROGRESS): OTHER/CHILD ABUSE","19"
"78","ASSAULT (IN PROGRESS): WEAPON/FAMILY","5"
"32","ASSAULT (IN PROGRESS): OTHER/LTD ACC HWY","3"
"109","ASSAULT (IN PROGRESS): SHOTS/INSIDE","15"
"50","ASSAULT (PAST): SHOTS/OUTSIDE","3"
"123","ASSAULT (IN PROGRESS): WEAPON/INSIDE","3"
"50","ASSAULT (PAST): KNIFE/OUTSIDE","4"
"73","ASSAULT (PAST): SHOTS/INSIDE","1"
"23","ASSAULT (PAST): SHOTS/INSIDE","4"
"52","ASSAULT (PAST): SHOTS/OUTSIDE","4"
"14","ASSAULT (IN PROGRESS): KNIFE/TRANSIT","21"
"73","ASSAULT (IN PROGRESS): SHOTS/FAMILY","1"
"121","ASSAULT (IN PROGRESS): OTHER/LTD ACC HWY","7"
"123","ASSAULT (IN PROGRESS): SHOTS/INSIDE","1"
"105","ASSAULT (IN PROGRESS): SHOTS/INSIDE","12"
"111","ASSAULT (PAST): WEAPON/INSIDE","4"
"114","ASSAULT (IN PROGRESS): SHOTS/INSIDE","10"
"68","ASSAULT (IN PROGRESS): OTHER/CHILD ABUSE","10"
"123","ASSAULT (IN PROGRESS): SHOTS/SCHOOL","3"
"75","ASSAULT (PAST): KNIFE/INSIDE","27"
"114","ASSAULT (PAST): OTHER/FAMILY","84"
"47","ASSAULT (IN PROGRESS): OTHER/FAMILY","873"
"115","ASSAULT (IN PROGRESS): WEAPON/INSIDE","33"
"61","ASSAULT (IN PROGRESS): OTHER/LTD ACC HWY","2"
"60","ASSAULT (PAST): WEAPON/OUTSIDE","7"
"17","ASSAULT (IN PROGRESS): WEAPON/TRANSIT","2"
"102","ASSAULT (IN PROGRESS): SHOTS/TRANSIT","1"
"112","ASSAULT (PAST): OTHER/CHILD ABUSE","3"
"60","ASSAULT (PAST): WEAPON/CHILD ABUSE","3"
"78","ASSAULT (PAST): OTHER/CHILD ABUSE","7"
"1","ASSAULT (PAST): KNIFE/OUTSIDE","9"
"61","ASSAULT (IN PROGRESS): SHOTS/FAMILY","9"
"1","ASSAULT (PAST): OTHER/SCHOOL","3"
"48","ASSAULT (IN PROGRESS): SHOTS/OUTSIDE","76"
"79","ASSAULT (PAST): KNIFE/FAMILY","3"
"33","ASSAULT (IN PROGRESS): OTHER/CHILD ABUSE","4"
"62","ASSAULT (IN PROGRESS): OTHER/OUTSIDE","211"
"77","ASSAULT (IN PROGRESS): KNIFE/INSIDE","29"
"6","ASSAULT (IN PROGRESS): OTHER/INSIDE","151"
"107","ASSAULT (PAST): WEAPON/CHILD ABUSE","1"
"28","ASSAULT (PAST): WEAPON/INSIDE","9"
"14","ASSAULT (IN PROGRESS): WEAPON/OUTSIDE","95"
"115","ASSAULT (IN PROGRESS): OTHER/FAMILY","497"
"33","ASSAULT (PAST): WEAPON/OUTSIDE","8"
"71","ASSAULT (PAST): WEAPON/INSIDE","25"
"101","ASSAULT (IN PROGRESS): OTHER/TRANSIT","4"
"69","ASSAULT (IN PROGRESS): OTHER/OUTSIDE","142"
"6","ASSAULT (PAST): OTHER/OUTSIDE","83"
"81","ASSAULT (PAST): KNIFE/FAMILY","2"
"112","ASSAULT (PAST): OTHER/INSIDE","50"
"9","ASSAULT (IN PROGRESS): OTHER/TRANSIT","27"
"79","ASSAULT (PAST): OTHER/OUTSIDE","81"
"40","ASSAULT (IN PROGRESS): OTHER/SCHOOL","17"
"112","ASSAULT (PAST): OTHER/LTD ACC HWY","1"
"102","ASSAULT (PAST): WEAPON/OUTSIDE","11"
"60","ASSAULT (IN PROGRESS): OTHER/CHILD ABUSE","16"
"44","ASSAULT (IN PROGRESS): WEAPON/TRANSIT","3"
"66","ASSAULT (PAST): OTHER/TRANSIT","7"
"34","ASSAULT (PAST): WEAPON/INSIDE","12"
"62","ASSAULT (PAST): OTHER/TRANSIT","11"
"79","ASSAULT (PAST): KNIFE/TRANSIT","2"
"69","ASSAULT (PAST): OTHER/OUTSIDE","26"
"72","ASSAULT (IN PROGRESS): OTHER/SCHOOL","2"
"115","ASSAULT (IN PROGRESS): OTHER/TRANSIT","31"
"43","ASSAULT (PAST): OTHER/INSIDE","271"
"42","ASSAULT (PAST): OTHER/TRANSIT","1"
"47","ASSAULT (PAST): KNIFE/INSIDE","36"
"113","ASSAULT (PAST): OTHER/OUTSIDE","50"
"68","ASSAULT (PAST): WEAPON/FAMILY","2"
"81","ASSAULT (PAST): OTHER/INSIDE","230"
"20","ASSAULT (PAST): OTHER/OUTSIDE","39"
"26","ASSAULT (IN PROGRESS): OTHER/FAMILY","89"
"77","ASSAULT (IN PROGRESS): OTHER/SCHOOL","4"
"34","ASSAULT (IN PROGRESS): SHOTS/INSIDE","102"
"90","ASSAULT (PAST): OTHER/TRANSIT","10"
"79","ASSAULT (IN PROGRESS): KNIFE/TRANSIT","1"
"5","ASSAULT (IN PROGRESS): OTHER/FAMILY","92"
"9","ASSAULT (PAST): KNIFE/INSIDE","5"
"7","ASSAULT (IN PROGRESS): OTHER/LTD ACC HWY","1"
"72","ASSAULT (PAST): KNIFE/OUTSIDE","7"
"73","ASSAULT (IN PROGRESS): KNIFE/INSIDE","128"
"43","ASSAULT (PAST): SHOTS/INSIDE","7"
"7","ASSAULT (IN PROGRESS): OTHER/SCHOOL","1"
"48","ASSAULT (IN PROGRESS): WEAPON/SCHOOL","2"
"71","ASSAULT (PAST): WEAPON/OUTSIDE","6"
"23","ASSAULT (IN PROGRESS): KNIFE/OUTSIDE","38"
"49","ASSAULT (PAST): OTHER/INSIDE","256"
"10","ASSAULT (PAST): OTHER/FAMILY","21"
"42","ASSAULT (PAST): SHOTS/INSIDE","8"
"112","ASSAULT (IN PROGRESS): WEAPON/OUTSIDE","15"
"115","ASSAULT (PAST): OTHER/INSIDE","139"
"30","ASSAULT (PAST): KNIFE/OUTSIDE","10"
"122","ASSAULT (PAST): OTHER/FAMILY","37"
"122","ASSAULT (IN PROGRESS): SHOTS/INSIDE","11"
"43","ASSAULT (IN PROGRESS): OTHER/CHILD ABUSE","52"
"45","ASSAULT (IN PROGRESS): OTHER/CHILD ABUSE","21"
"102","ASSAULT (PAST): SHOTS/TRANSIT","2"
"20","ASSAULT (PAST): OTHER/FAMILY","11"
"14","ASSAULT (IN PROGRESS): SHOTS/INSIDE","9"
"52","ASSAULT (IN PROGRESS): WEAPON/CHILD","3"
"30","ASSAULT (PAST): WEAPON/OUTSIDE","7"
"113","ASSAULT (IN PROGRESS): WEAPON/OUTSIDE","48"
"13","ASSAULT (IN PROGRESS): OTHER/FAMILY","95"
"102","ASSAULT (PAST): KNIFE/INSIDE","46"
"63","ASSAULT (IN PROGRESS): WEAPON/INSIDE","16"
"103","ASSAULT (PAST): SHOTS/INSIDE","2"
"113","ASSAULT (IN PROGRESS): OTHER/CHILD ABUSE","22"
"67","ASSAULT (PAST): OTHER/INSIDE","300"
"44","ASSAULT (IN PROGRESS): WEAPON/LTD ACC HWY","2"
"23","ASSAULT (IN PROGRESS): KNIFE/INSIDE","39"
"48","ASSAULT (PAST): OTHER/INSIDE","358"
"78","ASSAULT (IN PROGRESS): WEAPON/INSIDE","20"
"122","ASSAULT (IN PROGRESS): OTHER/SCHOOL","5"
"121","ASSAULT (PAST): OTHER/OUTSIDE","30"
"61","ASSAULT (IN PROGRESS): KNIFE/INSIDE","15"
"75","ASSAULT (PAST): OTHER/INSIDE","412"
"123","ASSAULT (IN PROGRESS): OTHER/FAMILY","105"
"49","ASSAULT (PAST): SHOTS/OUTSIDE","1"
"120","ASSAULT (IN PROGRESS): OTHER/SCHOOL","10"
"114","ASSAULT (IN PROGRESS): OTHER/TRANSIT","51"
"115","ASSAULT (IN PROGRESS): SHOTS/INSIDE","11"
"66","ASSAULT (IN PROGRESS): KNIFE/INSIDE","19"
"101","ASSAULT (PAST): OTHER/INSIDE","197"
"60","ASSAULT (IN PROGRESS): KNIFE/INSIDE","27"
"88","ASSAULT (IN PROGRESS): SHOTS/OUTSIDE","14"
"48","ASSAULT (PAST): SHOTS/OUTSIDE","2"
"33","ASSAULT (PAST): OTHER/OUTSIDE","48"
"30","ASSAULT (IN PROGRESS): OTHER/FAMILY","197"
"100","ASSAULT (PAST): OTHER/TRANSIT","2"
"104","ASSAULT (IN PROGRESS): OTHER/CHILD ABUSE","23"
"122","ASSAULT (IN PROGRESS): KNIFE/INSIDE","7"
"19","ASSAULT (PAST): SHOTS/OUTSIDE","1"
"9","ASSAULT (IN PROGRESS): KNIFE/TRANSIT","2"
"46","ASSAULT (IN PROGRESS): SHOTS/OUTSIDE","93"
"32","ASSAULT (IN PROGRESS): SHOTS/INSIDE","30"
"41","ASSAULT (IN PROGRESS): OTHER/FAMILY","372"
"84","ASSAULT (IN PROGRESS): OTHER/CHILD ABUSE","4"
"88","ASSAULT (IN PROGRESS): SHOTS/INSIDE","9"
"19","ASSAULT (IN PROGRESS): WEAPON/OUTSIDE","41"
"109","ASSAULT (IN PROGRESS): OTHER/SCHOOL","3"
"79","ASSAULT (IN PROGRESS): SHOTS/FAMILY","2"
"72","ASSAULT (IN PROGRESS): SHOTS/OUTSIDE","5"
"1","ASSAULT (IN PROGRESS): SHOTS/OUTSIDE","10"
"28","ASSAULT (PAST): OTHER/OUTSIDE","56"
"69","ASSAULT (PAST): KNIFE/FAMILY","5"
"106","ASSAULT (IN PROGRESS): SHOTS/INSIDE","11"
"76","ASSAULT (IN PROGRESS): KNIFE/OUTSIDE","7"
"106","ASSAULT (PAST): WEAPON/CHILD ABUSE","1"
"112","ASSAULT (PAST): WEAPON/OUTSIDE","5"
"76","ASSAULT (IN PROGRESS): WEAPON/INSIDE","3"
"120","ASSAULT (IN PROGRESS): WEAPON/INSIDE","55"
"33","ASSAULT (PAST): OTHER/TRANSIT","10"
"66","ASSAULT (PAST): WEAPON/FAMILY","5"
"79","ASSAULT (PAST): KNIFE/INSIDE","14"
"41","ASSAULT (PAST): OTHER/CHILD ABUSE","14"
"6","ASSAULT (PAST): OTHER/CHILD ABUSE","2"
"44","ASSAULT (IN PROGRESS): WEAPON/CHILD","8"
"9","ASSAULT (IN PROGRESS): OTHER/FAMILY","165"
"28","ASSAULT (IN PROGRESS): OTHER/INSIDE","231"
"115","ASSAULT (PAST): KNIFE/INSIDE","6"
"62","ASSAULT (PAST): OTHER/FAMILY","38"
"73","ASSAULT (IN PROGRESS): WEAPON/CHILD","3"
"105","ASSAULT (IN PROGRESS): WEAPON/FAMILY","40"
"110","ASSAULT (PAST): OTHER/CHILD ABUSE","14"
"81","ASSAULT (PAST): KNIFE/OUTSIDE","7"
"107","ASSAULT (IN PROGRESS): SHOTS/CHILD","1"
"78","ASSAULT (PAST): OTHER/OUTSIDE","36"
"88","ASSAULT (PAST): OTHER/FAMILY","23"
"72","ASSAULT (IN PROGRESS): OTHER/LTD ACC HWY","4"
"19","ASSAULT (IN PROGRESS): WEAPON/FAMILY","14"
"22","ASSAULT (IN PROGRESS): OTHER/OUTSIDE","28"
"5","ASSAULT (PAST): SHOTS/OUTSIDE","3"
"28","ASSAULT (IN PROGRESS): KNIFE/INSIDE","29"
"13","ASSAULT (PAST): SHOTS/OUTSIDE","1"
"62","ASSAULT (IN PROGRESS): OTHER/CHILD ABUSE","11"
"108","ASSAULT (IN PROGRESS): OTHER/CHILD ABUSE","9"
"70","ASSAULT (IN PROGRESS): KNIFE/OUTSIDE","25"
"41","ASSAULT (PAST): SHOTS/OUTSIDE","2"
"61","ASSAULT (IN PROGRESS): OTHER/INSIDE","177"
"26","ASSAULT (IN PROGRESS): OTHER/TRANSIT","23"
"79","ASSAULT (PAST): OTHER/CHILD ABUSE","15"
"111","ASSAULT (PAST): OTHER/SCHOOL","3"
"111","ASSAULT (IN PROGRESS): WEAPON/FAMILY","10"
"113","ASSAULT (PAST): OTHER/CHILD ABUSE","13"
"110","ASSAULT (PAST): KNIFE/INSIDE","36"
"81","ASSAULT (IN PROGRESS): OTHER/CHILD ABUSE","13"
"44","ASSAULT (PAST): WEAPON/INSIDE","41"
"106","ASSAULT (IN PROGRESS): OTHER/INSIDE","250"
"90","ASSAULT (PAST): WEAPON/TRANSIT","1"
"42","ASSAULT (IN PROGRESS): OTHER/INSIDE","629"
"44","ASSAULT (IN PROGRESS): WEAPON/INSIDE","128"
"10","ASSAULT (PAST): OTHER/CHILD ABUSE","7"
"73","ASSAULT (PAST): KNIFE/INSIDE","27"
"42","ASSAULT (PAST): OTHER/SCHOOL","27"
"5","ASSAULT (IN PROGRESS): OTHER/INSIDE","148"
"83","ASSAULT (IN PROGRESS): OTHER/OUTSIDE","311"
"44","ASSAULT (PAST): OTHER/TRANSIT","14"
"113","ASSAULT (IN PROGRESS): SHOTS/OUTSIDE","32"
"73","ASSAULT (IN PROGRESS): OTHER/TRANSIT","57"
"60","ASSAULT (PAST): KNIFE/INSIDE","25"
"94","ASSAULT (IN PROGRESS): OTHER/TRANSIT","29"
"100","ASSAULT (IN PROGRESS): WEAPON/OUTSIDE","17"
"25","ASSAULT (PAST): WEAPON/INSIDE","13"
"70","ASSAULT (IN PROGRESS): WEAPON/INSIDE","55"
"68","ASSAULT (IN PROGRESS): SHOTS/INSIDE","3"
"44","ASSAULT (IN PROGRESS): WEAPON/FAMILY","91"
"81","ASSAULT (IN PROGRESS): SHOTS/INSIDE","26"
"25","ASSAULT (PAST): KNIFE/TRANSIT","1"
"40","ASSAULT (IN PROGRESS): KNIFE/FAMILY","68"
"5","ASSAULT (IN PROGRESS): OTHER/OUTSIDE","258"
"66","ASSAULT (PAST): WEAPON/CHILD ABUSE","2"
"7","ASSAULT (IN PROGRESS): WEAPON/OUTSIDE","40"
"81","ASSAULT (PAST): SHOTS/OUTSIDE","3"
"76","ASSAULT (IN PROGRESS): KNIFE/FAMILY","2"
"42","ASSAULT (IN PROGRESS): SHOTS/OUTSIDE","81"
"62","ASSAULT (PAST): WEAPON/FAMILY","3"
"22","ASSAULT (PAST): OTHER/OUTSIDE","6"
"114","ASSAULT (IN PROGRESS): WEAPON/OUTSIDE","78"
"14","ASSAULT (IN PROGRESS): OTHER/INSIDE","400"
"77","ASSAULT (IN PROGRESS): SHOTS/INSIDE","20"
"48","ASSAULT (PAST): WEAPON/OUTSIDE","18"
"78","ASSAULT (IN PROGRESS): OTHER/SCHOOL","3"
"20","ASSAULT (IN PROGRESS): OTHER/FAMILY","90"
"43","ASSAULT (PAST): KNIFE/TRANSIT","1"
"18","ASSAULT (PAST): WEAPON/OUTSIDE","13"
"112","ASSAULT (PAST): KNIFE/INSIDE","4"
"72","ASSAULT (PAST): KNIFE/INSIDE","22"
"5","ASSAULT (PAST): KNIFE/FAMILY","1"
"44","ASSAULT (PAST): SHOTS/INSIDE","24"
"62","ASSAULT (IN PROGRESS): WEAPON/FAMILY","15"
"81","ASSAULT (PAST): SHOTS/INSIDE","14"
"60","ASSAULT (IN PROGRESS): OTHER/INSIDE","274"
"46","ASSAULT (IN PROGRESS): WEAPON/TRANSIT","2"
"50","ASSAULT (IN PROGRESS): WEAPON/TRANSIT","2"
"106","ASSAULT (PAST): KNIFE/CHILD ABUSE","1"
"114","ASSAULT (PAST): OTHER/OUTSIDE","110"
"49","ASSAULT (IN PROGRESS): OTHER/LTD ACC HWY","1"
"44","ASSAULT (PAST): OTHER/CHILD ABUSE","34"
"24","ASSAULT (IN PROGRESS): OTHER/SCHOOL","1"
"101","ASSAULT (IN PROGRESS): SHOTS/TRANSIT","2"
"48","ASSAULT (IN PROGRESS): KNIFE/OUTSIDE","75"
"81","ASSAULT (IN PROGRESS): KNIFE/FAMILY","19"
"104","ASSAULT (PAST): WEAPON/INSIDE","7"
"1","ASSAULT (PAST): OTHER/TRANSIT","46"
"90","ASSAULT (IN PROGRESS): SHOTS/OUTSIDE","8"
"88","ASSAULT (IN PROGRESS): WEAPON/FAMILY","10"
"76","ASSAULT (IN PROGRESS): OTHER/INSIDE","87"
"50","ASSAULT (IN PROGRESS): KNIFE/TRANSIT","1"
"106","ASSAULT (IN PROGRESS): WEAPON/TRANSIT","3"
"81","ASSAULT (PAST): KNIFE/INSIDE","47"
"66","ASSAULT (IN PROGRESS): WEAPON/TRANSIT","1"
"52","ASSAULT (IN PROGRESS): KNIFE/INSIDE","76"
"120","ASSAULT (PAST): KNIFE/OUTSIDE","5"
"14","ASSAULT (PAST): KNIFE/INSIDE","8"
"41","ASSAULT (PAST): KNIFE/FAMILY","2"
"73","ASSAULT (PAST): OTHER/INSIDE","340"
"47","ASSAULT (IN PROGRESS): OTHER/SCHOOL","6"
"102","ASSAULT (IN PROGRESS): OTHER/LTD ACC HWY","3"
"60","ASSAULT (PAST): OTHER/TRANSIT","18"
"40","ASSAULT (IN PROGRESS): SHOTS/FAMILY","2"
"70","ASSAULT (PAST): OTHER/OUTSIDE","72"
"114","ASSAULT (IN PROGRESS): SHOTS/FAMILY","1"
"25","ASSAULT (PAST): KNIFE/FAMILY","2"
"107","ASSAULT (PAST): WEAPON/FAMILY","6"
"67","ASSAULT (IN PROGRESS): OTHER/FAMILY","696"
"73","ASSAULT (PAST): OTHER/SCHOOL","13"
"106","ASSAULT (PAST): KNIFE/OUTSIDE","4"
"7","ASSAULT (PAST): WEAPON/FAMILY","1"
"41","ASSAULT (IN PROGRESS): WEAPON/LTD ACC HWY","1"
"43","ASSAULT (IN PROGRESS): OTHER/TRANSIT","19"
"72","ASSAULT (PAST): OTHER/FAMILY","35"
"122","ASSAULT (IN PROGRESS): SHOTS/OUTSIDE","3"
"6","ASSAULT (PAST): WEAPON/OUTSIDE","10"
"103","ASSAULT (PAST): WEAPON/CHILD ABUSE","2"
"70","ASSAULT (IN PROGRESS): WEAPON/CHILD","1"
"52","ASSAULT (PAST): WEAPON/TRANSIT","2"
"24","ASSAULT (PAST): OTHER/CHILD ABUSE","4"
"108","ASSAULT (IN PROGRESS): WEAPON/TRANSIT","5"
"110","ASSAULT (IN PROGRESS): KNIFE/TRANSIT","4"
"7","ASSAULT (IN PROGRESS): OTHER/TRANSIT","42"
"120","ASSAULT (IN PROGRESS): OTHER/FAMILY","493"
"19","ASSAULT (IN PROGRESS): WEAPON/LTD ACC HWY","2"
"9","ASSAULT (IN PROGRESS): OTHER/OUTSIDE","405"
"50","ASSAULT (IN PROGRESS): SHOTS/FAMILY","8"
"88","ASSAULT (IN PROGRESS): WEAPON/SCHOOL","2"
"6","ASSAULT (PAST): KNIFE/INSIDE","4"
"44","ASSAULT (IN PROGRESS): OTHER/TRANSIT","31"
"122","ASSAULT (IN PROGRESS): WEAPON/CHILD","1"
"88","ASSAULT (IN PROGRESS): WEAPON/INSIDE","38"
"67","ASSAULT (IN PROGRESS): OTHER/SCHOOL","4"
"43","ASSAULT (IN PROGRESS): WEAPON/FAMILY","83"
"14","ASSAULT (PAST): SHOTS/OUTSIDE","4"
"42","ASSAULT (IN PROGRESS): OTHER/CHILD ABUSE","39"
"9","ASSAULT (IN PROGRESS): WEAPON/OUTSIDE","70"
"50","ASSAULT (IN PROGRESS): OTHER/CHILD ABUSE","10"
"10","ASSAULT (IN PROGRESS): OTHER/SCHOOL","4"
"112","ASSAULT (IN PROGRESS): OTHER/FAMILY","130"
"34","ASSAULT (IN PROGRESS): WEAPON/INSIDE","38"
"7","ASSAULT (IN PROGRESS): OTHER/CHILD ABUSE","15"
"79","ASSAULT (IN PROGRESS): OTHER/FAMILY","380"
"70","ASSAULT (PAST): OTHER/INSIDE","189"
"120","ASSAULT (PAST): OTHER/SCHOOL","7"
"83","ASSAULT (PAST): OTHER/SCHOOL","12"
"78","ASSAULT (PAST): SHOTS/INSIDE","4"
"24","ASSAULT (IN PROGRESS): SHOTS/INSIDE","229"
"110","ASSAULT (PAST): OTHER/FAMILY","104"
"61","ASSAULT (IN PROGRESS): OTHER/CHILD ABUSE","13"
"17","ASSAULT (PAST): OTHER/INSIDE","121"
"88","ASSAULT (PAST): OTHER/SCHOOL","8"
"34","ASSAULT (PAST): WEAPON/OUTSIDE","11"
"60","ASSAULT (PAST): OTHER/OUTSIDE","87"
"112","ASSAULT (IN PROGRESS): OTHER/INSIDE","113"
"48","ASSAULT (PAST): OTHER/OUTSIDE","105"
"14","ASSAULT (PAST): OTHER/SCHOOL","2"
"75","ASSAULT (IN PROGRESS): KNIFE/INSIDE","124"
"106","ASSAULT (IN PROGRESS): OTHER/FAMILY","336"
"41","ASSAULT (IN PROGRESS): WEAPON/OUTSIDE","54"
"75","ASSAULT (IN PROGRESS): OTHER/CHILD ABUSE","69"
"47","ASSAULT (IN PROGRESS): SHOTS/FAMILY","2"
"18","ASSAULT (IN PROGRESS): KNIFE/FAMILY","4"
"19","ASSAULT (IN PROGRESS): KNIFE/OUTSIDE","8"
"50","ASSAULT (IN PROGRESS): KNIFE/FAMILY","23"
"50","ASSAULT (IN PROGRESS): OTHER/TRANSIT","8"
"67","ASSAULT (PAST): KNIFE/SCHOOL","2"
"50","ASSAULT (IN PROGRESS): WEAPON/CHILD","1"
"76","ASSAULT (IN PROGRESS): SHOTS/OUTSIDE","9"
"25","ASSAULT (IN PROGRESS): KNIFE/INSIDE","32"
"108","ASSAULT (PAST): OTHER/OUTSIDE","72"
"66","ASSAULT (PAST): OTHER/INSIDE","131"
"25","ASSAULT (IN PROGRESS): OTHER/OUTSIDE","331"
"42","ASSAULT (IN PROGRESS): SHOTS/CHILD","1"
"110","ASSAULT (IN PROGRESS): WEAPON/INSIDE","52"
"5","ASSAULT (PAST): WEAPON/INSIDE","8"
"44","ASSAULT (PAST): KNIFE/OUTSIDE","9"
"10","ASSAULT (PAST): OTHER/SCHOOL","12"
"48","ASSAULT (PAST): WEAPON/SCHOOL","2"
"102","ASSAULT (IN PROGRESS): WEAPON/OUTSIDE","65"
"109","ASSAULT (PAST): OTHER/SCHOOL","16"
"62","ASSAULT (PAST): OTHER/LTD ACC HWY","1"
"19","ASSAULT (PAST): OTHER/CHILD ABUSE","3"
"33","ASSAULT (PAST): KNIFE/FAMILY","1"
"78","ASSAULT (PAST): KNIFE/OUTSIDE","1"
"68","ASSAULT (PAST): KNIFE/SCHOOL","1"
"9","ASSAULT (PAST): WEAPON/OUTSIDE","15"
"43","ASSAULT (IN PROGRESS): WEAPON/CHILD","6"
"76","ASSAULT (IN PROGRESS): OTHER/FAMILY","95"
"78","ASSAULT (IN PROGRESS): SHOTS/INSIDE","3"
"7","ASSAULT (IN PROGRESS): WEAPON/SCHOOL","2"
"94","ASSAULT (IN PROGRESS): KNIFE/FAMILY","7"
"105","ASSAULT (IN PROGRESS): OTHER/CHILD ABUSE","34"
"46","ASSAULT (IN PROGRESS): OTHER/INSIDE","672"
"75","ASSAULT (PAST): WEAPON/FAMILY","19"
"108","ASSAULT (PAST): OTHER/CHILD ABUSE","10"
"6","ASSAULT (IN PROGRESS): OTHER/TRANSIT","64"
"106","ASSAULT (IN PROGRESS): WEAPON/INSIDE","34"
"49","ASSAULT (IN PROGRESS): SHOTS/INSIDE","23"
"14","ASSAULT (IN PROGRESS): SHOTS/TRANSIT","1"
"100","ASSAULT (IN PROGRESS): OTHER/INSIDE","156"
"41","ASSAULT (PAST): WEAPON/OUTSIDE","7"
"9","ASSAULT (IN PROGRESS): OTHER/INSIDE","276"
"20","ASSAULT (IN PROGRESS): OTHER/SCHOOL","5"
"90","ASSAULT (PAST): SHOTS/INSIDE","3"
"106","ASSAULT (PAST): OTHER/OUTSIDE","56"
"13","ASSAULT (IN PROGRESS): KNIFE/OUTSIDE","20"
"68","ASSAULT (PAST): WEAPON/TRANSIT","1"
"49","ASSAULT (PAST): OTHER/FAMILY","91"
"68","ASSAULT (IN PROGRESS): KNIFE/INSIDE","4"
"25","ASSAULT (IN PROGRESS): WEAPON/TRANSIT","5"
"109","ASSAULT (IN PROGRESS): WEAPON/FAMILY","35"
"46","ASSAULT (IN PROGRESS): KNIFE/OUTSIDE","82"
"110","ASSAULT (PAST): WEAPON/FAMILY","7"
"44","ASSAULT (PAST): KNIFE/TRANSIT","1"
"88","ASSAULT (PAST): OTHER/CHILD ABUSE","6"
"63","ASSAULT (IN PROGRESS): KNIFE/FAMILY","12"
"46","ASSAULT (PAST): OTHER/FAMILY","128"
"50","ASSAULT (IN PROGRESS): KNIFE/INSIDE","25"
"81","ASSAULT (IN PROGRESS): OTHER/FAMILY","317"
"90","ASSAULT (IN PROGRESS): OTHER/FAMILY","194"
"32","ASSAULT (PAST): KNIFE/INSIDE","48"
"62","ASSAULT (PAST): KNIFE/LTD ACC HWY","1"
"112","ASSAULT (PAST): WEAPON/INSIDE","5"
"26","ASSAULT (PAST): KNIFE/FAMILY","1"
"67","ASSAULT (IN PROGRESS): KNIFE/INSIDE","54"
"30","ASSAULT (IN PROGRESS): WEAPON/TRANSIT","2"
"41","ASSAULT (PAST): OTHER/TRANSIT","5"
"17","ASSAULT (PAST): KNIFE/INSIDE","6"
"106","ASSAULT (PAST): KNIFE/FAMILY","2"
"26","ASSAULT (IN PROGRESS): OTHER/OUTSIDE","92"
"60","ASSAULT (IN PROGRESS): KNIFE/OUTSIDE","29"
"72","ASSAULT (PAST): OTHER/TRANSIT","7"
"107","ASSAULT (IN PROGRESS): SHOTS/SCHOOL","1"
"20","ASSAULT (IN PROGRESS): SHOTS/OUTSIDE","3"
"34","ASSAULT (PAST): OTHER/INSIDE","152"
"60","ASSAULT (IN PROGRESS): SHOTS/FAMILY","2"
"63","ASSAULT (IN PROGRESS): SHOTS/INSIDE","26"
"105","ASSAULT (PAST): OTHER/FAMILY","78"
"26","ASSAULT (PAST): KNIFE/OUTSIDE","2"
"84","ASSAULT (PAST): OTHER/TRANSIT","56"
"68","ASSAULT (IN PROGRESS): KNIFE/FAMILY","7"
"105","ASSAULT (IN PROGRESS): KNIFE/INSIDE","36"
"104","ASSAULT (IN PROGRESS): KNIFE/INSIDE","7"
"13","ASSAULT (IN PROGRESS): OTHER/CHILD ABUSE","12"
"122","ASSAULT (IN PROGRESS): OTHER/CHILD ABUSE","14"
"115","ASSAULT (IN PROGRESS): OTHER/INSIDE","323"
"61","ASSAULT (IN PROGRESS): WEAPON/FAMILY","12"
"47","ASSAULT (PAST): OTHER/SCHOOL","8"
"72","ASSAULT (IN PROGRESS): KNIFE/INSIDE","32"
"106","ASSAULT (IN PROGRESS): OTHER/OUTSIDE","302"
"72","ASSAULT (IN PROGRESS): WEAPON/FAMILY","13"
"50","ASSAULT (PAST): OTHER/TRANSIT","6"
"25","ASSAULT (PAST): OTHER/INSIDE","155"
"111","ASSAULT (IN PROGRESS): SHOTS/FAMILY","1"
"108","ASSAULT (IN PROGRESS): KNIFE/SCHOOL","2"
"52","ASSAULT (PAST): KNIFE/TRANSIT","1"
"103","ASSAULT (IN PROGRESS): SHOTS/TRANSIT","3"
"45","ASSAULT (IN PROGRESS): WEAPON/TRANSIT","3"
"100","ASSAULT (IN PROGRESS): OTHER/CHILD ABUSE","8"
"112","ASSAULT (IN PROGRESS): SHOTS/INSIDE","2"
"44","ASSAULT (IN PROGRESS): OTHER/LTD ACC HWY","2"
"71","ASSAULT (IN PROGRESS): KNIFE/CHILD ABUSE","6"
"61","ASSAULT (PAST): WEAPON/INSIDE","7"
"120","ASSAULT (IN PROGRESS): OTHER/OUTSIDE","336"
"22","ASSAULT (IN PROGRESS): OTHER/INSIDE","2"
"32","ASSAULT (PAST): OTHER/FAMILY","80"
"69","ASSAULT (PAST): WEAPON/FAMILY","5"
"6","ASSAULT (IN PROGRESS): KNIFE/INSIDE","5"
"23","ASSAULT (PAST): OTHER/SCHOOL","4"
"34","ASSAULT (IN PROGRESS): KNIFE/SCHOOL","4"
"94","ASSAULT (PAST): OTHER/CHILD ABUSE","1"
"43","ASSAULT (IN PROGRESS): OTHER/SCHOOL","12"
"71","ASSAULT (PAST): SHOTS/INSIDE","17"
"79","ASSAULT (IN PROGRESS): OTHER/OUTSIDE","336"
"26","ASSAULT (PAST): OTHER/FAMILY","22"
"68","ASSAULT (IN PROGRESS): WEAPON/TRANSIT","4"
"9","ASSAULT (PAST): KNIFE/OUTSIDE","6"
"105","ASSAULT (PAST): WEAPON/FAMILY","9"
"107","ASSAULT (IN PROGRESS): KNIFE/INSIDE","14"
"52","ASSAULT (IN PROGRESS): WEAPON/OUTSIDE","95"
"102","ASSAULT (PAST): OTHER/TRANSIT","5"
"108","ASSAULT (PAST): WEAPON/FAMILY","2"
"78","ASSAULT (PAST): KNIFE/INSIDE","10"
"13","ASSAULT (PAST): OTHER/FAMILY","26"
"70","ASSAULT (IN PROGRESS): OTHER/FAMILY","342"
"112","ASSAULT (IN PROGRESS): WEAPON/FAMILY","4"
"81","ASSAULT (PAST): OTHER/FAMILY","51"
"83","ASSAULT (IN PROGRESS): SHOTS/CHILD","1"
"109","ASSAULT (IN PROGRESS): KNIFE/FAMILY","10"
"71","ASSAULT (PAST): KNIFE/FAMILY","2"
"33","ASSAULT (IN PROGRESS): SHOTS/LTD ACC HWY","2"
"109","ASSAULT (PAST): OTHER/OUTSIDE","85"
"45","ASSAULT (PAST): OTHER/CHILD ABUSE","15"
"23","ASSAULT (IN PROGRESS): WEAPON/INSIDE","42"
"49","ASSAULT (PAST): WEAPON/INSIDE","23"
"122","ASSAULT (IN PROGRESS): KNIFE/OUTSIDE","12"
"121","ASSAULT (IN PROGRESS): OTHER/OUTSIDE","199"
"122","ASSAULT (PAST): OTHER/CHILD ABUSE","16"
"46","ASSAULT (PAST): SHOTS/INSIDE","11"
"40","ASSAULT (PAST): SHOTS/OUTSIDE","8"
"73","ASSAULT (IN PROGRESS): SHOTS/TRANSIT","3"
"46","ASSAULT (PAST): WEAPON/OUTSIDE","23"
"121","ASSAULT (IN PROGRESS): WEAPON/INSIDE","29"
"43","ASSAULT (IN PROGRESS): WEAPON/TRANSIT","3"
"43","ASSAULT (IN PROGRESS): SHOTS/INSIDE","37"
"70","ASSAULT (IN PROGRESS): WEAPON/TRANSIT","5"
"40","ASSAULT (PAST): OTHER/CHILD ABUSE","34"
"84","ASSAULT (IN PROGRESS): WEAPON/INSIDE","23"
"30","ASSAULT (IN PROGRESS): SHOTS/OUTSIDE","26"
"90","ASSAULT (PAST): SHOTS/OUTSIDE","1"
"43","ASSAULT (PAST): OTHER/OUTSIDE","86"
"107","ASSAULT (IN PROGRESS): WEAPON/INSIDE","34"
"110","ASSAULT (PAST): KNIFE/FAMILY","3"
"14","ASSAULT (IN PROGRESS): SHOTS/OUTSIDE","15"
"104","ASSAULT (IN PROGRESS): OTHER/OUTSIDE","240"
"18","ASSAULT (IN PROGRESS): OTHER/TRANSIT","89"
"72","ASSAULT (PAST): KNIFE/TRANSIT","1"
"88","ASSAULT (IN PROGRESS): KNIFE/INSIDE","21"
"105","ASSAULT (PAST): OTHER/SCHOOL","11"
"60","ASSAULT (PAST): OTHER/FAMILY","61"
"32","ASSAULT (IN PROGRESS): SHOTS/SCHOOL","1"
"34","ASSAULT (PAST): SHOTS/OUTSIDE","1"
"106","ASSAULT (PAST): OTHER/FAMILY","57"
"49","ASSAULT (PAST): WEAPON/OUTSIDE","16"
"76","ASSAULT (PAST): OTHER/OUTSIDE","13"
"100","ASSAULT (IN PROGRESS): KNIFE/INSIDE","9"
"69","ASSAULT (IN PROGRESS): WEAPON/CHILD","1"
"60","ASSAULT (IN PROGRESS): OTHER/SCHOOL","8"
"108","ASSAULT (IN PROGRESS): SHOTS/FAMILY","1"
"77","ASSAULT (IN PROGRESS): KNIFE/OUTSIDE","30"
"102","ASSAULT (IN PROGRESS): KNIFE/OUTSIDE","24"
"70","ASSAULT (IN PROGRESS): OTHER/OUTSIDE","337"
"107","ASSAULT (IN PROGRESS): WEAPON/LTD ACC HWY","2"
"42","ASSAULT (IN PROGRESS): OTHER/LTD ACC HWY","2"
"33","ASSAULT (IN PROGRESS): OTHER/INSIDE","211"
"34","ASSAULT (PAST): SHOTS/INSIDE","13"
"0","ASSAULT (IN PROGRESS): OTHER/INSIDE","3"
"48","ASSAULT (IN PROGRESS): WEAPON/TRANSIT","1"
"50","ASSAULT (IN PROGRESS): KNIFE/OUTSIDE","23"
"24","ASSAULT (IN PROGRESS): KNIFE/FAMILY","7"
"50","ASSAULT (PAST): OTHER/OUTSIDE","23"
"47","ASSAULT (PAST): OTHER/FAMILY","120"
"6","ASSAULT (IN PROGRESS): SHOTS/FAMILY","3"
"32","ASSAULT (IN PROGRESS): OTHER/SCHOOL","5"
"5","ASSAULT (PAST): OTHER/OUTSIDE","85"
"19","ASSAULT (PAST): OTHER/OUTSIDE","64"
"42","ASSAULT (IN PROGRESS): OTHER/FAMILY","754"
"5","ASSAULT (PAST): WEAPON/TRANSIT","1"
"71","ASSAULT (PAST): OTHER/CHILD ABUSE","12"
"44","ASSAULT (IN PROGRESS): KNIFE/CHILD ABUSE","2"
"114","ASSAULT (IN PROGRESS): SHOTS/OUTSIDE","27"
"6","ASSAULT (PAST): OTHER/INSIDE","102"
"32","ASSAULT (PAST): OTHER/INSIDE","233"
"94","ASSAULT (PAST): OTHER/TRANSIT","8"
"33","ASSAULT (IN PROGRESS): OTHER/FAMILY","197"
"90","ASSAULT (PAST): KNIFE/FAMILY","1"
"75","ASSAULT (PAST): OTHER/OUTSIDE","161"
"33","ASSAULT (PAST): SHOTS/INSIDE","12"
"47","ASSAULT (PAST): WEAPON/FAMILY","11"
"69","ASSAULT (IN PROGRESS): SHOTS/INSIDE","23"
"110","ASSAULT (IN PROGRESS): OTHER/INSIDE","383"
"75","ASSAULT (IN PROGRESS): OTHER/OUTSIDE","662"
"72","ASSAULT (IN PROGRESS): SHOTS/INSIDE","13"
"24","ASSAULT (IN PROGRESS): OTHER/CHILD ABUSE","12"
"43","ASSAULT (IN PROGRESS): WEAPON/OUTSIDE","85"
"72","ASSAULT (PAST): WEAPON/OUTSIDE","8"
"30","ASSAULT (IN PROGRESS): OTHER/INSIDE","166"
"66","ASSAULT (IN PROGRESS): SHOTS/TRANSIT","2"
"121","ASSAULT (PAST): KNIFE/FAMILY","1"
"67","ASSAULT (IN PROGRESS): WEAPON/OUTSIDE","72"
"22","ASSAULT (IN PROGRESS): KNIFE/FAMILY","1"
"83","ASSAULT (PAST): WEAPON/INSIDE","14"
"121","ASSAULT (IN PROGRESS): KNIFE/OUTSIDE","20"
"77","ASSAULT (IN PROGRESS): KNIFE/TRANSIT","4"
"84","ASSAULT (PAST): OTHER/OUTSIDE","54"
"52","ASSAULT (PAST): KNIFE/FAMILY","4"
"79","ASSAULT (IN PROGRESS): KNIFE/OUTSIDE","41"
"107","ASSAULT (IN PROGRESS): OTHER/CHILD ABUSE","25"
"18","ASSAULT (PAST): OTHER/OUTSIDE","132"
"50","ASSAULT (IN PROGRESS): OTHER/SCHOOL","7"
"61","ASSAULT (IN PROGRESS): OTHER/FAMILY","252"
"94","ASSAULT (IN PROGRESS): KNIFE/INSIDE","13"
"75","ASSAULT (IN PROGRESS): SHOTS/TRANSIT","3"
"46","ASSAULT (PAST): WEAPON/TRANSIT","1"
"42","ASSAULT (PAST): WEAPON/FAMILY","7"
"13","ASSAULT (PAST): SHOTS/INSIDE","3"
"32","ASSAULT (PAST): OTHER/OUTSIDE","82"
"43","ASSAULT (PAST): WEAPON/CHILD ABUSE","2"
"32","ASSAULT (IN PROGRESS): KNIFE/TRANSIT","3"
"113","ASSAULT (PAST): SHOTS/INSIDE","1"
"50","ASSAULT (PAST): OTHER/FAMILY","29"
"63","ASSAULT (PAST): SHOTS/INSIDE","1"
"122","ASSAULT (PAST): OTHER/OUTSIDE","26"
"46","ASSAULT (IN PROGRESS): OTHER/TRANSIT","21"
"108","ASSAULT (IN PROGRESS): WEAPON/INSIDE","41"
"102","ASSAULT (IN PROGRESS): OTHER/TRANSIT","14"
"78","ASSAULT (IN PROGRESS): KNIFE/TRANSIT","6"
"46","ASSAULT (PAST): KNIFE/INSIDE","23"
"25","ASSAULT (IN PROGRESS): OTHER/TRANSIT","50"
"33","ASSAULT (IN PROGRESS): OTHER/OUTSIDE","218"
"43","ASSAULT (IN PROGRESS): KNIFE/OUTSIDE","54"
"41","ASSAULT (IN PROGRESS): SHOTS/TRANSIT","2"
"9","ASSAULT (PAST): OTHER/INSIDE","140"
"109","ASSAULT (IN PROGRESS): WEAPON/CHILD","2"
"121","ASSAULT (PAST): KNIFE/INSIDE","4"
"30","ASSAULT (PAST): SHOTS/OUTSIDE","1"
"7","ASSAULT (IN PROGRESS): WEAPON/FAMILY","8"
"81","ASSAULT (PAST): WEAPON/OUTSIDE","11"
"122","ASSAULT (IN PROGRESS): OTHER/FAMILY","284"
"42","ASSAULT (IN PROGRESS): WEAPON/CHILD","3"
"120","ASSAULT (IN PROGRESS): SHOTS/OUTSIDE","31"
"70","ASSAULT (IN PROGRESS): SHOTS/FAMILY","1"
"83","ASSAULT (PAST): WEAPON/FAMILY","2"
"41","ASSAULT (IN PROGRESS): SHOTS/LTD ACC HWY","1"
"103","ASSAULT (PAST): OTHER/TRANSIT","18"
"25","ASSAULT (IN PROGRESS): OTHER/INSIDE","320"
"48","ASSAULT (IN PROGRESS): WEAPON/FAMILY","77"
"113","ASSAULT (IN PROGRESS): WEAPON/INSIDE","42"
"104","ASSAULT (IN PROGRESS): OTHER/FAMILY","320"
"63","ASSAULT (IN PROGRESS): WEAPON/FAMILY","12"
"122","ASSAULT (PAST): WEAPON/FAMILY","2"
"76","ASSAULT (PAST): OTHER/INSIDE","38"
"43","ASSAULT (PAST): OTHER/CHILD ABUSE","29"
"69","ASSAULT (IN PROGRESS): WEAPON/FAMILY","17"
"120","ASSAULT (PAST): WEAPON/INSIDE","23"
"104","ASSAULT (IN PROGRESS): SHOTS/INSIDE","9"
"109","ASSAULT (IN PROGRESS): OTHER/TRANSIT","13"
"40","ASSAULT (IN PROGRESS): WEAPON/SCHOOL","2"
"94","ASSAULT (IN PROGRESS): WEAPON/FAMILY","6"
"84","ASSAULT (PAST): WEAPON/TRANSIT","2"
"5","ASSAULT (IN PROGRESS): WEAPON/INSIDE","16"
"79","ASSAULT (IN PROGRESS): WEAPON/INSIDE","63"
"18","ASSAULT (IN PROGRESS): KNIFE/OUTSIDE","31"
"123","ASSAULT (PAST): OTHER/CHILD ABUSE","4"
"67","ASSAULT (PAST): OTHER/OUTSIDE","81"
"34","ASSAULT (PAST): OTHER/TRANSIT","27"
"72","ASSAULT (IN PROGRESS): OTHER/OUTSIDE","326"
"24","ASSAULT (IN PROGRESS): KNIFE/INSIDE","38"
"67","ASSAULT (IN PROGRESS): WEAPON/CHILD","8"
"1","ASSAULT (PAST): OTHER/INSIDE","153"
"32","ASSAULT (PAST): KNIFE/FAMILY","2"
"69","ASSAULT (PAST): KNIFE/OUTSIDE","4"
"14","ASSAULT (IN PROGRESS): OTHER/OUTSIDE","677"
"106","ASSAULT (PAST): OTHER/CHILD ABUSE","10"
"44","ASSAULT (IN PROGRESS): OTHER/OUTSIDE","551"
"109","ASSAULT (PAST): WEAPON/CHILD ABUSE","1"
"7","ASSAULT (IN PROGRESS): OTHER/INSIDE","179"
"18","ASSAULT (IN PROGRESS): OTHER/INSIDE","392"
"110","ASSAULT (IN PROGRESS): SHOTS/INSIDE","7"
"20","ASSAULT (IN PROGRESS): SHOTS/FAMILY","2"
"20","ASSAULT (IN PROGRESS): WEAPON/TRANSIT","1"
"108","ASSAULT (PAST): SHOTS/OUTSIDE","1"
"20","ASSAULT (IN PROGRESS): KNIFE/FAMILY","4"
"77","ASSAULT (IN PROGRESS): OTHER/INSIDE","283"
"107","ASSAULT (IN PROGRESS): OTHER/FAMILY","296"
"18","ASSAULT (IN PROGRESS): WEAPON/INSIDE","45"
"14","ASSAULT (PAST): OTHER/OUTSIDE","194"
"88","ASSAULT (IN PROGRESS): OTHER/SCHOOL","4"
"32","ASSAULT (PAST): WEAPON/CHILD ABUSE","3"
"32","ASSAULT (IN PROGRESS): OTHER/OUTSIDE","303"
"42","ASSAULT (PAST): OTHER/CHILD ABUSE","24"
"19","ASSAULT (IN PROGRESS): KNIFE/CHILD ABUSE","1"
"13","ASSAULT (IN PROGRESS): WEAPON/TRANSIT","8"
"102","ASSAULT (IN PROGRESS): SHOTS/INSIDE","10"
"18","ASSAULT (IN PROGRESS): OTHER/CHILD ABUSE","10"
"52","ASSAULT (PAST): OTHER/SCHOOL","14"
"101","ASSAULT (IN PROGRESS): KNIFE/INSIDE","29"
"45","ASSAULT (IN PROGRESS): WEAPON/OUTSIDE","33"
"113","ASSAULT (PAST): WEAPON/OUTSIDE","8"
"40","ASSAULT (PAST): WEAPON/SCHOOL","2"
"73","ASSAULT (PAST): OTHER/FAMILY","86"
"63","ASSAULT (IN PROGRESS): WEAPON/CHILD","2"
"83","ASSAULT (IN PROGRESS): KNIFE/INSIDE","36"
"41","ASSAULT (IN PROGRESS): WEAPON/INSIDE","36"
"7","ASSAULT (PAST): WEAPON/INSIDE","7"
"113","ASSAULT (PAST): OTHER/FAMILY","45"
"109","ASSAULT (PAST): WEAPON/INSIDE","19"
"90","ASSAULT (PAST): WEAPON/INSIDE","9"
"33","ASSAULT (PAST): KNIFE/INSIDE","19"
"90","ASSAULT (PAST): OTHER/CHILD ABUSE","1"
"66","ASSAULT (IN PROGRESS): OTHER/TRANSIT","21"
"113","ASSAULT (IN PROGRESS): OTHER/OUTSIDE","255"
"100","ASSAULT (PAST): WEAPON/OUTSIDE","2"
"75","ASSAULT (PAST): SHOTS/INSIDE","6"
"73","ASSAULT (PAST): WEAPON/CHILD ABUSE","2"
"120","ASSAULT (PAST): WEAPON/OUTSIDE","12"
"66","ASSAULT (PAST): KNIFE/INSIDE","17"
"111","ASSAULT (IN PROGRESS): OTHER/CHILD ABUSE","4"
"110","ASSAULT (IN PROGRESS): KNIFE/OUTSIDE","58"
"104","ASSAULT (IN PROGRESS): KNIFE/OUTSIDE","20"
"61","ASSAULT (PAST): WEAPON/OUTSIDE","7"
"69","ASSAULT (IN PROGRESS): WEAPON/SCHOOL","1"
"34","ASSAULT (IN PROGRESS): WEAPON/FAMILY","18"
"76","ASSAULT (PAST): OTHER/FAMILY","16"
"22","ASSAULT (IN PROGRESS): OTHER/FAMILY","2"
"52","ASSAULT (IN PROGRESS): OTHER/FAMILY","690"
"10","ASSAULT (PAST): KNIFE/TRANSIT","1"
"104","ASSAULT (PAST): OTHER/FAMILY","59"
"111","ASSAULT (IN PROGRESS): KNIFE/LTD ACC HWY","1"
"30","ASSAULT (IN PROGRESS): WEAPON/OUTSIDE","32"
"5","ASSAULT (PAST): KNIFE/INSIDE","2"
"10","ASSAULT (PAST): WEAPON/INSIDE","12"
"48","ASSAULT (IN PROGRESS): OTHER/CHILD ABUSE","37"
"110","ASSAULT (PAST): SHOTS/INSIDE","8"
"1","ASSAULT (IN PROGRESS): WEAPON/TRANSIT","5"
"70","ASSAULT (PAST): KNIFE/OUTSIDE","2"
"45","ASSAULT (IN PROGRESS): KNIFE/INSIDE","19"
"14","ASSAULT (PAST): WEAPON/INSIDE","25"
"105","ASSAULT (PAST): OTHER/OUTSIDE","46"
"94","ASSAULT (IN PROGRESS): WEAPON/INSIDE","12"
"113","ASSAULT (IN PROGRESS): KNIFE/SCHOOL","2"
"17","ASSAULT (IN PROGRESS): KNIFE/INSIDE","8"
"110","ASSAULT (PAST): OTHER/INSIDE","239"
"49","ASSAULT (IN PROGRESS): KNIFE/INSIDE","42"
"45","ASSAULT (IN PROGRESS): OTHER/LTD ACC HWY","7"
"25","ASSAULT (IN PROGRESS): OTHER/SCHOOL","5"
"102","ASSAULT (PAST): SHOTS/OUTSIDE","1"
"40","ASSAULT (PAST): SHOTS/INSIDE","25"
"109","ASSAULT (PAST): SHOTS/INSIDE","5"
"71","ASSAULT (IN PROGRESS): WEAPON/OUTSIDE","43"
"7","ASSAULT (PAST): OTHER/INSIDE","107"
"52","ASSAULT (IN PROGRESS): SHOTS/OUTSIDE","54"
"66","ASSAULT (IN PROGRESS): SHOTS/FAMILY","3"
"5","ASSAULT (IN PROGRESS): KNIFE/INSIDE","15"
"1","ASSAULT (PAST): OTHER/OUTSIDE","68"
"77","ASSAULT (PAST): KNIFE/FAMILY","5"
"77","ASSAULT (IN PROGRESS): OTHER/CHILD ABUSE","21"
"18","ASSAULT (PAST): KNIFE/TRANSIT","2"
"110","ASSAULT (PAST): OTHER/SCHOOL","16"
"19","ASSAULT (PAST): OTHER/FAMILY","19"
"40","ASSAULT (IN PROGRESS): OTHER/FAMILY","794"
"104","ASSAULT (IN PROGRESS): KNIFE/FAMILY","11"
"109","ASSAULT (IN PROGRESS): WEAPON/OUTSIDE","55"
"47","ASSAULT (IN PROGRESS): WEAPON/INSIDE","101"
"78","ASSAULT (IN PROGRESS): OTHER/FAMILY","82"
"104","ASSAULT (PAST): WEAPON/FAMILY","2"
"47","ASSAULT (PAST): WEAPON/OUTSIDE","45"
"25","ASSAULT (PAST): KNIFE/OUTSIDE","7"
"34","ASSAULT (IN PROGRESS): KNIFE/FAMILY","15"
"84","ASSAULT (IN PROGRESS): SHOTS/INSIDE","5"
"26","ASSAULT (IN PROGRESS): WEAPON/FAMILY","10"
"34","ASSAULT (PAST): KNIFE/INSIDE","23"
"43","ASSAULT (PAST): SHOTS/LTD ACC HWY","1"
"101","ASSAULT (IN PROGRESS): OTHER/FAMILY","401"
"47","ASSAULT (IN PROGRESS): SHOTS/INSIDE","44"
"30","ASSAULT (PAST): WEAPON/INSIDE","8"
"111","ASSAULT (IN PROGRESS): SHOTS/CHILD","1"
"63","ASSAULT (IN PROGRESS): OTHER/OUTSIDE","128"
"101","ASSAULT (PAST): WEAPON/SCHOOL","1"
"67","ASSAULT (IN PROGRESS): SHOTS/INSIDE","38"
"63","ASSAULT (PAST): OTHER/INSIDE","83"
"47","ASSAULT (IN PROGRESS): KNIFE/CHILD ABUSE","1"
"6","ASSAULT (IN PROGRESS): KNIFE/OUTSIDE","31"
"25","ASSAULT (IN PROGRESS): WEAPON/INSIDE","44"
"109","ASSAULT (PAST): OTHER/FAMILY","65"
"43","ASSAULT (IN PROGRESS): KNIFE/SCHOOL","2"
"113","ASSAULT (PAST): WEAPON/FAMILY","7"
"47","ASSAULT (IN PROGRESS): KNIFE/INSIDE","91"
"108","ASSAULT (PAST): OTHER/FAMILY","46"
"101","ASSAULT (PAST): OTHER/FAMILY","62"
"61","ASSAULT (IN PROGRESS): SHOTS/CHILD","1"
"30","ASSAULT (PAST): SHOTS/INSIDE","3"
"94","ASSAULT (PAST): OTHER/FAMILY","17"
"94","ASSAULT (IN PROGRESS): SHOTS/INSIDE","4"
"17","ASSAULT (IN PROGRESS): WEAPON/FAMILY","2"
"17","ASSAULT (IN PROGRESS): WEAPON/OUTSIDE","29"
"50","ASSAULT (IN PROGRESS): WEAPON/FAMILY","17"
"49","ASSAULT (IN PROGRESS): WEAPON/INSIDE","59"
"72","ASSAULT (PAST): OTHER/SCHOOL","6"
"10","ASSAULT (IN PROGRESS): SHOTS/OUTSIDE","9"
"102","ASSAULT (IN PROGRESS): WEAPON/TRANSIT","1"
"40","ASSAULT (IN PROGRESS): SHOTS/TRANSIT","4"
"121","ASSAULT (IN PROGRESS): SHOTS/OUTSIDE","15"
"75","ASSAULT (PAST): SHOTS/OUTSIDE","1"
"101","ASSAULT (IN PROGRESS): KNIFE/TRANSIT","1"
"67","ASSAULT (PAST): OTHER/CHILD ABUSE","20"
"48","ASSAULT (IN PROGRESS): OTHER/TRANSIT","4"
"109","ASSAULT (IN PROGRESS): OTHER/FAMILY","400"
"69","ASSAULT (PAST): OTHER/INSIDE","86"
"48","ASSAULT (IN PROGRESS): SHOTS/FAMILY","1"
"48","ASSAULT (PAST): WEAPON/CHILD ABUSE","1"
"73","ASSAULT (PAST): WEAPON/FAMILY","14"
"45","ASSAULT (IN PROGRESS): OTHER/TRANSIT","22"
"14","ASSAULT (IN PROGRESS): OTHER/FAMILY","115"
"48","ASSAULT (IN PROGRESS): WEAPON/INSIDE","104"
"114","ASSAULT (IN PROGRESS): OTHER/FAMILY","502"
"68","ASSAULT (PAST): WEAPON/INSIDE","2"
"48","ASSAULT (IN PROGRESS): KNIFE/SCHOOL","2"
"71","ASSAULT (PAST): SHOTS/OUTSIDE","3"
"121","ASSAULT (IN PROGRESS): WEAPON/OUTSIDE","29"
"34","ASSAULT (PAST): KNIFE/OUTSIDE","9"
"10","ASSAULT (PAST): KNIFE/OUTSIDE","5"
"32","ASSAULT (IN PROGRESS): WEAPON/OUTSIDE","54"
"34","ASSAULT (PAST): OTHER/FAMILY","36"
"105","ASSAULT (PAST): SHOTS/INSIDE","7"
"77","ASSAULT (PAST): WEAPON/FAMILY","3"
"121","ASSAULT (IN PROGRESS): KNIFE/FAMILY","23"
"123","ASSAULT (IN PROGRESS): SHOTS/OUTSIDE","1"
"110","ASSAULT (PAST): OTHER/OUTSIDE","161"
"68","ASSAULT (PAST): OTHER/SCHOOL","2"
"14","ASSAULT (IN PROGRESS): SHOTS/FAMILY","1"
"19","ASSAULT (PAST): WEAPON/FAMILY","2"
"17","ASSAULT (PAST): WEAPON/OUTSIDE","6"
"103","ASSAULT (PAST): KNIFE/FAMILY","6"
"26","ASSAULT (IN PROGRESS): WEAPON/INSIDE","27"
"47","ASSAULT (IN PROGRESS): WEAPON/FAMILY","64"
"67","ASSAULT (IN PROGRESS): KNIFE/OUTSIDE","70"
"114","ASSAULT (IN PROGRESS): OTHER/SCHOOL","5"
"110","ASSAULT (IN PROGRESS): OTHER/LTD ACC HWY","6"
"45","ASSAULT (PAST): WEAPON/SCHOOL","3"
"14","ASSAULT (IN PROGRESS): KNIFE/INSIDE","42"
"68","ASSAULT (PAST): OTHER/TRANSIT","7"
"111","ASSAULT (IN PROGRESS): WEAPON/CHILD","2"
"72","ASSAULT (IN PROGRESS): OTHER/CHILD ABUSE","18"
"41","ASSAULT (IN PROGRESS): WEAPON/TRANSIT","4"
"25","ASSAULT (IN PROGRESS): OTHER/FAMILY","265"
"111","ASSAULT (PAST): WEAPON/FAMILY","1"
"10","ASSAULT (IN PROGRESS): OTHER/TRANSIT","39"
"44","ASSAULT (PAST): OTHER/OUTSIDE","133"
"20","ASSAULT (PAST): OTHER/CHILD ABUSE","4"
"112","ASSAULT (IN PROGRESS): OTHER/LTD ACC HWY","4"
"66","ASSAULT (IN PROGRESS): OTHER/OUTSIDE","211"
"7","ASSAULT (PAST): SHOTS/TRANSIT","1"
"73","ASSAULT (IN PROGRESS): WEAPON/OUTSIDE","83"
"102","ASSAULT (IN PROGRESS): WEAPON/FAMILY","34"
"7","ASSAULT (PAST): SHOTS/INSIDE","3"
"113","ASSAULT (IN PROGRESS): KNIFE/FAMILY","25"
"28","ASSAULT (IN PROGRESS): KNIFE/FAMILY","16"
"101","ASSAULT (IN PROGRESS): WEAPON/INSIDE","47"
"68","ASSAULT (IN PROGRESS): WEAPON/INSIDE","14"
"100","ASSAULT (PAST): OTHER/OUTSIDE","20"
"28","ASSAULT (IN PROGRESS): WEAPON/FAMILY","13"
"24","ASSAULT (PAST): OTHER/OUTSIDE","40"
"110","ASSAULT (IN PROGRESS): OTHER/FAMILY","486"
"71","ASSAULT (IN PROGRESS): WEAPON/FAMILY","23"
"30","ASSAULT (IN PROGRESS): OTHER/OUTSIDE","149"
"7","ASSAULT (PAST): KNIFE/TRANSIT","1"
"19","ASSAULT (IN PROGRESS): WEAPON/TRANSIT","7"
"123","ASSAULT (IN PROGRESS): WEAPON/OUTSIDE","10"
"49","ASSAULT (IN PROGRESS): KNIFE/FAMILY","32"
"50","ASSAULT (PAST): SHOTS/INSIDE","2"
"26","ASSAULT (PAST): OTHER/INSIDE","98"
"24","ASSAULT (IN PROGRESS): WEAPON/OUTSIDE","30"
"42","ASSAULT (PAST): SHOTS/OUTSIDE","3"
"50","ASSAULT (PAST): WEAPON/FAMILY","3"
"30","ASSAULT (IN PROGRESS): OTHER/CHILD ABUSE","11"
"75","ASSAULT (PAST): OTHER/CHILD ABUSE","36"
"42","ASSAULT (PAST): KNIFE/TRANSIT","1"
"120","ASSAULT (PAST): SHOTS/CHILD ABUSE","1"
"79","ASSAULT (PAST): WEAPON/INSIDE","11"
"13","ASSAULT (PAST): KNIFE/OUTSIDE","8"
"70","ASSAULT (PAST): OTHER/FAMILY","71"
"123","ASSAULT (IN PROGRESS): OTHER/CHILD ABUSE","6"
"100","ASSAULT (PAST): OTHER/CHILD ABUSE","1"
"48","ASSAULT (IN PROGRESS): OTHER/INSIDE","537"
"94","ASSAULT (PAST): OTHER/OUTSIDE","42"
"41","ASSAULT (PAST): KNIFE/OUTSIDE","7"
"9","ASSAULT (IN PROGRESS): KNIFE/CHILD ABUSE","1"
"18","ASSAULT (IN PROGRESS): SHOTS/FAMILY","1"
"78","ASSAULT (PAST): OTHER/TRANSIT","20"
"60","ASSAULT (PAST): WEAPON/FAMILY","6"
"49","ASSAULT (IN PROGRESS): OTHER/OUTSIDE","272"
"48","ASSAULT (IN PROGRESS): WEAPON/OUTSIDE","93"
"17","ASSAULT (PAST): SHOTS/OUTSIDE","3"
"66","ASSAULT (IN PROGRESS): SHOTS/OUTSIDE","10"
"43","ASSAULT (IN PROGRESS): SHOTS/LTD ACC HWY","3"
"70","ASSAULT (IN PROGRESS): SHOTS/OUTSIDE","30"
"113","ASSAULT (IN PROGRESS): SHOTS/FAMILY","3"
"19","ASSAULT (PAST): OTHER/SCHOOL","3"
"44","ASSAULT (PAST): OTHER/FAMILY","136"
"13","ASSAULT (PAST): OTHER/OUTSIDE","102"
"32","ASSAULT (IN PROGRESS): SHOTS/OUTSIDE","50"
"32","ASSAULT (IN PROGRESS): OTHER/TRANSIT","18"
"107","ASSAULT (IN PROGRESS): OTHER/LTD ACC HWY","7"
"61","ASSAULT (PAST): WEAPON/FAMILY","5"
"32","ASSAULT (PAST): WEAPON/INSIDE","15"
"102","ASSAULT (IN PROGRESS): SHOTS/OUTSIDE","14"
"9","ASSAULT (IN PROGRESS): SHOTS/INSIDE","10"
"121","ASSAULT (PAST): WEAPON/CHILD ABUSE","2"
"106","ASSAULT (IN PROGRESS): KNIFE/FAMILY","20"
"44","ASSAULT (PAST): SHOTS/OUTSIDE","2"
"60","ASSAULT (PAST): WEAPON/INSIDE","19"
"24","ASSAULT (IN PROGRESS): OTHER/OUTSIDE","176"
"1","ASSAULT (PAST): SHOTS/TRANSIT","1"
"83","ASSAULT (IN PROGRESS): OTHER/INSIDE","323"
"123","ASSAULT (IN PROGRESS): WEAPON/CHILD","1"
"18","ASSAULT (PAST): KNIFE/INSIDE","10"
"120","ASSAULT (IN PROGRESS): WEAPON/FAMILY","41"
"28","ASSAULT (PAST): OTHER/TRANSIT","12"
"63","ASSAULT (PAST): WEAPON/FAMILY","3"
"44","ASSAULT (IN PROGRESS): KNIFE/OUTSIDE","93"
"63","ASSAULT (IN PROGRESS): WEAPON/OUTSIDE","36"
"103","ASSAULT (IN PROGRESS): WEAPON/CHILD","1"
"49","ASSAULT (IN PROGRESS): OTHER/TRANSIT","10"
"10","ASSAULT (IN PROGRESS): KNIFE/OUTSIDE","14"
"46","ASSAULT (PAST): WEAPON/INSIDE","38"
"9","ASSAULT (IN PROGRESS): WEAPON/TRANSIT","2"
"73","ASSAULT (PAST): WEAPON/OUTSIDE","14"
"69","ASSAULT (IN PROGRESS): OTHER/TRANSIT","7"
"115","ASSAULT (IN PROGRESS): OTHER/LTD ACC HWY","1"
"122","ASSAULT (IN PROGRESS): OTHER/LTD ACC HWY","1"
"26","ASSAULT (PAST): OTHER/CHILD ABUSE","4"
"43","ASSAULT (IN PROGRESS): KNIFE/FAMILY","58"
"25","ASSAULT (IN PROGRESS): OTHER/CHILD ABUSE","13"
"108","ASSAULT (PAST): KNIFE/TRANSIT","2"
"67","ASSAULT (IN PROGRESS): OTHER/INSIDE","520"
"40","ASSAULT (IN PROGRESS): WEAPON/FAMILY","72"
"122","ASSAULT (PAST): WEAPON/INSIDE","5"
"22","ASSAULT (PAST): OTHER/INSIDE","5"
"20","ASSAULT (IN PROGRESS): KNIFE/TRANSIT","6"
"123","ASSAULT (IN PROGRESS): OTHER/SCHOOL","9"
"14","ASSAULT (IN PROGRESS): OTHER/CHILD ABUSE","10"
"84","ASSAULT (PAST): WEAPON/OUTSIDE","5"
"10","ASSAULT (IN PROGRESS): OTHER/OUTSIDE","265"
"33","ASSAULT (IN PROGRESS): OTHER/TRANSIT","29"
"73","ASSAULT (PAST): KNIFE/OUTSIDE","6"
"83","ASSAULT (PAST): OTHER/FAMILY","64"
"114","ASSAULT (PAST): OTHER/SCHOOL","13"
"105","ASSAULT (IN PROGRESS): OTHER/FAMILY","513"
"72","ASSAULT (PAST): WEAPON/FAMILY","3"
"113","ASSAULT (IN PROGRESS): WEAPON/CHILD","2"
"50","ASSAULT (IN PROGRESS): SHOTS/INSIDE","14"
"47","ASSAULT (PAST): OTHER/LTD ACC HWY","1"
"42","ASSAULT (IN PROGRESS): SHOTS/INSIDE","57"
"81","ASSAULT (IN PROGRESS): SHOTS/OUTSIDE","51"
"103","ASSAULT (IN PROGRESS): OTHER/FAMILY","490"
"43","ASSAULT (IN PROGRESS): WEAPON/LTD ACC HWY","1"
"7","ASSAULT (IN PROGRESS): KNIFE/OUTSIDE","31"
"41","ASSAULT (IN PROGRESS): OTHER/INSIDE","288"
"20","ASSAULT (IN PROGRESS): WEAPON/FAMILY","7"
"103","ASSAULT (IN PROGRESS): OTHER/TRANSIT","35"
"40","ASSAULT (PAST): WEAPON/FAMILY","9"
"70","ASSAULT (PAST): SHOTS/INSIDE","4"
"79","ASSAULT (PAST): OTHER/SCHOOL","7"
"66","ASSAULT (IN PROGRESS): WEAPON/INSIDE","17"
"115","ASSAULT (IN PROGRESS): KNIFE/TRANSIT","7"
"114","ASSAULT (IN PROGRESS): WEAPON/INSIDE","64"
"46","ASSAULT (PAST): OTHER/TRANSIT","11"
"52","ASSAULT (PAST): KNIFE/INSIDE","26"
"42","ASSAULT (IN PROGRESS): WEAPON/OUTSIDE","90"
"114","ASSAULT (PAST): WEAPON/OUTSIDE","9"
"63","ASSAULT (PAST): OTHER/SCHOOL","2"
"102","ASSAULT (IN PROGRESS): OTHER/FAMILY","447"
"45","ASSAULT (PAST): KNIFE/OUTSIDE","17"
"5","ASSAULT (IN PROGRESS): OTHER/LTD ACC HWY","1"
"52","ASSAULT (IN PROGRESS): OTHER/OUTSIDE","436"
"104","ASSAULT (IN PROGRESS): OTHER/TRANSIT","19"
"76","ASSAULT (IN PROGRESS): OTHER/LTD ACC HWY","1"
"103","ASSAULT (PAST): OTHER/INSIDE","193"
"88","ASSAULT (IN PROGRESS): KNIFE/OUTSIDE","18"
"24","ASSAULT (PAST): WEAPON/INSIDE","6"
"19","ASSAULT (PAST): KNIFE/TRANSIT","1"
"83","ASSAULT (IN PROGRESS): SHOTS/OUTSIDE","26"
"40","ASSAULT (IN PROGRESS): KNIFE/OUTSIDE","103"
"75","ASSAULT (IN PROGRESS): OTHER/LTD ACC HWY","5"
"42","ASSAULT (PAST): KNIFE/FAMILY","4"
"20","ASSAULT (IN PROGRESS): KNIFE/INSIDE","5"
"41","ASSAULT (PAST): OTHER/INSIDE","143"
"107","ASSAULT (IN PROGRESS): SHOTS/OUTSIDE","7"
"79","ASSAULT (IN PROGRESS): WEAPON/OUTSIDE","49"
"75","ASSAULT (IN PROGRESS): OTHER/INSIDE","909"
"111","ASSAULT (IN PROGRESS): OTHER/INSIDE","72"
"24","ASSAULT (IN PROGRESS): WEAPON/CHILD","3"
"114","ASSAULT (IN PROGRESS): KNIFE/FAMILY","26"
"123","ASSAULT (IN PROGRESS): OTHER/INSIDE","49"
"26","ASSAULT (PAST): SHOTS/INSIDE","3"
"103","ASSAULT (PAST): KNIFE/OUTSIDE","8"
"47","ASSAULT (IN PROGRESS): OTHER/INSIDE","562"
"123","ASSAULT (PAST): OTHER/INSIDE","28"
"40","ASSAULT (IN PROGRESS): WEAPON/TRANSIT","3"
"40","ASSAULT (IN PROGRESS): OTHER/LTD ACC HWY","1"
"32","ASSAULT (IN PROGRESS): SHOTS/FAMILY","11"
"107","ASSAULT (IN PROGRESS): WEAPON/TRANSIT","3"
"6","ASSAULT (PAST): OTHER/FAMILY","6"
"88","ASSAULT (IN PROGRESS): OTHER/LTD ACC HWY","1"
"77","ASSAULT (IN PROGRESS): WEAPON/TRANSIT","1"
"30","ASSAULT (IN PROGRESS): OTHER/SCHOOL","2"
"25","ASSAULT (PAST): OTHER/FAMILY","48"
"1","ASSAULT (IN PROGRESS): WEAPON/FAMILY","4"
"43","ASSAULT (PAST): WEAPON/OUTSIDE","13"
"108","ASSAULT (PAST): SHOTS/INSIDE","2"
"48","ASSAULT (PAST): WEAPON/FAMILY","6"
"49","ASSAULT (PAST): OTHER/SCHOOL","5"
"46","ASSAULT (PAST): SHOTS/OUTSIDE","3"
"77","ASSAULT (PAST): OTHER/INSIDE","148"
"73","ASSAULT (IN PROGRESS): KNIFE/TRANSIT","13"
"28","ASSAULT (IN PROGRESS): KNIFE/TRANSIT","9"
"67","ASSAULT (PAST): SHOTS/INSIDE","25"
"73","ASSAULT (IN PROGRESS): WEAPON/INSIDE","152"
"104","ASSAULT (IN PROGRESS): SHOTS/LTD ACC HWY","1"
"30","ASSAULT (PAST): KNIFE/FAMILY","1"
"109","ASSAULT (IN PROGRESS): OTHER/OUTSIDE","372"
"50","ASSAULT (IN PROGRESS): WEAPON/INSIDE","34"
"6","ASSAULT (PAST): WEAPON/FAMILY","1"
"69","ASSAULT (IN PROGRESS): KNIFE/INSIDE","17"
"94","ASSAULT (PAST): WEAPON/CHILD ABUSE","1"
"23","ASSAULT (IN PROGRESS): OTHER/SCHOOL","4"
"13","ASSAULT (IN PROGRESS): OTHER/OUTSIDE","399"
"61","ASSAULT (IN PROGRESS): KNIFE/FAMILY","21"
"67","ASSAULT (PAST): OTHER/TRANSIT","4"
"78","ASSAULT (IN PROGRESS): WEAPON/CHILD","1"
"81","ASSAULT (PAST): WEAPON/SCHOOL","1"
"48","ASSAULT (PAST): OTHER/CHILD ABUSE","29"
"107","ASSAULT (IN PROGRESS): OTHER/OUTSIDE","206"
"121","ASSAULT (PAST): SHOTS/OUTSIDE","2"
"7","ASSAULT (PAST): OTHER/FAMILY","19"
"122","ASSAULT (IN PROGRESS): KNIFE/SCHOOL","2"
"111","ASSAULT (IN PROGRESS): KNIFE/FAMILY","4"
"30","ASSAULT (IN PROGRESS): SHOTS/INSIDE","12"
"18","ASSAULT (PAST): OTHER/FAMILY","22"
"120","ASSAULT (IN PROGRESS): KNIFE/INSIDE","38"
"114","ASSAULT (IN PROGRESS): OTHER/OUTSIDE","477"
"75","ASSAULT (PAST): WEAPON/CHILD ABUSE","3"
"26","ASSAULT (PAST): WEAPON/FAMILY","2"
"26","ASSAULT (IN PROGRESS): OTHER/SCHOOL","2"
"107","ASSAULT (IN PROGRESS): WEAPON/FAMILY","12"
"40","ASSAULT (PAST): OTHER/SCHOOL","14"
"22","ASSAULT (PAST): OTHER/CHILD ABUSE","1"
"33","ASSAULT (IN PROGRESS): KNIFE/TRANSIT","5"
"19","ASSAULT (PAST): WEAPON/INSIDE","10"
"49","ASSAULT (IN PROGRESS): OTHER/SCHOOL","5"
"23","ASSAULT (PAST): OTHER/INSIDE","190"
"28","ASSAULT (IN PROGRESS): KNIFE/OUTSIDE","34"
"45","ASSAULT (PAST): WEAPON/OUTSIDE","3"
"1","ASSAULT (PAST): WEAPON/INSIDE","10"
"23","ASSAULT (PAST): SHOTS/OUTSIDE","1"
"26","ASSAULT (IN PROGRESS): SHOTS/INSIDE","3"
"60","ASSAULT (PAST): OTHER/SCHOOL","8"
"32","ASSAULT (PAST): KNIFE/OUTSIDE","10"
"44","ASSAULT (IN PROGRESS): SHOTS/INSIDE","97"
"33","ASSAULT (IN PROGRESS): WEAPON/INSIDE","34"
"103","ASSAULT (IN PROGRESS): OTHER/OUTSIDE","478"
"46","ASSAULT (PAST): OTHER/INSIDE","278"
"23","ASSAULT (PAST): OTHER/FAMILY","53"
"100","ASSAULT (IN PROGRESS): OTHER/SCHOOL","1"
"60","ASSAULT (PAST): OTHER/INSIDE","228"
"14","ASSAULT (PAST): WEAPON/TRANSIT","2"
"122","ASSAULT (IN PROGRESS): WEAPON/FAMILY","17"
"76","ASSAULT (IN PROGRESS): OTHER/OUTSIDE","65"
"19","ASSAULT (IN PROGRESS): OTHER/FAMILY","128"
"49","ASSAULT (IN PROGRESS): OTHER/FAMILY","467"
"44","ASSAULT (IN PROGRESS): OTHER/CHILD ABUSE","55"
"18","ASSAULT (IN PROGRESS): WEAPON/OUTSIDE","74"
"107","ASSAULT (IN PROGRESS): WEAPON/OUTSIDE","30"
"32","ASSAULT (IN PROGRESS): WEAPON/TRANSIT","2"
"26","ASSAULT (PAST): WEAPON/INSIDE","7"
"108","ASSAULT (IN PROGRESS): OTHER/TRANSIT","86"
"25","ASSAULT (IN PROGRESS): KNIFE/SCHOOL","2"
"104","ASSAULT (IN PROGRESS): OTHER/SCHOOL","9"
"10","ASSAULT (IN PROGRESS): KNIFE/INSIDE","20"
"45","ASSAULT (PAST): KNIFE/INSIDE","21"
"104","ASSAULT (PAST): SHOTS/INSIDE","1"
"88","ASSAULT (IN PROGRESS): WEAPON/CHILD","1"
"6","ASSAULT (IN PROGRESS): WEAPON/OUTSIDE","66"
"41","ASSAULT (IN PROGRESS): WEAPON/FAMILY","39"
"109","ASSAULT (IN PROGRESS): WEAPON/INSIDE","51"
"10","ASSAULT (PAST): WEAPON/OUTSIDE","15"
"47","ASSAULT (PAST): WEAPON/CHILD ABUSE","3"
"63","ASSAULT (PAST): KNIFE/INSIDE","6"
"44","ASSAULT (PAST): OTHER/SCHOOL","18"
"113","ASSAULT (IN PROGRESS): OTHER/LTD ACC HWY","4"
"101","ASSAULT (PAST): WEAPON/FAMILY","2"
"102","ASSAULT (PAST): WEAPON/INSIDE","7"
"79","ASSAULT (IN PROGRESS): OTHER/TRANSIT","35"
"33","ASSAULT (IN PROGRESS): KNIFE/OUTSIDE","38"
"94","ASSAULT (PAST): WEAPON/INSIDE","5"
"23","ASSAULT (IN PROGRESS): SHOTS/INSIDE","16"
"25","ASSAULT (IN PROGRESS): KNIFE/TRANSIT","7"
"30","ASSAULT (PAST): OTHER/TRANSIT","11"
"52","ASSAULT (IN PROGRESS): WEAPON/TRANSIT","3"
"121","ASSAULT (IN PROGRESS): WEAPON/LTD ACC HWY","3"
"19","ASSAULT (PAST): SHOTS/INSIDE","5"
"28","ASSAULT (PAST): WEAPON/CHILD ABUSE","1"
"79","ASSAULT (IN PROGRESS): SHOTS/OUTSIDE","49"
"76","ASSAULT (IN PROGRESS): KNIFE/INSIDE","7"
"73","ASSAULT (PAST): SHOTS/OUTSIDE","3"
"84","ASSAULT (IN PROGRESS): KNIFE/TRANSIT","13"
"62","ASSAULT (PAST): OTHER/SCHOOL","10"
"19","ASSAULT (IN PROGRESS): OTHER/OUTSIDE","282"
"47","ASSAULT (PAST): WEAPON/TRANSIT","1"
"94","ASSAULT (PAST): KNIFE/FAMILY","1"
"112","ASSAULT (IN PROGRESS): KNIFE/TRANSIT","8"
"24","ASSAULT (PAST): SHOTS/INSIDE","9"
"101","ASSAULT (PAST): WEAPON/OUTSIDE","17"
"78","ASSAULT (PAST): WEAPON/INSIDE","8"
"76","ASSAULT (PAST): WEAPON/FAMILY","5"
"77","ASSAULT (IN PROGRESS): WEAPON/OUTSIDE","39"
"120","ASSAULT (IN PROGRESS): SHOTS/INSIDE","21"
"72","ASSAULT (PAST): OTHER/OUTSIDE","72"
"52","ASSAULT (IN PROGRESS): KNIFE/OUTSIDE","94"
"24","ASSAULT (IN PROGRESS): KNIFE/CHILD ABUSE","1"
"78","ASSAULT (PAST): OTHER/FAMILY","17"
"50","ASSAULT (IN PROGRESS): OTHER/INSIDE","241"
"61","ASSAULT (PAST): KNIFE/INSIDE","3"
"67","ASSAULT (PAST): WEAPON/OUTSIDE","6"
"100","ASSAULT (IN PROGRESS): WEAPON/INSIDE","21"
"68","ASSAULT (PAST): OTHER/OUTSIDE","47"
"40","ASSAULT (PAST): OTHER/OUTSIDE","153"
"50","ASSAULT (IN PROGRESS): OTHER/OUTSIDE","160"
"6","ASSAULT (PAST): SHOTS/OUTSIDE","3"
"67","ASSAULT (IN PROGRESS): OTHER/CHILD ABUSE","32"
"30","ASSAULT (PAST): OTHER/INSIDE","80"
"24","ASSAULT (IN PROGRESS): OTHER/TRANSIT","45"
"108","ASSAULT (IN PROGRESS): OTHER/OUTSIDE","266"
"122","ASSAULT (PAST): KNIFE/INSIDE","4"
"1","ASSAULT (IN PROGRESS): WEAPON/INSIDE","20"
"46","ASSAULT (IN PROGRESS): KNIFE/CHILD ABUSE","3"
"5","ASSAULT (IN PROGRESS): SHOTS/OUTSIDE","9"
"109","ASSAULT (PAST): KNIFE/FAMILY","3"
"104","ASSAULT (PAST): OTHER/OUTSIDE","49"
"46","ASSAULT (IN PROGRESS): OTHER/FAMILY","782"
"52","ASSAULT (IN PROGRESS): OTHER/LTD ACC HWY","1"
"94","ASSAULT (IN PROGRESS): WEAPON/OUTSIDE","28"
"44","ASSAULT (PAST): KNIFE/INSIDE","63"
"44","ASSAULT (IN PROGRESS): WEAPON/OUTSIDE","117"
"70","ASSAULT (PAST): KNIFE/FAMILY","4"
"7","ASSAULT (PAST): OTHER/OUTSIDE","44"
"18","ASSAULT (PAST): WEAPON/TRANSIT","2"
"48","ASSAULT (PAST): KNIFE/FAMILY","5"
"50","ASSAULT (PAST): WEAPON/SCHOOL","1"
"48","ASSAULT (IN PROGRESS): WEAPON/CHILD","2"
"46","ASSAULT (PAST): KNIFE/FAMILY","8"
"72","ASSAULT (IN PROGRESS): SHOTS/TRANSIT","2"
"46","ASSAULT (IN PROGRESS): SHOTS/INSIDE","62"
"77","ASSAULT (PAST): OTHER/OUTSIDE","47"
"40","ASSAULT (PAST): KNIFE/INSIDE","86"
"33","ASSAULT (PAST): OTHER/FAMILY","34"
"34","ASSAULT (IN PROGRESS): OTHER/INSIDE","205"
"62","ASSAULT (PAST): WEAPON/CHILD ABUSE","1"
"40","ASSAULT (PAST): OTHER/TRANSIT","20"
"72","ASSAULT (IN PROGRESS): OTHER/INSIDE","244"
"105","ASSAULT (IN PROGRESS): KNIFE/FAMILY","30"
"77","ASSAULT (IN PROGRESS): WEAPON/FAMILY","40"
"62","ASSAULT (IN PROGRESS): OTHER/TRANSIT","24"
"47","ASSAULT (PAST): KNIFE/OUTSIDE","10"
"23","ASSAULT (PAST): WEAPON/CHILD ABUSE","1"
"66","ASSAULT (IN PROGRESS): WEAPON/FAMILY","12"
"77","ASSAULT (PAST): OTHER/FAMILY","57"
"107","ASSAULT (IN PROGRESS): SHOTS/INSIDE","16"
"48","ASSAULT (IN PROGRESS): KNIFE/FAMILY","47"
"45","ASSAULT (IN PROGRESS): KNIFE/OUTSIDE","47"
"101","ASSAULT (PAST): KNIFE/OUTSIDE","2"
"76","ASSAULT (IN PROGRESS): WEAPON/OUTSIDE","8"
"75","ASSAULT (IN PROGRESS): WEAPON/INSIDE","139"
"23","ASSAULT (PAST): KNIFE/INSIDE","29"
"41","ASSAULT (PAST): OTHER/OUTSIDE","59"
"5","ASSAULT (IN PROGRESS): OTHER/TRANSIT","66"
"75","ASSAULT (IN PROGRESS): SHOTS/OUTSIDE","85"
"44","ASSAULT (IN PROGRESS): KNIFE/FAMILY","65"
"17","ASSAULT (IN PROGRESS): SHOTS/OUTSIDE","4"
"46","ASSAULT (PAST): OTHER/CHILD ABUSE","22"
"61","ASSAULT (PAST): SHOTS/INSIDE","1"
"33","ASSAULT (PAST): KNIFE/OUTSIDE","2"
"121","ASSAULT (PAST): OTHER/SCHOOL","4"
"77","ASSAULT (PAST): KNIFE/OUTSIDE","3"
"104","ASSAULT (IN PROGRESS): WEAPON/FAMILY","23"
"43","ASSAULT (IN PROGRESS): OTHER/LTD ACC HWY","12"
"49","ASSAULT (PAST): OTHER/CHILD ABUSE","20"
"90","ASSAULT (IN PROGRESS): OTHER/CHILD ABUSE","9"
"67","ASSAULT (IN PROGRESS): OTHER/TRANSIT","9"
"52","ASSAULT (IN PROGRESS): OTHER/TRANSIT","44"
"19","ASSAULT (IN PROGRESS): SHOTS/TRANSIT","1"
"78","ASSAULT (IN PROGRESS): KNIFE/FAMILY","4"
"42","ASSAULT (PAST): OTHER/FAMILY","113"
"6","ASSAULT (IN PROGRESS): OTHER/SCHOOL","2"
"30","ASSAULT (IN PROGRESS): WEAPON/FAMILY","10"
"108","ASSAULT (PAST): OTHER/INSIDE","131"
"40","ASSAULT (IN PROGRESS): KNIFE/TRANSIT","17"
"67","ASSAULT (PAST): WEAPON/INSIDE","33"
"115","ASSAULT (IN PROGRESS): OTHER/CHILD ABUSE","16"
"23","ASSAULT (PAST): OTHER/CHILD ABUSE","12"
"19","ASSAULT (IN PROGRESS): KNIFE/INSIDE","6"
"76","ASSAULT (PAST): WEAPON/OUTSIDE","2"
"102","ASSAULT (PAST): WEAPON/CHILD ABUSE","1"
"42","ASSAULT (IN PROGRESS): KNIFE/INSIDE","97"
"76","ASSAULT (PAST): OTHER/SCHOOL","4"
"25","ASSAULT (IN PROGRESS): KNIFE/OUTSIDE","68"
"105","ASSAULT (IN PROGRESS): KNIFE/OUTSIDE","29"
"25","ASSAULT (IN PROGRESS): SHOTS/OUTSIDE","37"
"50","ASSAULT (PAST): WEAPON/INSIDE","8"
"75","ASSAULT (IN PROGRESS): SHOTS/INSIDE","86"
"62","ASSAULT (PAST): KNIFE/INSIDE","3"
"1","ASSAULT (IN PROGRESS): KNIFE/OUTSIDE","19"
"5","ASSAULT (IN PROGRESS): WEAPON/OUTSIDE","49"
"68","ASSAULT (IN PROGRESS): WEAPON/FAMILY","11"
"94","ASSAULT (PAST): OTHER/INSIDE","65"
"111","ASSAULT (IN PROGRESS): WEAPON/LTD ACC HWY","1"
"1","ASSAULT (PAST): OTHER/FAMILY","20"
"120","ASSAULT (PAST): OTHER/CHILD ABUSE","13"
"115","ASSAULT (IN PROGRESS): WEAPON/OUTSIDE","89"
"71","ASSAULT (PAST): WEAPON/FAMILY","11"
"68","ASSAULT (IN PROGRESS): OTHER/FAMILY","160"
"70","ASSAULT (IN PROGRESS): OTHER/INSIDE","343"
"106","ASSAULT (IN PROGRESS): KNIFE/OUTSIDE","32"
"112","ASSAULT (IN PROGRESS): KNIFE/FAMILY","3"
"107","ASSAULT (PAST): KNIFE/FAMILY","3"
"102","ASSAULT (IN PROGRESS): OTHER/SCHOOL","1"
"44","ASSAULT (IN PROGRESS): SHOTS/TRANSIT","1"
"17","ASSAULT (PAST): SHOTS/INSIDE","1"
"50","ASSAULT (PAST): KNIFE/FAMILY","1"
"71","ASSAULT (PAST): OTHER/OUTSIDE","78"
"1","ASSAULT (IN PROGRESS): OTHER/TRANSIT","116"
"17","ASSAULT (PAST): OTHER/FAMILY","15"
"20","ASSAULT (IN PROGRESS): SHOTS/CHILD","1"
"43","ASSAULT (PAST): WEAPON/FAMILY","16"
"41","ASSAULT (PAST): WEAPON/INSIDE","14"
"24","ASSAULT (PAST): KNIFE/OUTSIDE","4"
"84","ASSAULT (IN PROGRESS): OTHER/SCHOOL","4"
"70","ASSAULT (PAST): OTHER/CHILD ABUSE","4"
"23","ASSAULT (IN PROGRESS): WEAPON/FAMILY","31"
"71","ASSAULT (IN PROGRESS): SHOTS/OUTSIDE","24"
"10","ASSAULT (PAST): OTHER/INSIDE","128"
"105","ASSAULT (PAST): SHOTS/OUTSIDE","3"
"79","ASSAULT (IN PROGRESS): KNIFE/FAMILY","34"
"112","ASSAULT (PAST): KNIFE/FAMILY","1"
"9","ASSAULT (IN PROGRESS): WEAPON/FAMILY","7"
"83","ASSAULT (IN PROGRESS): WEAPON/FAMILY","28"
"115","ASSAULT (IN PROGRESS): KNIFE/OUTSIDE","63"
"105","ASSAULT (PAST): OTHER/INSIDE","279"
"100","ASSAULT (PAST): OTHER/FAMILY","22"
"9","ASSAULT (IN PROGRESS): KNIFE/FAMILY","10"
"49","ASSAULT (IN PROGRESS): WEAPON/FAMILY","28"
"23","ASSAULT (PAST): OTHER/OUTSIDE","65"
"77","ASSAULT (IN PROGRESS): WEAPON/CHILD","5"
"68","ASSAULT (PAST): KNIFE/OUTSIDE","3"
"102","ASSAULT (PAST): WEAPON/FAMILY","10"
"114","ASSAULT (PAST): KNIFE/FAMILY","5"
"42","ASSAULT (PAST): WEAPON/INSIDE","35"
"63","ASSAULT (PAST): OTHER/OUTSIDE","25"
"101","ASSAULT (PAST): OTHER/CHILD ABUSE","8"
"114","ASSAULT (IN PROGRESS): SHOTS/TRANSIT","3"
"28","ASSAULT (IN PROGRESS): KNIFE/CHILD ABUSE","2"
"33","ASSAULT (IN PROGRESS): SHOTS/OUTSIDE","23"
"26","ASSAULT (IN PROGRESS): SHOTS/OUTSIDE","7"
"84","ASSAULT (IN PROGRESS): KNIFE/INSIDE","15"
"52","ASSAULT (PAST): OTHER/CHILD ABUSE","17"
"66","ASSAULT (PAST): OTHER/CHILD ABUSE","12"
"115","ASSAULT (PAST): WEAPON/OUTSIDE","12"
"10","ASSAULT (IN PROGRESS): OTHER/CHILD ABUSE","6"
"52","ASSAULT (PAST): WEAPON/CHILD ABUSE","2"
"71","ASSAULT (IN PROGRESS): KNIFE/OUTSIDE","30"
"44","ASSAULT (IN PROGRESS): KNIFE/INSIDE","111"
"7","ASSAULT (PAST): OTHER/CHILD ABUSE","5"
"112","ASSAULT (PAST): OTHER/OUTSIDE","23"
"23","ASSAULT (IN PROGRESS): SHOTS/OUTSIDE","28"
"5","ASSAULT (PAST): OTHER/FAMILY","10"
"110","ASSAULT (PAST): WEAPON/INSIDE","26"
"61","ASSAULT (IN PROGRESS): OTHER/SCHOOL","6"
"70","ASSAULT (IN PROGRESS): WEAPON/OUTSIDE","58"
"75","ASSAULT (PAST): WEAPON/OUTSIDE","23"
"84","ASSAULT (IN PROGRESS): WEAPON/TRANSIT","8"
"88","ASSAULT (PAST): OTHER/OUTSIDE","37"
"76","ASSAULT (IN PROGRESS): OTHER/TRANSIT","9"
"71","ASSAULT (PAST): OTHER/TRANSIT","15"
"109","ASSAULT (PAST): WEAPON/OUTSIDE","18"
"104","ASSAULT (PAST): SHOTS/OUTSIDE","3"
"102","ASSAULT (PAST): SHOTS/INSIDE","19"
"100","ASSAULT (PAST): KNIFE/OUTSIDE","1"
"75","ASSAULT (PAST): OTHER/TRANSIT","19"
"108","ASSAULT (PAST): WEAPON/OUTSIDE","7"
"46","ASSAULT (IN PROGRESS): WEAPON/OUTSIDE","119"
"47","ASSAULT (PAST): KNIFE/FAMILY","6"
"115","ASSAULT (PAST): WEAPON/INSIDE","9"
"52","ASSAULT (IN PROGRESS): SHOTS/INSIDE","34"
"20","ASSAULT (PAST): WEAPON/INSIDE","2"
"24","ASSAULT (PAST): OTHER/SCHOOL","4"
"48","ASSAULT (PAST): KNIFE/INSIDE","39"
"23","ASSAULT (IN PROGRESS): OTHER/CHILD ABUSE","22"
"77","ASSAULT (PAST): KNIFE/INSIDE","7"
"68","ASSAULT (IN PROGRESS): OTHER/TRANSIT","17"
"24","ASSAULT (PAST): OTHER/INSIDE","124"
"47","ASSAULT (PAST): OTHER/TRANSIT","11"
"41","ASSAULT (IN PROGRESS): KNIFE/TRANSIT","2"
"79","ASSAULT (IN PROGRESS): OTHER/INSIDE","400"
"112","ASSAULT (IN PROGRESS): OTHER/CHILD ABUSE","5"
"123","ASSAULT (PAST): KNIFE/INSIDE","2"
"13","ASSAULT (IN PROGRESS): SHOTS/INSIDE","10"
"5","ASSAULT (IN PROGRESS): WEAPON/TRANSIT","3"
"88","ASSAULT (IN PROGRESS): WEAPON/OUTSIDE","32"
"120","ASSAULT (PAST): SHOTS/INSIDE","4"
"20","ASSAULT (IN PROGRESS): OTHER/CHILD ABUSE","2"
"33","ASSAULT (IN PROGRESS): KNIFE/INSIDE","26"
"28","ASSAULT (PAST): SHOTS/FAMILY","1"
"23","ASSAULT (PAST): WEAPON/FAMILY","4"
"81","ASSAULT (IN PROGRESS): OTHER/INSIDE","289"
"120","ASSAULT (IN PROGRESS): KNIFE/OUTSIDE","30"
"81","ASSAULT (IN PROGRESS): OTHER/SCHOOL","2"
"33","ASSAULT (PAST): WEAPON/INSIDE","10"
"122","ASSAULT (IN PROGRESS): KNIFE/FAMILY","8"
"45","ASSAULT (IN PROGRESS): OTHER/INSIDE","228"
"30","ASSAULT (IN PROGRESS): KNIFE/FAMILY","16"
"63","ASSAULT (IN PROGRESS): OTHER/INSIDE","125"
"14","ASSAULT (IN PROGRESS): OTHER/TRANSIT","243"
"49","ASSAULT (IN PROGRESS): WEAPON/OUTSIDE","42"
"121","ASSAULT (IN PROGRESS): OTHER/FAMILY","313"
"67","ASSAULT (IN PROGRESS): SHOTS/CHILD","1"
"111","ASSAULT (IN PROGRESS): WEAPON/INSIDE","6"
"5","ASSAULT (IN PROGRESS): KNIFE/FAMILY","3"
"60","ASSAULT (IN PROGRESS): WEAPON/OUTSIDE","43"
"61","ASSAULT (PAST): OTHER/FAMILY","50"
"33","ASSAULT (PAST): OTHER/CHILD ABUSE","7"
"47","ASSAULT (PAST): OTHER/OUTSIDE","144"
"19","ASSAULT (IN PROGRESS): OTHER/INSIDE","174"
"77","ASSAULT (IN PROGRESS): OTHER/FAMILY","362"
"62","ASSAULT (PAST): KNIFE/OUTSIDE","3"
"67","ASSAULT (IN PROGRESS): OTHER/OUTSIDE","339"
"30","ASSAULT (IN PROGRESS): WEAPON/INSIDE","27"
"46","ASSAULT (IN PROGRESS): SHOTS/FAMILY","5"
"84","ASSAULT (PAST): KNIFE/OUTSIDE","2"
"120","ASSAULT (IN PROGRESS): OTHER/CHILD ABUSE","32"
"25","ASSAULT (IN PROGRESS): KNIFE/FAMILY","28"
"61","ASSAULT (PAST): KNIFE/FAMILY","1"
"70","ASSAULT (PAST): WEAPON/INSIDE","15"
"18","ASSAULT (IN PROGRESS): SHOTS/OUTSIDE","8"
"81","ASSAULT (PAST): OTHER/OUTSIDE","42"
"120","ASSAULT (PAST): WEAPON/FAMILY","7"
"14","ASSAULT (PAST): KNIFE/FAMILY","2"
"13","ASSAULT (IN PROGRESS): OTHER/SCHOOL","8"
"40","ASSAULT (IN PROGRESS): KNIFE/SCHOOL","3"
"34","ASSAULT (IN PROGRESS): KNIFE/TRANSIT","6"
"42","ASSAULT (IN PROGRESS): WEAPON/FAMILY","73"
"49","ASSAULT (IN PROGRESS): KNIFE/SCHOOL","2"
"42","ASSAULT (PAST): KNIFE/INSIDE","22"
"10","ASSAULT (IN PROGRESS): WEAPON/FAMILY","7"
"84","ASSAULT (IN PROGRESS): SHOTS/OUTSIDE","13"
"7","ASSAULT (IN PROGRESS): KNIFE/CHILD ABUSE","1"
"71","ASSAULT (PAST): OTHER/INSIDE","344"
"32","ASSAULT (PAST): OTHER/SCHOOL","7"
"71","ASSAULT (PAST): OTHER/SCHOOL","3"
"5","ASSAULT (IN PROGRESS): KNIFE/TRANSIT","11"
"103","ASSAULT (IN PROGRESS): SHOTS/OUTSIDE","51"
"100","ASSAULT (IN PROGRESS): OTHER/OUTSIDE","98"
"69","ASSAULT (PAST): OTHER/FAMILY","34"
"69","ASSAULT (IN PROGRESS): SHOTS/OUTSIDE","29"
"20","ASSAULT (PAST): OTHER/INSIDE","67"
"83","ASSAULT (IN PROGRESS): OTHER/CHILD ABUSE","21"
"103","ASSAULT (IN PROGRESS): OTHER/INSIDE","457"
"66","ASSAULT (PAST): KNIFE/FAMILY","2"
"49","ASSAULT (IN PROGRESS): SHOTS/OUTSIDE","35"
"23","ASSAULT (PAST): KNIFE/FAMILY","2"
"10","ASSAULT (IN PROGRESS): OTHER/INSIDE","183"
"113","ASSAULT (IN PROGRESS): OTHER/SCHOOL","11"
"23","ASSAULT (IN PROGRESS): OTHER/LTD ACC HWY","1"
"75","ASSAULT (PAST): WEAPON/TRANSIT","1"
"120","ASSAULT (IN PROGRESS): KNIFE/FAMILY","35"
"5","ASSAULT (PAST): WEAPON/OUTSIDE","9"
"10","ASSAULT (IN PROGRESS): KNIFE/FAMILY","6"
"103","ASSAULT (IN PROGRESS): WEAPON/OUTSIDE","72"
"108","ASSAULT (IN PROGRESS): KNIFE/INSIDE","19"
"101","ASSAULT (IN PROGRESS): SHOTS/OUTSIDE","25"
"66","ASSAULT (IN PROGRESS): WEAPON/OUTSIDE","30"
"90","ASSAULT (PAST): KNIFE/OUTSIDE","5"
"73","ASSAULT (PAST): WEAPON/INSIDE","35"
"61","ASSAULT (IN PROGRESS): OTHER/TRANSIT","24"
"10","ASSAULT (PAST): OTHER/TRANSIT","6"
"46","ASSAULT (IN PROGRESS): OTHER/CHILD ABUSE","35"
"106","ASSAULT (IN PROGRESS): OTHER/SCHOOL","10"
"76","ASSAULT (IN PROGRESS): OTHER/CHILD ABUSE","3"
"84","ASSAULT (IN PROGRESS): OTHER/TRANSIT","117"
"6","ASSAULT (IN PROGRESS): SHOTS/OUTSIDE","7"
"40","ASSAULT (IN PROGRESS): OTHER/TRANSIT","50"
"107","ASSAULT (PAST): SHOTS/OUTSIDE","1"
"10","ASSAULT (IN PROGRESS): KNIFE/TRANSIT","1"
"41","ASSAULT (PAST): OTHER/SCHOOL","15"
"23","ASSAULT (PAST): WEAPON/INSIDE","12"
"122","ASSAULT (PAST): OTHER/SCHOOL","10"
"18","ASSAULT (PAST): OTHER/TRANSIT","29"
"120","ASSAULT (IN PROGRESS): WEAPON/OUTSIDE","51"
"20","ASSAULT (IN PROGRESS): WEAPON/INSIDE","6"
"122","ASSAULT (PAST): WEAPON/SCHOOL","1"
"102","ASSAULT (IN PROGRESS): OTHER/INSIDE","282"
"40","ASSAULT (IN PROGRESS): OTHER/OUTSIDE","531"
"106","ASSAULT (PAST): OTHER/INSIDE","123"
"47","ASSAULT (IN PROGRESS): KNIFE/TRANSIT","4"
"26","ASSAULT (PAST): OTHER/OUTSIDE","32"
"84","ASSAULT (PAST): OTHER/SCHOOL","9"
"120","ASSAULT (PAST): KNIFE/INSIDE","21"
"23","ASSAULT (IN PROGRESS): OTHER/OUTSIDE","213"
"103","ASSAULT (PAST): WEAPON/OUTSIDE","11"
"25","ASSAULT (PAST): OTHER/TRANSIT","12"
"107","ASSAULT (PAST): OTHER/OUTSIDE","46"
"1","ASSAULT (IN PROGRESS): OTHER/LTD ACC HWY","1"
"101","ASSAULT (PAST): OTHER/SCHOOL","16"
"122","ASSAULT (IN PROGRESS): OTHER/OUTSIDE","135"
"115","ASSAULT (PAST): OTHER/SCHOOL","4"
"43","ASSAULT (IN PROGRESS): WEAPON/INSIDE","56"
"45","ASSAULT (IN PROGRESS): SHOTS/OUTSIDE","18"
"46","ASSAULT (PAST): KNIFE/TRANSIT","1"
"34","ASSAULT (PAST): WEAPON/SCHOOL","2"
"62","ASSAULT (IN PROGRESS): SHOTS/INSIDE","7"
"113","ASSAULT (PAST): KNIFE/OUTSIDE","5"
"34","ASSAULT (IN PROGRESS): SHOTS/OUTSIDE","32"
"44","ASSAULT (IN PROGRESS): SHOTS/FAMILY","1"
"32","ASSAULT (IN PROGRESS): WEAPON/FAMILY","59"
"72","ASSAULT (IN PROGRESS): OTHER/FAMILY","232"
"49","ASSAULT (IN PROGRESS): KNIFE/OUTSIDE","50"
"110","ASSAULT (IN PROGRESS): WEAPON/FAMILY","27"
"19","ASSAULT (IN PROGRESS): OTHER/CHILD ABUSE","8"
"47","ASSAULT (IN PROGRESS): SHOTS/OUTSIDE","56"
"47","ASSAULT (IN PROGRESS): WEAPON/TRANSIT","3"
"34","ASSAULT (IN PROGRESS): KNIFE/OUTSIDE","34"
"26","ASSAULT (IN PROGRESS): OTHER/INSIDE","101"
"40","ASSAULT (IN PROGRESS): WEAPON/INSIDE","109"
"33","ASSAULT (IN PROGRESS): WEAPON/OUTSIDE","46"
"104","ASSAULT (IN PROGRESS): OTHER/INSIDE","202"
"48","ASSAULT (IN PROGRESS): OTHER/SCHOOL","9"
"9","ASSAULT (IN PROGRESS): OTHER/CHILD ABUSE","6"
"69","ASSAULT (PAST): SHOTS/INSIDE","2"
"115","ASSAULT (PAST): SHOTS/OUTSIDE","1"
"34","ASSAULT (IN PROGRESS): WEAPON/TRANSIT","3"
"103","ASSAULT (IN PROGRESS): WEAPON/INSIDE","62"
"102","ASSAULT (IN PROGRESS): OTHER/CHILD ABUSE","28"
"61","ASSAULT (IN PROGRESS): WEAPON/OUTSIDE","34"
"61","ASSAULT (PAST): OTHER/INSIDE","93"
"44","ASSAULT (PAST): OTHER/INSIDE","418"
"24","ASSAULT (PAST): OTHER/TRANSIT","11"
"121","ASSAULT (PAST): OTHER/INSIDE","109"
"9","ASSAULT (IN PROGRESS): SHOTS/SCHOOL","1"
"9","ASSAULT (IN PROGRESS): KNIFE/OUTSIDE","44"
"40","ASSAULT (IN PROGRESS): KNIFE/INSIDE","79"
"28","ASSAULT (IN PROGRESS): SHOTS/TRANSIT","2"
"40","ASSAULT (PAST): WEAPON/CHILD ABUSE","3"
"14","ASSAULT (PAST): WEAPON/OUTSIDE","17"
"90","ASSAULT (IN PROGRESS): KNIFE/FAMILY","10"
"45","ASSAULT (PAST): WEAPON/CHILD ABUSE","1"
"13","ASSAULT (IN PROGRESS): OTHER/LTD ACC HWY","1"
"112","ASSAULT (IN PROGRESS): SHOTS/OUTSIDE","4"
"114","ASSAULT (PAST): WEAPON/INSIDE","25"
"26","ASSAULT (PAST): KNIFE/INSIDE","14"
"105","ASSAULT (IN PROGRESS): SHOTS/FAMILY","2"
"120","ASSAULT (IN PROGRESS): KNIFE/SCHOOL","2"
"28","ASSAULT (PAST): WEAPON/FAMILY","3"
"75","ASSAULT (IN PROGRESS): KNIFE/CHILD ABUSE","2"
"30","ASSAULT (PAST): OTHER/OUTSIDE","32"
"50","ASSAULT (PAST): OTHER/SCHOOL","3"
"41","ASSAULT (IN PROGRESS): WEAPON/CHILD","1"
"52","ASSAULT (IN PROGRESS): OTHER/SCHOOL","4"
"19","ASSAULT (PAST): WEAPON/OUTSIDE","13"
"47","ASSAULT (IN PROGRESS): OTHER/TRANSIT","45"
"102","ASSAULT (IN PROGRESS): KNIFE/FAMILY","23"
"30","ASSAULT (IN PROGRESS): WEAPON/CHILD","1"
"83","ASSAULT (IN PROGRESS): KNIFE/FAMILY","21"
"5","ASSAULT (IN PROGRESS): SHOTS/INSIDE","8"
"42","ASSAULT (PAST): WEAPON/SCHOOL","1"
"28","ASSAULT (IN PROGRESS): WEAPON/OUTSIDE","58"
"60","ASSAULT (PAST): KNIFE/OUTSIDE","7"
"24","ASSAULT (PAST): KNIFE/INSIDE","2"
"62","ASSAULT (IN PROGRESS): KNIFE/INSIDE","15"
"24","ASSAULT (IN PROGRESS): OTHER/FAMILY","163"
"123","ASSAULT (PAST): OTHER/OUTSIDE","15"
"106","ASSAULT (IN PROGRESS): OTHER/CHILD ABUSE","11"
"66","ASSAULT (IN PROGRESS): SHOTS/INSIDE","7"
"25","ASSAULT (PAST): KNIFE/INSIDE","18"
"33","ASSAULT (IN PROGRESS): SHOTS/TRANSIT","1"
"5","ASSAULT (PAST): OTHER/SCHOOL","1"
"73","ASSAULT (IN PROGRESS): OTHER/SCHOOL","6"
"30","ASSAULT (IN PROGRESS): KNIFE/OUTSIDE","36"
"42","ASSAULT (PAST): WEAPON/TRANSIT","1"
"63","ASSAULT (PAST): OTHER/FAMILY","32"
"81","ASSAULT (IN PROGRESS): KNIFE/TRANSIT","4"
"107","ASSAULT (PAST): OTHER/TRANSIT","16"
"41","ASSAULT (IN PROGRESS): SHOTS/FAMILY","4"
"121","ASSAULT (IN PROGRESS): OTHER/CHILD ABUSE","16"
"84","ASSAULT (IN PROGRESS): OTHER/OUTSIDE","217"
"115","ASSAULT (PAST): KNIFE/OUTSIDE","14"
"62","ASSAULT (IN PROGRESS): OTHER/FAMILY","242"
