"nypd_pct_cd","typ_desc","n"
"101","ASSAULT (IN PROGRESS): WEAPON/OUTSIDE","36"
"7","ASSAULT (PAST): OTHER/TRANSIT","6"
"14","ASSAULT (PAST): WEAPON/FAMILY","2"
"106","ASSAULT (PAST): SHOTS/INSIDE","2"
"105","ASSAULT (IN PROGRESS): OTHER/INSIDE","408"
"107","ASSAULT (IN PROGRESS): KNIFE/TRANSIT","1"
"115","ASSAULT (IN PROGRESS): WEAPON/TRANSIT","2"
"76","ASSAULT (PAST): OTHER/TRANSIT","3"
"110","ASSAULT (PAST): OTHER/LTD ACC HWY","1"
"18","ASSAULT (IN PROGRESS): KNIFE/INSIDE","17"
"13","ASSAULT (PAST): OTHER/SCHOOL","14"
"60","ASSAULT (IN PROGRESS): KNIFE/FAMILY","20"
"17","ASSAULT (IN PROGRESS): KNIFE/TRANSIT","8"
"107","ASSAULT (PAST): OTHER/INSIDE","164"
"25","ASSAULT (IN PROGRESS): SHOTS/INSIDE","7"
"49","ASSAULT (PAST): OTHER/OUTSIDE","63"
"94","ASSAULT (PAST): OTHER/LTD ACC HWY","1"
"42","ASSAULT (IN PROGRESS): WEAPON/SCHOOL","4"
"72","ASSAULT (PAST): OTHER/INSIDE","120"
"19","ASSAULT (IN PROGRESS): WEAPON/INSIDE","19"
"49","ASSAULT (PAST): KNIFE/OUTSIDE","10"
"20","ASSAULT (PAST): OTHER/SCHOOL","9"
"45","ASSAULT (IN PROGRESS): WEAPON/CHILD","3"
"108","ASSAULT (IN PROGRESS): SHOTS/INSIDE","1"
"32","ASSAULT (PAST): OTHER/CHILD ABUSE","14"
"71","ASSAULT (PAST): OTHER/FAMILY","57"
"88","ASSAULT (PAST): KNIFE/OUTSIDE","6"
"45","ASSAULT (IN PROGRESS): KNIFE/FAMILY","17"
"23","ASSAULT (IN PROGRESS): OTHER/TRANSIT","11"
"34","ASSAULT (IN PROGRESS): OTHER/TRANSIT","25"
"75","ASSAULT (PAST): OTHER/SCHOOL","82"
"114","ASSAULT (PAST): OTHER/TRANSIT","10"
"105","ASSAULT (IN PROGRESS): OTHER/LTD ACC HWY","6"
"68","ASSAULT (PAST): KNIFE/TRANSIT","1"
"47","ASSAULT (IN PROGRESS): OTHER/CHILD ABUSE","52"
"17","ASSAULT (PAST): KNIFE/OUTSIDE","3"
"70","ASSAULT (IN PROGRESS): KNIFE/TRANSIT","3"
"90","ASSAULT (PAST): WEAPON/OUTSIDE","4"
"123","ASSAULT (PAST): SHOTS/INSIDE","3"
"101","ASSAULT (PAST): OTHER/TRANSIT","5"
"114","ASSAULT (PAST): KNIFE/TRANSIT","1"
"79","ASSAULT (IN PROGRESS): WEAPON/FAMILY","32"
"83","ASSAULT (PAST): WEAPON/OUTSIDE","9"
"83","ASSAULT (IN PROGRESS): SHOTS/TRANSIT","2"
"33","ASSAULT (IN PROGRESS): KNIFE/FAMILY","10"
"13","ASSAULT (IN PROGRESS): SHOTS/TRANSIT","2"
"77","ASSAULT (IN PROGRESS): KNIFE/FAMILY","17"
"40","ASSAULT (PAST): WEAPON/TRANSIT","3"
"104","ASSAULT (IN PROGRESS): OTHER/LTD ACC HWY","2"
"0","ASSAULT (PAST): OTHER/INSIDE","1"
"123","ASSAULT (PAST): OTHER/SCHOOL","4"
"71","ASSAULT (IN PROGRESS): KNIFE/FAMILY","22"
"68","ASSAULT (IN PROGRESS): WEAPON/CHILD","1"
"78","ASSAULT (IN PROGRESS): OTHER/INSIDE","191"
"122","ASSAULT (PAST): KNIFE/FAMILY","3"
"83","ASSAULT (PAST): OTHER/OUTSIDE","90"
"103","ASSAULT (PAST): WEAPON/FAMILY","8"
"45","ASSAULT (PAST): SHOTS/INSIDE","1"
"77","ASSAULT (IN PROGRESS): OTHER/OUTSIDE","246"
"25","ASSAULT (IN PROGRESS): SHOTS/TRANSIT","2"
"113","ASSAULT (PAST): OTHER/LTD ACC HWY","1"
"45","ASSAULT (IN PROGRESS): KNIFE/TRANSIT","1"
"44","ASSAULT (PAST): SHOTS/FAMILY","1"
"18","ASSAULT (PAST): KNIFE/OUTSIDE","4"
"28","ASSAULT (IN PROGRESS): WEAPON/CHILD","1"
"9","ASSAULT (PAST): WEAPON/INSIDE","14"
"90","ASSAULT (PAST): WEAPON/CHILD ABUSE","1"
"84","ASSAULT (PAST): OTHER/INSIDE","145"
"48","ASSAULT (PAST): SHOTS/FAMILY","1"
"123","ASSAULT (PAST): WEAPON/OUTSIDE","1"
"9","ASSAULT (PAST): OTHER/TRANSIT","5"
"46","ASSAULT (PAST): WEAPON/FAMILY","10"
"33","ASSAULT (PAST): OTHER/SCHOOL","5"
"78","ASSAULT (PAST): OTHER/INSIDE","133"
"9","ASSAULT (PAST): OTHER/CHILD ABUSE","3"
"52","ASSAULT (IN PROGRESS): WEAPON/FAMILY","68"
"41","ASSAULT (IN PROGRESS): OTHER/OUTSIDE","269"
"10","ASSAULT (PAST): KNIFE/INSIDE","7"
"75","ASSAULT (IN PROGRESS): OTHER/SCHOOL","28"
"47","ASSAULT (IN PROGRESS): KNIFE/FAMILY","69"
"108","ASSAULT (IN PROGRESS): OTHER/INSIDE","272"
"112","ASSAULT (PAST): WEAPON/FAMILY","1"
"107","ASSAULT (PAST): SHOTS/SCHOOL","2"
"41","ASSAULT (IN PROGRESS): SHOTS/INSIDE","9"
"90","ASSAULT (IN PROGRESS): WEAPON/FAMILY","17"
"84","ASSAULT (IN PROGRESS): WEAPON/OUTSIDE","40"
"19","ASSAULT (PAST): KNIFE/INSIDE","15"
"28","ASSAULT (PAST): KNIFE/INSIDE","10"
"71","ASSAULT (PAST): KNIFE/OUTSIDE","10"
"26","ASSAULT (IN PROGRESS): KNIFE/LTD ACC HWY","1"
"63","ASSAULT (IN PROGRESS): KNIFE/OUTSIDE","18"
"78","ASSAULT (IN PROGRESS): WEAPON/OUTSIDE","33"
"45","ASSAULT (PAST): OTHER/INSIDE","136"
"23","ASSAULT (IN PROGRESS): KNIFE/FAMILY","23"
"45","ASSAULT (IN PROGRESS): OTHER/FAMILY","366"
"23","ASSAULT (IN PROGRESS): OTHER/FAMILY","381"
"71","ASSAULT (IN PROGRESS): OTHER/FAMILY","272"
"69","ASSAULT (IN PROGRESS): KNIFE/OUTSIDE","14"
"5","ASSAULT (IN PROGRESS): WEAPON/FAMILY","3"
"25","ASSAULT (PAST): WEAPON/OUTSIDE","11"
"45","ASSAULT (PAST): KNIFE/FAMILY","1"
"69","ASSAULT (PAST): WEAPON/OUTSIDE","1"
"106","ASSAULT (PAST): KNIFE/INSIDE","8"
"18","ASSAULT (IN PROGRESS): OTHER/SCHOOL","6"
"103","ASSAULT (PAST): WEAPON/INSIDE","17"
"107","ASSAULT (PAST): WEAPON/OUTSIDE","2"
"24","ASSAULT (IN PROGRESS): WEAPON/INSIDE","49"
"110","ASSAULT (IN PROGRESS): KNIFE/FAMILY","19"
"43","ASSAULT (PAST): OTHER/TRANSIT","3"
"34","ASSAULT (IN PROGRESS): OTHER/CHILD ABUSE","16"
"102","ASSAULT (PAST): OTHER/CHILD ABUSE","16"
"33","ASSAULT (IN PROGRESS): WEAPON/TRANSIT","4"
"63","ASSAULT (PAST): WEAPON/INSIDE","11"
"112","ASSAULT (IN PROGRESS): WEAPON/INSIDE","10"
"77","ASSAULT (PAST): SHOTS/OUTSIDE","2"
"9","ASSAULT (IN PROGRESS): WEAPON/CHILD","5"
"30","ASSAULT (PAST): OTHER/FAMILY","37"
"47","ASSAULT (PAST): OTHER/INSIDE","360"
"113","ASSAULT (IN PROGRESS): KNIFE/INSIDE","45"
"60","ASSAULT (IN PROGRESS): OTHER/FAMILY","395"
"5","ASSAULT (IN PROGRESS): OTHER/CHILD ABUSE","3"
"113","ASSAULT (IN PROGRESS): WEAPON/FAMILY","43"
"102","ASSAULT (PAST): OTHER/FAMILY","82"
"122","ASSAULT (IN PROGRESS): WEAPON/OUTSIDE","22"
"66","ASSAULT (PAST): SHOTS/INSIDE","4"
"90","ASSAULT (IN PROGRESS): OTHER/OUTSIDE","276"
"70","ASSAULT (PAST): SHOTS/OUTSIDE","1"
"67","ASSAULT (IN PROGRESS): WEAPON/INSIDE","97"
"62","ASSAULT (IN PROGRESS): WEAPON/TRANSIT","2"
"75","ASSAULT (IN PROGRESS): WEAPON/CHILD","7"
"111","ASSAULT (IN PROGRESS): WEAPON/OUTSIDE","12"
"108","ASSAULT (PAST): OTHER/SCHOOL","19"
"115","ASSAULT (PAST): KNIFE/FAMILY","2"
"114","ASSAULT (IN PROGRESS): OTHER/CHILD ABUSE","37"
"72","ASSAULT (PAST): SHOTS/OUTSIDE","1"
"78","ASSAULT (IN PROGRESS): SHOTS/TRANSIT","1"
"106","ASSAULT (PAST): WEAPON/FAMILY","3"
"62","ASSAULT (PAST): SHOTS/OUTSIDE","1"
"19","ASSAULT (IN PROGRESS): KNIFE/TRANSIT","2"
"6","ASSAULT (IN PROGRESS): SHOTS/TRANSIT","3"
"121","ASSAULT (PAST): KNIFE/OUTSIDE","4"
"60","ASSAULT (PAST): WEAPON/TRANSIT","1"
"62","ASSAULT (IN PROGRESS): WEAPON/OUTSIDE","45"
"81","ASSAULT (IN PROGRESS): KNIFE/INSIDE","38"
"100","ASSAULT (PAST): OTHER/SCHOOL","8"
"41","ASSAULT (IN PROGRESS): KNIFE/OUTSIDE","52"
"83","ASSAULT (IN PROGRESS): WEAPON/INSIDE","38"
"28","ASSAULT (PAST): SHOTS/INSIDE","2"
"46","ASSAULT (IN PROGRESS): KNIFE/FAMILY","94"
"1","ASSAULT (IN PROGRESS): WEAPON/OUTSIDE","27"
"66","ASSAULT (PAST): OTHER/SCHOOL","17"
"105","ASSAULT (PAST): WEAPON/OUTSIDE","8"
"68","ASSAULT (PAST): OTHER/CHILD ABUSE","4"
"26","ASSAULT (PAST): WEAPON/TRANSIT","1"
"49","ASSAULT (PAST): WEAPON/TRANSIT","2"
"52","ASSAULT (PAST): KNIFE/OUTSIDE","18"
"104","ASSAULT (IN PROGRESS): WEAPON/INSIDE","19"
"103","ASSAULT (IN PROGRESS): OTHER/LTD ACC HWY","1"
"44","ASSAULT (IN PROGRESS): SHOTS/OUTSIDE","61"
"48","ASSAULT (PAST): KNIFE/OUTSIDE","15"
"84","ASSAULT (IN PROGRESS): OTHER/INSIDE","263"
"50","ASSAULT (IN PROGRESS): SHOTS/OUTSIDE","12"
"104","ASSAULT (PAST): KNIFE/INSIDE","3"
"69","ASSAULT (PAST): OTHER/CHILD ABUSE","9"
"122","ASSAULT (PAST): SHOTS/INSIDE","3"
"52","ASSAULT (PAST): OTHER/INSIDE","387"
"13","ASSAULT (IN PROGRESS): KNIFE/FAMILY","4"
"9","ASSAULT (IN PROGRESS): SHOTS/OUTSIDE","15"
"13","ASSAULT (PAST): OTHER/TRANSIT","33"
"10","ASSAULT (PAST): WEAPON/FAMILY","1"
"115","ASSAULT (IN PROGRESS): SHOTS/OUTSIDE","12"
"111","ASSAULT (PAST): OTHER/INSIDE","55"
"49","ASSAULT (IN PROGRESS): WEAPON/CHILD","1"
"42","ASSAULT (IN PROGRESS): WEAPON/TRANSIT","3"
"43","ASSAULT (PAST): KNIFE/INSIDE","19"
"105","ASSAULT (IN PROGRESS): WEAPON/CHILD","3"
"115","ASSAULT (PAST): WEAPON/FAMILY","2"
"83","ASSAULT (IN PROGRESS): OTHER/TRANSIT","20"
"49","ASSAULT (PAST): KNIFE/FAMILY","6"
"107","ASSAULT (PAST): OTHER/FAMILY","47"
"73","ASSAULT (IN PROGRESS): WEAPON/TRANSIT","5"
"67","ASSAULT (IN PROGRESS): SHOTS/OUTSIDE","35"
"23","ASSAULT (IN PROGRESS): WEAPON/OUTSIDE","41"
"90","ASSAULT (IN PROGRESS): KNIFE/TRANSIT","2"
"79","ASSAULT (IN PROGRESS): SHOTS/INSIDE","21"
"113","ASSAULT (IN PROGRESS): OTHER/FAMILY","471"
"52","ASSAULT (PAST): OTHER/TRANSIT","23"
"41","ASSAULT (PAST): OTHER/LTD ACC HWY","2"
"25","ASSAULT (PAST): WEAPON/FAMILY","6"
"75","ASSAULT (IN PROGRESS): KNIFE/OUTSIDE","98"
"102","ASSAULT (PAST): KNIFE/LTD ACC HWY","1"
"77","ASSAULT (PAST): OTHER/SCHOOL","20"
"28","ASSAULT (IN PROGRESS): SHOTS/OUTSIDE","35"
"102","ASSAULT (IN PROGRESS): KNIFE/INSIDE","27"
"48","ASSAULT (PAST): OTHER/FAMILY","143"
"90","ASSAULT (IN PROGRESS): SHOTS/INSIDE","7"
"10","ASSAULT (IN PROGRESS): WEAPON/OUTSIDE","38"
"113","ASSAULT (IN PROGRESS): OTHER/INSIDE","281"
"71","ASSAULT (IN PROGRESS): OTHER/SCHOOL","6"
"103","ASSAULT (IN PROGRESS): SHOTS/INSIDE","17"
"81","ASSAULT (PAST): WEAPON/INSIDE","27"
"110","ASSAULT (IN PROGRESS): WEAPON/TRANSIT","1"
"17","ASSAULT (PAST): WEAPON/INSIDE","4"
"73","ASSAULT (IN PROGRESS): KNIFE/OUTSIDE","90"
"102","ASSAULT (IN PROGRESS): WEAPON/CHILD","4"
"102","ASSAULT (PAST): OTHER/OUTSIDE","78"
"71","ASSAULT (IN PROGRESS): OTHER/TRANSIT","21"
"48","ASSAULT (IN PROGRESS): SHOTS/INSIDE","32"
"107","ASSAULT (PAST): SHOTS/INSIDE","8"
"76","ASSAULT (PAST): KNIFE/OUTSIDE","3"
"48","ASSAULT (IN PROGRESS): OTHER/FAMILY","913"
"34","ASSAULT (PAST): KNIFE/TRANSIT","2"
"9","ASSAULT (IN PROGRESS): OTHER/SCHOOL","5"
"115","ASSAULT (PAST): OTHER/FAMILY","87"
"105","ASSAULT (IN PROGRESS): WEAPON/SCHOOL","2"
"48","ASSAULT (IN PROGRESS): OTHER/OUTSIDE","466"
"60","ASSAULT (IN PROGRESS): SHOTS/OUTSIDE","10"
"121","ASSAULT (PAST): SHOTS/INSIDE","1"
"49","ASSAULT (IN PROGRESS): SHOTS/SCHOOL","2"
"104","ASSAULT (PAST): OTHER/TRANSIT","8"
"113","ASSAULT (PAST): WEAPON/SCHOOL","2"
"76","ASSAULT (PAST): OTHER/CHILD ABUSE","2"
"83","ASSAULT (IN PROGRESS): SHOTS/INSIDE","27"
"20","ASSAULT (IN PROGRESS): OTHER/TRANSIT","21"
"108","ASSAULT (IN PROGRESS): SHOTS/OUTSIDE","7"
"50","ASSAULT (PAST): KNIFE/INSIDE","6"
"26","ASSAULT (IN PROGRESS): WEAPON/OUTSIDE","16"
"13","ASSAULT (PAST): WEAPON/OUTSIDE","18"
"33","ASSAULT (IN PROGRESS): OTHER/LTD ACC HWY","2"
"30","ASSAULT (IN PROGRESS): OTHER/LTD ACC HWY","2"
"111","ASSAULT (IN PROGRESS): SHOTS/OUTSIDE","1"
"34","ASSAULT (PAST): OTHER/CHILD ABUSE","12"
"78","ASSAULT (PAST): OTHER/SCHOOL","9"
"19","ASSAULT (PAST): OTHER/INSIDE","203"
"34","ASSAULT (PAST): OTHER/SCHOOL","12"
"84","ASSAULT (PAST): KNIFE/INSIDE","1"
"81","ASSAULT (IN PROGRESS): SHOTS/FAMILY","4"
"43","ASSAULT (IN PROGRESS): KNIFE/TRANSIT","3"
"75","ASSAULT (IN PROGRESS): SHOTS/FAMILY","1"
"67","ASSAULT (IN PROGRESS): WEAPON/FAMILY","61"
"112","ASSAULT (IN PROGRESS): KNIFE/INSIDE","5"
"43","ASSAULT (IN PROGRESS): SHOTS/OUTSIDE","46"
"107","ASSAULT (PAST): WEAPON/SCHOOL","2"
"107","ASSAULT (IN PROGRESS): OTHER/TRANSIT","26"
"120","ASSAULT (PAST): OTHER/INSIDE","254"
"1","ASSAULT (PAST): KNIFE/FAMILY","1"
"46","ASSAULT (IN PROGRESS): WEAPON/CHILD","4"
"100","ASSAULT (PAST): KNIFE/INSIDE","2"
"60","ASSAULT (IN PROGRESS): KNIFE/TRANSIT","4"
"109","ASSAULT (PAST): OTHER/INSIDE","363"
"48","ASSAULT (PAST): WEAPON/INSIDE","37"
"110","ASSAULT (IN PROGRESS): OTHER/OUTSIDE","683"
"101","ASSAULT (IN PROGRESS): KNIFE/OUTSIDE","24"
"63","ASSAULT (IN PROGRESS): OTHER/LTD ACC HWY","2"
"25","ASSAULT (IN PROGRESS): WEAPON/OUTSIDE","58"
"52","ASSAULT (PAST): OTHER/FAMILY","135"
"75","ASSAULT (IN PROGRESS): OTHER/TRANSIT","60"
"6","ASSAULT (PAST): KNIFE/TRANSIT","1"
"114","ASSAULT (PAST): OTHER/INSIDE","275"
"23","ASSAULT (PAST): OTHER/TRANSIT","3"
"94","ASSAULT (IN PROGRESS): OTHER/CHILD ABUSE","11"
"123","ASSAULT (PAST): WEAPON/FAMILY","1"
"17","ASSAULT (IN PROGRESS): OTHER/INSIDE","150"
"100","ASSAULT (IN PROGRESS): OTHER/FAMILY","138"
"44","ASSAULT (PAST): KNIFE/FAMILY","9"
"45","ASSAULT (PAST): OTHER/OUTSIDE","47"
"62","ASSAULT (PAST): KNIFE/FAMILY","3"
"34","ASSAULT (PAST): OTHER/OUTSIDE","64"
"47","ASSAULT (IN PROGRESS): OTHER/OUTSIDE","442"
"116","ASSAULT (IN PROGRESS): OTHER/OUTSIDE","4"
"6","ASSAULT (IN PROGRESS): KNIFE/TRANSIT","6"
"30","ASSAULT (PAST): WEAPON/TRANSIT","1"
"103","ASSAULT (IN PROGRESS): KNIFE/TRANSIT","1"
"81","ASSAULT (PAST): OTHER/SCHOOL","9"
"60","ASSAULT (IN PROGRESS): SHOTS/INSIDE","10"
"111","ASSAULT (IN PROGRESS): OTHER/LTD ACC HWY","6"
"114","ASSAULT (PAST): KNIFE/OUTSIDE","12"
"46","ASSAULT (IN PROGRESS): OTHER/OUTSIDE","554"
"28","ASSAULT (PAST): OTHER/FAMILY","28"
"67","ASSAULT (PAST): KNIFE/OUTSIDE","7"
"45","ASSAULT (IN PROGRESS): SHOTS/INSIDE","10"
"112","ASSAULT (IN PROGRESS): OTHER/SCHOOL","11"
"112","ASSAULT (PAST): OTHER/FAMILY","27"
"103","ASSAULT (PAST): KNIFE/INSIDE","13"
"78","ASSAULT (IN PROGRESS): SHOTS/OUTSIDE","4"
"42","ASSAULT (PAST): KNIFE/OUTSIDE","13"
"17","ASSAULT (PAST): OTHER/OUTSIDE","59"
"73","ASSAULT (IN PROGRESS): KNIFE/FAMILY","67"
"28","ASSAULT (PAST): WEAPON/OUTSIDE","8"
"34","ASSAULT (IN PROGRESS): OTHER/SCHOOL","8"
"32","ASSAULT (IN PROGRESS): WEAPON/INSIDE","59"
"48","ASSAULT (PAST): OTHER/SCHOOL","43"
"84","ASSAULT (PAST): OTHER/CHILD ABUSE","3"
"13","ASSAULT (IN PROGRESS): WEAPON/OUTSIDE","58"
"121","ASSAULT (IN PROGRESS): SHOTS/INSIDE","4"
"83","ASSAULT (PAST): KNIFE/INSIDE","27"
"10","ASSAULT (IN PROGRESS): OTHER/FAMILY","118"
"67","ASSAULT (PAST): OTHER/FAMILY","121"
"1","ASSAULT (IN PROGRESS): OTHER/INSIDE","178"
"45","ASSAULT (PAST): OTHER/TRANSIT","4"
"43","ASSAULT (PAST): KNIFE/OUTSIDE","10"
"5","ASSAULT (PAST): SHOTS/INSIDE","1"
"34","ASSAULT (IN PROGRESS): OTHER/FAMILY","271"
"76","ASSAULT (IN PROGRESS): WEAPON/FAMILY","5"
"52","ASSAULT (IN PROGRESS): KNIFE/FAMILY","45"
"5","ASSAULT (IN PROGRESS): KNIFE/OUTSIDE","32"
"103","ASSAULT (IN PROGRESS): WEAPON/TRANSIT","3"
"52","ASSAULT (IN PROGRESS): SHOTS/FAMILY","1"
"105","ASSAULT (IN PROGRESS): WEAPON/OUTSIDE","40"
"1","ASSAULT (IN PROGRESS): KNIFE/INSIDE","9"
"62","ASSAULT (PAST): OTHER/INSIDE","93"
"108","ASSAULT (IN PROGRESS): OTHER/FAMILY","266"
"62","ASSAULT (IN PROGRESS): KNIFE/FAMILY","6"
"24","ASSAULT (IN PROGRESS): SHOTS/OUTSIDE","6"
"69","ASSAULT (PAST): WEAPON/INSIDE","8"
"110","ASSAULT (PAST): OTHER/TRANSIT","20"
"5","ASSAULT (PAST): WEAPON/FAMILY","2"
"25","ASSAULT (PAST): SHOTS/OUTSIDE","1"
"62","ASSAULT (PAST): WEAPON/INSIDE","4"
"33","ASSAULT (IN PROGRESS): SHOTS/INSIDE","8"
"32","ASSAULT (PAST): SHOTS/INSIDE","16"
"42","ASSAULT (IN PROGRESS): WEAPON/INSIDE","95"
"62","ASSAULT (IN PROGRESS): OTHER/SCHOOL","6"
"101","ASSAULT (IN PROGRESS): WEAPON/CHILD","4"
"123","ASSAULT (IN PROGRESS): KNIFE/INSIDE","4"
"10","ASSAULT (IN PROGRESS): WEAPON/INSIDE","29"
"121","ASSAULT (PAST): OTHER/FAMILY","44"
"25","ASSAULT (PAST): OTHER/CHILD ABUSE","2"
"110","ASSAULT (IN PROGRESS): OTHER/SCHOOL","16"
"41","ASSAULT (IN PROGRESS): OTHER/SCHOOL","16"
"49","ASSAULT (PAST): SHOTS/INSIDE","21"
"75","ASSAULT (IN PROGRESS): WEAPON/FAMILY","119"
"24","ASSAULT (PAST): KNIFE/TRANSIT","4"
"7","ASSAULT (PAST): KNIFE/INSIDE","8"
"88","ASSAULT (PAST): OTHER/INSIDE","164"
"43","ASSAULT (PAST): OTHER/FAMILY","149"
"111","ASSAULT (IN PROGRESS): KNIFE/INSIDE","2"
"94","ASSAULT (PAST): OTHER/SCHOOL","4"
"7","ASSAULT (PAST): KNIFE/OUTSIDE","2"
"114","ASSAULT (PAST): OTHER/CHILD ABUSE","13"
"75","ASSAULT (PAST): KNIFE/FAMILY","4"
"32","ASSAULT (IN PROGRESS): OTHER/CHILD ABUSE","23"
"68","ASSAULT (PAST): OTHER/INSIDE","73"
"122","ASSAULT (IN PROGRESS): WEAPON/SCHOOL","2"
"52","ASSAULT (IN PROGRESS): WEAPON/INSIDE","95"
"17","ASSAULT (IN PROGRESS): OTHER/LTD ACC HWY","1"
"78","ASSAULT (PAST): WEAPON/OUTSIDE","2"
"90","ASSAULT (PAST): OTHER/OUTSIDE","54"
"52","ASSAULT (IN PROGRESS): SHOTS/CHILD","1"
"66","ASSAULT (PAST): WEAPON/INSIDE","16"
"123","ASSAULT (PAST): WEAPON/INSIDE","3"
"68","ASSAULT (PAST): KNIFE/INSIDE","3"
"109","ASSAULT (IN PROGRESS): OTHER/INSIDE","521"
"32","ASSAULT (PAST): OTHER/TRANSIT","4"
"28","ASSAULT (IN PROGRESS): SHOTS/INSIDE","8"
"40","ASSAULT (PAST): WEAPON/INSIDE","66"
"113","ASSAULT (PAST): OTHER/SCHOOL","25"
"26","ASSAULT (IN PROGRESS): SHOTS/FAMILY","3"
"104","ASSAULT (PAST): WEAPON/OUTSIDE","11"
"70","ASSAULT (IN PROGRESS): KNIFE/FAMILY","13"
"33","ASSAULT (IN PROGRESS): WEAPON/LTD ACC HWY","2"
"9","ASSAULT (PAST): SHOTS/INSIDE","2"
"113","ASSAULT (IN PROGRESS): WEAPON/SCHOOL","4"
"100","ASSAULT (PAST): SHOTS/OUTSIDE","1"
"88","ASSAULT (PAST): OTHER/TRANSIT","10"
"47","ASSAULT (IN PROGRESS): KNIFE/OUTSIDE","90"
"100","ASSAULT (IN PROGRESS): SHOTS/OUTSIDE","8"
"6","ASSAULT (PAST): WEAPON/INSIDE","6"
"81","ASSAULT (IN PROGRESS): WEAPON/INSIDE","30"
"61","ASSAULT (IN PROGRESS): WEAPON/TRANSIT","6"
"123","ASSAULT (IN PROGRESS): WEAPON/FAMILY","7"
"72","ASSAULT (IN PROGRESS): OTHER/TRANSIT","31"
"90","ASSAULT (IN PROGRESS): KNIFE/INSIDE","30"
"30","ASSAULT (IN PROGRESS): OTHER/TRANSIT","27"
"88","ASSAULT (IN PROGRESS): OTHER/CHILD ABUSE","6"
"79","ASSAULT (PAST): OTHER/FAMILY","60"
"104","ASSAULT (PAST): OTHER/CHILD ABUSE","3"
"108","ASSAULT (IN PROGRESS): OTHER/LTD ACC HWY","1"
"70","ASSAULT (PAST): OTHER/SCHOOL","21"
"49","ASSAULT (IN PROGRESS): WEAPON/TRANSIT","5"
"6","ASSAULT (IN PROGRESS): OTHER/CHILD ABUSE","2"
"13","ASSAULT (IN PROGRESS): OTHER/INSIDE","414"
"107","ASSAULT (IN PROGRESS): KNIFE/OUTSIDE","28"
"24","ASSAULT (PAST): SHOTS/OUTSIDE","2"
"90","ASSAULT (IN PROGRESS): OTHER/LTD ACC HWY","1"
"79","ASSAULT (IN PROGRESS): SHOTS/SCHOOL","2"
"41","ASSAULT (PAST): WEAPON/CHILD ABUSE","1"
"61","ASSAULT (PAST): OTHER/CHILD ABUSE","13"
"114","ASSAULT (IN PROGRESS): KNIFE/TRANSIT","8"
"63","ASSAULT (PAST): KNIFE/FAMILY","1"
"113","ASSAULT (PAST): KNIFE/FAMILY","3"
"101","ASSAULT (IN PROGRESS): OTHER/CHILD ABUSE","26"
"6","ASSAULT (PAST): OTHER/TRANSIT","19"
"83","ASSAULT (PAST): OTHER/INSIDE","243"
"79","ASSAULT (IN PROGRESS): OTHER/SCHOOL","8"
"106","ASSAULT (PAST): OTHER/SCHOOL","30"
"73","ASSAULT (IN PROGRESS): SHOTS/OUTSIDE","61"
"79","ASSAULT (IN PROGRESS): OTHER/CHILD ABUSE","19"
"114","ASSAULT (IN PROGRESS): KNIFE/INSIDE","36"
"25","ASSAULT (IN PROGRESS): WEAPON/FAMILY","32"
"7","ASSAULT (IN PROGRESS): KNIFE/INSIDE","11"
"103","ASSAULT (PAST): SHOTS/OUTSIDE","2"
"112","ASSAULT (IN PROGRESS): OTHER/TRANSIT","37"
"32","ASSAULT (PAST): SHOTS/OUTSIDE","3"
"111","ASSAULT (PAST): OTHER/CHILD ABUSE","5"
"25","ASSAULT (PAST): SHOTS/INSIDE","1"
"75","ASSAULT (IN PROGRESS): OTHER/FAMILY","1230"
"75","ASSAULT (IN PROGRESS): WEAPON/TRANSIT","7"
"94","ASSAULT (IN PROGRESS): KNIFE/TRANSIT","1"
"72","ASSAULT (PAST): WEAPON/INSIDE","16"
"50","ASSAULT (PAST): OTHER/INSIDE","134"
"101","ASSAULT (PAST): SHOTS/OUTSIDE","1"
"40","ASSAULT (PAST): OTHER/FAMILY","158"
"106","ASSAULT (PAST): OTHER/TRANSIT","2"
"77","ASSAULT (PAST): WEAPON/OUTSIDE","4"
"100","ASSAULT (IN PROGRESS): SHOTS/INSIDE","4"
"44","ASSAULT (PAST): WEAPON/TRANSIT","2"
"70","ASSAULT (IN PROGRESS): KNIFE/INSIDE","46"
"121","ASSAULT (IN PROGRESS): KNIFE/INSIDE","18"
"109","ASSAULT (IN PROGRESS): KNIFE/INSIDE","41"
"6","ASSAULT (IN PROGRESS): WEAPON/INSIDE","18"
"40","ASSAULT (IN PROGRESS): SHOTS/INSIDE","44"
"123","ASSAULT (IN PROGRESS): KNIFE/OUTSIDE","1"
"67","ASSAULT (PAST): OTHER/SCHOOL","15"
"28","ASSAULT (PAST): KNIFE/OUTSIDE","5"
"105","ASSAULT (IN PROGRESS): WEAPON/LTD ACC HWY","1"
"83","ASSAULT (IN PROGRESS): KNIFE/OUTSIDE","49"
"113","ASSAULT (PAST): WEAPON/INSIDE","20"
"71","ASSAULT (IN PROGRESS): SHOTS/INSIDE","19"
"106","ASSAULT (IN PROGRESS): KNIFE/TRANSIT","4"
"9","ASSAULT (IN PROGRESS): WEAPON/INSIDE","27"
"60","ASSAULT (IN PROGRESS): WEAPON/INSIDE","41"
"69","ASSAULT (IN PROGRESS): OTHER/FAMILY","289"
"43","ASSAULT (IN PROGRESS): KNIFE/INSIDE","80"
"62","ASSAULT (PAST): OTHER/OUTSIDE","70"
"101","ASSAULT (PAST): SHOTS/INSIDE","6"
"110","ASSAULT (IN PROGRESS): OTHER/TRANSIT","57"
"67","ASSAULT (IN PROGRESS): WEAPON/SCHOOL","2"
"104","ASSAULT (PAST): OTHER/SCHOOL","20"
"62","ASSAULT (IN PROGRESS): WEAPON/INSIDE","10"
"18","ASSAULT (PAST): OTHER/INSIDE","258"
"46","ASSAULT (IN PROGRESS): KNIFE/TRANSIT","15"
"43","ASSAULT (PAST): KNIFE/FAMILY","8"
"113","ASSAULT (IN PROGRESS): SHOTS/INSIDE","13"
"18","ASSAULT (PAST): KNIFE/FAMILY","1"
"19","ASSAULT (PAST): WEAPON/TRANSIT","1"
"14","ASSAULT (IN PROGRESS): WEAPON/FAMILY","6"
"110","ASSAULT (PAST): WEAPON/OUTSIDE","21"
"122","ASSAULT (IN PROGRESS): OTHER/INSIDE","164"
"100","ASSAULT (IN PROGRESS): KNIFE/OUTSIDE","9"
"61","ASSAULT (IN PROGRESS): KNIFE/OUTSIDE","20"
"88","ASSAULT (IN PROGRESS): OTHER/INSIDE","278"
"121","ASSAULT (IN PROGRESS): OTHER/SCHOOL","10"
"73","ASSAULT (IN PROGRESS): WEAPON/FAMILY","66"
"63","ASSAULT (IN PROGRESS): OTHER/FAMILY","208"
"34","ASSAULT (IN PROGRESS): OTHER/LTD ACC HWY","3"
"61","ASSAULT (IN PROGRESS): WEAPON/CHILD","3"
"68","ASSAULT (IN PROGRESS): WEAPON/OUTSIDE","22"
"94","ASSAULT (IN PROGRESS): OTHER/LTD ACC HWY","1"
"18","ASSAULT (PAST): SHOTS/INSIDE","1"
"33","ASSAULT (IN PROGRESS): WEAPON/FAMILY","16"
"66","ASSAULT (PAST): KNIFE/OUTSIDE","4"
"83","ASSAULT (IN PROGRESS): KNIFE/TRANSIT","3"
"120","ASSAULT (PAST): KNIFE/FAMILY","2"
"115","ASSAULT (PAST): OTHER/OUTSIDE","142"
"6","ASSAULT (IN PROGRESS): SHOTS/INSIDE","1"
"61","ASSAULT (IN PROGRESS): OTHER/OUTSIDE","236"
"120","ASSAULT (IN PROGRESS): WEAPON/CHILD","3"
"100","ASSAULT (IN PROGRESS): OTHER/TRANSIT","9"
"94","ASSAULT (IN PROGRESS): WEAPON/CHILD","2"
"110","ASSAULT (IN PROGRESS): WEAPON/CHILD","3"
"19","ASSAULT (IN PROGRESS): KNIFE/FAMILY","4"
"79","ASSAULT (PAST): KNIFE/OUTSIDE","3"
"13","ASSAULT (IN PROGRESS): WEAPON/INSIDE","53"
"115","ASSAULT (IN PROGRESS): KNIFE/INSIDE","34"
"110","ASSAULT (IN PROGRESS): OTHER/CHILD ABUSE","24"
"103","ASSAULT (IN PROGRESS): OTHER/SCHOOL","12"
"40","ASSAULT (IN PROGRESS): WEAPON/CHILD","6"
"13","ASSAULT (IN PROGRESS): WEAPON/FAMILY","7"
"1","ASSAULT (IN PROGRESS): OTHER/FAMILY","70"
"101","ASSAULT (PAST): KNIFE/INSIDE","20"
"18","ASSAULT (IN PROGRESS): WEAPON/SCHOOL","3"
"109","ASSAULT (IN PROGRESS): OTHER/CHILD ABUSE","15"
"100","ASSAULT (IN PROGRESS): KNIFE/FAMILY","7"
"120","ASSAULT (PAST): OTHER/OUTSIDE","88"
"88","ASSAULT (PAST): WEAPON/FAMILY","1"
"108","ASSAULT (PAST): OTHER/TRANSIT","30"
"84","ASSAULT (PAST): WEAPON/INSIDE","5"
"41","ASSAULT (IN PROGRESS): KNIFE/INSIDE","44"
"101","ASSAULT (PAST): KNIFE/FAMILY","2"
"94","ASSAULT (PAST): KNIFE/OUTSIDE","1"
"103","ASSAULT (PAST): OTHER/SCHOOL","23"
"103","ASSAULT (IN PROGRESS): WEAPON/FAMILY","60"
"123","ASSAULT (IN PROGRESS): SHOTS/FAMILY","3"
"48","ASSAULT (IN PROGRESS): KNIFE/INSIDE","83"
"7","ASSAULT (IN PROGRESS): KNIFE/FAMILY","9"
"50","ASSAULT (PAST): OTHER/CHILD ABUSE","9"
"50","ASSAULT (PAST): WEAPON/CHILD ABUSE","1"
"108","ASSAULT (IN PROGRESS): OTHER/SCHOOL","3"
"104","ASSAULT (PAST): OTHER/INSIDE","120"
"60","ASSAULT (IN PROGRESS): WEAPON/TRANSIT","3"
"14","ASSAULT (PAST): KNIFE/TRANSIT","2"
"88","ASSAULT (PAST): WEAPON/INSIDE","12"
"109","ASSAULT (PAST): WEAPON/FAMILY","3"
"52","ASSAULT (IN PROGRESS): KNIFE/TRANSIT","5"
"72","ASSAULT (IN PROGRESS): KNIFE/TRANSIT","1"
"103","ASSAULT (IN PROGRESS): KNIFE/FAMILY","31"
"109","ASSAULT (IN PROGRESS): SHOTS/FAMILY","5"
"6","ASSAULT (IN PROGRESS): OTHER/FAMILY","32"
"101","ASSAULT (IN PROGRESS): WEAPON/SCHOOL","2"
"81","ASSAULT (IN PROGRESS): OTHER/OUTSIDE","225"
"10","ASSAULT (IN PROGRESS): SHOTS/INSIDE","6"
"102","ASSAULT (IN PROGRESS): WEAPON/INSIDE","40"
"75","ASSAULT (IN PROGRESS): KNIFE/SCHOOL","6"
"84","ASSAULT (IN PROGRESS): KNIFE/FAMILY","3"
"106","ASSAULT (IN PROGRESS): KNIFE/INSIDE","22"
"113","ASSAULT (PAST): SHOTS/OUTSIDE","1"
"47","ASSAULT (IN PROGRESS): WEAPON/CHILD","3"
"49","ASSAULT (PAST): OTHER/TRANSIT","10"
"47","ASSAULT (PAST): KNIFE/SCHOOL","4"
"45","ASSAULT (IN PROGRESS): WEAPON/INSIDE","21"
"18","ASSAULT (IN PROGRESS): WEAPON/TRANSIT","3"
"17","ASSAULT (IN PROGRESS): OTHER/TRANSIT","50"
"24","ASSAULT (PAST): OTHER/FAMILY","21"
"50","ASSAULT (PAST): KNIFE/LTD ACC HWY","1"
"28","ASSAULT (IN PROGRESS): WEAPON/INSIDE","41"
"70","ASSAULT (IN PROGRESS): SHOTS/INSIDE","15"
"83","ASSAULT (PAST): KNIFE/OUTSIDE","8"
"26","ASSAULT (IN PROGRESS): KNIFE/TRANSIT","1"
"66","ASSAULT (IN PROGRESS): KNIFE/FAMILY","4"
"72","ASSAULT (IN PROGRESS): KNIFE/FAMILY","8"
"17","ASSAULT (IN PROGRESS): KNIFE/OUTSIDE","8"
"111","ASSAULT (IN PROGRESS): SHOTS/INSIDE","2"
"24","ASSAULT (PAST): WEAPON/TRANSIT","1"
"84","ASSAULT (IN PROGRESS): SHOTS/FAMILY","1"
"40","ASSAULT (IN PROGRESS): OTHER/CHILD ABUSE","49"
"26","ASSAULT (IN PROGRESS): KNIFE/FAMILY","20"
"61","ASSAULT (PAST): OTHER/OUTSIDE","55"
"7","ASSAULT (IN PROGRESS): SHOTS/INSIDE","6"
"111","ASSAULT (IN PROGRESS): OTHER/FAMILY","130"
"20","ASSAULT (IN PROGRESS): SHOTS/INSIDE","5"
"73","ASSAULT (PAST): OTHER/TRANSIT","20"
"28","ASSAULT (IN PROGRESS): OTHER/OUTSIDE","363"
"20","ASSAULT (PAST): KNIFE/FAMILY","1"
"71","ASSAULT (IN PROGRESS): KNIFE/INSIDE","52"
"79","ASSAULT (PAST): WEAPON/OUTSIDE","7"
"81","ASSAULT (PAST): OTHER/CHILD ABUSE","10"
"106","ASSAULT (PAST): WEAPON/OUTSIDE","8"
"60","ASSAULT (PAST): OTHER/CHILD ABUSE","12"
"75","ASSAULT (PAST): WEAPON/INSIDE","47"
"115","ASSAULT (PAST): OTHER/CHILD ABUSE","6"
"47","ASSAULT (PAST): SHOTS/INSIDE","9"
"83","ASSAULT (IN PROGRESS): WEAPON/TRANSIT","1"
"79","ASSAULT (PAST): OTHER/INSIDE","137"
"69","ASSAULT (PAST): OTHER/TRANSIT","3"
"68","ASSAULT (IN PROGRESS): OTHER/SCHOOL","4"
"101","ASSAULT (IN PROGRESS): OTHER/SCHOOL","10"
"88","ASSAULT (PAST): WEAPON/OUTSIDE","4"
"63","ASSAULT (PAST): WEAPON/OUTSIDE","1"
"81","ASSAULT (IN PROGRESS): WEAPON/TRANSIT","4"
"105","ASSAULT (PAST): OTHER/CHILD ABUSE","14"
"71","ASSAULT (IN PROGRESS): OTHER/CHILD ABUSE","11"
"26","ASSAULT (IN PROGRESS): KNIFE/OUTSIDE","15"
"22","ASSAULT (PAST): OTHER/FAMILY","1"
"24","ASSAULT (PAST): KNIFE/FAMILY","2"
"5","ASSAULT (IN PROGRESS): WEAPON/CHILD","1"
"101","ASSAULT (IN PROGRESS): SHOTS/INSIDE","16"
"81","ASSAULT (IN PROGRESS): WEAPON/FAMILY","29"
"105","ASSAULT (IN PROGRESS): WEAPON/INSIDE","51"
"46","ASSAULT (PAST): OTHER/OUTSIDE","140"
"114","ASSAULT (PAST): WEAPON/CHILD ABUSE","2"
"122","ASSAULT (PAST): OTHER/INSIDE","134"
"121","ASSAULT (IN PROGRESS): OTHER/INSIDE","184"
"108","ASSAULT (PAST): KNIFE/OUTSIDE","3"
"44","ASSAULT (PAST): WEAPON/OUTSIDE","24"
"42","ASSAULT (IN PROGRESS): OTHER/SCHOOL","31"
"45","ASSAULT (PAST): WEAPON/INSIDE","10"
"30","ASSAULT (IN PROGRESS): KNIFE/INSIDE","18"
"32","ASSAULT (PAST): WEAPON/FAMILY","7"
"67","ASSAULT (IN PROGRESS): SHOTS/FAMILY","4"
"73","ASSAULT (IN PROGRESS): WEAPON/SCHOOL","2"
"66","ASSAULT (PAST): WEAPON/OUTSIDE","6"
"14","ASSAULT (IN PROGRESS): WEAPON/INSIDE","49"
"42","ASSAULT (IN PROGRESS): KNIFE/OUTSIDE","85"
"105","ASSAULT (IN PROGRESS): SHOTS/OUTSIDE","28"
"75","ASSAULT (PAST): OTHER/FAMILY","202"
"71","ASSAULT (IN PROGRESS): WEAPON/INSIDE","53"
"69","ASSAULT (PAST): OTHER/SCHOOL","15"
"69","ASSAULT (IN PROGRESS): WEAPON/TRANSIT","1"
"70","ASSAULT (PAST): WEAPON/OUTSIDE","9"
"104","ASSAULT (PAST): KNIFE/OUTSIDE","2"
"24","ASSAULT (PAST): WEAPON/OUTSIDE","5"
"69","ASSAULT (IN PROGRESS): KNIFE/FAMILY","11"
"106","ASSAULT (IN PROGRESS): SHOTS/TRANSIT","1"
"17","ASSAULT (PAST): OTHER/TRANSIT","15"
"84","ASSAULT (IN PROGRESS): OTHER/FAMILY","107"
"90","ASSAULT (IN PROGRESS): OTHER/SCHOOL","14"
"106","ASSAULT (IN PROGRESS): OTHER/TRANSIT","26"
"69","ASSAULT (IN PROGRESS): OTHER/CHILD ABUSE","8"
"78","ASSAULT (IN PROGRESS): WEAPON/TRANSIT","6"
"14","ASSAULT (PAST): OTHER/FAMILY","39"
"19","ASSAULT (IN PROGRESS): SHOTS/FAMILY","3"
"106","ASSAULT (IN PROGRESS): OTHER/LTD ACC HWY","5"
"48","ASSAULT (IN PROGRESS): OTHER/LTD ACC HWY","1"
"72","ASSAULT (IN PROGRESS): KNIFE/OUTSIDE","36"
"120","ASSAULT (PAST): OTHER/FAMILY","73"
"26","ASSAULT (IN PROGRESS): OTHER/CHILD ABUSE","9"
"1","ASSAULT (IN PROGRESS): OTHER/CHILD ABUSE","5"
"71","ASSAULT (IN PROGRESS): OTHER/OUTSIDE","261"
"69","ASSAULT (IN PROGRESS): WEAPON/OUTSIDE","18"
"40","ASSAULT (PAST): OTHER/INSIDE","437"
"46","ASSAULT (IN PROGRESS): KNIFE/INSIDE","171"
"66","ASSAULT (IN PROGRESS): OTHER/CHILD ABUSE","13"
"90","ASSAULT (PAST): WEAPON/FAMILY","2"
"94","ASSAULT (PAST): WEAPON/FAMILY","2"
"28","ASSAULT (IN PROGRESS): OTHER/FAMILY","230"
"69","ASSAULT (IN PROGRESS): WEAPON/INSIDE","35"
"115","ASSAULT (IN PROGRESS): OTHER/OUTSIDE","696"
"24","ASSAULT (IN PROGRESS): KNIFE/OUTSIDE","21"
"102","ASSAULT (PAST): KNIFE/OUTSIDE","7"
"17","ASSAULT (PAST): OTHER/SCHOOL","1"
"69","ASSAULT (IN PROGRESS): WEAPON/LTD ACC HWY","3"
"75","ASSAULT (IN PROGRESS): WEAPON/OUTSIDE","155"
"70","ASSAULT (PAST): KNIFE/INSIDE","9"
"105","ASSAULT (PAST): KNIFE/INSIDE","15"
"71","ASSAULT (IN PROGRESS): KNIFE/TRANSIT","2"
"109","ASSAULT (PAST): OTHER/TRANSIT","2"
"44","ASSAULT (IN PROGRESS): OTHER/SCHOOL","16"
"106","ASSAULT (IN PROGRESS): KNIFE/SCHOOL","2"
"18","ASSAULT (PAST): OTHER/CHILD ABUSE","9"
"106","ASSAULT (PAST): WEAPON/INSIDE","14"
"19","ASSAULT (IN PROGRESS): SHOTS/OUTSIDE","10"
"114","ASSAULT (PAST): WEAPON/FAMILY","6"
"13","ASSAULT (PAST): WEAPON/CHILD ABUSE","1"
"88","ASSAULT (IN PROGRESS): OTHER/FAMILY","155"
"102","ASSAULT (IN PROGRESS): OTHER/OUTSIDE","294"
"111","ASSAULT (PAST): WEAPON/OUTSIDE","5"
"102","ASSAULT (PAST): KNIFE/FAMILY","4"
"28","ASSAULT (PAST): OTHER/SCHOOL","14"
"102","ASSAULT (PAST): OTHER/INSIDE","213"
"52","ASSAULT (PAST): SHOTS/INSIDE","4"
"100","ASSAULT (PAST): WEAPON/INSIDE","10"
"122","ASSAULT (PAST): KNIFE/CHILD ABUSE","1"
"20","ASSAULT (IN PROGRESS): KNIFE/OUTSIDE","7"
"78","ASSAULT (IN PROGRESS): KNIFE/OUTSIDE","17"
"105","ASSAULT (PAST): KNIFE/OUTSIDE","4"
"40","ASSAULT (PAST): KNIFE/OUTSIDE","18"
"47","ASSAULT (IN PROGRESS): SHOTS/SCHOOL","1"
"101","ASSAULT (IN PROGRESS): OTHER/INSIDE","312"
"103","ASSAULT (IN PROGRESS): KNIFE/OUTSIDE","81"
"107","ASSAULT (IN PROGRESS): KNIFE/FAMILY","15"
"48","ASSAULT (PAST): WEAPON/TRANSIT","1"
"13","ASSAULT (PAST): OTHER/CHILD ABUSE","6"
"123","ASSAULT (PAST): OTHER/FAMILY","12"
"121","ASSAULT (IN PROGRESS): WEAPON/SCHOOL","4"
"112","ASSAULT (PAST): OTHER/TRANSIT","19"
"69","ASSAULT (IN PROGRESS): OTHER/LTD ACC HWY","4"
"63","ASSAULT (PAST): OTHER/CHILD ABUSE","5"
"88","ASSAULT (PAST): KNIFE/INSIDE","11"
"68","ASSAULT (PAST): OTHER/FAMILY","18"
"122","ASSAULT (PAST): WEAPON/OUTSIDE","5"
"1","ASSAULT (IN PROGRESS): KNIFE/TRANSIT","8"
"19","ASSAULT (PAST): KNIFE/FAMILY","1"
"40","ASSAULT (PAST): WEAPON/OUTSIDE","21"
"63","ASSAULT (IN PROGRESS): SHOTS/OUTSIDE","16"
"115","ASSAULT (IN PROGRESS): KNIFE/FAMILY","24"
"18","ASSAULT (IN PROGRESS): KNIFE/TRANSIT","7"
"52","ASSAULT (IN PROGRESS): OTHER/CHILD ABUSE","53"
"28","ASSAULT (PAST): SHOTS/OUTSIDE","1"
"7","ASSAULT (PAST): WEAPON/OUTSIDE","7"
"112","ASSAULT (IN PROGRESS): OTHER/OUTSIDE","125"
"52","ASSAULT (PAST): WEAPON/OUTSIDE","16"
"108","ASSAULT (PAST): KNIFE/INSIDE","6"
"28","ASSAULT (IN PROGRESS): WEAPON/TRANSIT","2"
"30","ASSAULT (PAST): WEAPON/FAMILY","1"
"6","ASSAULT (PAST): OTHER/SCHOOL","2"
"9","ASSAULT (IN PROGRESS): KNIFE/INSIDE","27"
"49","ASSAULT (IN PROGRESS): OTHER/INSIDE","367"
"104","ASSAULT (IN PROGRESS): WEAPON/OUTSIDE","51"
"88","ASSAULT (PAST): SHOTS/OUTSIDE","1"
"110","ASSAULT (IN PROGRESS): SHOTS/OUTSIDE","6"
"60","ASSAULT (PAST): SHOTS/INSIDE","5"
"34","ASSAULT (PAST): WEAPON/FAMILY","1"
"106","ASSAULT (PAST): OTHER/LTD ACC HWY","2"
"108","ASSAULT (IN PROGRESS): WEAPON/OUTSIDE","57"
"52","ASSAULT (IN PROGRESS): OTHER/INSIDE","623"
"13","ASSAULT (PAST): KNIFE/FAMILY","2"
"78","ASSAULT (IN PROGRESS): OTHER/TRANSIT","34"
"26","ASSAULT (PAST): OTHER/TRANSIT","14"
"41","ASSAULT (PAST): KNIFE/INSIDE","16"
"88","ASSAULT (IN PROGRESS): WEAPON/TRANSIT","3"
"103","ASSAULT (IN PROGRESS): SHOTS/FAMILY","2"
"109","ASSAULT (PAST): OTHER/CHILD ABUSE","15"
"10","ASSAULT (PAST): KNIFE/SCHOOL","1"
"60","ASSAULT (PAST): KNIFE/FAMILY","5"
"111","ASSAULT (IN PROGRESS): SHOTS/LTD ACC HWY","1"
"101","ASSAULT (IN PROGRESS): KNIFE/CHILD ABUSE","1"
"66","ASSAULT (PAST): OTHER/FAMILY","38"
"110","ASSAULT (IN PROGRESS): KNIFE/INSIDE","32"
"23","ASSAULT (PAST): KNIFE/OUTSIDE","12"
"71","ASSAULT (IN PROGRESS): WEAPON/SCHOOL","2"
"73","ASSAULT (IN PROGRESS): OTHER/FAMILY","824"
"69","ASSAULT (PAST): KNIFE/INSIDE","2"
"14","ASSAULT (IN PROGRESS): KNIFE/FAMILY","5"
"114","ASSAULT (IN PROGRESS): WEAPON/FAMILY","31"
"121","ASSAULT (PAST): WEAPON/OUTSIDE","5"
"77","ASSAULT (IN PROGRESS): SHOTS/OUTSIDE","35"
"50","ASSAULT (PAST): WEAPON/OUTSIDE","6"
"121","ASSAULT (PAST): WEAPON/INSIDE","9"
"49","ASSAULT (IN PROGRESS): SHOTS/FAMILY","1"
"106","ASSAULT (IN PROGRESS): WEAPON/FAMILY","28"
"22","ASSAULT (IN PROGRESS): KNIFE/OUTSIDE","1"
"49","ASSAULT (PAST): WEAPON/CHILD ABUSE","1"
"79","ASSAULT (PAST): OTHER/TRANSIT","8"
"112","ASSAULT (IN PROGRESS): KNIFE/OUTSIDE","7"
"106","ASSAULT (IN PROGRESS): WEAPON/OUTSIDE","61"
"18","ASSAULT (PAST): SHOTS/OUTSIDE","1"
"45","ASSAULT (PAST): WEAPON/FAMILY","3"
"122","ASSAULT (IN PROGRESS): WEAPON/INSIDE","27"
"10","ASSAULT (PAST): SHOTS/INSIDE","2"
"83","ASSAULT (PAST): KNIFE/FAMILY","3"
"70","ASSAULT (PAST): WEAPON/TRANSIT","1"
"28","ASSAULT (IN PROGRESS): OTHER/SCHOOL","7"
"13","ASSAULT (IN PROGRESS): KNIFE/INSIDE","16"
"5","ASSAULT (PAST): OTHER/INSIDE","122"
"13","ASSAULT (PAST): WEAPON/TRANSIT","2"
"46","ASSAULT (PAST): OTHER/SCHOOL","19"
"108","ASSAULT (PAST): WEAPON/CHILD ABUSE","2"
"113","ASSAULT (PAST): OTHER/INSIDE","175"
"6","ASSAULT (PAST): WEAPON/TRANSIT","1"
"18","ASSAULT (IN PROGRESS): WEAPON/FAMILY","7"
"66","ASSAULT (IN PROGRESS): KNIFE/TRANSIT","2"
"106","ASSAULT (IN PROGRESS): KNIFE/CHILD ABUSE","1"
"6","ASSAULT (PAST): SHOTS/INSIDE","1"
"115","ASSAULT (PAST): OTHER/TRANSIT","20"
"14","ASSAULT (IN PROGRESS): KNIFE/OUTSIDE","59"
"34","ASSAULT (IN PROGRESS): SHOTS/FAMILY","2"
"61","ASSAULT (PAST): OTHER/SCHOOL","25"
"66","ASSAULT (IN PROGRESS): KNIFE/OUTSIDE","20"
"28","ASSAULT (PAST): OTHER/INSIDE","157"
"42","ASSAULT (PAST): WEAPON/CHILD ABUSE","3"
"90","ASSAULT (IN PROGRESS): WEAPON/OUTSIDE","30"
"68","ASSAULT (IN PROGRESS): OTHER/INSIDE","125"
"60","ASSAULT (IN PROGRESS): OTHER/OUTSIDE","326"
"77","ASSAULT (IN PROGRESS): WEAPON/INSIDE","50"
"78","ASSAULT (IN PROGRESS): OTHER/CHILD ABUSE","5"
"76","ASSAULT (PAST): WEAPON/INSIDE","11"
"61","ASSAULT (IN PROGRESS): SHOTS/INSIDE","14"
"1","ASSAULT (PAST): SHOTS/INSIDE","2"
"70","ASSAULT (PAST): WEAPON/FAMILY","4"
"90","ASSAULT (IN PROGRESS): WEAPON/INSIDE","36"
"34","ASSAULT (IN PROGRESS): KNIFE/INSIDE","31"
"7","ASSAULT (IN PROGRESS): KNIFE/TRANSIT","3"
"112","ASSAULT (PAST): SHOTS/INSIDE","1"
"43","ASSAULT (PAST): SHOTS/OUTSIDE","2"
"77","ASSAULT (IN PROGRESS): SHOTS/TRANSIT","1"
"123","ASSAULT (PAST): WEAPON/CHILD ABUSE","1"
"67","ASSAULT (IN PROGRESS): KNIFE/TRANSIT","1"
"26","ASSAULT (PAST): WEAPON/OUTSIDE","2"
"66","ASSAULT (PAST): SHOTS/OUTSIDE","1"
"81","ASSAULT (IN PROGRESS): WEAPON/OUTSIDE","38"
"47","ASSAULT (IN PROGRESS): WEAPON/OUTSIDE","112"
"61","ASSAULT (IN PROGRESS): SHOTS/OUTSIDE","8"
"104","ASSAULT (PAST): KNIFE/FAMILY","1"
"45","ASSAULT (PAST): OTHER/SCHOOL","29"
"28","ASSAULT (PAST): OTHER/CHILD ABUSE","8"
"41","ASSAULT (PAST): OTHER/FAMILY","75"
"100","ASSAULT (IN PROGRESS): KNIFE/TRANSIT","1"
"41","ASSAULT (PAST): WEAPON/FAMILY","3"
"63","ASSAULT (IN PROGRESS): KNIFE/INSIDE","12"
"72","ASSAULT (PAST): OTHER/CHILD ABUSE","5"
"73","ASSAULT (PAST): OTHER/CHILD ABUSE","22"
"6","ASSAULT (IN PROGRESS): OTHER/OUTSIDE","303"
"104","ASSAULT (IN PROGRESS): SHOTS/OUTSIDE","9"
"61","ASSAULT (PAST): KNIFE/OUTSIDE","1"
"83","ASSAULT (PAST): SHOTS/OUTSIDE","1"
"24","ASSAULT (IN PROGRESS): OTHER/INSIDE","355"
"123","ASSAULT (IN PROGRESS): KNIFE/FAMILY","1"
"114","ASSAULT (IN PROGRESS): KNIFE/OUTSIDE","55"
"103","ASSAULT (PAST): OTHER/FAMILY","105"
"72","ASSAULT (IN PROGRESS): WEAPON/OUTSIDE","55"
"14","ASSAULT (PAST): SHOTS/INSIDE","1"
"44","ASSAULT (PAST): WEAPON/CHILD ABUSE","1"
"73","ASSAULT (IN PROGRESS): OTHER/CHILD ABUSE","41"
"1","ASSAULT (IN PROGRESS): KNIFE/FAMILY","2"
"20","ASSAULT (IN PROGRESS): WEAPON/OUTSIDE","19"
"62","ASSAULT (IN PROGRESS): SHOTS/OUTSIDE","2"
"24","ASSAULT (IN PROGRESS): WEAPON/TRANSIT","3"
"9","ASSAULT (PAST): OTHER/FAMILY","19"
"123","ASSAULT (IN PROGRESS): OTHER/OUTSIDE","63"
"42","ASSAULT (PAST): OTHER/INSIDE","398"
"20","ASSAULT (IN PROGRESS): OTHER/INSIDE","98"
"19","ASSAULT (IN PROGRESS): SHOTS/LTD ACC HWY","1"
"77","ASSAULT (PAST): WEAPON/INSIDE","15"
"17","ASSAULT (IN PROGRESS): OTHER/OUTSIDE","192"
"45","ASSAULT (PAST): OTHER/FAMILY","51"
"25","ASSAULT (PAST): OTHER/OUTSIDE","87"
"107","ASSAULT (PAST): WEAPON/INSIDE","15"
"17","ASSAULT (PAST): WEAPON/TRANSIT","3"
"111","ASSAULT (IN PROGRESS): OTHER/OUTSIDE","85"
"94","ASSAULT (PAST): WEAPON/TRANSIT","1"
"84","ASSAULT (IN PROGRESS): KNIFE/OUTSIDE","23"
"1","ASSAULT (PAST): WEAPON/FAMILY","2"
"32","ASSAULT (IN PROGRESS): OTHER/FAMILY","466"
"123","ASSAULT (IN PROGRESS): WEAPON/SCHOOL","2"
"18","ASSAULT (PAST): OTHER/SCHOOL","11"
"76","ASSAULT (IN PROGRESS): SHOTS/INSIDE","3"
"46","ASSAULT (IN PROGRESS): OTHER/LTD ACC HWY","4"
"46","ASSAULT (PAST): KNIFE/OUTSIDE","26"
"114","ASSAULT (IN PROGRESS): SHOTS/SCHOOL","2"
"121","ASSAULT (PAST): OTHER/CHILD ABUSE","6"
"69","ASSAULT (IN PROGRESS): OTHER/INSIDE","193"
"52","ASSAULT (PAST): OTHER/OUTSIDE","121"
"6","ASSAULT (PAST): KNIFE/OUTSIDE","6"
"114","ASSAULT (PAST): SHOTS/INSIDE","5"
"13","ASSAULT (PAST): WEAPON/FAMILY","1"
"109","ASSAULT (IN PROGRESS): SHOTS/OUTSIDE","9"
"33","ASSAULT (PAST): WEAPON/FAMILY","2"
"43","ASSAULT (IN PROGRESS): OTHER/INSIDE","570"
"14","ASSAULT (PAST): KNIFE/OUTSIDE","12"
"25","ASSAULT (IN PROGRESS): WEAPON/LTD ACC HWY","1"
"84","ASSAULT (PAST): WEAPON/FAMILY","1"
"26","ASSAULT (PAST): OTHER/SCHOOL","12"
"67","ASSAULT (PAST): KNIFE/INSIDE","40"
"43","ASSAULT (IN PROGRESS): OTHER/FAMILY","967"
"49","ASSAULT (IN PROGRESS): KNIFE/TRANSIT","4"
"110","ASSAULT (IN PROGRESS): WEAPON/OUTSIDE","113"
"14","ASSAULT (PAST): OTHER/TRANSIT","75"
"73","ASSAULT (PAST): OTHER/OUTSIDE","114"
"81","ASSAULT (PAST): WEAPON/FAMILY","2"
"101","ASSAULT (IN PROGRESS): OTHER/OUTSIDE","181"
"67","ASSAULT (PAST): SHOTS/OUTSIDE","2"
"112","ASSAULT (IN PROGRESS): KNIFE/SCHOOL","2"
"104","ASSAULT (PAST): WEAPON/CHILD ABUSE","2"
"107","ASSAULT (PAST): OTHER/SCHOOL","62"
"46","ASSAULT (IN PROGRESS): SHOTS/TRANSIT","1"
"60","ASSAULT (IN PROGRESS): WEAPON/CHILD","2"
"41","ASSAULT (PAST): KNIFE/SCHOOL","2"
"24","ASSAULT (IN PROGRESS): SHOTS/TRANSIT","1"
"113","ASSAULT (PAST): KNIFE/INSIDE","9"
"106","ASSAULT (IN PROGRESS): SHOTS/OUTSIDE","7"
"40","ASSAULT (PAST): KNIFE/FAMILY","8"
"90","ASSAULT (IN PROGRESS): OTHER/INSIDE","244"
"112","ASSAULT (IN PROGRESS): SHOTS/FAMILY","4"
"61","ASSAULT (PAST): OTHER/TRANSIT","7"
"62","ASSAULT (PAST): OTHER/CHILD ABUSE","8"
"62","ASSAULT (PAST): WEAPON/OUTSIDE","14"
"72","ASSAULT (PAST): KNIFE/FAMILY","1"
"114","ASSAULT (IN PROGRESS): OTHER/INSIDE","513"
"47","ASSAULT (PAST): OTHER/CHILD ABUSE","37"
"52","ASSAULT (PAST): WEAPON/INSIDE","41"
"108","ASSAULT (IN PROGRESS): KNIFE/OUTSIDE","28"
"83","ASSAULT (IN PROGRESS): WEAPON/OUTSIDE","62"
"109","ASSAULT (PAST): KNIFE/INSIDE","43"
"72","ASSAULT (PAST): SHOTS/INSIDE","1"
"103","ASSAULT (PAST): OTHER/OUTSIDE","122"
"78","ASSAULT (PAST): WEAPON/TRANSIT","1"
"48","ASSAULT (IN PROGRESS): SHOTS/TRANSIT","2"
"112","ASSAULT (PAST): OTHER/SCHOOL","17"
"13","ASSAULT (PAST): OTHER/INSIDE","342"
"43","ASSAULT (IN PROGRESS): OTHER/OUTSIDE","500"
"75","ASSAULT (PAST): WEAPON/SCHOOL","2"
"70","ASSAULT (IN PROGRESS): OTHER/TRANSIT","32"
"108","ASSAULT (PAST): WEAPON/INSIDE","8"
"100","ASSAULT (PAST): OTHER/INSIDE","69"
"67","ASSAULT (IN PROGRESS): KNIFE/SCHOOL","4"
"68","ASSAULT (IN PROGRESS): KNIFE/TRANSIT","2"
"14","ASSAULT (IN PROGRESS): OTHER/SCHOOL","1"
"32","ASSAULT (IN PROGRESS): KNIFE/OUTSIDE","35"
"120","ASSAULT (IN PROGRESS): OTHER/INSIDE","395"
"113","ASSAULT (IN PROGRESS): SHOTS/SCHOOL","2"
"19","ASSAULT (PAST): OTHER/TRANSIT","28"
"32","ASSAULT (IN PROGRESS): KNIFE/FAMILY","36"
"32","ASSAULT (PAST): WEAPON/OUTSIDE","9"
"7","ASSAULT (IN PROGRESS): OTHER/FAMILY","153"
"26","ASSAULT (IN PROGRESS): WEAPON/TRANSIT","2"
"5","ASSAULT (PAST): KNIFE/SCHOOL","2"
"109","ASSAULT (PAST): OTHER/LTD ACC HWY","3"
"66","ASSAULT (PAST): KNIFE/SCHOOL","2"
"70","ASSAULT (PAST): OTHER/TRANSIT","5"
"42","ASSAULT (IN PROGRESS): OTHER/TRANSIT","4"
"17","ASSAULT (IN PROGRESS): OTHER/FAMILY","44"
"43","ASSAULT (PAST): WEAPON/INSIDE","28"
"70","ASSAULT (IN PROGRESS): KNIFE/LTD ACC HWY","1"
"108","ASSAULT (PAST): KNIFE/FAMILY","1"
"77","ASSAULT (PAST): OTHER/TRANSIT","14"
"20","ASSAULT (PAST): OTHER/TRANSIT","8"
"14","ASSAULT (IN PROGRESS): WEAPON/CHILD","2"
"7","ASSAULT (IN PROGRESS): SHOTS/OUTSIDE","9"
"73","ASSAULT (PAST): KNIFE/FAMILY","6"
"94","ASSAULT (IN PROGRESS): OTHER/INSIDE","156"
"90","ASSAULT (IN PROGRESS): KNIFE/OUTSIDE","20"
"62","ASSAULT (IN PROGRESS): KNIFE/TRANSIT","2"
"103","ASSAULT (IN PROGRESS): OTHER/CHILD ABUSE","45"
"83","ASSAULT (PAST): SHOTS/INSIDE","3"
"110","ASSAULT (PAST): WEAPON/SCHOOL","1"
"105","ASSAULT (PAST): WEAPON/INSIDE","9"
"103","ASSAULT (IN PROGRESS): KNIFE/INSIDE","63"
"107","ASSAULT (PAST): OTHER/CHILD ABUSE","9"
"1","ASSAULT (PAST): WEAPON/OUTSIDE","4"
"112","ASSAULT (IN PROGRESS): WEAPON/TRANSIT","1"
"84","ASSAULT (PAST): KNIFE/TRANSIT","1"
"1","ASSAULT (PAST): KNIFE/INSIDE","6"
"83","ASSAULT (IN PROGRESS): OTHER/SCHOOL","15"
"106","ASSAULT (PAST): WEAPON/SCHOOL","2"
"1","ASSAULT (IN PROGRESS): OTHER/OUTSIDE","291"
"7","ASSAULT (IN PROGRESS): OTHER/OUTSIDE","223"
"88","ASSAULT (PAST): SHOTS/INSIDE","1"
"43","ASSAULT (PAST): OTHER/SCHOOL","32"
"42","ASSAULT (IN PROGRESS): KNIFE/FAMILY","67"
"101","ASSAULT (PAST): WEAPON/INSIDE","25"
"108","ASSAULT (IN PROGRESS): WEAPON/LTD ACC HWY","2"
"109","ASSAULT (PAST): KNIFE/OUTSIDE","5"
"49","ASSAULT (PAST): KNIFE/INSIDE","54"
"100","ASSAULT (IN PROGRESS): WEAPON/FAMILY","11"
"40","ASSAULT (IN PROGRESS): SHOTS/OUTSIDE","89"
"73","ASSAULT (IN PROGRESS): SHOTS/INSIDE","38"
"33","ASSAULT (PAST): OTHER/INSIDE","149"
"23","ASSAULT (PAST): WEAPON/OUTSIDE","7"
"108","ASSAULT (IN PROGRESS): KNIFE/TRANSIT","9"
"88","ASSAULT (IN PROGRESS): KNIFE/SCHOOL","2"
"10","ASSAULT (IN PROGRESS): WEAPON/SCHOOL","1"
"23","ASSAULT (IN PROGRESS): OTHER/INSIDE","315"
"42","ASSAULT (IN PROGRESS): OTHER/OUTSIDE","407"
"103","ASSAULT (IN PROGRESS): KNIFE/SCHOOL","3"
"101","ASSAULT (IN PROGRESS): KNIFE/FAMILY","40"
"101","ASSAULT (PAST): OTHER/OUTSIDE","40"
"105","ASSAULT (IN PROGRESS): OTHER/OUTSIDE","289"
"1","ASSAULT (IN PROGRESS): SHOTS/FAMILY","1"
"26","ASSAULT (IN PROGRESS): SHOTS/TRANSIT","2"
"84","ASSAULT (PAST): KNIFE/FAMILY","1"
"18","ASSAULT (IN PROGRESS): OTHER/FAMILY","157"
"49","ASSAULT (PAST): WEAPON/FAMILY","3"
"90","ASSAULT (PAST): KNIFE/INSIDE","8"
"50","ASSAULT (IN PROGRESS): OTHER/LTD ACC HWY","3"
"66","ASSAULT (PAST): WEAPON/TRANSIT","2"
"18","ASSAULT (IN PROGRESS): SHOTS/INSIDE","9"
"20","ASSAULT (PAST): WEAPON/CHILD ABUSE","2"
"77","ASSAULT (PAST): OTHER/CHILD ABUSE","17"
"83","ASSAULT (IN PROGRESS): OTHER/FAMILY","371"
"32","ASSAULT (IN PROGRESS): WEAPON/CHILD","1"
"23","ASSAULT (IN PROGRESS): WEAPON/CHILD","2"
"17","ASSAULT (IN PROGRESS): WEAPON/INSIDE","16"
"107","ASSAULT (PAST): KNIFE/INSIDE","6"
"41","ASSAULT (IN PROGRESS): OTHER/TRANSIT","26"
"70","ASSAULT (IN PROGRESS): OTHER/CHILD ABUSE","15"
"71","ASSAULT (PAST): KNIFE/INSIDE","41"
"22","ASSAULT (PAST): WEAPON/OUTSIDE","2"
"30","ASSAULT (IN PROGRESS): KNIFE/TRANSIT","3"
"78","ASSAULT (IN PROGRESS): OTHER/OUTSIDE","167"
"50","ASSAULT (IN PROGRESS): OTHER/FAMILY","263"
"41","ASSAULT (IN PROGRESS): OTHER/LTD ACC HWY","1"
"75","ASSAULT (IN PROGRESS): KNIFE/FAMILY","81"
"28","ASSAULT (PAST): KNIFE/FAMILY","1"
"77","ASSAULT (IN PROGRESS): WEAPON/SCHOOL","2"
"108","ASSAULT (IN PROGRESS): WEAPON/FAMILY","12"
"47","ASSAULT (PAST): WEAPON/INSIDE","40"
"121","ASSAULT (PAST): WEAPON/FAMILY","1"
"78","ASSAULT (IN PROGRESS): KNIFE/INSIDE","18"
"17","ASSAULT (IN PROGRESS): OTHER/CHILD ABUSE","1"
"114","ASSAULT (IN PROGRESS): WEAPON/CHILD","3"
"20","ASSAULT (PAST): KNIFE/OUTSIDE","2"
"107","ASSAULT (IN PROGRESS): OTHER/SCHOOL","18"
"63","ASSAULT (IN PROGRESS): OTHER/CHILD ABUSE","15"
"105","ASSAULT (IN PROGRESS): OTHER/SCHOOL","16"
"19","ASSAULT (IN PROGRESS): SHOTS/INSIDE","10"
"34","ASSAULT (PAST): WEAPON/CHILD ABUSE","1"
"109","ASSAULT (IN PROGRESS): OTHER/LTD ACC HWY","6"
"18","ASSAULT (IN PROGRESS): OTHER/OUTSIDE","561"
"88","ASSAULT (IN PROGRESS): OTHER/TRANSIT","23"
"79","ASSAULT (IN PROGRESS): WEAPON/SCHOOL","2"
"90","ASSAULT (PAST): KNIFE/TRANSIT","1"
"68","ASSAULT (PAST): SHOTS/INSIDE","1"
"7","ASSAULT (IN PROGRESS): WEAPON/INSIDE","27"
"48","ASSAULT (PAST): SHOTS/INSIDE","16"
"83","ASSAULT (PAST): OTHER/CHILD ABUSE","5"
"66","ASSAULT (IN PROGRESS): OTHER/SCHOOL","9"
"17","ASSAULT (PAST): KNIFE/FAMILY","2"
"26","ASSAULT (IN PROGRESS): KNIFE/INSIDE","14"
"42","ASSAULT (PAST): WEAPON/OUTSIDE","14"
"113","ASSAULT (IN PROGRESS): KNIFE/OUTSIDE","37"
"88","ASSAULT (IN PROGRESS): KNIFE/FAMILY","7"
"61","ASSAULT (IN PROGRESS): WEAPON/INSIDE","34"
"26","ASSAULT (PAST): SHOTS/OUTSIDE","1"
"24","ASSAULT (IN PROGRESS): SHOTS/LTD ACC HWY","2"
"121","ASSAULT (IN PROGRESS): WEAPON/FAMILY","22"
"105","ASSAULT (PAST): WEAPON/CHILD ABUSE","2"
"111","ASSAULT (PAST): OTHER/FAMILY","17"
"17","ASSAULT (IN PROGRESS): SHOTS/FAMILY","1"
"67","ASSAULT (PAST): KNIFE/FAMILY","4"
"81","ASSAULT (IN PROGRESS): OTHER/TRANSIT","23"
"20","ASSAULT (IN PROGRESS): OTHER/OUTSIDE","168"
"10","ASSAULT (PAST): OTHER/OUTSIDE","71"
"83","ASSAULT (PAST): OTHER/TRANSIT","8"
"46","ASSAULT (IN PROGRESS): WEAPON/INSIDE","127"
"14","ASSAULT (PAST): OTHER/CHILD ABUSE","4"
"60","ASSAULT (IN PROGRESS): OTHER/TRANSIT","30"
"41","ASSAULT (PAST): SHOTS/INSIDE","3"
"90","ASSAULT (IN PROGRESS): OTHER/TRANSIT","28"
"75","ASSAULT (PAST): KNIFE/OUTSIDE","15"
"69","ASSAULT (IN PROGRESS): OTHER/SCHOOL","3"
"67","ASSAULT (PAST): WEAPON/FAMILY","9"
"9","ASSAULT (PAST): OTHER/SCHOOL","9"
"68","ASSAULT (PAST): WEAPON/OUTSIDE","3"
"88","ASSAULT (IN PROGRESS): KNIFE/TRANSIT","1"
"94","ASSAULT (IN PROGRESS): KNIFE/OUTSIDE","12"
"62","ASSAULT (IN PROGRESS): KNIFE/OUTSIDE","24"
"52","ASSAULT (PAST): WEAPON/FAMILY","7"
"42","ASSAULT (PAST): OTHER/OUTSIDE","107"
"41","ASSAULT (IN PROGRESS): KNIFE/FAMILY","35"
"22","ASSAULT (IN PROGRESS): WEAPON/OUTSIDE","3"
"13","ASSAULT (PAST): KNIFE/INSIDE","26"
"111","ASSAULT (IN PROGRESS): OTHER/SCHOOL","7"
"5","ASSAULT (PAST): OTHER/TRANSIT","31"
"70","ASSAULT (IN PROGRESS): WEAPON/FAMILY","20"
"28","ASSAULT (IN PROGRESS): OTHER/TRANSIT","36"
"109","ASSAULT (PAST): WEAPON/TRANSIT","1"
"76","ASSAULT (IN PROGRESS): OTHER/SCHOOL","9"
"68","ASSAULT (IN PROGRESS): OTHER/OUTSIDE","163"
"25","ASSAULT (PAST): OTHER/SCHOOL","21"
"61","ASSAULT (IN PROGRESS): SHOTS/SCHOOL","1"
"19","ASSAULT (IN PROGRESS): OTHER/TRANSIT","65"
"7","ASSAULT (PAST): OTHER/SCHOOL","11"
"44","ASSAULT (IN PROGRESS): OTHER/INSIDE","753"
"34","ASSAULT (PAST): KNIFE/FAMILY","2"
"73","ASSAULT (IN PROGRESS): OTHER/INSIDE","798"
"81","ASSAULT (IN PROGRESS): KNIFE/OUTSIDE","35"
"75","ASSAULT (IN PROGRESS): KNIFE/TRANSIT","3"
"90","ASSAULT (PAST): OTHER/SCHOOL","19"
"14","ASSAULT (PAST): OTHER/INSIDE","265"
"79","ASSAULT (IN PROGRESS): KNIFE/INSIDE","42"
"123","ASSAULT (IN PROGRESS): KNIFE/SCHOOL","2"
"66","ASSAULT (PAST): OTHER/OUTSIDE","61"
"66","ASSAULT (IN PROGRESS): OTHER/INSIDE","182"
"71","ASSAULT (IN PROGRESS): OTHER/INSIDE","334"
"103","ASSAULT (PAST): OTHER/CHILD ABUSE","15"
"77","ASSAULT (IN PROGRESS): OTHER/TRANSIT","32"
"34","ASSAULT (IN PROGRESS): OTHER/OUTSIDE","271"
"18","ASSAULT (PAST): WEAPON/INSIDE","11"
"114","ASSAULT (PAST): KNIFE/INSIDE","20"
"40","ASSAULT (IN PROGRESS): OTHER/INSIDE","659"
"84","ASSAULT (IN PROGRESS): WEAPON/FAMILY","7"
"115","ASSAULT (PAST): KNIFE/TRANSIT","1"
"81","ASSAULT (PAST): OTHER/TRANSIT","5"
"101","ASSAULT (IN PROGRESS): WEAPON/FAMILY","37"
"79","ASSAULT (PAST): SHOTS/INSIDE","1"
"94","ASSAULT (PAST): WEAPON/OUTSIDE","3"
"46","ASSAULT (PAST): WEAPON/CHILD ABUSE","1"
"1","ASSAULT (IN PROGRESS): SHOTS/INSIDE","8"
"111","ASSAULT (PAST): OTHER/OUTSIDE","11"
"94","ASSAULT (IN PROGRESS): OTHER/OUTSIDE","171"
"34","ASSAULT (IN PROGRESS): WEAPON/OUTSIDE","69"
"46","ASSAULT (PAST): WEAPON/SCHOOL","3"
"90","ASSAULT (PAST): OTHER/FAMILY","34"
"13","ASSAULT (PAST): WEAPON/INSIDE","18"
"60","ASSAULT (IN PROGRESS): WEAPON/FAMILY","22"
"114","ASSAULT (IN PROGRESS): WEAPON/TRANSIT","3"
"22","ASSAULT (IN PROGRESS): OTHER/TRANSIT","1"
"13","ASSAULT (IN PROGRESS): KNIFE/TRANSIT","14"
"72","ASSAULT (IN PROGRESS): WEAPON/INSIDE","24"
"20","ASSAULT (PAST): WEAPON/OUTSIDE","4"
"44","ASSAULT (IN PROGRESS): KNIFE/TRANSIT","6"
"49","ASSAULT (IN PROGRESS): OTHER/CHILD ABUSE","54"
"105","ASSAULT (IN PROGRESS): KNIFE/SCHOOL","4"
"30","ASSAULT (PAST): KNIFE/INSIDE","8"
"107","ASSAULT (IN PROGRESS): OTHER/INSIDE","235"
"102","ASSAULT (PAST): OTHER/SCHOOL","6"
"44","ASSAULT (IN PROGRESS): OTHER/FAMILY","960"
"40","ASSAULT (IN PROGRESS): WEAPON/OUTSIDE","134"
"94","ASSAULT (IN PROGRESS): OTHER/FAMILY","123"
"110","ASSAULT (PAST): KNIFE/OUTSIDE","13"
"111","ASSAULT (PAST): SHOTS/INSIDE","1"
"46","ASSAULT (IN PROGRESS): WEAPON/LTD ACC HWY","1"
"32","ASSAULT (IN PROGRESS): KNIFE/INSIDE","56"
"32","ASSAULT (IN PROGRESS): OTHER/INSIDE","377"
"19","ASSAULT (IN PROGRESS): OTHER/SCHOOL","5"
"19","ASSAULT (PAST): KNIFE/OUTSIDE","3"
"45","ASSAULT (IN PROGRESS): OTHER/SCHOOL","21"
"1","ASSAULT (PAST): OTHER/CHILD ABUSE","8"
"50","ASSAULT (IN PROGRESS): WEAPON/OUTSIDE","34"
"90","ASSAULT (PAST): OTHER/INSIDE","138"
"66","ASSAULT (IN PROGRESS): OTHER/FAMILY","183"
"45","ASSAULT (IN PROGRESS): OTHER/OUTSIDE","220"
"84","ASSAULT (PAST): OTHER/FAMILY","18"
"106","ASSAULT (IN PROGRESS): WEAPON/CHILD","1"
"70","ASSAULT (IN PROGRESS): OTHER/SCHOOL","13"
"6","ASSAULT (IN PROGRESS): WEAPON/TRANSIT","3"
"46","ASSAULT (IN PROGRESS): OTHER/SCHOOL","16"
"41","ASSAULT (IN PROGRESS): SHOTS/OUTSIDE","24"
"115","ASSAULT (IN PROGRESS): WEAPON/FAMILY","25"
"9","ASSAULT (PAST): OTHER/OUTSIDE","86"
"102","ASSAULT (IN PROGRESS): WEAPON/LTD ACC HWY","1"
"67","ASSAULT (IN PROGRESS): KNIFE/FAMILY","51"
"109","ASSAULT (IN PROGRESS): KNIFE/OUTSIDE","29"
"108","ASSAULT (IN PROGRESS): KNIFE/FAMILY","11"
"121","ASSAULT (PAST): WEAPON/LTD ACC HWY","2"
"5","ASSAULT (PAST): OTHER/CHILD ABUSE","6"
"115","ASSAULT (IN PROGRESS): OTHER/SCHOOL","1"
"42","ASSAULT (IN PROGRESS): SHOTS/FAMILY","5"
"76","ASSAULT (IN PROGRESS): WEAPON/SCHOOL","4"
"73","ASSAULT (IN PROGRESS): OTHER/OUTSIDE","426"
"24","ASSAULT (IN PROGRESS): WEAPON/FAMILY","11"
"44","ASSAULT (PAST): WEAPON/FAMILY","6"
"116","ASSAULT (PAST): OTHER/INSIDE","3"
"9","ASSAULT (PAST): SHOTS/OUTSIDE","1"
"102","ASSAULT (IN PROGRESS): KNIFE/TRANSIT","3"
"47","ASSAULT (PAST): SHOTS/OUTSIDE","2"
"88","ASSAULT (IN PROGRESS): OTHER/OUTSIDE","192"
"28","ASSAULT (IN PROGRESS): OTHER/CHILD ABUSE","9"
"13","ASSAULT (IN PROGRESS): OTHER/TRANSIT","97"
"68","ASSAULT (IN PROGRESS): SHOTS/OUTSIDE","2"
"62","ASSAULT (IN PROGRESS): OTHER/INSIDE","189"
"68","ASSAULT (IN PROGRESS): KNIFE/OUTSIDE","16"
"46","ASSAULT (IN PROGRESS): WEAPON/FAMILY","104"
"14","ASSAULT (IN PROGRESS): WEAPON/TRANSIT","11"
"45","ASSAULT (IN PROGRESS): WEAPON/FAMILY","25"
"5","ASSAULT (PAST): KNIFE/OUTSIDE","8"
"121","ASSAULT (IN PROGRESS): WEAPON/CHILD","4"
"13","ASSAULT (IN PROGRESS): SHOTS/OUTSIDE","12"
"41","ASSAULT (IN PROGRESS): OTHER/CHILD ABUSE","20"
"78","ASSAULT (IN PROGRESS): WEAPON/FAMILY","3"
"104","ASSAULT (IN PROGRESS): SHOTS/FAMILY","2"
"83","ASSAULT (PAST): SHOTS/FAMILY","1"
"106","ASSAULT (IN PROGRESS): WEAPON/SCHOOL","2"
"109","ASSAULT (IN PROGRESS): SHOTS/INSIDE","6"
"50","ASSAULT (PAST): SHOTS/OUTSIDE","2"
"123","ASSAULT (IN PROGRESS): WEAPON/INSIDE","2"
"50","ASSAULT (PAST): KNIFE/OUTSIDE","2"
"73","ASSAULT (PAST): SHOTS/INSIDE","5"
"23","ASSAULT (PAST): SHOTS/INSIDE","4"
"9","ASSAULT (IN PROGRESS): OTHER/LTD ACC HWY","2"
"52","ASSAULT (PAST): SHOTS/OUTSIDE","2"
"14","ASSAULT (IN PROGRESS): KNIFE/TRANSIT","21"
"73","ASSAULT (IN PROGRESS): SHOTS/FAMILY","2"
"121","ASSAULT (IN PROGRESS): OTHER/LTD ACC HWY","6"
"123","ASSAULT (IN PROGRESS): SHOTS/INSIDE","4"
"105","ASSAULT (IN PROGRESS): SHOTS/INSIDE","15"
"111","ASSAULT (PAST): WEAPON/INSIDE","3"
"114","ASSAULT (IN PROGRESS): SHOTS/INSIDE","9"
"68","ASSAULT (IN PROGRESS): OTHER/CHILD ABUSE","7"
"75","ASSAULT (PAST): KNIFE/INSIDE","25"
"114","ASSAULT (PAST): OTHER/FAMILY","98"
"47","ASSAULT (IN PROGRESS): OTHER/FAMILY","899"
"115","ASSAULT (IN PROGRESS): WEAPON/INSIDE","45"
"61","ASSAULT (IN PROGRESS): OTHER/LTD ACC HWY","2"
"60","ASSAULT (PAST): WEAPON/OUTSIDE","10"
"17","ASSAULT (IN PROGRESS): WEAPON/TRANSIT","5"
"112","ASSAULT (PAST): OTHER/CHILD ABUSE","1"
"78","ASSAULT (PAST): OTHER/CHILD ABUSE","3"
"1","ASSAULT (PAST): KNIFE/OUTSIDE","5"
"61","ASSAULT (IN PROGRESS): SHOTS/FAMILY","1"
"1","ASSAULT (PAST): OTHER/SCHOOL","8"
"102","ASSAULT (PAST): WEAPON/TRANSIT","1"
"48","ASSAULT (IN PROGRESS): SHOTS/OUTSIDE","64"
"79","ASSAULT (PAST): KNIFE/FAMILY","4"
"33","ASSAULT (IN PROGRESS): OTHER/CHILD ABUSE","11"
"41","ASSAULT (PAST): WEAPON/TRANSIT","1"
"62","ASSAULT (IN PROGRESS): OTHER/OUTSIDE","250"
"77","ASSAULT (IN PROGRESS): KNIFE/INSIDE","31"
"6","ASSAULT (IN PROGRESS): OTHER/INSIDE","135"
"107","ASSAULT (PAST): WEAPON/CHILD ABUSE","2"
"28","ASSAULT (PAST): WEAPON/INSIDE","12"
"14","ASSAULT (IN PROGRESS): WEAPON/OUTSIDE","94"
"115","ASSAULT (IN PROGRESS): OTHER/FAMILY","572"
"33","ASSAULT (PAST): WEAPON/OUTSIDE","7"
"71","ASSAULT (PAST): WEAPON/INSIDE","19"
"94","ASSAULT (IN PROGRESS): OTHER/SCHOOL","4"
"101","ASSAULT (IN PROGRESS): OTHER/TRANSIT","9"
"69","ASSAULT (IN PROGRESS): OTHER/OUTSIDE","155"
"6","ASSAULT (PAST): OTHER/OUTSIDE","85"
"81","ASSAULT (PAST): KNIFE/FAMILY","3"
"112","ASSAULT (PAST): OTHER/INSIDE","93"
"9","ASSAULT (IN PROGRESS): OTHER/TRANSIT","26"
"79","ASSAULT (PAST): OTHER/OUTSIDE","68"
"40","ASSAULT (IN PROGRESS): OTHER/SCHOOL","38"
"112","ASSAULT (PAST): OTHER/LTD ACC HWY","1"
"102","ASSAULT (PAST): WEAPON/OUTSIDE","9"
"60","ASSAULT (IN PROGRESS): OTHER/CHILD ABUSE","17"
"66","ASSAULT (PAST): OTHER/TRANSIT","1"
"44","ASSAULT (IN PROGRESS): WEAPON/TRANSIT","2"
"34","ASSAULT (PAST): WEAPON/INSIDE","11"
"62","ASSAULT (PAST): OTHER/TRANSIT","3"
"79","ASSAULT (PAST): KNIFE/TRANSIT","1"
"79","ASSAULT (PAST): WEAPON/FAMILY","2"
"69","ASSAULT (PAST): OTHER/OUTSIDE","39"
"102","ASSAULT (PAST): KNIFE/TRANSIT","1"
"72","ASSAULT (IN PROGRESS): OTHER/SCHOOL","8"
"115","ASSAULT (IN PROGRESS): OTHER/TRANSIT","45"
"43","ASSAULT (PAST): OTHER/INSIDE","275"
"42","ASSAULT (PAST): OTHER/TRANSIT","2"
"47","ASSAULT (PAST): KNIFE/INSIDE","40"
"113","ASSAULT (PAST): OTHER/OUTSIDE","54"
"25","ASSAULT (IN PROGRESS): WEAPON/CHILD","4"
"68","ASSAULT (PAST): WEAPON/FAMILY","2"
"81","ASSAULT (PAST): OTHER/INSIDE","216"
"20","ASSAULT (PAST): OTHER/OUTSIDE","39"
"66","ASSAULT (IN PROGRESS): WEAPON/CHILD","1"
"26","ASSAULT (IN PROGRESS): OTHER/FAMILY","111"
"77","ASSAULT (IN PROGRESS): OTHER/SCHOOL","11"
"34","ASSAULT (IN PROGRESS): SHOTS/INSIDE","4"
"90","ASSAULT (PAST): OTHER/TRANSIT","14"
"79","ASSAULT (IN PROGRESS): KNIFE/TRANSIT","3"
"5","ASSAULT (IN PROGRESS): OTHER/FAMILY","88"
"9","ASSAULT (PAST): KNIFE/INSIDE","5"
"72","ASSAULT (PAST): KNIFE/OUTSIDE","14"
"73","ASSAULT (IN PROGRESS): KNIFE/INSIDE","77"
"43","ASSAULT (PAST): SHOTS/INSIDE","5"
"7","ASSAULT (IN PROGRESS): OTHER/SCHOOL","9"
"76","ASSAULT (PAST): KNIFE/INSIDE","3"
"48","ASSAULT (IN PROGRESS): WEAPON/SCHOOL","6"
"71","ASSAULT (PAST): WEAPON/OUTSIDE","3"
"23","ASSAULT (IN PROGRESS): KNIFE/OUTSIDE","29"
"49","ASSAULT (PAST): OTHER/INSIDE","292"
"114","ASSAULT (PAST): WEAPON/SCHOOL","2"
"10","ASSAULT (PAST): OTHER/FAMILY","25"
"45","ASSAULT (PAST): OTHER/LTD ACC HWY","1"
"42","ASSAULT (PAST): SHOTS/INSIDE","6"
"112","ASSAULT (IN PROGRESS): WEAPON/OUTSIDE","20"
"78","ASSAULT (IN PROGRESS): SHOTS/FAMILY","1"
"115","ASSAULT (PAST): OTHER/INSIDE","170"
"30","ASSAULT (PAST): KNIFE/OUTSIDE","11"
"102","ASSAULT (PAST): WEAPON/SCHOOL","1"
"122","ASSAULT (PAST): OTHER/FAMILY","43"
"122","ASSAULT (IN PROGRESS): SHOTS/INSIDE","4"
"43","ASSAULT (IN PROGRESS): OTHER/CHILD ABUSE","47"
"45","ASSAULT (IN PROGRESS): OTHER/CHILD ABUSE","15"
"20","ASSAULT (PAST): OTHER/FAMILY","10"
"14","ASSAULT (IN PROGRESS): SHOTS/INSIDE","16"
"52","ASSAULT (IN PROGRESS): WEAPON/CHILD","1"
"30","ASSAULT (PAST): WEAPON/OUTSIDE","5"
"113","ASSAULT (IN PROGRESS): WEAPON/OUTSIDE","50"
"13","ASSAULT (IN PROGRESS): OTHER/FAMILY","88"
"102","ASSAULT (PAST): KNIFE/INSIDE","73"
"63","ASSAULT (IN PROGRESS): WEAPON/INSIDE","20"
"103","ASSAULT (PAST): SHOTS/INSIDE","1"
"113","ASSAULT (IN PROGRESS): OTHER/CHILD ABUSE","32"
"84","ASSAULT (PAST): KNIFE/SCHOOL","2"
"67","ASSAULT (PAST): OTHER/INSIDE","284"
"32","ASSAULT (IN PROGRESS): SHOTS/TRANSIT","2"
"116","ASSAULT (IN PROGRESS): OTHER/INSIDE","5"
"23","ASSAULT (IN PROGRESS): KNIFE/INSIDE","29"
"48","ASSAULT (PAST): OTHER/INSIDE","367"
"78","ASSAULT (IN PROGRESS): WEAPON/INSIDE","35"
"122","ASSAULT (IN PROGRESS): OTHER/SCHOOL","10"
"121","ASSAULT (PAST): OTHER/OUTSIDE","36"
"115","ASSAULT (IN PROGRESS): WEAPON/CHILD","3"
"61","ASSAULT (IN PROGRESS): KNIFE/INSIDE","17"
"75","ASSAULT (PAST): OTHER/INSIDE","504"
"123","ASSAULT (IN PROGRESS): OTHER/FAMILY","107"
"49","ASSAULT (PAST): SHOTS/OUTSIDE","2"
"9","ASSAULT (PAST): WEAPON/FAMILY","2"
"120","ASSAULT (IN PROGRESS): OTHER/SCHOOL","28"
"114","ASSAULT (IN PROGRESS): OTHER/TRANSIT","46"
"115","ASSAULT (IN PROGRESS): SHOTS/INSIDE","5"
"100","ASSAULT (IN PROGRESS): WEAPON/TRANSIT","1"
"66","ASSAULT (IN PROGRESS): KNIFE/INSIDE","17"
"101","ASSAULT (PAST): OTHER/INSIDE","209"
"60","ASSAULT (IN PROGRESS): KNIFE/INSIDE","37"
"88","ASSAULT (IN PROGRESS): SHOTS/OUTSIDE","16"
"76","ASSAULT (IN PROGRESS): WEAPON/TRANSIT","3"
"48","ASSAULT (PAST): SHOTS/OUTSIDE","1"
"33","ASSAULT (PAST): OTHER/OUTSIDE","50"
"30","ASSAULT (IN PROGRESS): OTHER/FAMILY","177"
"69","ASSAULT (IN PROGRESS): KNIFE/TRANSIT","3"
"104","ASSAULT (IN PROGRESS): OTHER/CHILD ABUSE","11"
"122","ASSAULT (IN PROGRESS): KNIFE/INSIDE","13"
"9","ASSAULT (IN PROGRESS): KNIFE/TRANSIT","1"
"46","ASSAULT (IN PROGRESS): SHOTS/OUTSIDE","77"
"32","ASSAULT (IN PROGRESS): SHOTS/INSIDE","17"
"41","ASSAULT (IN PROGRESS): OTHER/FAMILY","379"
"84","ASSAULT (IN PROGRESS): OTHER/CHILD ABUSE","7"
"88","ASSAULT (IN PROGRESS): SHOTS/INSIDE","11"
"19","ASSAULT (IN PROGRESS): WEAPON/OUTSIDE","33"
"109","ASSAULT (IN PROGRESS): OTHER/SCHOOL","17"
"72","ASSAULT (IN PROGRESS): SHOTS/OUTSIDE","11"
"1","ASSAULT (IN PROGRESS): SHOTS/OUTSIDE","17"
"28","ASSAULT (PAST): OTHER/OUTSIDE","133"
"106","ASSAULT (IN PROGRESS): SHOTS/INSIDE","17"
"76","ASSAULT (IN PROGRESS): KNIFE/OUTSIDE","11"
"106","ASSAULT (PAST): WEAPON/CHILD ABUSE","1"
"112","ASSAULT (PAST): WEAPON/OUTSIDE","3"
"76","ASSAULT (IN PROGRESS): WEAPON/INSIDE","11"
"120","ASSAULT (IN PROGRESS): WEAPON/INSIDE","58"
"33","ASSAULT (PAST): OTHER/TRANSIT","7"
"71","ASSAULT (IN PROGRESS): WEAPON/CHILD","2"
"44","ASSAULT (IN PROGRESS): WEAPON/SCHOOL","2"
"62","ASSAULT (PAST): WEAPON/TRANSIT","1"
"66","ASSAULT (PAST): WEAPON/FAMILY","2"
"79","ASSAULT (PAST): KNIFE/INSIDE","7"
"41","ASSAULT (PAST): OTHER/CHILD ABUSE","14"
"6","ASSAULT (PAST): OTHER/CHILD ABUSE","1"
"44","ASSAULT (IN PROGRESS): WEAPON/CHILD","3"
"9","ASSAULT (IN PROGRESS): OTHER/FAMILY","161"
"111","ASSAULT (PAST): WEAPON/CHILD ABUSE","1"
"28","ASSAULT (IN PROGRESS): OTHER/INSIDE","294"
"115","ASSAULT (PAST): KNIFE/INSIDE","8"
"107","ASSAULT (PAST): WEAPON/TRANSIT","2"
"62","ASSAULT (PAST): OTHER/FAMILY","30"
"73","ASSAULT (IN PROGRESS): WEAPON/CHILD","7"
"105","ASSAULT (IN PROGRESS): WEAPON/FAMILY","32"
"110","ASSAULT (PAST): OTHER/CHILD ABUSE","13"
"81","ASSAULT (PAST): KNIFE/OUTSIDE","8"
"78","ASSAULT (PAST): OTHER/OUTSIDE","43"
"88","ASSAULT (PAST): OTHER/FAMILY","21"
"72","ASSAULT (IN PROGRESS): OTHER/LTD ACC HWY","1"
"19","ASSAULT (IN PROGRESS): WEAPON/FAMILY","9"
"22","ASSAULT (IN PROGRESS): OTHER/OUTSIDE","32"
"28","ASSAULT (IN PROGRESS): KNIFE/INSIDE","40"
"50","ASSAULT (IN PROGRESS): WEAPON/LTD ACC HWY","1"
"13","ASSAULT (PAST): SHOTS/OUTSIDE","2"
"62","ASSAULT (IN PROGRESS): OTHER/CHILD ABUSE","21"
"50","ASSAULT (IN PROGRESS): SHOTS/CHILD","1"
"70","ASSAULT (IN PROGRESS): KNIFE/OUTSIDE","37"
"108","ASSAULT (IN PROGRESS): OTHER/CHILD ABUSE","8"
"61","ASSAULT (IN PROGRESS): OTHER/INSIDE","242"
"26","ASSAULT (IN PROGRESS): OTHER/TRANSIT","29"
"79","ASSAULT (PAST): OTHER/CHILD ABUSE","12"
"111","ASSAULT (PAST): OTHER/SCHOOL","21"
"111","ASSAULT (IN PROGRESS): WEAPON/FAMILY","8"
"113","ASSAULT (PAST): OTHER/CHILD ABUSE","10"
"110","ASSAULT (PAST): KNIFE/INSIDE","26"
"81","ASSAULT (IN PROGRESS): OTHER/CHILD ABUSE","13"
"44","ASSAULT (PAST): WEAPON/INSIDE","50"
"106","ASSAULT (IN PROGRESS): OTHER/INSIDE","238"
"90","ASSAULT (PAST): WEAPON/TRANSIT","1"
"42","ASSAULT (IN PROGRESS): OTHER/INSIDE","699"
"44","ASSAULT (IN PROGRESS): WEAPON/INSIDE","131"
"10","ASSAULT (PAST): OTHER/CHILD ABUSE","5"
"121","ASSAULT (IN PROGRESS): KNIFE/LTD ACC HWY","1"
"73","ASSAULT (PAST): KNIFE/INSIDE","19"
"42","ASSAULT (PAST): OTHER/SCHOOL","34"
"5","ASSAULT (IN PROGRESS): OTHER/INSIDE","245"
"83","ASSAULT (IN PROGRESS): OTHER/OUTSIDE","416"
"44","ASSAULT (PAST): OTHER/TRANSIT","27"
"113","ASSAULT (IN PROGRESS): SHOTS/OUTSIDE","26"
"62","ASSAULT (IN PROGRESS): WEAPON/SCHOOL","3"
"73","ASSAULT (IN PROGRESS): OTHER/TRANSIT","48"
"60","ASSAULT (PAST): KNIFE/INSIDE","28"
"94","ASSAULT (IN PROGRESS): OTHER/TRANSIT","20"
"45","ASSAULT (IN PROGRESS): WEAPON/LTD ACC HWY","1"
"100","ASSAULT (IN PROGRESS): WEAPON/OUTSIDE","25"
"25","ASSAULT (PAST): WEAPON/INSIDE","6"
"70","ASSAULT (IN PROGRESS): WEAPON/INSIDE","51"
"68","ASSAULT (IN PROGRESS): SHOTS/INSIDE","6"
"44","ASSAULT (IN PROGRESS): WEAPON/FAMILY","88"
"81","ASSAULT (IN PROGRESS): SHOTS/INSIDE","22"
"40","ASSAULT (IN PROGRESS): KNIFE/FAMILY","50"
"116","ASSAULT (IN PROGRESS): OTHER/FAMILY","12"
"5","ASSAULT (IN PROGRESS): OTHER/OUTSIDE","268"
"7","ASSAULT (IN PROGRESS): WEAPON/OUTSIDE","27"
"78","ASSAULT (PAST): WEAPON/SCHOOL","2"
"81","ASSAULT (PAST): SHOTS/OUTSIDE","6"
"76","ASSAULT (IN PROGRESS): KNIFE/FAMILY","2"
"42","ASSAULT (IN PROGRESS): SHOTS/OUTSIDE","54"
"94","ASSAULT (PAST): SHOTS/INSIDE","2"
"62","ASSAULT (PAST): WEAPON/FAMILY","1"
"22","ASSAULT (PAST): OTHER/OUTSIDE","7"
"114","ASSAULT (IN PROGRESS): WEAPON/OUTSIDE","85"
"14","ASSAULT (IN PROGRESS): OTHER/INSIDE","466"
"77","ASSAULT (IN PROGRESS): SHOTS/INSIDE","34"
"23","ASSAULT (IN PROGRESS): KNIFE/CHILD ABUSE","1"
"30","ASSAULT (PAST): OTHER/SCHOOL","5"
"48","ASSAULT (PAST): WEAPON/OUTSIDE","16"
"108","ASSAULT (PAST): WEAPON/TRANSIT","2"
"20","ASSAULT (IN PROGRESS): OTHER/FAMILY","105"
"78","ASSAULT (IN PROGRESS): OTHER/SCHOOL","3"
"18","ASSAULT (PAST): WEAPON/OUTSIDE","15"
"112","ASSAULT (PAST): KNIFE/INSIDE","2"
"77","ASSAULT (PAST): WEAPON/SCHOOL","2"
"72","ASSAULT (PAST): KNIFE/INSIDE","14"
"5","ASSAULT (PAST): KNIFE/FAMILY","1"
"44","ASSAULT (PAST): SHOTS/INSIDE","22"
"62","ASSAULT (IN PROGRESS): WEAPON/FAMILY","17"
"81","ASSAULT (PAST): SHOTS/INSIDE","15"
"60","ASSAULT (IN PROGRESS): OTHER/INSIDE","323"
"46","ASSAULT (IN PROGRESS): WEAPON/TRANSIT","27"
"75","ASSAULT (IN PROGRESS): WEAPON/SCHOOL","5"
"114","ASSAULT (PAST): OTHER/OUTSIDE","114"
"102","ASSAULT (IN PROGRESS): SHOTS/FAMILY","1"
"49","ASSAULT (IN PROGRESS): OTHER/LTD ACC HWY","1"
"44","ASSAULT (PAST): OTHER/CHILD ABUSE","32"
"24","ASSAULT (IN PROGRESS): OTHER/SCHOOL","2"
"48","ASSAULT (IN PROGRESS): KNIFE/OUTSIDE","90"
"81","ASSAULT (IN PROGRESS): KNIFE/FAMILY","24"
"104","ASSAULT (PAST): WEAPON/INSIDE","7"
"1","ASSAULT (PAST): OTHER/TRANSIT","49"
"90","ASSAULT (IN PROGRESS): SHOTS/OUTSIDE","15"
"88","ASSAULT (IN PROGRESS): WEAPON/FAMILY","9"
"76","ASSAULT (IN PROGRESS): OTHER/INSIDE","87"
"81","ASSAULT (PAST): KNIFE/INSIDE","35"
"52","ASSAULT (IN PROGRESS): KNIFE/INSIDE","90"
"116","ASSAULT (IN PROGRESS): WEAPON/OUTSIDE","1"
"120","ASSAULT (PAST): KNIFE/OUTSIDE","8"
"14","ASSAULT (PAST): KNIFE/INSIDE","1"
"41","ASSAULT (PAST): KNIFE/FAMILY","1"
"73","ASSAULT (PAST): OTHER/INSIDE","350"
"90","ASSAULT (IN PROGRESS): KNIFE/SCHOOL","1"
"43","ASSAULT (PAST): KNIFE/SCHOOL","3"
"47","ASSAULT (IN PROGRESS): OTHER/SCHOOL","29"
"102","ASSAULT (IN PROGRESS): OTHER/LTD ACC HWY","6"
"60","ASSAULT (PAST): OTHER/TRANSIT","18"
"40","ASSAULT (IN PROGRESS): SHOTS/FAMILY","3"
"70","ASSAULT (PAST): OTHER/OUTSIDE","90"
"114","ASSAULT (IN PROGRESS): SHOTS/FAMILY","1"
"107","ASSAULT (PAST): WEAPON/FAMILY","5"
"67","ASSAULT (IN PROGRESS): OTHER/FAMILY","714"
"73","ASSAULT (PAST): OTHER/SCHOOL","29"
"84","ASSAULT (IN PROGRESS): WEAPON/SCHOOL","2"
"106","ASSAULT (PAST): KNIFE/OUTSIDE","5"
"7","ASSAULT (PAST): WEAPON/FAMILY","3"
"88","ASSAULT (IN PROGRESS): SHOTS/TRANSIT","1"
"43","ASSAULT (IN PROGRESS): OTHER/TRANSIT","17"
"72","ASSAULT (PAST): OTHER/FAMILY","43"
"6","ASSAULT (PAST): WEAPON/OUTSIDE","4"
"103","ASSAULT (PAST): WEAPON/CHILD ABUSE","4"
"70","ASSAULT (IN PROGRESS): WEAPON/CHILD","2"
"52","ASSAULT (PAST): WEAPON/TRANSIT","3"
"24","ASSAULT (PAST): OTHER/CHILD ABUSE","4"
"108","ASSAULT (IN PROGRESS): WEAPON/TRANSIT","9"
"110","ASSAULT (IN PROGRESS): KNIFE/TRANSIT","2"
"7","ASSAULT (IN PROGRESS): OTHER/TRANSIT","35"
"120","ASSAULT (IN PROGRESS): OTHER/FAMILY","517"
"19","ASSAULT (IN PROGRESS): WEAPON/LTD ACC HWY","1"
"9","ASSAULT (IN PROGRESS): OTHER/OUTSIDE","347"
"50","ASSAULT (IN PROGRESS): SHOTS/FAMILY","2"
"6","ASSAULT (PAST): KNIFE/INSIDE","5"
"44","ASSAULT (IN PROGRESS): OTHER/TRANSIT","41"
"67","ASSAULT (PAST): SHOTS/FAMILY","1"
"122","ASSAULT (IN PROGRESS): WEAPON/CHILD","2"
"88","ASSAULT (IN PROGRESS): WEAPON/INSIDE","35"
"17","ASSAULT (PAST): OTHER/LTD ACC HWY","1"
"67","ASSAULT (IN PROGRESS): OTHER/SCHOOL","20"
"43","ASSAULT (IN PROGRESS): WEAPON/FAMILY","85"
"47","ASSAULT (IN PROGRESS): SHOTS/TRANSIT","4"
"62","ASSAULT (IN PROGRESS): SHOTS/FAMILY","1"
"14","ASSAULT (PAST): SHOTS/OUTSIDE","4"
"42","ASSAULT (IN PROGRESS): OTHER/CHILD ABUSE","36"
"9","ASSAULT (IN PROGRESS): WEAPON/OUTSIDE","64"
"50","ASSAULT (IN PROGRESS): OTHER/CHILD ABUSE","9"
"10","ASSAULT (IN PROGRESS): OTHER/SCHOOL","9"
"112","ASSAULT (IN PROGRESS): OTHER/FAMILY","134"
"34","ASSAULT (IN PROGRESS): WEAPON/INSIDE","32"
"7","ASSAULT (IN PROGRESS): OTHER/CHILD ABUSE","4"
"79","ASSAULT (IN PROGRESS): OTHER/FAMILY","319"
"70","ASSAULT (PAST): OTHER/INSIDE","244"
"120","ASSAULT (PAST): OTHER/SCHOOL","25"
"83","ASSAULT (PAST): OTHER/SCHOOL","31"
"78","ASSAULT (PAST): SHOTS/INSIDE","3"
"24","ASSAULT (IN PROGRESS): SHOTS/INSIDE","3"
"81","ASSAULT (PAST): KNIFE/SCHOOL","2"
"24","ASSAULT (PAST): WEAPON/FAMILY","2"
"110","ASSAULT (PAST): OTHER/FAMILY","99"
"68","ASSAULT (IN PROGRESS): OTHER/LTD ACC HWY","2"
"61","ASSAULT (IN PROGRESS): OTHER/CHILD ABUSE","18"
"17","ASSAULT (PAST): OTHER/INSIDE","114"
"88","ASSAULT (PAST): OTHER/SCHOOL","17"
"34","ASSAULT (PAST): WEAPON/OUTSIDE","11"
"60","ASSAULT (PAST): OTHER/OUTSIDE","94"
"84","ASSAULT (PAST): SHOTS/OUTSIDE","2"
"103","ASSAULT (PAST): WEAPON/SCHOOL","1"
"112","ASSAULT (IN PROGRESS): OTHER/INSIDE","116"
"48","ASSAULT (PAST): OTHER/OUTSIDE","127"
"25","ASSAULT (IN PROGRESS): OTHER/LTD ACC HWY","3"
"14","ASSAULT (PAST): OTHER/SCHOOL","7"
"75","ASSAULT (IN PROGRESS): KNIFE/INSIDE","122"
"106","ASSAULT (IN PROGRESS): OTHER/FAMILY","365"
"41","ASSAULT (IN PROGRESS): WEAPON/OUTSIDE","34"
"75","ASSAULT (IN PROGRESS): OTHER/CHILD ABUSE","55"
"47","ASSAULT (IN PROGRESS): SHOTS/FAMILY","1"
"18","ASSAULT (IN PROGRESS): KNIFE/FAMILY","2"
"19","ASSAULT (IN PROGRESS): KNIFE/OUTSIDE","10"
"50","ASSAULT (IN PROGRESS): KNIFE/FAMILY","20"
"50","ASSAULT (IN PROGRESS): OTHER/TRANSIT","10"
"18","ASSAULT (PAST): WEAPON/FAMILY","2"
"50","ASSAULT (IN PROGRESS): WEAPON/CHILD","1"
"76","ASSAULT (IN PROGRESS): SHOTS/OUTSIDE","4"
"25","ASSAULT (IN PROGRESS): KNIFE/INSIDE","41"
"108","ASSAULT (PAST): OTHER/OUTSIDE","77"
"66","ASSAULT (PAST): OTHER/INSIDE","127"
"25","ASSAULT (IN PROGRESS): OTHER/OUTSIDE","338"
"42","ASSAULT (IN PROGRESS): SHOTS/CHILD","3"
"110","ASSAULT (IN PROGRESS): WEAPON/INSIDE","36"
"90","ASSAULT (IN PROGRESS): WEAPON/SCHOOL","1"
"5","ASSAULT (PAST): WEAPON/INSIDE","6"
"44","ASSAULT (PAST): KNIFE/OUTSIDE","22"
"10","ASSAULT (PAST): OTHER/SCHOOL","12"
"48","ASSAULT (PAST): WEAPON/SCHOOL","2"
"102","ASSAULT (IN PROGRESS): WEAPON/OUTSIDE","66"
"109","ASSAULT (PAST): OTHER/SCHOOL","26"
"19","ASSAULT (PAST): OTHER/CHILD ABUSE","10"
"33","ASSAULT (PAST): KNIFE/FAMILY","2"
"78","ASSAULT (PAST): KNIFE/OUTSIDE","1"
"9","ASSAULT (PAST): WEAPON/OUTSIDE","10"
"43","ASSAULT (IN PROGRESS): WEAPON/CHILD","5"
"76","ASSAULT (IN PROGRESS): OTHER/FAMILY","101"
"78","ASSAULT (IN PROGRESS): SHOTS/INSIDE","6"
"94","ASSAULT (IN PROGRESS): KNIFE/FAMILY","4"
"105","ASSAULT (IN PROGRESS): OTHER/CHILD ABUSE","26"
"46","ASSAULT (IN PROGRESS): OTHER/INSIDE","780"
"72","ASSAULT (PAST): WEAPON/CHILD ABUSE","1"
"75","ASSAULT (PAST): WEAPON/FAMILY","10"
"108","ASSAULT (PAST): OTHER/CHILD ABUSE","7"
"6","ASSAULT (IN PROGRESS): OTHER/TRANSIT","63"
"106","ASSAULT (IN PROGRESS): WEAPON/INSIDE","39"
"49","ASSAULT (IN PROGRESS): SHOTS/INSIDE","20"
"14","ASSAULT (IN PROGRESS): SHOTS/TRANSIT","5"
"100","ASSAULT (IN PROGRESS): OTHER/INSIDE","168"
"41","ASSAULT (PAST): WEAPON/OUTSIDE","4"
"9","ASSAULT (IN PROGRESS): OTHER/INSIDE","256"
"20","ASSAULT (IN PROGRESS): OTHER/SCHOOL","7"
"90","ASSAULT (PAST): SHOTS/INSIDE","2"
"106","ASSAULT (PAST): OTHER/OUTSIDE","65"
"5","ASSAULT (IN PROGRESS): WEAPON/LTD ACC HWY","1"
"13","ASSAULT (IN PROGRESS): KNIFE/OUTSIDE","27"
"49","ASSAULT (PAST): OTHER/FAMILY","104"
"68","ASSAULT (IN PROGRESS): KNIFE/INSIDE","12"
"25","ASSAULT (IN PROGRESS): WEAPON/TRANSIT","1"
"109","ASSAULT (IN PROGRESS): WEAPON/FAMILY","26"
"46","ASSAULT (IN PROGRESS): KNIFE/OUTSIDE","137"
"110","ASSAULT (PAST): WEAPON/FAMILY","4"
"44","ASSAULT (PAST): KNIFE/TRANSIT","2"
"61","ASSAULT (PAST): SHOTS/FAMILY","1"
"88","ASSAULT (PAST): OTHER/CHILD ABUSE","5"
"63","ASSAULT (IN PROGRESS): KNIFE/FAMILY","9"
"46","ASSAULT (PAST): OTHER/FAMILY","149"
"50","ASSAULT (IN PROGRESS): KNIFE/INSIDE","34"
"81","ASSAULT (IN PROGRESS): OTHER/FAMILY","280"
"90","ASSAULT (IN PROGRESS): OTHER/FAMILY","184"
"32","ASSAULT (PAST): KNIFE/INSIDE","48"
"77","ASSAULT (IN PROGRESS): SHOTS/FAMILY","1"
"112","ASSAULT (PAST): WEAPON/INSIDE","4"
"67","ASSAULT (IN PROGRESS): KNIFE/INSIDE","75"
"100","ASSAULT (IN PROGRESS): WEAPON/CHILD","1"
"30","ASSAULT (IN PROGRESS): WEAPON/TRANSIT","3"
"17","ASSAULT (PAST): KNIFE/INSIDE","5"
"41","ASSAULT (PAST): OTHER/TRANSIT","4"
"26","ASSAULT (IN PROGRESS): OTHER/OUTSIDE","100"
"63","ASSAULT (PAST): KNIFE/OUTSIDE","2"
"60","ASSAULT (IN PROGRESS): KNIFE/OUTSIDE","50"
"72","ASSAULT (PAST): OTHER/TRANSIT","9"
"20","ASSAULT (IN PROGRESS): SHOTS/OUTSIDE","6"
"34","ASSAULT (PAST): OTHER/INSIDE","151"
"60","ASSAULT (IN PROGRESS): SHOTS/FAMILY","1"
"63","ASSAULT (IN PROGRESS): SHOTS/INSIDE","6"
"105","ASSAULT (PAST): OTHER/FAMILY","65"
"26","ASSAULT (PAST): KNIFE/OUTSIDE","4"
"84","ASSAULT (PAST): OTHER/TRANSIT","50"
"68","ASSAULT (IN PROGRESS): KNIFE/FAMILY","5"
"105","ASSAULT (IN PROGRESS): KNIFE/INSIDE","42"
"104","ASSAULT (IN PROGRESS): KNIFE/INSIDE","11"
"114","ASSAULT (IN PROGRESS): OTHER/LTD ACC HWY","1"
"13","ASSAULT (IN PROGRESS): OTHER/CHILD ABUSE","12"
"122","ASSAULT (IN PROGRESS): OTHER/CHILD ABUSE","12"
"115","ASSAULT (IN PROGRESS): OTHER/INSIDE","368"
"61","ASSAULT (IN PROGRESS): WEAPON/FAMILY","16"
"20","ASSAULT (IN PROGRESS): OTHER/LTD ACC HWY","2"
"25","ASSAULT (IN PROGRESS): WEAPON/SCHOOL","2"
"47","ASSAULT (PAST): OTHER/SCHOOL","15"
"72","ASSAULT (IN PROGRESS): KNIFE/INSIDE","19"
"106","ASSAULT (IN PROGRESS): OTHER/OUTSIDE","313"
"22","ASSAULT (IN PROGRESS): OTHER/CHILD ABUSE","2"
"72","ASSAULT (IN PROGRESS): WEAPON/FAMILY","9"
"50","ASSAULT (PAST): OTHER/TRANSIT","2"
"25","ASSAULT (PAST): OTHER/INSIDE","226"
"111","ASSAULT (IN PROGRESS): SHOTS/FAMILY","1"
"52","ASSAULT (PAST): KNIFE/TRANSIT","2"
"45","ASSAULT (IN PROGRESS): WEAPON/TRANSIT","3"
"100","ASSAULT (IN PROGRESS): OTHER/CHILD ABUSE","9"
"112","ASSAULT (IN PROGRESS): SHOTS/INSIDE","5"
"83","ASSAULT (PAST): KNIFE/SCHOOL","2"
"44","ASSAULT (IN PROGRESS): OTHER/LTD ACC HWY","1"
"61","ASSAULT (PAST): WEAPON/INSIDE","10"
"120","ASSAULT (IN PROGRESS): OTHER/OUTSIDE","328"
"22","ASSAULT (IN PROGRESS): OTHER/INSIDE","4"
"32","ASSAULT (PAST): OTHER/FAMILY","68"
"107","ASSAULT (IN PROGRESS): KNIFE/SCHOOL","3"
"69","ASSAULT (PAST): WEAPON/FAMILY","4"
"6","ASSAULT (IN PROGRESS): KNIFE/INSIDE","9"
"23","ASSAULT (PAST): OTHER/SCHOOL","28"
"94","ASSAULT (PAST): OTHER/CHILD ABUSE","3"
"43","ASSAULT (IN PROGRESS): OTHER/SCHOOL","28"
"71","ASSAULT (PAST): SHOTS/INSIDE","15"
"42","ASSAULT (IN PROGRESS): KNIFE/SCHOOL","2"
"79","ASSAULT (IN PROGRESS): OTHER/OUTSIDE","328"
"26","ASSAULT (PAST): OTHER/FAMILY","21"
"9","ASSAULT (PAST): KNIFE/OUTSIDE","10"
"105","ASSAULT (PAST): WEAPON/FAMILY","5"
"107","ASSAULT (IN PROGRESS): KNIFE/INSIDE","18"
"52","ASSAULT (IN PROGRESS): WEAPON/OUTSIDE","104"
"102","ASSAULT (PAST): OTHER/TRANSIT","3"
"108","ASSAULT (PAST): WEAPON/FAMILY","1"
"78","ASSAULT (PAST): KNIFE/INSIDE","9"
"13","ASSAULT (PAST): OTHER/FAMILY","38"
"70","ASSAULT (IN PROGRESS): OTHER/FAMILY","331"
"112","ASSAULT (IN PROGRESS): WEAPON/FAMILY","8"
"63","ASSAULT (IN PROGRESS): SHOTS/FAMILY","1"
"114","ASSAULT (IN PROGRESS): WEAPON/SCHOOL","2"
"81","ASSAULT (PAST): OTHER/FAMILY","68"
"109","ASSAULT (IN PROGRESS): KNIFE/FAMILY","16"
"71","ASSAULT (PAST): KNIFE/FAMILY","5"
"109","ASSAULT (PAST): OTHER/OUTSIDE","126"
"45","ASSAULT (PAST): OTHER/CHILD ABUSE","13"
"88","ASSAULT (PAST): WEAPON/TRANSIT","1"
"23","ASSAULT (IN PROGRESS): WEAPON/INSIDE","27"
"49","ASSAULT (PAST): WEAPON/INSIDE","38"
"122","ASSAULT (IN PROGRESS): KNIFE/OUTSIDE","13"
"121","ASSAULT (IN PROGRESS): OTHER/OUTSIDE","203"
"122","ASSAULT (PAST): OTHER/CHILD ABUSE","8"
"46","ASSAULT (PAST): SHOTS/INSIDE","6"
"40","ASSAULT (PAST): SHOTS/OUTSIDE","10"
"73","ASSAULT (IN PROGRESS): SHOTS/TRANSIT","9"
"46","ASSAULT (PAST): WEAPON/OUTSIDE","18"
"121","ASSAULT (IN PROGRESS): WEAPON/INSIDE","24"
"43","ASSAULT (IN PROGRESS): SHOTS/INSIDE","26"
"70","ASSAULT (IN PROGRESS): WEAPON/TRANSIT","5"
"40","ASSAULT (PAST): OTHER/CHILD ABUSE","31"
"84","ASSAULT (IN PROGRESS): WEAPON/INSIDE","33"
"30","ASSAULT (IN PROGRESS): SHOTS/OUTSIDE","11"
"43","ASSAULT (PAST): OTHER/OUTSIDE","98"
"107","ASSAULT (IN PROGRESS): WEAPON/INSIDE","40"
"110","ASSAULT (PAST): KNIFE/FAMILY","3"
"14","ASSAULT (IN PROGRESS): SHOTS/OUTSIDE","14"
"104","ASSAULT (IN PROGRESS): OTHER/OUTSIDE","237"
"33","ASSAULT (PAST): WEAPON/SCHOOL","2"
"18","ASSAULT (IN PROGRESS): OTHER/TRANSIT","81"
"88","ASSAULT (IN PROGRESS): KNIFE/INSIDE","25"
"105","ASSAULT (PAST): OTHER/SCHOOL","20"
"60","ASSAULT (PAST): OTHER/FAMILY","68"
"34","ASSAULT (PAST): SHOTS/OUTSIDE","1"
"106","ASSAULT (PAST): OTHER/FAMILY","51"
"49","ASSAULT (PAST): WEAPON/OUTSIDE","10"
"76","ASSAULT (PAST): OTHER/OUTSIDE","19"
"100","ASSAULT (IN PROGRESS): KNIFE/INSIDE","11"
"69","ASSAULT (IN PROGRESS): WEAPON/CHILD","2"
"60","ASSAULT (IN PROGRESS): OTHER/SCHOOL","19"
"108","ASSAULT (IN PROGRESS): SHOTS/FAMILY","4"
"77","ASSAULT (IN PROGRESS): KNIFE/OUTSIDE","28"
"102","ASSAULT (IN PROGRESS): KNIFE/OUTSIDE","39"
"70","ASSAULT (IN PROGRESS): OTHER/OUTSIDE","386"
"107","ASSAULT (IN PROGRESS): WEAPON/LTD ACC HWY","3"
"42","ASSAULT (IN PROGRESS): OTHER/LTD ACC HWY","1"
"33","ASSAULT (IN PROGRESS): OTHER/INSIDE","218"
"34","ASSAULT (PAST): SHOTS/INSIDE","3"
"23","ASSAULT (IN PROGRESS): SHOTS/FAMILY","2"
"50","ASSAULT (IN PROGRESS): KNIFE/OUTSIDE","21"
"24","ASSAULT (IN PROGRESS): KNIFE/FAMILY","6"
"50","ASSAULT (PAST): OTHER/OUTSIDE","40"
"47","ASSAULT (PAST): OTHER/FAMILY","139"
"32","ASSAULT (IN PROGRESS): OTHER/SCHOOL","8"
"5","ASSAULT (PAST): OTHER/OUTSIDE","94"
"19","ASSAULT (PAST): OTHER/OUTSIDE","73"
"42","ASSAULT (IN PROGRESS): OTHER/FAMILY","835"
"17","ASSAULT (PAST): OTHER/CHILD ABUSE","3"
"5","ASSAULT (PAST): WEAPON/TRANSIT","2"
"71","ASSAULT (PAST): OTHER/CHILD ABUSE","12"
"7","ASSAULT (IN PROGRESS): WEAPON/CHILD","2"
"40","ASSAULT (IN PROGRESS): KNIFE/CHILD ABUSE","1"
"114","ASSAULT (IN PROGRESS): SHOTS/OUTSIDE","18"
"6","ASSAULT (PAST): OTHER/INSIDE","72"
"32","ASSAULT (PAST): OTHER/INSIDE","316"
"94","ASSAULT (PAST): OTHER/TRANSIT","5"
"33","ASSAULT (IN PROGRESS): OTHER/FAMILY","211"
"1","ASSAULT (PAST): KNIFE/TRANSIT","3"
"75","ASSAULT (PAST): OTHER/OUTSIDE","166"
"33","ASSAULT (PAST): SHOTS/INSIDE","3"
"47","ASSAULT (PAST): WEAPON/FAMILY","8"
"69","ASSAULT (IN PROGRESS): SHOTS/INSIDE","12"
"110","ASSAULT (IN PROGRESS): OTHER/INSIDE","376"
"75","ASSAULT (IN PROGRESS): OTHER/OUTSIDE","719"
"72","ASSAULT (IN PROGRESS): SHOTS/INSIDE","9"
"24","ASSAULT (IN PROGRESS): OTHER/CHILD ABUSE","10"
"43","ASSAULT (IN PROGRESS): WEAPON/OUTSIDE","88"
"72","ASSAULT (PAST): WEAPON/OUTSIDE","10"
"30","ASSAULT (IN PROGRESS): OTHER/INSIDE","142"
"77","ASSAULT (IN PROGRESS): KNIFE/SCHOOL","1"
"109","ASSAULT (PAST): SHOTS/OUTSIDE","1"
"121","ASSAULT (PAST): KNIFE/FAMILY","1"
"67","ASSAULT (IN PROGRESS): WEAPON/OUTSIDE","79"
"83","ASSAULT (PAST): WEAPON/INSIDE","17"
"121","ASSAULT (IN PROGRESS): KNIFE/OUTSIDE","17"
"77","ASSAULT (IN PROGRESS): KNIFE/TRANSIT","6"
"84","ASSAULT (PAST): OTHER/OUTSIDE","86"
"52","ASSAULT (PAST): KNIFE/FAMILY","8"
"79","ASSAULT (IN PROGRESS): KNIFE/OUTSIDE","38"
"107","ASSAULT (IN PROGRESS): OTHER/CHILD ABUSE","19"
"18","ASSAULT (PAST): OTHER/OUTSIDE","121"
"50","ASSAULT (IN PROGRESS): OTHER/SCHOOL","4"
"61","ASSAULT (IN PROGRESS): OTHER/FAMILY","263"
"94","ASSAULT (IN PROGRESS): KNIFE/INSIDE","8"
"46","ASSAULT (PAST): WEAPON/TRANSIT","3"
"42","ASSAULT (PAST): WEAPON/FAMILY","8"
"13","ASSAULT (PAST): SHOTS/INSIDE","1"
"32","ASSAULT (PAST): OTHER/OUTSIDE","73"
"43","ASSAULT (PAST): WEAPON/CHILD ABUSE","3"
"32","ASSAULT (IN PROGRESS): KNIFE/TRANSIT","2"
"60","ASSAULT (PAST): KNIFE/TRANSIT","1"
"113","ASSAULT (PAST): SHOTS/INSIDE","2"
"50","ASSAULT (PAST): OTHER/FAMILY","42"
"122","ASSAULT (PAST): OTHER/OUTSIDE","18"
"46","ASSAULT (IN PROGRESS): OTHER/TRANSIT","105"
"108","ASSAULT (IN PROGRESS): WEAPON/INSIDE","41"
"20","ASSAULT (PAST): WEAPON/FAMILY","1"
"25","ASSAULT (IN PROGRESS): KNIFE/LTD ACC HWY","1"
"32","ASSAULT (PAST): KNIFE/CHILD ABUSE","1"
"102","ASSAULT (IN PROGRESS): OTHER/TRANSIT","14"
"78","ASSAULT (IN PROGRESS): KNIFE/TRANSIT","1"
"46","ASSAULT (PAST): KNIFE/INSIDE","35"
"71","ASSAULT (IN PROGRESS): WEAPON/TRANSIT","1"
"25","ASSAULT (IN PROGRESS): OTHER/TRANSIT","43"
"33","ASSAULT (IN PROGRESS): OTHER/OUTSIDE","197"
"43","ASSAULT (IN PROGRESS): KNIFE/OUTSIDE","72"
"41","ASSAULT (IN PROGRESS): SHOTS/TRANSIT","1"
"9","ASSAULT (PAST): OTHER/INSIDE","122"
"109","ASSAULT (IN PROGRESS): WEAPON/CHILD","2"
"121","ASSAULT (PAST): KNIFE/INSIDE","6"
"7","ASSAULT (IN PROGRESS): WEAPON/FAMILY","8"
"81","ASSAULT (PAST): WEAPON/OUTSIDE","8"
"122","ASSAULT (IN PROGRESS): OTHER/FAMILY","218"
"42","ASSAULT (IN PROGRESS): WEAPON/CHILD","2"
"120","ASSAULT (IN PROGRESS): SHOTS/OUTSIDE","15"
"70","ASSAULT (IN PROGRESS): SHOTS/FAMILY","2"
"83","ASSAULT (PAST): WEAPON/FAMILY","2"
"103","ASSAULT (PAST): OTHER/TRANSIT","9"
"25","ASSAULT (IN PROGRESS): OTHER/INSIDE","388"
"48","ASSAULT (IN PROGRESS): WEAPON/FAMILY","93"
"113","ASSAULT (IN PROGRESS): WEAPON/INSIDE","38"
"104","ASSAULT (IN PROGRESS): OTHER/FAMILY","387"
"63","ASSAULT (IN PROGRESS): WEAPON/FAMILY","16"
"26","ASSAULT (IN PROGRESS): WEAPON/CHILD","1"
"122","ASSAULT (PAST): WEAPON/FAMILY","4"
"76","ASSAULT (PAST): OTHER/INSIDE","42"
"43","ASSAULT (PAST): OTHER/CHILD ABUSE","29"
"69","ASSAULT (IN PROGRESS): WEAPON/FAMILY","18"
"120","ASSAULT (PAST): WEAPON/INSIDE","20"
"104","ASSAULT (IN PROGRESS): SHOTS/INSIDE","6"
"109","ASSAULT (IN PROGRESS): OTHER/TRANSIT","12"
"40","ASSAULT (IN PROGRESS): WEAPON/SCHOOL","4"
"94","ASSAULT (IN PROGRESS): WEAPON/FAMILY","7"
"84","ASSAULT (PAST): WEAPON/TRANSIT","2"
"5","ASSAULT (IN PROGRESS): WEAPON/INSIDE","34"
"79","ASSAULT (IN PROGRESS): WEAPON/INSIDE","55"
"18","ASSAULT (IN PROGRESS): KNIFE/OUTSIDE","36"
"123","ASSAULT (PAST): OTHER/CHILD ABUSE","3"
"67","ASSAULT (PAST): OTHER/OUTSIDE","76"
"34","ASSAULT (PAST): OTHER/TRANSIT","11"
"72","ASSAULT (IN PROGRESS): OTHER/OUTSIDE","298"
"24","ASSAULT (IN PROGRESS): KNIFE/INSIDE","25"
"67","ASSAULT (IN PROGRESS): WEAPON/CHILD","4"
"1","ASSAULT (PAST): OTHER/INSIDE","147"
"32","ASSAULT (PAST): KNIFE/FAMILY","4"
"14","ASSAULT (IN PROGRESS): OTHER/OUTSIDE","732"
"106","ASSAULT (PAST): OTHER/CHILD ABUSE","7"
"44","ASSAULT (IN PROGRESS): OTHER/OUTSIDE","544"
"7","ASSAULT (IN PROGRESS): OTHER/INSIDE","159"
"18","ASSAULT (IN PROGRESS): OTHER/INSIDE","374"
"107","ASSAULT (PAST): KNIFE/TRANSIT","2"
"110","ASSAULT (IN PROGRESS): SHOTS/INSIDE","11"
"20","ASSAULT (IN PROGRESS): WEAPON/TRANSIT","2"
"18","ASSAULT (PAST): WEAPON/CHILD ABUSE","1"
"20","ASSAULT (IN PROGRESS): KNIFE/FAMILY","8"
"77","ASSAULT (IN PROGRESS): OTHER/INSIDE","257"
"107","ASSAULT (IN PROGRESS): OTHER/FAMILY","320"
"18","ASSAULT (IN PROGRESS): WEAPON/INSIDE","47"
"14","ASSAULT (PAST): OTHER/OUTSIDE","223"
"88","ASSAULT (IN PROGRESS): OTHER/SCHOOL","14"
"32","ASSAULT (PAST): WEAPON/CHILD ABUSE","2"
"32","ASSAULT (IN PROGRESS): OTHER/OUTSIDE","316"
"42","ASSAULT (PAST): OTHER/CHILD ABUSE","21"
"81","ASSAULT (PAST): SHOTS/TRANSIT","1"
"13","ASSAULT (IN PROGRESS): WEAPON/TRANSIT","5"
"102","ASSAULT (IN PROGRESS): SHOTS/INSIDE","27"
"18","ASSAULT (IN PROGRESS): OTHER/CHILD ABUSE","18"
"52","ASSAULT (PAST): OTHER/SCHOOL","30"
"101","ASSAULT (IN PROGRESS): KNIFE/INSIDE","38"
"45","ASSAULT (IN PROGRESS): WEAPON/OUTSIDE","32"
"113","ASSAULT (PAST): WEAPON/OUTSIDE","7"
"40","ASSAULT (PAST): WEAPON/SCHOOL","2"
"73","ASSAULT (PAST): OTHER/FAMILY","140"
"83","ASSAULT (IN PROGRESS): KNIFE/INSIDE","26"
"41","ASSAULT (IN PROGRESS): WEAPON/INSIDE","50"
"7","ASSAULT (PAST): WEAPON/INSIDE","5"
"113","ASSAULT (PAST): OTHER/FAMILY","74"
"109","ASSAULT (PAST): WEAPON/INSIDE","26"
"90","ASSAULT (PAST): WEAPON/INSIDE","13"
"33","ASSAULT (PAST): KNIFE/INSIDE","33"
"90","ASSAULT (PAST): OTHER/CHILD ABUSE","6"
"66","ASSAULT (IN PROGRESS): OTHER/TRANSIT","23"
"113","ASSAULT (IN PROGRESS): OTHER/OUTSIDE","242"
"100","ASSAULT (PAST): WEAPON/OUTSIDE","4"
"75","ASSAULT (PAST): SHOTS/INSIDE","4"
"43","ASSAULT (IN PROGRESS): WEAPON/SCHOOL","4"
"73","ASSAULT (PAST): WEAPON/CHILD ABUSE","3"
"120","ASSAULT (PAST): WEAPON/OUTSIDE","10"
"66","ASSAULT (PAST): KNIFE/INSIDE","6"
"111","ASSAULT (IN PROGRESS): OTHER/CHILD ABUSE","9"
"24","ASSAULT (IN PROGRESS): KNIFE/SCHOOL","2"
"110","ASSAULT (IN PROGRESS): KNIFE/OUTSIDE","93"
"104","ASSAULT (IN PROGRESS): KNIFE/OUTSIDE","28"
"61","ASSAULT (PAST): WEAPON/OUTSIDE","14"
"69","ASSAULT (IN PROGRESS): WEAPON/SCHOOL","1"
"34","ASSAULT (IN PROGRESS): WEAPON/FAMILY","14"
"76","ASSAULT (PAST): OTHER/FAMILY","16"
"22","ASSAULT (IN PROGRESS): OTHER/FAMILY","1"
"52","ASSAULT (IN PROGRESS): OTHER/FAMILY","773"
"104","ASSAULT (PAST): OTHER/FAMILY","61"
"30","ASSAULT (IN PROGRESS): WEAPON/OUTSIDE","29"
"5","ASSAULT (PAST): KNIFE/INSIDE","8"
"10","ASSAULT (PAST): WEAPON/INSIDE","19"
"48","ASSAULT (IN PROGRESS): OTHER/CHILD ABUSE","32"
"110","ASSAULT (PAST): SHOTS/INSIDE","4"
"107","ASSAULT (IN PROGRESS): WEAPON/SCHOOL","4"
"1","ASSAULT (IN PROGRESS): WEAPON/TRANSIT","15"
"70","ASSAULT (PAST): KNIFE/OUTSIDE","4"
"45","ASSAULT (IN PROGRESS): KNIFE/INSIDE","31"
"14","ASSAULT (PAST): WEAPON/INSIDE","15"
"105","ASSAULT (PAST): OTHER/OUTSIDE","53"
"94","ASSAULT (IN PROGRESS): WEAPON/INSIDE","16"
"23","ASSAULT (IN PROGRESS): SHOTS/TRANSIT","1"
"113","ASSAULT (IN PROGRESS): KNIFE/SCHOOL","3"
"17","ASSAULT (IN PROGRESS): KNIFE/INSIDE","4"
"30","ASSAULT (IN PROGRESS): SHOTS/FAMILY","1"
"110","ASSAULT (PAST): OTHER/INSIDE","257"
"49","ASSAULT (IN PROGRESS): KNIFE/INSIDE","34"
"45","ASSAULT (IN PROGRESS): OTHER/LTD ACC HWY","4"
"25","ASSAULT (IN PROGRESS): OTHER/SCHOOL","7"
"40","ASSAULT (PAST): SHOTS/INSIDE","15"
"109","ASSAULT (PAST): SHOTS/INSIDE","1"
"71","ASSAULT (IN PROGRESS): WEAPON/OUTSIDE","38"
"7","ASSAULT (PAST): OTHER/INSIDE","89"
"52","ASSAULT (IN PROGRESS): SHOTS/OUTSIDE","40"
"66","ASSAULT (IN PROGRESS): SHOTS/FAMILY","1"
"5","ASSAULT (IN PROGRESS): KNIFE/INSIDE","13"
"1","ASSAULT (PAST): OTHER/OUTSIDE","84"
"77","ASSAULT (PAST): KNIFE/FAMILY","1"
"77","ASSAULT (IN PROGRESS): OTHER/CHILD ABUSE","17"
"18","ASSAULT (PAST): KNIFE/TRANSIT","1"
"62","ASSAULT (IN PROGRESS): SHOTS/CHILD","1"
"110","ASSAULT (PAST): OTHER/SCHOOL","22"
"20","ASSAULT (IN PROGRESS): WEAPON/CHILD","1"
"19","ASSAULT (PAST): OTHER/FAMILY","32"
"40","ASSAULT (IN PROGRESS): OTHER/FAMILY","877"
"104","ASSAULT (IN PROGRESS): KNIFE/FAMILY","16"
"109","ASSAULT (IN PROGRESS): WEAPON/OUTSIDE","78"
"47","ASSAULT (IN PROGRESS): WEAPON/INSIDE","114"
"78","ASSAULT (IN PROGRESS): OTHER/FAMILY","73"
"104","ASSAULT (PAST): WEAPON/FAMILY","2"
"106","ASSAULT (PAST): KNIFE/SCHOOL","2"
"47","ASSAULT (PAST): WEAPON/OUTSIDE","34"
"25","ASSAULT (PAST): KNIFE/OUTSIDE","16"
"34","ASSAULT (IN PROGRESS): KNIFE/FAMILY","20"
"84","ASSAULT (IN PROGRESS): SHOTS/INSIDE","6"
"34","ASSAULT (PAST): KNIFE/INSIDE","20"
"26","ASSAULT (IN PROGRESS): WEAPON/FAMILY","20"
"101","ASSAULT (IN PROGRESS): OTHER/FAMILY","394"
"47","ASSAULT (IN PROGRESS): SHOTS/INSIDE","26"
"18","ASSAULT (PAST): WEAPON/SCHOOL","2"
"116","ASSAULT (PAST): OTHER/OUTSIDE","2"
"30","ASSAULT (PAST): WEAPON/INSIDE","4"
"63","ASSAULT (IN PROGRESS): OTHER/OUTSIDE","139"
"67","ASSAULT (IN PROGRESS): SHOTS/INSIDE","58"
"63","ASSAULT (PAST): OTHER/INSIDE","123"
"6","ASSAULT (IN PROGRESS): KNIFE/OUTSIDE","17"
"88","ASSAULT (IN PROGRESS): SHOTS/FAMILY","1"
"25","ASSAULT (IN PROGRESS): WEAPON/INSIDE","42"
"109","ASSAULT (PAST): OTHER/FAMILY","97"
"43","ASSAULT (IN PROGRESS): KNIFE/SCHOOL","2"
"113","ASSAULT (PAST): WEAPON/FAMILY","4"
"47","ASSAULT (IN PROGRESS): KNIFE/INSIDE","81"
"108","ASSAULT (PAST): OTHER/FAMILY","45"
"111","ASSAULT (PAST): KNIFE/OUTSIDE","3"
"101","ASSAULT (PAST): OTHER/FAMILY","64"
"94","ASSAULT (PAST): OTHER/FAMILY","16"
"77","ASSAULT (PAST): KNIFE/SCHOOL","1"
"94","ASSAULT (IN PROGRESS): SHOTS/INSIDE","2"
"17","ASSAULT (IN PROGRESS): WEAPON/FAMILY","1"
"17","ASSAULT (IN PROGRESS): WEAPON/OUTSIDE","18"
"50","ASSAULT (IN PROGRESS): WEAPON/FAMILY","29"
"49","ASSAULT (IN PROGRESS): WEAPON/INSIDE","54"
"72","ASSAULT (PAST): OTHER/SCHOOL","6"
"10","ASSAULT (IN PROGRESS): SHOTS/OUTSIDE","2"
"40","ASSAULT (IN PROGRESS): SHOTS/TRANSIT","3"
"121","ASSAULT (IN PROGRESS): SHOTS/OUTSIDE","6"
"75","ASSAULT (PAST): SHOTS/OUTSIDE","1"
"101","ASSAULT (IN PROGRESS): KNIFE/TRANSIT","1"
"67","ASSAULT (PAST): OTHER/CHILD ABUSE","17"
"48","ASSAULT (IN PROGRESS): OTHER/TRANSIT","7"
"109","ASSAULT (IN PROGRESS): OTHER/FAMILY","405"
"69","ASSAULT (PAST): OTHER/INSIDE","86"
"48","ASSAULT (IN PROGRESS): SHOTS/FAMILY","3"
"48","ASSAULT (PAST): WEAPON/CHILD ABUSE","4"
"73","ASSAULT (PAST): WEAPON/FAMILY","6"
"45","ASSAULT (IN PROGRESS): OTHER/TRANSIT","13"
"14","ASSAULT (IN PROGRESS): OTHER/FAMILY","135"
"48","ASSAULT (IN PROGRESS): WEAPON/INSIDE","112"
"114","ASSAULT (IN PROGRESS): OTHER/FAMILY","501"
"68","ASSAULT (PAST): WEAPON/INSIDE","6"
"71","ASSAULT (PAST): SHOTS/OUTSIDE","2"
"121","ASSAULT (IN PROGRESS): WEAPON/OUTSIDE","39"
"34","ASSAULT (PAST): KNIFE/OUTSIDE","11"
"10","ASSAULT (PAST): KNIFE/OUTSIDE","1"
"32","ASSAULT (IN PROGRESS): WEAPON/OUTSIDE","55"
"34","ASSAULT (PAST): OTHER/FAMILY","35"
"62","ASSAULT (IN PROGRESS): WEAPON/CHILD","2"
"105","ASSAULT (PAST): SHOTS/INSIDE","1"
"77","ASSAULT (PAST): WEAPON/FAMILY","4"
"121","ASSAULT (IN PROGRESS): KNIFE/FAMILY","20"
"123","ASSAULT (IN PROGRESS): SHOTS/OUTSIDE","3"
"110","ASSAULT (PAST): OTHER/OUTSIDE","198"
"68","ASSAULT (PAST): OTHER/SCHOOL","7"
"19","ASSAULT (PAST): WEAPON/FAMILY","1"
"17","ASSAULT (PAST): WEAPON/OUTSIDE","11"
"103","ASSAULT (PAST): KNIFE/FAMILY","3"
"26","ASSAULT (IN PROGRESS): WEAPON/INSIDE","14"
"47","ASSAULT (IN PROGRESS): WEAPON/FAMILY","99"
"67","ASSAULT (IN PROGRESS): KNIFE/OUTSIDE","61"
"114","ASSAULT (IN PROGRESS): OTHER/SCHOOL","21"
"110","ASSAULT (IN PROGRESS): OTHER/LTD ACC HWY","5"
"45","ASSAULT (PAST): WEAPON/SCHOOL","1"
"14","ASSAULT (IN PROGRESS): KNIFE/INSIDE","24"
"68","ASSAULT (PAST): OTHER/TRANSIT","6"
"111","ASSAULT (IN PROGRESS): WEAPON/CHILD","1"
"72","ASSAULT (IN PROGRESS): OTHER/CHILD ABUSE","8"
"41","ASSAULT (IN PROGRESS): WEAPON/TRANSIT","3"
"25","ASSAULT (IN PROGRESS): OTHER/FAMILY","297"
"111","ASSAULT (PAST): WEAPON/FAMILY","3"
"10","ASSAULT (IN PROGRESS): OTHER/TRANSIT","30"
"44","ASSAULT (PAST): OTHER/OUTSIDE","141"
"61","ASSAULT (PAST): SHOTS/OUTSIDE","1"
"20","ASSAULT (PAST): OTHER/CHILD ABUSE","1"
"112","ASSAULT (IN PROGRESS): OTHER/LTD ACC HWY","3"
"66","ASSAULT (IN PROGRESS): OTHER/OUTSIDE","226"
"73","ASSAULT (IN PROGRESS): WEAPON/OUTSIDE","82"
"102","ASSAULT (IN PROGRESS): WEAPON/FAMILY","35"
"7","ASSAULT (PAST): SHOTS/INSIDE","1"
"113","ASSAULT (IN PROGRESS): KNIFE/FAMILY","28"
"28","ASSAULT (IN PROGRESS): KNIFE/FAMILY","12"
"68","ASSAULT (IN PROGRESS): WEAPON/INSIDE","16"
"101","ASSAULT (IN PROGRESS): WEAPON/INSIDE","54"
"28","ASSAULT (IN PROGRESS): WEAPON/FAMILY","18"
"100","ASSAULT (PAST): OTHER/OUTSIDE","22"
"24","ASSAULT (PAST): OTHER/OUTSIDE","55"
"110","ASSAULT (IN PROGRESS): OTHER/FAMILY","550"
"71","ASSAULT (IN PROGRESS): WEAPON/FAMILY","28"
"30","ASSAULT (IN PROGRESS): OTHER/OUTSIDE","180"
"7","ASSAULT (PAST): KNIFE/TRANSIT","1"
"19","ASSAULT (IN PROGRESS): WEAPON/TRANSIT","6"
"123","ASSAULT (IN PROGRESS): WEAPON/OUTSIDE","6"
"49","ASSAULT (IN PROGRESS): KNIFE/FAMILY","24"
"50","ASSAULT (PAST): SHOTS/INSIDE","1"
"26","ASSAULT (PAST): OTHER/INSIDE","126"
"24","ASSAULT (IN PROGRESS): WEAPON/OUTSIDE","22"
"42","ASSAULT (PAST): SHOTS/OUTSIDE","5"
"9","ASSAULT (PAST): WEAPON/SCHOOL","2"
"50","ASSAULT (PAST): WEAPON/FAMILY","4"
"30","ASSAULT (IN PROGRESS): OTHER/CHILD ABUSE","4"
"75","ASSAULT (PAST): OTHER/CHILD ABUSE","23"
"62","ASSAULT (PAST): KNIFE/SCHOOL","2"
"79","ASSAULT (PAST): WEAPON/INSIDE","9"
"13","ASSAULT (PAST): KNIFE/OUTSIDE","8"
"70","ASSAULT (PAST): OTHER/FAMILY","80"
"123","ASSAULT (IN PROGRESS): OTHER/CHILD ABUSE","4"
"100","ASSAULT (PAST): OTHER/CHILD ABUSE","3"
"48","ASSAULT (IN PROGRESS): OTHER/INSIDE","651"
"94","ASSAULT (PAST): OTHER/OUTSIDE","34"
"41","ASSAULT (PAST): KNIFE/OUTSIDE","8"
"18","ASSAULT (IN PROGRESS): SHOTS/FAMILY","1"
"78","ASSAULT (PAST): OTHER/TRANSIT","21"
"60","ASSAULT (PAST): WEAPON/FAMILY","5"
"49","ASSAULT (IN PROGRESS): OTHER/OUTSIDE","270"
"48","ASSAULT (IN PROGRESS): WEAPON/OUTSIDE","102"
"66","ASSAULT (IN PROGRESS): SHOTS/OUTSIDE","5"
"70","ASSAULT (IN PROGRESS): SHOTS/OUTSIDE","14"
"116","ASSAULT (PAST): OTHER/FAMILY","2"
"113","ASSAULT (IN PROGRESS): SHOTS/FAMILY","3"
"19","ASSAULT (PAST): OTHER/SCHOOL","6"
"44","ASSAULT (PAST): OTHER/FAMILY","168"
"13","ASSAULT (PAST): OTHER/OUTSIDE","105"
"32","ASSAULT (IN PROGRESS): SHOTS/OUTSIDE","44"
"32","ASSAULT (IN PROGRESS): OTHER/TRANSIT","24"
"107","ASSAULT (IN PROGRESS): OTHER/LTD ACC HWY","6"
"61","ASSAULT (PAST): WEAPON/FAMILY","3"
"32","ASSAULT (PAST): WEAPON/INSIDE","37"
"102","ASSAULT (IN PROGRESS): SHOTS/OUTSIDE","14"
"9","ASSAULT (IN PROGRESS): SHOTS/INSIDE","7"
"121","ASSAULT (PAST): WEAPON/CHILD ABUSE","1"
"106","ASSAULT (IN PROGRESS): KNIFE/FAMILY","15"
"44","ASSAULT (PAST): SHOTS/OUTSIDE","6"
"60","ASSAULT (PAST): WEAPON/INSIDE","25"
"24","ASSAULT (IN PROGRESS): OTHER/OUTSIDE","163"
"83","ASSAULT (IN PROGRESS): OTHER/INSIDE","312"
"123","ASSAULT (IN PROGRESS): WEAPON/CHILD","2"
"18","ASSAULT (PAST): KNIFE/INSIDE","11"
"120","ASSAULT (IN PROGRESS): WEAPON/FAMILY","47"
"28","ASSAULT (PAST): OTHER/TRANSIT","7"
"63","ASSAULT (PAST): WEAPON/FAMILY","2"
"44","ASSAULT (IN PROGRESS): KNIFE/OUTSIDE","120"
"63","ASSAULT (IN PROGRESS): WEAPON/OUTSIDE","24"
"103","ASSAULT (IN PROGRESS): WEAPON/CHILD","1"
"49","ASSAULT (IN PROGRESS): OTHER/TRANSIT","16"
"10","ASSAULT (IN PROGRESS): KNIFE/OUTSIDE","14"
"46","ASSAULT (PAST): WEAPON/INSIDE","27"
"9","ASSAULT (IN PROGRESS): WEAPON/TRANSIT","1"
"73","ASSAULT (PAST): WEAPON/OUTSIDE","13"
"69","ASSAULT (IN PROGRESS): OTHER/TRANSIT","8"
"28","ASSAULT (PAST): WEAPON/SCHOOL","2"
"115","ASSAULT (IN PROGRESS): OTHER/LTD ACC HWY","4"
"26","ASSAULT (PAST): OTHER/CHILD ABUSE","4"
"43","ASSAULT (IN PROGRESS): KNIFE/FAMILY","47"
"25","ASSAULT (IN PROGRESS): OTHER/CHILD ABUSE","12"
"108","ASSAULT (PAST): KNIFE/TRANSIT","1"
"115","ASSAULT (IN PROGRESS): SHOTS/FAMILY","3"
"67","ASSAULT (IN PROGRESS): OTHER/INSIDE","546"
"40","ASSAULT (IN PROGRESS): WEAPON/FAMILY","76"
"122","ASSAULT (PAST): WEAPON/INSIDE","9"
"22","ASSAULT (PAST): OTHER/INSIDE","1"
"20","ASSAULT (IN PROGRESS): KNIFE/TRANSIT","3"
"123","ASSAULT (IN PROGRESS): OTHER/SCHOOL","8"
"14","ASSAULT (IN PROGRESS): OTHER/CHILD ABUSE","6"
"84","ASSAULT (PAST): WEAPON/OUTSIDE","6"
"10","ASSAULT (IN PROGRESS): OTHER/OUTSIDE","239"
"33","ASSAULT (IN PROGRESS): OTHER/TRANSIT","17"
"73","ASSAULT (PAST): KNIFE/OUTSIDE","6"
"83","ASSAULT (PAST): OTHER/FAMILY","64"
"114","ASSAULT (PAST): OTHER/SCHOOL","25"
"105","ASSAULT (IN PROGRESS): OTHER/FAMILY","482"
"63","ASSAULT (IN PROGRESS): OTHER/SCHOOL","4"
"72","ASSAULT (PAST): WEAPON/FAMILY","1"
"113","ASSAULT (IN PROGRESS): WEAPON/CHILD","4"
"50","ASSAULT (IN PROGRESS): SHOTS/INSIDE","10"
"42","ASSAULT (IN PROGRESS): SHOTS/INSIDE","37"
"81","ASSAULT (IN PROGRESS): SHOTS/OUTSIDE","23"
"103","ASSAULT (IN PROGRESS): OTHER/FAMILY","552"
"7","ASSAULT (IN PROGRESS): KNIFE/OUTSIDE","18"
"41","ASSAULT (IN PROGRESS): OTHER/INSIDE","287"
"20","ASSAULT (IN PROGRESS): WEAPON/FAMILY","3"
"103","ASSAULT (IN PROGRESS): OTHER/TRANSIT","20"
"40","ASSAULT (PAST): WEAPON/FAMILY","10"
"70","ASSAULT (PAST): SHOTS/INSIDE","3"
"79","ASSAULT (PAST): OTHER/SCHOOL","17"
"72","ASSAULT (IN PROGRESS): WEAPON/SCHOOL","1"
"122","ASSAULT (PAST): KNIFE/OUTSIDE","1"
"66","ASSAULT (IN PROGRESS): WEAPON/INSIDE","19"
"115","ASSAULT (IN PROGRESS): KNIFE/TRANSIT","1"
"114","ASSAULT (IN PROGRESS): WEAPON/INSIDE","57"
"71","ASSAULT (IN PROGRESS): KNIFE/SCHOOL","2"
"121","ASSAULT (IN PROGRESS): KNIFE/CHILD ABUSE","2"
"46","ASSAULT (PAST): OTHER/TRANSIT","13"
"17","ASSAULT (IN PROGRESS): KNIFE/FAMILY","4"
"52","ASSAULT (PAST): KNIFE/INSIDE","48"
"42","ASSAULT (IN PROGRESS): WEAPON/OUTSIDE","77"
"114","ASSAULT (PAST): WEAPON/OUTSIDE","9"
"63","ASSAULT (PAST): OTHER/SCHOOL","7"
"102","ASSAULT (IN PROGRESS): OTHER/FAMILY","477"
"45","ASSAULT (PAST): KNIFE/OUTSIDE","11"
"5","ASSAULT (IN PROGRESS): OTHER/LTD ACC HWY","1"
"52","ASSAULT (IN PROGRESS): OTHER/OUTSIDE","472"
"104","ASSAULT (IN PROGRESS): OTHER/TRANSIT","15"
"76","ASSAULT (IN PROGRESS): OTHER/LTD ACC HWY","1"
"103","ASSAULT (PAST): OTHER/INSIDE","217"
"88","ASSAULT (IN PROGRESS): KNIFE/OUTSIDE","19"
"62","ASSAULT (IN PROGRESS): WEAPON/LTD ACC HWY","1"
"24","ASSAULT (PAST): WEAPON/INSIDE","10"
"19","ASSAULT (PAST): KNIFE/TRANSIT","3"
"83","ASSAULT (IN PROGRESS): SHOTS/OUTSIDE","16"
"40","ASSAULT (IN PROGRESS): KNIFE/OUTSIDE","137"
"75","ASSAULT (IN PROGRESS): OTHER/LTD ACC HWY","1"
"42","ASSAULT (PAST): KNIFE/FAMILY","1"
"20","ASSAULT (IN PROGRESS): KNIFE/INSIDE","7"
"41","ASSAULT (PAST): OTHER/INSIDE","182"
"107","ASSAULT (IN PROGRESS): SHOTS/OUTSIDE","15"
"79","ASSAULT (IN PROGRESS): WEAPON/OUTSIDE","49"
"75","ASSAULT (IN PROGRESS): OTHER/INSIDE","996"
"111","ASSAULT (IN PROGRESS): OTHER/INSIDE","71"
"114","ASSAULT (IN PROGRESS): KNIFE/FAMILY","21"
"123","ASSAULT (IN PROGRESS): OTHER/INSIDE","49"
"26","ASSAULT (PAST): SHOTS/INSIDE","1"
"103","ASSAULT (PAST): KNIFE/OUTSIDE","9"
"47","ASSAULT (IN PROGRESS): OTHER/INSIDE","664"
"40","ASSAULT (IN PROGRESS): WEAPON/TRANSIT","7"
"123","ASSAULT (PAST): OTHER/INSIDE","37"
"40","ASSAULT (IN PROGRESS): OTHER/LTD ACC HWY","4"
"106","ASSAULT (PAST): WEAPON/TRANSIT","1"
"107","ASSAULT (IN PROGRESS): WEAPON/TRANSIT","3"
"32","ASSAULT (IN PROGRESS): SHOTS/FAMILY","2"
"6","ASSAULT (PAST): OTHER/FAMILY","9"
"88","ASSAULT (IN PROGRESS): OTHER/LTD ACC HWY","3"
"104","ASSAULT (PAST): WEAPON/TRANSIT","1"
"77","ASSAULT (IN PROGRESS): WEAPON/TRANSIT","3"
"30","ASSAULT (IN PROGRESS): OTHER/SCHOOL","2"
"25","ASSAULT (PAST): OTHER/FAMILY","46"
"1","ASSAULT (IN PROGRESS): WEAPON/FAMILY","5"
"43","ASSAULT (PAST): WEAPON/OUTSIDE","23"
"108","ASSAULT (PAST): SHOTS/INSIDE","3"
"103","ASSAULT (IN PROGRESS): WEAPON/SCHOOL","2"
"48","ASSAULT (PAST): WEAPON/FAMILY","13"
"49","ASSAULT (PAST): OTHER/SCHOOL","17"
"23","ASSAULT (IN PROGRESS): WEAPON/SCHOOL","2"
"46","ASSAULT (PAST): SHOTS/OUTSIDE","4"
"77","ASSAULT (PAST): OTHER/INSIDE","140"
"18","ASSAULT (IN PROGRESS): KNIFE/SCHOOL","4"
"73","ASSAULT (IN PROGRESS): KNIFE/TRANSIT","10"
"28","ASSAULT (IN PROGRESS): KNIFE/TRANSIT","4"
"67","ASSAULT (PAST): SHOTS/INSIDE","30"
"73","ASSAULT (IN PROGRESS): WEAPON/INSIDE","134"
"109","ASSAULT (IN PROGRESS): OTHER/OUTSIDE","417"
"50","ASSAULT (IN PROGRESS): WEAPON/INSIDE","37"
"69","ASSAULT (IN PROGRESS): KNIFE/INSIDE","25"
"23","ASSAULT (IN PROGRESS): OTHER/SCHOOL","15"
"13","ASSAULT (IN PROGRESS): OTHER/OUTSIDE","366"
"61","ASSAULT (IN PROGRESS): KNIFE/FAMILY","10"
"67","ASSAULT (PAST): OTHER/TRANSIT","3"
"78","ASSAULT (IN PROGRESS): WEAPON/CHILD","1"
"48","ASSAULT (PAST): OTHER/CHILD ABUSE","16"
"107","ASSAULT (IN PROGRESS): OTHER/OUTSIDE","207"
"121","ASSAULT (PAST): SHOTS/OUTSIDE","1"
"7","ASSAULT (PAST): OTHER/FAMILY","28"
"111","ASSAULT (IN PROGRESS): KNIFE/FAMILY","5"
"30","ASSAULT (IN PROGRESS): SHOTS/INSIDE","7"
"18","ASSAULT (PAST): OTHER/FAMILY","35"
"120","ASSAULT (IN PROGRESS): KNIFE/INSIDE","49"
"114","ASSAULT (IN PROGRESS): OTHER/OUTSIDE","504"
"75","ASSAULT (PAST): WEAPON/CHILD ABUSE","1"
"26","ASSAULT (PAST): WEAPON/FAMILY","3"
"26","ASSAULT (IN PROGRESS): OTHER/SCHOOL","6"
"107","ASSAULT (IN PROGRESS): WEAPON/FAMILY","15"
"40","ASSAULT (PAST): OTHER/SCHOOL","47"
"76","ASSAULT (IN PROGRESS): KNIFE/SCHOOL","1"
"62","ASSAULT (PAST): WEAPON/LTD ACC HWY","1"
"33","ASSAULT (IN PROGRESS): KNIFE/TRANSIT","4"
"19","ASSAULT (PAST): WEAPON/INSIDE","20"
"49","ASSAULT (IN PROGRESS): OTHER/SCHOOL","17"
"23","ASSAULT (PAST): OTHER/INSIDE","217"
"28","ASSAULT (IN PROGRESS): KNIFE/OUTSIDE","34"
"45","ASSAULT (PAST): WEAPON/OUTSIDE","8"
"1","ASSAULT (PAST): WEAPON/INSIDE","10"
"23","ASSAULT (PAST): SHOTS/OUTSIDE","1"
"26","ASSAULT (IN PROGRESS): SHOTS/INSIDE","11"
"60","ASSAULT (PAST): OTHER/SCHOOL","10"
"32","ASSAULT (PAST): KNIFE/OUTSIDE","6"
"44","ASSAULT (IN PROGRESS): SHOTS/INSIDE","64"
"33","ASSAULT (IN PROGRESS): WEAPON/INSIDE","37"
"103","ASSAULT (IN PROGRESS): OTHER/OUTSIDE","527"
"46","ASSAULT (PAST): OTHER/INSIDE","326"
"23","ASSAULT (PAST): OTHER/FAMILY","76"
"100","ASSAULT (IN PROGRESS): OTHER/SCHOOL","11"
"60","ASSAULT (PAST): OTHER/INSIDE","213"
"14","ASSAULT (PAST): WEAPON/TRANSIT","2"
"122","ASSAULT (IN PROGRESS): WEAPON/FAMILY","15"
"76","ASSAULT (IN PROGRESS): OTHER/OUTSIDE","90"
"112","ASSAULT (IN PROGRESS): WEAPON/CHILD","1"
"94","ASSAULT (PAST): KNIFE/INSIDE","1"
"19","ASSAULT (IN PROGRESS): OTHER/FAMILY","100"
"49","ASSAULT (IN PROGRESS): OTHER/FAMILY","532"
"94","ASSAULT (IN PROGRESS): WEAPON/SCHOOL","2"
"44","ASSAULT (IN PROGRESS): OTHER/CHILD ABUSE","42"
"18","ASSAULT (IN PROGRESS): WEAPON/OUTSIDE","64"
"1","ASSAULT (IN PROGRESS): SHOTS/TRANSIT","7"
"107","ASSAULT (IN PROGRESS): WEAPON/OUTSIDE","30"
"32","ASSAULT (IN PROGRESS): WEAPON/TRANSIT","3"
"26","ASSAULT (PAST): WEAPON/INSIDE","6"
"108","ASSAULT (IN PROGRESS): OTHER/TRANSIT","80"
"104","ASSAULT (IN PROGRESS): OTHER/SCHOOL","14"
"10","ASSAULT (IN PROGRESS): KNIFE/INSIDE","16"
"1","ASSAULT (IN PROGRESS): OTHER/SCHOOL","2"
"45","ASSAULT (PAST): KNIFE/INSIDE","16"
"104","ASSAULT (PAST): SHOTS/INSIDE","2"
"6","ASSAULT (IN PROGRESS): WEAPON/OUTSIDE","49"
"41","ASSAULT (IN PROGRESS): WEAPON/FAMILY","39"
"109","ASSAULT (IN PROGRESS): WEAPON/INSIDE","66"
"10","ASSAULT (PAST): WEAPON/OUTSIDE","7"
"123","ASSAULT (IN PROGRESS): OTHER/LTD ACC HWY","1"
"63","ASSAULT (PAST): KNIFE/INSIDE","8"
"44","ASSAULT (PAST): OTHER/SCHOOL","36"
"113","ASSAULT (IN PROGRESS): OTHER/LTD ACC HWY","6"
"101","ASSAULT (PAST): WEAPON/FAMILY","5"
"102","ASSAULT (PAST): WEAPON/INSIDE","25"
"79","ASSAULT (IN PROGRESS): OTHER/TRANSIT","34"
"33","ASSAULT (IN PROGRESS): KNIFE/OUTSIDE","33"
"94","ASSAULT (PAST): WEAPON/INSIDE","1"
"23","ASSAULT (IN PROGRESS): SHOTS/INSIDE","21"
"25","ASSAULT (IN PROGRESS): KNIFE/TRANSIT","9"
"30","ASSAULT (PAST): OTHER/TRANSIT","11"
"52","ASSAULT (IN PROGRESS): WEAPON/TRANSIT","3"
"30","ASSAULT (PAST): OTHER/CHILD ABUSE","3"
"113","ASSAULT (IN PROGRESS): KNIFE/CHILD ABUSE","1"
"19","ASSAULT (PAST): SHOTS/INSIDE","1"
"79","ASSAULT (IN PROGRESS): SHOTS/OUTSIDE","41"
"76","ASSAULT (IN PROGRESS): KNIFE/INSIDE","15"
"73","ASSAULT (PAST): SHOTS/OUTSIDE","6"
"84","ASSAULT (IN PROGRESS): KNIFE/TRANSIT","6"
"62","ASSAULT (PAST): OTHER/SCHOOL","19"
"19","ASSAULT (IN PROGRESS): OTHER/OUTSIDE","255"
"45","ASSAULT (PAST): KNIFE/TRANSIT","2"
"112","ASSAULT (IN PROGRESS): KNIFE/TRANSIT","3"
"101","ASSAULT (PAST): WEAPON/OUTSIDE","4"
"78","ASSAULT (PAST): WEAPON/INSIDE","11"
"6","ASSAULT (IN PROGRESS): WEAPON/FAMILY","3"
"61","ASSAULT (PAST): WEAPON/TRANSIT","1"
"77","ASSAULT (IN PROGRESS): WEAPON/OUTSIDE","33"
"120","ASSAULT (IN PROGRESS): SHOTS/INSIDE","10"
"72","ASSAULT (PAST): OTHER/OUTSIDE","87"
"52","ASSAULT (IN PROGRESS): KNIFE/OUTSIDE","97"
"78","ASSAULT (PAST): OTHER/FAMILY","26"
"50","ASSAULT (IN PROGRESS): OTHER/INSIDE","228"
"61","ASSAULT (PAST): KNIFE/INSIDE","1"
"121","ASSAULT (PAST): SHOTS/SCHOOL","2"
"67","ASSAULT (PAST): WEAPON/OUTSIDE","11"
"100","ASSAULT (IN PROGRESS): WEAPON/INSIDE","18"
"68","ASSAULT (PAST): OTHER/OUTSIDE","37"
"40","ASSAULT (PAST): OTHER/OUTSIDE","150"
"50","ASSAULT (IN PROGRESS): OTHER/OUTSIDE","142"
"67","ASSAULT (IN PROGRESS): OTHER/CHILD ABUSE","34"
"30","ASSAULT (PAST): OTHER/INSIDE","71"
"24","ASSAULT (IN PROGRESS): OTHER/TRANSIT","54"
"108","ASSAULT (IN PROGRESS): OTHER/OUTSIDE","304"
"122","ASSAULT (PAST): KNIFE/INSIDE","9"
"1","ASSAULT (IN PROGRESS): WEAPON/INSIDE","16"
"47","ASSAULT (IN PROGRESS): WEAPON/LTD ACC HWY","1"
"46","ASSAULT (IN PROGRESS): KNIFE/CHILD ABUSE","1"
"5","ASSAULT (IN PROGRESS): SHOTS/OUTSIDE","7"
"104","ASSAULT (PAST): OTHER/OUTSIDE","71"
"46","ASSAULT (IN PROGRESS): OTHER/FAMILY","984"
"83","ASSAULT (PAST): WEAPON/SCHOOL","1"
"94","ASSAULT (IN PROGRESS): WEAPON/OUTSIDE","27"
"44","ASSAULT (PAST): KNIFE/INSIDE","73"
"44","ASSAULT (IN PROGRESS): WEAPON/OUTSIDE","112"
"109","ASSAULT (IN PROGRESS): WEAPON/SCHOOL","3"
"70","ASSAULT (PAST): KNIFE/FAMILY","1"
"7","ASSAULT (PAST): OTHER/OUTSIDE","58"
"48","ASSAULT (PAST): KNIFE/FAMILY","9"
"48","ASSAULT (IN PROGRESS): WEAPON/CHILD","5"
"46","ASSAULT (PAST): KNIFE/FAMILY","5"
"46","ASSAULT (IN PROGRESS): SHOTS/INSIDE","50"
"77","ASSAULT (PAST): OTHER/OUTSIDE","41"
"40","ASSAULT (PAST): KNIFE/INSIDE","82"
"33","ASSAULT (PAST): OTHER/FAMILY","41"
"34","ASSAULT (IN PROGRESS): OTHER/INSIDE","221"
"40","ASSAULT (PAST): OTHER/TRANSIT","26"
"72","ASSAULT (IN PROGRESS): OTHER/INSIDE","227"
"112","ASSAULT (IN PROGRESS): WEAPON/SCHOOL","2"
"105","ASSAULT (IN PROGRESS): KNIFE/FAMILY","15"
"77","ASSAULT (IN PROGRESS): WEAPON/FAMILY","32"
"19","ASSAULT (IN PROGRESS): OTHER/LTD ACC HWY","5"
"62","ASSAULT (IN PROGRESS): OTHER/TRANSIT","25"
"47","ASSAULT (PAST): KNIFE/OUTSIDE","10"
"23","ASSAULT (PAST): WEAPON/CHILD ABUSE","1"
"66","ASSAULT (IN PROGRESS): WEAPON/FAMILY","16"
"77","ASSAULT (PAST): OTHER/FAMILY","64"
"107","ASSAULT (IN PROGRESS): SHOTS/INSIDE","5"
"48","ASSAULT (IN PROGRESS): KNIFE/FAMILY","62"
"45","ASSAULT (IN PROGRESS): KNIFE/OUTSIDE","41"
"101","ASSAULT (PAST): KNIFE/OUTSIDE","4"
"76","ASSAULT (IN PROGRESS): WEAPON/OUTSIDE","21"
"75","ASSAULT (IN PROGRESS): WEAPON/INSIDE","159"
"23","ASSAULT (PAST): KNIFE/INSIDE","36"
"41","ASSAULT (PAST): OTHER/OUTSIDE","84"
"5","ASSAULT (IN PROGRESS): OTHER/TRANSIT","80"
"75","ASSAULT (IN PROGRESS): SHOTS/OUTSIDE","59"
"44","ASSAULT (IN PROGRESS): KNIFE/FAMILY","74"
"17","ASSAULT (IN PROGRESS): SHOTS/OUTSIDE","5"
"46","ASSAULT (PAST): OTHER/CHILD ABUSE","33"
"61","ASSAULT (PAST): SHOTS/INSIDE","2"
"47","ASSAULT (IN PROGRESS): OTHER/LTD ACC HWY","2"
"33","ASSAULT (PAST): KNIFE/OUTSIDE","6"
"121","ASSAULT (PAST): OTHER/SCHOOL","10"
"77","ASSAULT (PAST): KNIFE/OUTSIDE","7"
"104","ASSAULT (IN PROGRESS): WEAPON/FAMILY","25"
"45","ASSAULT (IN PROGRESS): SHOTS/LTD ACC HWY","1"
"43","ASSAULT (IN PROGRESS): OTHER/LTD ACC HWY","3"
"49","ASSAULT (PAST): OTHER/CHILD ABUSE","8"
"90","ASSAULT (IN PROGRESS): OTHER/CHILD ABUSE","8"
"67","ASSAULT (IN PROGRESS): OTHER/TRANSIT","10"
"52","ASSAULT (IN PROGRESS): OTHER/TRANSIT","48"
"78","ASSAULT (IN PROGRESS): KNIFE/FAMILY","2"
"42","ASSAULT (PAST): OTHER/FAMILY","135"
"62","ASSAULT (PAST): SHOTS/INSIDE","1"
"30","ASSAULT (IN PROGRESS): WEAPON/FAMILY","11"
"10","ASSAULT (IN PROGRESS): KNIFE/SCHOOL","2"
"108","ASSAULT (PAST): OTHER/INSIDE","144"
"40","ASSAULT (IN PROGRESS): KNIFE/TRANSIT","15"
"67","ASSAULT (PAST): WEAPON/INSIDE","35"
"115","ASSAULT (IN PROGRESS): OTHER/CHILD ABUSE","29"
"23","ASSAULT (PAST): OTHER/CHILD ABUSE","12"
"19","ASSAULT (IN PROGRESS): KNIFE/INSIDE","6"
"76","ASSAULT (PAST): WEAPON/OUTSIDE","4"
"42","ASSAULT (IN PROGRESS): KNIFE/INSIDE","120"
"76","ASSAULT (PAST): OTHER/SCHOOL","4"
"25","ASSAULT (IN PROGRESS): KNIFE/OUTSIDE","56"
"105","ASSAULT (IN PROGRESS): KNIFE/OUTSIDE","23"
"25","ASSAULT (IN PROGRESS): SHOTS/OUTSIDE","26"
"50","ASSAULT (PAST): WEAPON/INSIDE","6"
"75","ASSAULT (IN PROGRESS): SHOTS/INSIDE","49"
"46","ASSAULT (PAST): SHOTS/TRANSIT","1"
"62","ASSAULT (PAST): KNIFE/INSIDE","9"
"1","ASSAULT (IN PROGRESS): KNIFE/OUTSIDE","29"
"5","ASSAULT (IN PROGRESS): WEAPON/OUTSIDE","41"
"68","ASSAULT (IN PROGRESS): WEAPON/FAMILY","10"
"94","ASSAULT (PAST): OTHER/INSIDE","52"
"111","ASSAULT (IN PROGRESS): WEAPON/LTD ACC HWY","1"
"1","ASSAULT (PAST): OTHER/FAMILY","22"
"120","ASSAULT (PAST): OTHER/CHILD ABUSE","10"
"115","ASSAULT (IN PROGRESS): WEAPON/OUTSIDE","118"
"71","ASSAULT (PAST): WEAPON/FAMILY","7"
"68","ASSAULT (IN PROGRESS): OTHER/FAMILY","202"
"70","ASSAULT (IN PROGRESS): OTHER/INSIDE","350"
"106","ASSAULT (IN PROGRESS): KNIFE/OUTSIDE","34"
"20","ASSAULT (IN PROGRESS): KNIFE/CHILD ABUSE","1"
"112","ASSAULT (IN PROGRESS): KNIFE/FAMILY","8"
"107","ASSAULT (PAST): KNIFE/FAMILY","1"
"102","ASSAULT (IN PROGRESS): OTHER/SCHOOL","2"
"44","ASSAULT (IN PROGRESS): SHOTS/TRANSIT","3"
"50","ASSAULT (PAST): KNIFE/FAMILY","1"
"71","ASSAULT (PAST): OTHER/OUTSIDE","50"
"1","ASSAULT (IN PROGRESS): OTHER/TRANSIT","111"
"104","ASSAULT (IN PROGRESS): KNIFE/TRANSIT","3"
"17","ASSAULT (PAST): OTHER/FAMILY","13"
"43","ASSAULT (PAST): WEAPON/FAMILY","10"
"41","ASSAULT (PAST): WEAPON/INSIDE","19"
"84","ASSAULT (IN PROGRESS): OTHER/SCHOOL","8"
"70","ASSAULT (PAST): OTHER/CHILD ABUSE","11"
"23","ASSAULT (IN PROGRESS): WEAPON/FAMILY","34"
"71","ASSAULT (IN PROGRESS): SHOTS/OUTSIDE","14"
"10","ASSAULT (PAST): OTHER/INSIDE","122"
"105","ASSAULT (PAST): SHOTS/OUTSIDE","2"
"79","ASSAULT (IN PROGRESS): KNIFE/FAMILY","26"
"9","ASSAULT (IN PROGRESS): WEAPON/FAMILY","6"
"83","ASSAULT (IN PROGRESS): WEAPON/FAMILY","28"
"115","ASSAULT (IN PROGRESS): KNIFE/OUTSIDE","79"
"105","ASSAULT (PAST): OTHER/INSIDE","298"
"100","ASSAULT (PAST): OTHER/FAMILY","25"
"49","ASSAULT (IN PROGRESS): WEAPON/FAMILY","31"
"9","ASSAULT (IN PROGRESS): KNIFE/FAMILY","9"
"23","ASSAULT (PAST): OTHER/OUTSIDE","83"
"68","ASSAULT (PAST): KNIFE/OUTSIDE","3"
"102","ASSAULT (PAST): WEAPON/FAMILY","6"
"114","ASSAULT (PAST): KNIFE/FAMILY","3"
"42","ASSAULT (PAST): WEAPON/INSIDE","37"
"63","ASSAULT (PAST): OTHER/OUTSIDE","24"
"101","ASSAULT (PAST): OTHER/CHILD ABUSE","22"
"76","ASSAULT (IN PROGRESS): SHOTS/FAMILY","1"
"33","ASSAULT (IN PROGRESS): SHOTS/OUTSIDE","13"
"26","ASSAULT (IN PROGRESS): SHOTS/OUTSIDE","4"
"46","ASSAULT (IN PROGRESS): WEAPON/SCHOOL","2"
"84","ASSAULT (IN PROGRESS): KNIFE/INSIDE","18"
"52","ASSAULT (PAST): OTHER/CHILD ABUSE","21"
"66","ASSAULT (PAST): OTHER/CHILD ABUSE","7"
"115","ASSAULT (PAST): WEAPON/OUTSIDE","17"
"10","ASSAULT (IN PROGRESS): OTHER/CHILD ABUSE","5"
"0","ASSAULT (PAST): OTHER/FAMILY","1"
"52","ASSAULT (PAST): WEAPON/CHILD ABUSE","2"
"71","ASSAULT (IN PROGRESS): KNIFE/OUTSIDE","24"
"44","ASSAULT (IN PROGRESS): KNIFE/INSIDE","109"
"7","ASSAULT (PAST): OTHER/CHILD ABUSE","4"
"112","ASSAULT (PAST): OTHER/OUTSIDE","34"
"23","ASSAULT (IN PROGRESS): SHOTS/OUTSIDE","40"
"5","ASSAULT (PAST): OTHER/FAMILY","17"
"110","ASSAULT (PAST): WEAPON/INSIDE","40"
"81","ASSAULT (PAST): SHOTS/CHILD ABUSE","1"
"61","ASSAULT (IN PROGRESS): OTHER/SCHOOL","19"
"70","ASSAULT (IN PROGRESS): WEAPON/OUTSIDE","44"
"75","ASSAULT (PAST): WEAPON/OUTSIDE","27"
"84","ASSAULT (IN PROGRESS): WEAPON/TRANSIT","9"
"88","ASSAULT (PAST): OTHER/OUTSIDE","45"
"115","ASSAULT (PAST): SHOTS/INSIDE","3"
"76","ASSAULT (IN PROGRESS): OTHER/TRANSIT","4"
"71","ASSAULT (PAST): OTHER/TRANSIT","9"
"109","ASSAULT (PAST): WEAPON/OUTSIDE","10"
"104","ASSAULT (PAST): SHOTS/OUTSIDE","2"
"79","ASSAULT (IN PROGRESS): SHOTS/TRANSIT","2"
"102","ASSAULT (PAST): SHOTS/INSIDE","18"
"100","ASSAULT (PAST): KNIFE/OUTSIDE","1"
"42","ASSAULT (IN PROGRESS): KNIFE/TRANSIT","2"
"75","ASSAULT (PAST): OTHER/TRANSIT","20"
"108","ASSAULT (PAST): WEAPON/OUTSIDE","13"
"46","ASSAULT (IN PROGRESS): WEAPON/OUTSIDE","155"
"47","ASSAULT (PAST): KNIFE/FAMILY","7"
"115","ASSAULT (PAST): WEAPON/INSIDE","10"
"52","ASSAULT (IN PROGRESS): SHOTS/INSIDE","31"
"20","ASSAULT (PAST): WEAPON/INSIDE","5"
"24","ASSAULT (PAST): OTHER/SCHOOL","6"
"48","ASSAULT (PAST): KNIFE/INSIDE","47"
"23","ASSAULT (IN PROGRESS): OTHER/CHILD ABUSE","36"
"77","ASSAULT (PAST): KNIFE/INSIDE","11"
"68","ASSAULT (IN PROGRESS): OTHER/TRANSIT","16"
"24","ASSAULT (PAST): OTHER/INSIDE","103"
"47","ASSAULT (PAST): OTHER/TRANSIT","5"
"41","ASSAULT (IN PROGRESS): KNIFE/TRANSIT","4"
"79","ASSAULT (IN PROGRESS): OTHER/INSIDE","340"
"112","ASSAULT (IN PROGRESS): OTHER/CHILD ABUSE","12"
"13","ASSAULT (IN PROGRESS): SHOTS/INSIDE","4"
"5","ASSAULT (IN PROGRESS): WEAPON/TRANSIT","9"
"88","ASSAULT (IN PROGRESS): WEAPON/OUTSIDE","30"
"120","ASSAULT (PAST): SHOTS/INSIDE","5"
"20","ASSAULT (IN PROGRESS): OTHER/CHILD ABUSE","4"
"33","ASSAULT (IN PROGRESS): KNIFE/INSIDE","28"
"81","ASSAULT (IN PROGRESS): OTHER/INSIDE","262"
"120","ASSAULT (IN PROGRESS): KNIFE/OUTSIDE","36"
"81","ASSAULT (IN PROGRESS): OTHER/SCHOOL","13"
"33","ASSAULT (PAST): WEAPON/INSIDE","15"
"122","ASSAULT (IN PROGRESS): KNIFE/FAMILY","9"
"45","ASSAULT (IN PROGRESS): OTHER/INSIDE","206"
"83","ASSAULT (IN PROGRESS): KNIFE/CHILD ABUSE","1"
"30","ASSAULT (IN PROGRESS): KNIFE/FAMILY","11"
"63","ASSAULT (IN PROGRESS): OTHER/INSIDE","171"
"14","ASSAULT (IN PROGRESS): OTHER/TRANSIT","188"
"49","ASSAULT (IN PROGRESS): WEAPON/OUTSIDE","44"
"78","ASSAULT (IN PROGRESS): KNIFE/SCHOOL","2"
"121","ASSAULT (IN PROGRESS): OTHER/FAMILY","311"
"111","ASSAULT (IN PROGRESS): WEAPON/INSIDE","8"
"5","ASSAULT (IN PROGRESS): KNIFE/FAMILY","5"
"60","ASSAULT (IN PROGRESS): WEAPON/OUTSIDE","62"
"61","ASSAULT (PAST): OTHER/FAMILY","60"
"33","ASSAULT (PAST): OTHER/CHILD ABUSE","12"
"47","ASSAULT (PAST): OTHER/OUTSIDE","157"
"19","ASSAULT (IN PROGRESS): OTHER/INSIDE","218"
"77","ASSAULT (IN PROGRESS): OTHER/FAMILY","294"
"62","ASSAULT (PAST): KNIFE/OUTSIDE","7"
"67","ASSAULT (IN PROGRESS): OTHER/OUTSIDE","399"
"30","ASSAULT (IN PROGRESS): WEAPON/INSIDE","13"
"46","ASSAULT (IN PROGRESS): SHOTS/FAMILY","4"
"112","ASSAULT (PAST): KNIFE/OUTSIDE","3"
"84","ASSAULT (PAST): KNIFE/OUTSIDE","4"
"120","ASSAULT (IN PROGRESS): OTHER/CHILD ABUSE","26"
"25","ASSAULT (IN PROGRESS): KNIFE/FAMILY","12"
"61","ASSAULT (PAST): KNIFE/FAMILY","1"
"70","ASSAULT (PAST): WEAPON/INSIDE","19"
"18","ASSAULT (IN PROGRESS): SHOTS/OUTSIDE","17"
"81","ASSAULT (PAST): OTHER/OUTSIDE","68"
"120","ASSAULT (PAST): WEAPON/FAMILY","7"
"14","ASSAULT (PAST): KNIFE/FAMILY","1"
"13","ASSAULT (IN PROGRESS): OTHER/SCHOOL","5"
"34","ASSAULT (IN PROGRESS): KNIFE/TRANSIT","8"
"42","ASSAULT (IN PROGRESS): WEAPON/FAMILY","62"
"42","ASSAULT (PAST): KNIFE/INSIDE","35"
"10","ASSAULT (IN PROGRESS): WEAPON/FAMILY","6"
"84","ASSAULT (IN PROGRESS): SHOTS/OUTSIDE","3"
"7","ASSAULT (IN PROGRESS): KNIFE/CHILD ABUSE","1"
"71","ASSAULT (PAST): OTHER/INSIDE","281"
"32","ASSAULT (PAST): OTHER/SCHOOL","11"
"71","ASSAULT (PAST): OTHER/SCHOOL","17"
"5","ASSAULT (IN PROGRESS): KNIFE/TRANSIT","3"
"103","ASSAULT (IN PROGRESS): SHOTS/OUTSIDE","21"
"100","ASSAULT (IN PROGRESS): OTHER/OUTSIDE","87"
"23","ASSAULT (IN PROGRESS): KNIFE/TRANSIT","2"
"69","ASSAULT (PAST): OTHER/FAMILY","37"
"69","ASSAULT (IN PROGRESS): SHOTS/OUTSIDE","25"
"20","ASSAULT (PAST): OTHER/INSIDE","72"
"83","ASSAULT (IN PROGRESS): OTHER/CHILD ABUSE","14"
"103","ASSAULT (IN PROGRESS): OTHER/INSIDE","454"
"66","ASSAULT (PAST): KNIFE/FAMILY","2"
"49","ASSAULT (IN PROGRESS): SHOTS/OUTSIDE","17"
"23","ASSAULT (PAST): KNIFE/FAMILY","2"
"10","ASSAULT (IN PROGRESS): OTHER/INSIDE","237"
"23","ASSAULT (IN PROGRESS): OTHER/LTD ACC HWY","1"
"113","ASSAULT (IN PROGRESS): OTHER/SCHOOL","35"
"75","ASSAULT (PAST): WEAPON/TRANSIT","2"
"120","ASSAULT (IN PROGRESS): KNIFE/FAMILY","28"
"5","ASSAULT (PAST): WEAPON/OUTSIDE","11"
"50","ASSAULT (IN PROGRESS): KNIFE/LTD ACC HWY","2"
"10","ASSAULT (IN PROGRESS): KNIFE/FAMILY","11"
"103","ASSAULT (IN PROGRESS): WEAPON/OUTSIDE","92"
"108","ASSAULT (IN PROGRESS): KNIFE/INSIDE","20"
"101","ASSAULT (IN PROGRESS): SHOTS/OUTSIDE","18"
"66","ASSAULT (IN PROGRESS): WEAPON/OUTSIDE","42"
"90","ASSAULT (PAST): KNIFE/OUTSIDE","7"
"73","ASSAULT (PAST): WEAPON/INSIDE","23"
"61","ASSAULT (IN PROGRESS): OTHER/TRANSIT","20"
"10","ASSAULT (PAST): OTHER/TRANSIT","8"
"94","ASSAULT (IN PROGRESS): WEAPON/TRANSIT","3"
"46","ASSAULT (IN PROGRESS): OTHER/CHILD ABUSE","43"
"106","ASSAULT (IN PROGRESS): OTHER/SCHOOL","20"
"76","ASSAULT (IN PROGRESS): OTHER/CHILD ABUSE","2"
"84","ASSAULT (IN PROGRESS): OTHER/TRANSIT","80"
"6","ASSAULT (IN PROGRESS): SHOTS/OUTSIDE","2"
"40","ASSAULT (IN PROGRESS): OTHER/TRANSIT","71"
"109","ASSAULT (PAST): KNIFE/TRANSIT","1"
"79","ASSAULT (PAST): WEAPON/CHILD ABUSE","1"
"10","ASSAULT (IN PROGRESS): KNIFE/TRANSIT","2"
"33","ASSAULT (IN PROGRESS): OTHER/SCHOOL","6"
"41","ASSAULT (PAST): OTHER/SCHOOL","12"
"23","ASSAULT (PAST): WEAPON/INSIDE","28"
"122","ASSAULT (PAST): OTHER/SCHOOL","12"
"18","ASSAULT (PAST): OTHER/TRANSIT","23"
"120","ASSAULT (IN PROGRESS): WEAPON/OUTSIDE","48"
"20","ASSAULT (IN PROGRESS): WEAPON/INSIDE","7"
"122","ASSAULT (PAST): WEAPON/SCHOOL","2"
"102","ASSAULT (IN PROGRESS): OTHER/INSIDE","329"
"73","ASSAULT (PAST): KNIFE/SCHOOL","1"
"40","ASSAULT (IN PROGRESS): OTHER/OUTSIDE","615"
"106","ASSAULT (PAST): OTHER/INSIDE","121"
"47","ASSAULT (IN PROGRESS): KNIFE/TRANSIT","1"
"26","ASSAULT (PAST): OTHER/OUTSIDE","35"
"84","ASSAULT (PAST): OTHER/SCHOOL","20"
"120","ASSAULT (PAST): KNIFE/INSIDE","22"
"23","ASSAULT (IN PROGRESS): OTHER/OUTSIDE","284"
"103","ASSAULT (PAST): WEAPON/OUTSIDE","13"
"25","ASSAULT (PAST): OTHER/TRANSIT","14"
"107","ASSAULT (PAST): OTHER/OUTSIDE","53"
"101","ASSAULT (PAST): OTHER/SCHOOL","12"
"122","ASSAULT (IN PROGRESS): OTHER/OUTSIDE","133"
"115","ASSAULT (PAST): OTHER/SCHOOL","4"
"43","ASSAULT (IN PROGRESS): WEAPON/INSIDE","75"
"43","ASSAULT (IN PROGRESS): SHOTS/FAMILY","4"
"45","ASSAULT (IN PROGRESS): SHOTS/OUTSIDE","13"
"46","ASSAULT (PAST): KNIFE/TRANSIT","4"
"78","ASSAULT (IN PROGRESS): WEAPON/SCHOOL","2"
"90","ASSAULT (IN PROGRESS): WEAPON/CHILD","1"
"62","ASSAULT (IN PROGRESS): SHOTS/INSIDE","3"
"113","ASSAULT (PAST): KNIFE/OUTSIDE","3"
"34","ASSAULT (IN PROGRESS): SHOTS/OUTSIDE","23"
"44","ASSAULT (IN PROGRESS): SHOTS/FAMILY","11"
"32","ASSAULT (IN PROGRESS): WEAPON/FAMILY","40"
"72","ASSAULT (IN PROGRESS): OTHER/FAMILY","197"
"49","ASSAULT (IN PROGRESS): KNIFE/OUTSIDE","43"
"110","ASSAULT (IN PROGRESS): WEAPON/FAMILY","29"
"71","ASSAULT (IN PROGRESS): SHOTS/SCHOOL","2"
"19","ASSAULT (IN PROGRESS): OTHER/CHILD ABUSE","9"
"47","ASSAULT (IN PROGRESS): SHOTS/OUTSIDE","39"
"47","ASSAULT (IN PROGRESS): WEAPON/TRANSIT","2"
"34","ASSAULT (IN PROGRESS): KNIFE/OUTSIDE","40"
"26","ASSAULT (IN PROGRESS): OTHER/INSIDE","121"
"40","ASSAULT (IN PROGRESS): WEAPON/INSIDE","99"
"33","ASSAULT (IN PROGRESS): WEAPON/OUTSIDE","46"
"104","ASSAULT (IN PROGRESS): OTHER/INSIDE","211"
"70","ASSAULT (PAST): KNIFE/TRANSIT","1"
"48","ASSAULT (IN PROGRESS): OTHER/SCHOOL","23"
"9","ASSAULT (IN PROGRESS): OTHER/CHILD ABUSE","22"
"69","ASSAULT (PAST): SHOTS/INSIDE","1"
"34","ASSAULT (IN PROGRESS): WEAPON/TRANSIT","5"
"103","ASSAULT (IN PROGRESS): WEAPON/INSIDE","63"
"102","ASSAULT (IN PROGRESS): OTHER/CHILD ABUSE","25"
"61","ASSAULT (IN PROGRESS): WEAPON/OUTSIDE","42"
"61","ASSAULT (PAST): OTHER/INSIDE","124"
"44","ASSAULT (PAST): OTHER/INSIDE","417"
"24","ASSAULT (PAST): OTHER/TRANSIT","7"
"121","ASSAULT (PAST): OTHER/INSIDE","112"
"9","ASSAULT (IN PROGRESS): KNIFE/OUTSIDE","23"
"40","ASSAULT (IN PROGRESS): KNIFE/INSIDE","107"
"120","ASSAULT (PAST): SHOTS/OUTSIDE","1"
"40","ASSAULT (PAST): WEAPON/CHILD ABUSE","1"
"14","ASSAULT (PAST): WEAPON/OUTSIDE","13"
"90","ASSAULT (IN PROGRESS): KNIFE/FAMILY","8"
"45","ASSAULT (PAST): WEAPON/CHILD ABUSE","3"
"13","ASSAULT (IN PROGRESS): OTHER/LTD ACC HWY","4"
"112","ASSAULT (IN PROGRESS): SHOTS/OUTSIDE","2"
"114","ASSAULT (PAST): WEAPON/INSIDE","27"
"26","ASSAULT (PAST): KNIFE/INSIDE","8"
"105","ASSAULT (IN PROGRESS): SHOTS/FAMILY","1"
"120","ASSAULT (IN PROGRESS): KNIFE/SCHOOL","3"
"28","ASSAULT (PAST): WEAPON/FAMILY","3"
"30","ASSAULT (PAST): OTHER/OUTSIDE","47"
"50","ASSAULT (PAST): OTHER/SCHOOL","15"
"41","ASSAULT (IN PROGRESS): WEAPON/CHILD","1"
"52","ASSAULT (IN PROGRESS): OTHER/SCHOOL","25"
"19","ASSAULT (PAST): WEAPON/OUTSIDE","13"
"47","ASSAULT (IN PROGRESS): OTHER/TRANSIT","32"
"44","ASSAULT (IN PROGRESS): SHOTS/SCHOOL","3"
"102","ASSAULT (IN PROGRESS): KNIFE/FAMILY","39"
"30","ASSAULT (IN PROGRESS): WEAPON/CHILD","1"
"83","ASSAULT (IN PROGRESS): KNIFE/FAMILY","18"
"5","ASSAULT (IN PROGRESS): SHOTS/INSIDE","4"
"23","ASSAULT (IN PROGRESS): WEAPON/TRANSIT","1"
"42","ASSAULT (PAST): WEAPON/SCHOOL","2"
"28","ASSAULT (IN PROGRESS): WEAPON/OUTSIDE","55"
"60","ASSAULT (PAST): KNIFE/OUTSIDE","9"
"42","ASSAULT (PAST): KNIFE/CHILD ABUSE","1"
"10","ASSAULT (IN PROGRESS): WEAPON/TRANSIT","8"
"17","ASSAULT (IN PROGRESS): SHOTS/INSIDE","1"
"24","ASSAULT (PAST): KNIFE/INSIDE","5"
"62","ASSAULT (IN PROGRESS): KNIFE/INSIDE","14"
"24","ASSAULT (IN PROGRESS): OTHER/FAMILY","144"
"123","ASSAULT (PAST): OTHER/OUTSIDE","10"
"106","ASSAULT (IN PROGRESS): OTHER/CHILD ABUSE","24"
"66","ASSAULT (IN PROGRESS): SHOTS/INSIDE","9"
"25","ASSAULT (PAST): KNIFE/INSIDE","15"
"5","ASSAULT (PAST): OTHER/SCHOOL","7"
"23","ASSAULT (PAST): KNIFE/TRANSIT","1"
"30","ASSAULT (IN PROGRESS): KNIFE/OUTSIDE","30"
"73","ASSAULT (IN PROGRESS): OTHER/SCHOOL","32"
"122","ASSAULT (IN PROGRESS): KNIFE/TRANSIT","1"
"63","ASSAULT (PAST): OTHER/FAMILY","39"
"81","ASSAULT (IN PROGRESS): KNIFE/TRANSIT","3"
"107","ASSAULT (PAST): OTHER/TRANSIT","20"
"41","ASSAULT (IN PROGRESS): SHOTS/FAMILY","4"
"121","ASSAULT (IN PROGRESS): OTHER/CHILD ABUSE","17"
"84","ASSAULT (IN PROGRESS): OTHER/OUTSIDE","285"
"115","ASSAULT (PAST): KNIFE/OUTSIDE","13"
"62","ASSAULT (IN PROGRESS): OTHER/FAMILY","266"
