"vic_race","vic_sex","prem_typ_desc","juris_desc","nycha","loc_of_occur_desc","n"
"BLACK","F","(null)","MTA POLICE DEPT","yes","INSIDE","1"
"UNKNOWN","F","(null)","PORT AUTHORITY","yes","(null)","1"
"UNKNOWN","F","STREET","N.Y. POLICE DEPT","yes","(null)","652"
"WHITE HISPANIC","F","BEAUTY & NAIL SALON","N.Y. POLICE DEPT","yes","OPPOSITE OF","1"
"UNKNOWN","F","PARK/PLAYGROUND","N.Y. POLICE DEPT","yes","REAR OF","1"
"WHITE","F","SYNAGOGUE","N.Y. POLICE DEPT","yes","FRONT OF","2"
"ASIAN / PACIFIC ISLANDER","F","PUBLIC BUILDING","N.Y. POLICE DEPT","yes","INSIDE","7"
"UNKNOWN","F","OTHER","OTHER","yes","INSIDE","2"
"UNKNOWN","F","RESIDENCE - APT. HOUSE","N.Y. POLICE DEPT","yes","INSIDE","2992"
"WHITE","F","OPEN AREAS (OPEN LOTS)","N.Y. POLICE DEPT","yes","FRONT OF","6"
"UNKNOWN","F","BUS TERMINAL","N.Y. POLICE DEPT","yes","(null)","1"
"WHITE HISPANIC","F","TELECOMM. STORE","N.Y. POLICE DEPT","yes","INSIDE","13"
"WHITE","F","BUS (OTHER)","N.Y. POLICE DEPT","yes","(null)","11"
"BLACK","F","HOSPITAL","OTHER","yes","FRONT OF","1"
"ASIAN / PACIFIC ISLANDER","F","HOMELESS SHELTER","N.Y. POLICE DEPT","yes","(null)","2"
"ASIAN / PACIFIC ISLANDER","F","CHAIN STORE","PORT AUTHORITY","yes","INSIDE","1"
"BLACK","F","HIGHWAY/PARKWAY","TRI-BORO BRDG TUNNL","yes","FRONT OF","1"
"BLACK","F","DRY CLEANER/LAUNDRY","N.Y. POLICE DEPT","yes","(null)","1"
"WHITE HISPANIC","F","TUNNEL","N.Y. POLICE DEPT","yes","(null)","1"
"BLACK HISPANIC","F","RESIDENCE - APT. HOUSE","OTHER","yes","FRONT OF","1"
"WHITE","F","OTHER","N.Y. POLICE DEPT","yes","REAR OF","5"
"BLACK","F","FACTORY/WAREHOUSE","N.Y. POLICE DEPT","yes","INSIDE","10"
"BLACK","F","TRANSIT FACILITY (OTHER)","N.Y. POLICE DEPT","yes","INSIDE","2"
"BLACK","F","OPEN AREAS (OPEN LOTS)","N.Y. POLICE DEPT","yes","(null)","13"
"ASIAN / PACIFIC ISLANDER","F","PUBLIC SCHOOL","N.Y. POLICE DEPT","yes","(null)","2"
"WHITE HISPANIC","F","DRY CLEANER/LAUNDRY","N.Y. POLICE DEPT","yes","INSIDE","98"
"UNKNOWN","F","OTHER","N.Y. POLICE DEPT","yes","(null)","22"
"BLACK HISPANIC","F","GAS STATION","N.Y. POLICE DEPT","yes","(null)","1"
"WHITE HISPANIC","F","PUBLIC BUILDING","N.Y. POLICE DEPT","yes","OPPOSITE OF","1"
"BLACK","F","SMALL MERCHANT","N.Y. POLICE DEPT","yes","REAR OF","1"
"BLACK","F","BUS (OTHER)","N.Y. POLICE DEPT","yes","FRONT OF","17"
"ASIAN / PACIFIC ISLANDER","F","COMMERCIAL BUILDING","N.Y. POLICE DEPT","yes","FRONT OF","24"
"WHITE","F","MARINA/PIER","N.Y. POLICE DEPT","yes","FRONT OF","2"
"BLACK HISPANIC","F","TAXI (YELLOW LICENSED)","N.Y. POLICE DEPT","yes","FRONT OF","1"
"BLACK HISPANIC","F","MAILBOX OUTSIDE","N.Y. POLICE DEPT","yes","FRONT OF","1"
"ASIAN / PACIFIC ISLANDER","F","BUS (NYC TRANSIT)","N.Y. POLICE DEPT","yes","(null)","33"
"BLACK HISPANIC","F","DRY CLEANER/LAUNDRY","N.Y. POLICE DEPT","yes","(null)","1"
"BLACK HISPANIC","F","TUNNEL","N.Y. POLICE DEPT","yes","FRONT OF","2"
"WHITE HISPANIC","F","HIGHWAY/PARKWAY","N.Y. POLICE DEPT","yes","FRONT OF","1"
"ASIAN / PACIFIC ISLANDER","F","MARINA/PIER","N.Y. POLICE DEPT","yes","INSIDE","1"
"BLACK HISPANIC","F","PARKING LOT/GARAGE (PUBLIC)","N.Y. POLICE DEPT","yes","INSIDE","2"
"WHITE HISPANIC","F","OTHER","N.Y. POLICE DEPT","yes","(null)","126"
"BLACK HISPANIC","F","GROCERY/BODEGA","N.Y. POLICE DEPT","yes","(null)","2"
"BLACK","F","SMOKE SHOP","N.Y. POLICE DEPT","yes","INSIDE","6"
"WHITE","F","PUBLIC BUILDING","N.Y. POLICE DEPT","yes","OPPOSITE OF","1"
"WHITE HISPANIC","F","CLOTHING/BOUTIQUE","N.Y. POLICE DEPT","yes","FRONT OF","7"
"WHITE HISPANIC","F","RESTAURANT/DINER","N.Y. POLICE DEPT","yes","FRONT OF","87"
"UNKNOWN","F","SMOKE SHOP","N.Y. POLICE DEPT","yes","INSIDE","2"
"WHITE HISPANIC","F","PARKING LOT/GARAGE (PRIVATE)","N.Y. POLICE DEPT","yes","(null)","3"
"UNKNOWN","F","TRANSIT FACILITY (OTHER)","N.Y. POLICE DEPT","yes","INSIDE","4"
"BLACK","F","PARK/PLAYGROUND","N.Y. POLICE DEPT","yes","FRONT OF","60"
"WHITE","F","PARKING LOT/GARAGE (PRIVATE)","N.Y. POLICE DEPT","yes","(null)","2"
"ASIAN / PACIFIC ISLANDER","F","PARKING LOT/GARAGE (PUBLIC)","N.Y. POLICE DEPT","yes","FRONT OF","19"
"BLACK","F","RESIDENCE-HOUSE","N.Y. POLICE DEPT","yes","FRONT OF","1160"
"WHITE","F","HOTEL/MOTEL","N.Y. POLICE DEPT","yes","FRONT OF","10"
"BLACK HISPANIC","F","PRIVATE/PAROCHIAL SCHOOL","N.Y. POLICE DEPT","yes","INSIDE","10"
"WHITE","F","PARK/PLAYGROUND","N.Y. POLICE DEPT","yes","(null)","139"
"WHITE","F","CHURCH","N.Y. POLICE DEPT","yes","(null)","1"
"AMERICAN INDIAN/ALASKAN NATIVE","F","PARKING LOT/GARAGE (PUBLIC)","N.Y. POLICE DEPT","yes","FRONT OF","2"
"ASIAN / PACIFIC ISLANDER","F","STREET","N.Y. POLICE DEPT","yes","INSIDE","48"
"WHITE","F","(null)","N.Y. POLICE DEPT","yes","FRONT OF","68"
"WHITE HISPANIC","F","BAR/NIGHT CLUB","N.Y. POLICE DEPT","yes","FRONT OF","176"
"UNKNOWN","F","PARKING LOT/GARAGE (PUBLIC)","N.Y. POLICE DEPT","yes","INSIDE","2"
"WHITE HISPANIC","F","TAXI (LIVERY LICENSED)","N.Y. POLICE DEPT","yes","(null)","5"
"BLACK","F","STREET","N.Y. HOUSING POLICE","yes","(null)","1"
"BLACK","F","OTHER","HEALTH & HOSP CORP","yes","INSIDE","3"
"WHITE HISPANIC","F","BUS TERMINAL","N.Y. POLICE DEPT","yes","INSIDE","1"
"BLACK HISPANIC","F","PARK/PLAYGROUND","N.Y. POLICE DEPT","yes","OPPOSITE OF","14"
"ASIAN / PACIFIC ISLANDER","F","RESIDENCE - PUBLIC HOUSING","N.Y. HOUSING POLICE","yes","FRONT OF","46"
"BLACK HISPANIC","F","GROCERY/BODEGA","N.Y. POLICE DEPT","yes","INSIDE","77"
"ASIAN / PACIFIC ISLANDER","F","HOMELESS SHELTER","N.Y. TRANSIT POLICE","yes","(null)","1"
"BLACK","F","OTHER HOUSE OF WORSHIP","N.Y. POLICE DEPT","yes","INSIDE","2"
"BLACK HISPANIC","F","RESIDENCE - PUBLIC HOUSING","N.Y. POLICE DEPT","yes","INSIDE","9"
"BLACK","F","RESIDENCE-HOUSE","N.Y. POLICE DEPT","yes","INSIDE","6565"
"BLACK HISPANIC","F","FERRY/FERRY TERMINAL","N.Y. POLICE DEPT","yes","INSIDE","2"
"BLACK","F","PUBLIC BUILDING","MTA POLICE DEPT","yes","INSIDE","1"
"UNKNOWN","F","(null)","N.Y. POLICE DEPT","yes","INSIDE","169"
"BLACK HISPANIC","F","BUS (OTHER)","N.Y. POLICE DEPT","yes","(null)","4"
"WHITE","F","MARINA/PIER","N.Y. POLICE DEPT","yes","(null)","4"
"WHITE","F","BAR/NIGHT CLUB","N.Y. POLICE DEPT","yes","OPPOSITE OF","1"
"BLACK HISPANIC","F","CLOTHING/BOUTIQUE","N.Y. POLICE DEPT","yes","(null)","2"
"ASIAN / PACIFIC ISLANDER","F","(null)","N.Y. POLICE DEPT","yes","(null)","17"
"WHITE","F","OTHER","N.Y. POLICE DEPT","yes","INSIDE","106"
"ASIAN / PACIFIC ISLANDER","F","RESIDENCE-HOUSE","PORT AUTHORITY","yes","INSIDE","2"
"WHITE HISPANIC","F","CANDY STORE","N.Y. POLICE DEPT","yes","(null)","2"
"WHITE HISPANIC","F","OTHER","N.Y. POLICE DEPT","yes","FRONT OF","220"
"UNKNOWN","F","PARKING LOT/GARAGE (PRIVATE)","N.Y. POLICE DEPT","yes","FRONT OF","3"
"WHITE","F","FAST FOOD","N.Y. POLICE DEPT","yes","(null)","1"
"WHITE HISPANIC","F","FAST FOOD","N.Y. POLICE DEPT","yes","(null)","4"
"WHITE","F","OTHER","PORT AUTHORITY","yes","INSIDE","1"
"AMERICAN INDIAN/ALASKAN NATIVE","F","FOOD SUPERMARKET","N.Y. POLICE DEPT","yes","INSIDE","1"
"BLACK HISPANIC","F","SMALL MERCHANT","N.Y. POLICE DEPT","yes","FRONT OF","1"
"ASIAN / PACIFIC ISLANDER","F","BEAUTY & NAIL SALON","N.Y. POLICE DEPT","yes","INSIDE","114"
"UNKNOWN","F","PRIVATE/PAROCHIAL SCHOOL","N.Y. POLICE DEPT","yes","FRONT OF","1"
"WHITE HISPANIC","F","MOBILE FOOD","N.Y. POLICE DEPT","yes","FRONT OF","5"
"AMERICAN INDIAN/ALASKAN NATIVE","F","AIRPORT TERMINAL","PORT AUTHORITY","yes","(null)","1"
"BLACK","F","HIGHWAY/PARKWAY","N.Y. POLICE DEPT","yes","REAR OF","2"
"BLACK HISPANIC","F","TAXI (LIVERY LICENSED)","N.Y. POLICE DEPT","yes","FRONT OF","1"
"BLACK","F","OPEN AREAS (OPEN LOTS)","N.Y. POLICE DEPT","yes","OPPOSITE OF","4"
"BLACK HISPANIC","F","SHOE","N.Y. POLICE DEPT","yes","FRONT OF","1"
"ASIAN / PACIFIC ISLANDER","F","BANK","N.Y. POLICE DEPT","yes","INSIDE","4"
"WHITE HISPANIC","F","OPEN AREAS (OPEN LOTS)","N.Y. POLICE DEPT","yes","FRONT OF","16"
"UNKNOWN","F","RESIDENCE-HOUSE","N.Y. POLICE DEPT","yes","REAR OF","9"
"WHITE HISPANIC","F","COMMERCIAL BUILDING","N.Y. POLICE DEPT","yes","REAR OF","4"
"WHITE HISPANIC","F","PUBLIC SCHOOL","N.Y. POLICE DEPT","yes","INSIDE","333"
"WHITE HISPANIC","F","RESIDENCE - PUBLIC HOUSING","N.Y. POLICE DEPT","yes","FRONT OF","5"
"BLACK HISPANIC","F","STREET","N.Y. POLICE DEPT","yes","(null)","844"
"BLACK","F","TRANSIT FACILITY (OTHER)","MTA POLICE DEPT","yes","FRONT OF","2"
"UNKNOWN","F","DEPARTMENT STORE","N.Y. POLICE DEPT","yes","FRONT OF","3"
"BLACK","F","STREET","DEPT OF CORRECTIONS","yes","FRONT OF","2"
"BLACK","F","OTHER","N.Y. POLICE DEPT","yes","(null)","206"
"UNKNOWN","F","HOSPITAL","N.Y. POLICE DEPT","yes","FRONT OF","2"
"WHITE HISPANIC","F","STREET","N.Y. HOUSING POLICE","yes","FRONT OF","5"
"BLACK","F","GYM/FITNESS FACILITY","N.Y. POLICE DEPT","yes","REAR OF","1"
"BLACK","F","CHECK CASHING BUSINESS","N.Y. POLICE DEPT","yes","INSIDE","12"
"WHITE HISPANIC","F","GROCERY/BODEGA","N.Y. POLICE DEPT","yes","FRONT OF","94"
"BLACK","F","TRANSIT - NYC SUBWAY","N.Y. TRANSIT POLICE","yes","(null)","997"
"BLACK HISPANIC","F","COMMERCIAL BUILDING","N.Y. POLICE DEPT","yes","FRONT OF","10"
"ASIAN / PACIFIC ISLANDER","F","REAL ESTATE","N.Y. POLICE DEPT","yes","INSIDE","2"
"WHITE","F","TRAMWAY","N.Y. TRANSIT POLICE","yes","(null)","1"
"UNKNOWN","F","CHURCH","N.Y. POLICE DEPT","yes","FRONT OF","2"
"AMERICAN INDIAN/ALASKAN NATIVE","F","PARK/PLAYGROUND","N.Y. POLICE DEPT","yes","INSIDE","1"
"WHITE","F","RESTAURANT/DINER","N.Y. POLICE DEPT","yes","INSIDE","107"
"BLACK HISPANIC","F","GYM/FITNESS FACILITY","N.Y. POLICE DEPT","yes","INSIDE","5"
"WHITE","F","SYNAGOGUE","N.Y. POLICE DEPT","yes","INSIDE","3"
"WHITE HISPANIC","F","VIDEO STORE","N.Y. POLICE DEPT","yes","INSIDE","2"
"ASIAN / PACIFIC ISLANDER","F","OPEN AREAS (OPEN LOTS)","N.Y. POLICE DEPT","yes","REAR OF","2"
"WHITE","F","CANDY STORE","N.Y. POLICE DEPT","yes","INSIDE","3"
"BLACK","F","OTHER","OTHER","yes","INSIDE","1"
"ASIAN / PACIFIC ISLANDER","F","RESIDENCE - APT. HOUSE","N.Y. POLICE DEPT","yes","INSIDE","3325"
"BLACK","F","BANK","N.Y. POLICE DEPT","yes","REAR OF","1"
"WHITE HISPANIC","F","SHOE","N.Y. POLICE DEPT","yes","FRONT OF","2"
"ASIAN / PACIFIC ISLANDER","F","BEAUTY & NAIL SALON","N.Y. POLICE DEPT","yes","FRONT OF","11"
"BLACK","F","TUNNEL","N.Y. POLICE DEPT","yes","INSIDE","1"
"BLACK","F","BUS STOP","N.Y. POLICE DEPT","yes","INSIDE","2"
"BLACK","F","FOOD SUPERMARKET","N.Y. POLICE DEPT","yes","(null)","1"
"BLACK","F","TELECOMM. STORE","N.Y. POLICE DEPT","yes","(null)","1"
"BLACK","F","CANDY STORE","N.Y. POLICE DEPT","yes","INSIDE","27"
"BLACK","F","COLLEGE/UNIVERSITY","OTHER","yes","(null)","1"
"UNKNOWN","F","TRANSIT - NYC SUBWAY","N.Y. TRANSIT POLICE","yes","(null)","83"
"BLACK","F","OTHER HOUSE OF WORSHIP","N.Y. POLICE DEPT","yes","FRONT OF","1"
"WHITE HISPANIC","F","FERRY/FERRY TERMINAL","N.Y. POLICE DEPT","yes","FRONT OF","3"
"BLACK HISPANIC","F","OTHER HOUSE OF WORSHIP","N.Y. POLICE DEPT","yes","INSIDE","1"
"BLACK","F","BAR/NIGHT CLUB","N.Y. POLICE DEPT","yes","(null)","12"
"BLACK HISPANIC","F","RESTAURANT/DINER","N.Y. POLICE DEPT","yes","FRONT OF","15"
"WHITE HISPANIC","F","RESIDENCE - PUBLIC HOUSING","N.Y. POLICE DEPT","yes","(null)","3"
"UNKNOWN","F","SOCIAL CLUB/POLICY","N.Y. POLICE DEPT","yes","INSIDE","2"
"UNKNOWN","F","CHURCH","N.Y. POLICE DEPT","yes","INSIDE","1"
"BLACK","F","RESIDENCE - APT. HOUSE","N.Y. POLICE DEPT","yes","(null)","270"
"WHITE HISPANIC","F","BUS STOP","N.Y. POLICE DEPT","yes","(null)","24"
"BLACK","F","DAYCARE FACILITY","N.Y. POLICE DEPT","yes","FRONT OF","2"
"UNKNOWN","F","(null)","N.Y. POLICE DEPT","yes","FRONT OF","42"
"AMERICAN INDIAN/ALASKAN NATIVE","F","GAS STATION","N.Y. POLICE DEPT","yes","INSIDE","2"
"BLACK HISPANIC","F","STREET","MTA POLICE DEPT","yes","FRONT OF","1"
"UNKNOWN","F","RESIDENCE-HOUSE","N.Y. POLICE DEPT","yes","INSIDE","768"
"WHITE","F","RESIDENCE - APT. HOUSE","N.Y. POLICE DEPT","yes","FRONT OF","365"
"WHITE","F","GROCERY/BODEGA","N.Y. POLICE DEPT","yes","(null)","4"
"WHITE HISPANIC","F","PARK/PLAYGROUND","N.Y. POLICE DEPT","yes","REAR OF","26"
"UNKNOWN","F","RESIDENCE - APT. HOUSE","N.Y. POLICE DEPT","yes","OPPOSITE OF","4"
"WHITE","F","CHAIN STORE","N.Y. POLICE DEPT","yes","FRONT OF","33"
"UNKNOWN","F","RESIDENCE - PUBLIC HOUSING","N.Y. POLICE DEPT","yes","(null)","1"
"WHITE HISPANIC","F","SMALL MERCHANT","N.Y. POLICE DEPT","yes","(null)","1"
"BLACK HISPANIC","F","TRANSIT - NYC SUBWAY","N.Y. TRANSIT POLICE","yes","(null)","176"
"BLACK","F","CHAIN STORE","N.Y. POLICE DEPT","yes","REAR OF","4"
"WHITE HISPANIC","F","LIQUOR STORE","N.Y. POLICE DEPT","yes","FRONT OF","5"
"BLACK HISPANIC","F","BUS TERMINAL","PORT AUTHORITY","yes","INSIDE","4"
"BLACK HISPANIC","F","CLOTHING/BOUTIQUE","N.Y. POLICE DEPT","yes","INSIDE","12"
"BLACK","F","STORE UNCLASSIFIED","N.Y. POLICE DEPT","yes","FRONT OF","6"
"AMERICAN INDIAN/ALASKAN NATIVE","F","HOTEL/MOTEL","N.Y. POLICE DEPT","yes","INSIDE","4"
"ASIAN / PACIFIC ISLANDER","F","DEPARTMENT STORE","N.Y. POLICE DEPT","yes","FRONT OF","3"
"WHITE HISPANIC","F","(null)","N.Y. POLICE DEPT","yes","REAR OF","6"
"ASIAN / PACIFIC ISLANDER","F","RESIDENCE - APT. HOUSE","N.Y. POLICE DEPT","yes","(null)","14"
"WHITE","F","HIGHWAY/PARKWAY","PORT AUTHORITY","yes","(null)","1"
"BLACK","F","HIGHWAY/PARKWAY","N.Y. POLICE DEPT","yes","INSIDE","1"
"UNKNOWN","F","OPEN AREAS (OPEN LOTS)","PORT AUTHORITY","yes","FRONT OF","1"
"WHITE HISPANIC","F","OTHER","HEALTH & HOSP CORP","yes","INSIDE","2"
"BLACK","F","(null)","N.Y. POLICE DEPT","yes","INSIDE","630"
"ASIAN / PACIFIC ISLANDER","F","BUS (OTHER)","N.Y. POLICE DEPT","yes","(null)","5"
"WHITE HISPANIC","F","BUS TERMINAL","PORT AUTHORITY","yes","FRONT OF","2"
"WHITE","F","COMMERCIAL BUILDING","N.Y. POLICE DEPT","yes","INSIDE","121"
"WHITE HISPANIC","F","OTHER","N.Y. POLICE DEPT","yes","OPPOSITE OF","10"
"WHITE HISPANIC","F","PUBLIC SCHOOL","N.Y. POLICE DEPT","yes","OPPOSITE OF","3"
"WHITE HISPANIC","F","RESIDENCE-HOUSE","PORT AUTHORITY","yes","INSIDE","1"
"WHITE HISPANIC","F","BAR/NIGHT CLUB","N.Y. POLICE DEPT","yes","(null)","13"
"BLACK","F","RESIDENCE - APT. HOUSE","N.Y. POLICE DEPT","yes","REAR OF","73"
"BLACK","F","RESIDENCE-HOUSE","N.Y. POLICE DEPT","yes","(null)","107"
"BLACK","F","GROCERY/BODEGA","N.Y. POLICE DEPT","yes","INSIDE","454"
"UNKNOWN","F","RESIDENCE - PUBLIC HOUSING","N.Y. POLICE DEPT","yes","FRONT OF","1"
"WHITE HISPANIC","F","RESIDENCE-HOUSE","N.Y. STATE POLICE","yes","INSIDE","1"
"BLACK","F","GAS STATION","N.Y. POLICE DEPT","yes","FRONT OF","40"
"AMERICAN INDIAN/ALASKAN NATIVE","F","(null)","N.Y. POLICE DEPT","yes","(null)","2"
"BLACK HISPANIC","F","PARKING LOT/GARAGE (PUBLIC)","N.Y. POLICE DEPT","yes","REAR OF","7"
"UNKNOWN","F","RESIDENCE - APT. HOUSE","OTHER","yes","INSIDE","3"
"WHITE HISPANIC","F","(null)","N.Y. POLICE DEPT","yes","OPPOSITE OF","10"
"AMERICAN INDIAN/ALASKAN NATIVE","F","STREET","N.Y. POLICE DEPT","yes","INSIDE","2"
"ASIAN / PACIFIC ISLANDER","F","BANK","N.Y. POLICE DEPT","yes","FRONT OF","3"
"WHITE","F","PARK/PLAYGROUND","N.Y. POLICE DEPT","yes","OPPOSITE OF","12"
"BLACK HISPANIC","F","RESIDENCE-HOUSE","N.Y. POLICE DEPT","yes","REAR OF","8"
"WHITE","F","(null)","N.Y. POLICE DEPT","yes","INSIDE","168"
"WHITE","F","PARK/PLAYGROUND","N.Y. POLICE DEPT","yes","REAR OF","9"
"WHITE","F","RESIDENCE-HOUSE","N.Y. POLICE DEPT","yes","REAR OF","30"
"AMERICAN INDIAN/ALASKAN NATIVE","F","STREET","N.Y. POLICE DEPT","yes","FRONT OF","48"
"WHITE HISPANIC","F","DRUG STORE","N.Y. POLICE DEPT","yes","FRONT OF","8"
"UNKNOWN","F","BANK","N.Y. POLICE DEPT","yes","FRONT OF","2"
"UNKNOWN","F","CHAIN STORE","N.Y. POLICE DEPT","yes","INSIDE","44"
"BLACK","F","PHOTO/COPY","N.Y. POLICE DEPT","yes","FRONT OF","1"
"WHITE HISPANIC","F","HIGHWAY/PARKWAY","N.Y. POLICE DEPT","yes","(null)","37"
"WHITE","F","GYM/FITNESS FACILITY","N.Y. POLICE DEPT","yes","FRONT OF","3"
"ASIAN / PACIFIC ISLANDER","F","COMMERCIAL BUILDING","N.Y. POLICE DEPT","yes","(null)","2"
"BLACK HISPANIC","F","HOSPITAL","N.Y. POLICE DEPT","yes","(null)","3"
"WHITE HISPANIC","F","TRANSIT FACILITY (OTHER)","MTA POLICE DEPT","yes","INSIDE","17"
"AMERICAN INDIAN/ALASKAN NATIVE","F","STREET","N.Y. POLICE DEPT","yes","REAR OF","1"
"BLACK HISPANIC","F","FOOD SUPERMARKET","N.Y. POLICE DEPT","yes","INSIDE","20"
"BLACK","F","COMMERCIAL BUILDING","MTA POLICE DEPT","yes","INSIDE","1"
"BLACK","F","BUS STOP","N.Y. POLICE DEPT","yes","(null)","47"
"WHITE","F","COMMERCIAL BUILDING","N.Y. POLICE DEPT","yes","(null)","5"
"ASIAN / PACIFIC ISLANDER","F","RESTAURANT/DINER","N.Y. POLICE DEPT","yes","INSIDE","130"
"WHITE HISPANIC","F","MARINA/PIER","N.Y. POLICE DEPT","yes","(null)","6"
"WHITE HISPANIC","F","(null)","HEALTH & HOSP CORP","yes","INSIDE","1"
"BLACK","F","PARKING LOT/GARAGE (PUBLIC)","N.Y. POLICE DEPT","yes","FRONT OF","79"
"WHITE","F","BUS (NYC TRANSIT)","N.Y. POLICE DEPT","yes","OPPOSITE OF","1"
"ASIAN / PACIFIC ISLANDER","F","RESIDENCE-HOUSE","N.Y. POLICE DEPT","yes","OPPOSITE OF","3"
"AMERICAN INDIAN/ALASKAN NATIVE","F","CHAIN STORE","N.Y. POLICE DEPT","yes","FRONT OF","2"
"UNKNOWN","F","HOMELESS SHELTER","N.Y. POLICE DEPT","yes","INSIDE","285"
"BLACK","F","CLOTHING/BOUTIQUE","N.Y. POLICE DEPT","yes","FRONT OF","8"
"UNKNOWN","F","CHAIN STORE","N.Y. POLICE DEPT","yes","FRONT OF","11"
"BLACK","F","BUS (NYC TRANSIT)","N.Y. POLICE DEPT","yes","OPPOSITE OF","10"
"WHITE","F","RESIDENCE - PUBLIC HOUSING","N.Y. HOUSING POLICE","yes","OPPOSITE OF","3"
"BLACK","F","COLLEGE/UNIVERSITY","N.Y. POLICE DEPT","yes","(null)","1"
"ASIAN / PACIFIC ISLANDER","F","CHAIN STORE","N.Y. POLICE DEPT","yes","REAR OF","2"
"UNKNOWN","F","STORE UNCLASSIFIED","N.Y. POLICE DEPT","yes","FRONT OF","1"
"AMERICAN INDIAN/ALASKAN NATIVE","F","PARKING LOT/GARAGE (PUBLIC)","N.Y. POLICE DEPT","yes","REAR OF","1"
"UNKNOWN","F","STREET","PORT AUTHORITY","yes","FRONT OF","1"
"UNKNOWN","F","PARKING LOT/GARAGE (PUBLIC)","N.Y. POLICE DEPT","yes","REAR OF","4"
"BLACK","F","COMMERCIAL BUILDING","PORT AUTHORITY","yes","FRONT OF","1"
"AMERICAN INDIAN/ALASKAN NATIVE","F","BAR/NIGHT CLUB","N.Y. POLICE DEPT","yes","INSIDE","2"
"BLACK","F","DOCTOR/DENTIST OFFICE","N.Y. STATE POLICE","yes","INSIDE","1"
"WHITE HISPANIC","F","FOOD SUPERMARKET","N.Y. POLICE DEPT","yes","REAR OF","2"
"BLACK HISPANIC","F","HOTEL/MOTEL","N.Y. POLICE DEPT","yes","FRONT OF","7"
"WHITE","F","HOSPITAL","HEALTH & HOSP CORP","yes","INSIDE","8"
"UNKNOWN","F","PUBLIC SCHOOL","N.Y. POLICE DEPT","yes","OPPOSITE OF","1"
"BLACK","F","HOSPITAL","HEALTH & HOSP CORP","yes","FRONT OF","4"
"WHITE HISPANIC","F","TAXI (YELLOW LICENSED)","N.Y. POLICE DEPT","yes","FRONT OF","2"
"BLACK","F","TAXI (YELLOW LICENSED)","N.Y. POLICE DEPT","yes","FRONT OF","1"
"WHITE HISPANIC","F","HOMELESS SHELTER","N.Y.C. DEPT OF HOMELESS SERVICES","yes","OPPOSITE OF","1"
"BLACK","F","TUNNEL","N.Y. POLICE DEPT","yes","(null)","5"
"BLACK","F","VARIETY STORE","N.Y. POLICE DEPT","yes","INSIDE","17"
"AMERICAN INDIAN/ALASKAN NATIVE","F","PUBLIC SCHOOL","N.Y. POLICE DEPT","yes","INSIDE","5"
"WHITE HISPANIC","F","OTHER","N.Y. POLICE DEPT","yes","INSIDE","243"
"WHITE","F","STORAGE FACILITY","N.Y. POLICE DEPT","yes","INSIDE","6"
"ASIAN / PACIFIC ISLANDER","F","TRANSIT - NYC SUBWAY","N.Y. TRANSIT POLICE","yes","(null)","334"
"WHITE HISPANIC","F","SOCIAL CLUB/POLICY","N.Y. POLICE DEPT","yes","FRONT OF","4"
"WHITE","F","PARKING LOT/GARAGE (PUBLIC)","N.Y. POLICE DEPT","yes","REAR OF","14"
"WHITE","F","COMMERCIAL BUILDING","PORT AUTHORITY","yes","INSIDE","1"
"ASIAN / PACIFIC ISLANDER","F","LIQUOR STORE","N.Y. POLICE DEPT","yes","INSIDE","12"
"BLACK","F","(null)","N.Y. POLICE DEPT","yes","REAR OF","13"
"UNKNOWN","F","STORAGE FACILITY","N.Y. POLICE DEPT","yes","INSIDE","1"
"UNKNOWN","F","BEAUTY & NAIL SALON","N.Y. POLICE DEPT","yes","(null)","1"
"UNKNOWN","F","BUS TERMINAL","N.Y. POLICE DEPT","yes","FRONT OF","1"
"WHITE HISPANIC","F","HOMELESS SHELTER","N.Y. POLICE DEPT","yes","(null)","11"
"BLACK","F","TAXI/LIVERY (UNLICENSED)","N.Y. POLICE DEPT","yes","(null)","2"
"UNKNOWN","F","FAST FOOD","N.Y. POLICE DEPT","yes","(null)","1"
"BLACK HISPANIC","F","HOTEL/MOTEL","N.Y. POLICE DEPT","yes","INSIDE","45"
"BLACK","F","VARIETY STORE","N.Y. POLICE DEPT","yes","FRONT OF","6"
"UNKNOWN","F","(null)","OTHER","yes","INSIDE","1"
"ASIAN / PACIFIC ISLANDER","F","STREET","N.Y. POLICE DEPT","yes","REAR OF","17"
"BLACK HISPANIC","F","HOTEL/MOTEL","N.Y. POLICE DEPT","yes","(null)","1"
"BLACK HISPANIC","F","HOTEL/MOTEL","N.Y. POLICE DEPT","yes","OPPOSITE OF","1"
"ASIAN / PACIFIC ISLANDER","F","(null)","MTA POLICE DEPT","yes","INSIDE","1"
"BLACK","F","DOCTOR/DENTIST OFFICE","N.Y. POLICE DEPT","yes","FRONT OF","9"
"UNKNOWN","F","PUBLIC SCHOOL","N.Y. POLICE DEPT","yes","REAR OF","3"
"UNKNOWN","F","TRANSIT FACILITY (OTHER)","N.Y. TRANSIT POLICE","yes","(null)","1"
"WHITE HISPANIC","F","(null)","N.Y. TRANSIT POLICE","yes","(null)","3"
"BLACK","F","AIRPORT TERMINAL","N.Y. POLICE DEPT","yes","INSIDE","1"
"UNKNOWN","F","GAS STATION","N.Y. POLICE DEPT","yes","FRONT OF","8"
"BLACK","F","DRUG STORE","N.Y. POLICE DEPT","yes","INSIDE","59"
"WHITE","F","TRANSIT FACILITY (OTHER)","PORT AUTHORITY","yes","INSIDE","13"
"BLACK","F","TAXI/LIVERY (UNLICENSED)","N.Y. POLICE DEPT","yes","FRONT OF","1"
"ASIAN / PACIFIC ISLANDER","F","SMALL MERCHANT","N.Y. POLICE DEPT","yes","FRONT OF","4"
"UNKNOWN","F","PARK/PLAYGROUND","N.Y. POLICE DEPT","yes","INSIDE","21"
"WHITE HISPANIC","F","TRANSIT FACILITY (OTHER)","N.Y. POLICE DEPT","yes","FRONT OF","1"
"BLACK","F","AIRPORT TERMINAL","N.Y. POLICE DEPT","yes","(null)","2"
"WHITE HISPANIC","F","SHOE","N.Y. POLICE DEPT","yes","INSIDE","4"
"BLACK","F","DEPARTMENT STORE","N.Y. POLICE DEPT","yes","REAR OF","4"
"UNKNOWN","F","PUBLIC BUILDING","HEALTH & HOSP CORP","yes","INSIDE","1"
"WHITE","F","DAYCARE FACILITY","N.Y. POLICE DEPT","yes","INSIDE","7"
"WHITE HISPANIC","F","BAR/NIGHT CLUB","OTHER","yes","INSIDE","1"
"BLACK HISPANIC","F","DRY CLEANER/LAUNDRY","N.Y. POLICE DEPT","yes","INSIDE","25"
"BLACK HISPANIC","F","HIGHWAY/PARKWAY","N.Y. POLICE DEPT","yes","(null)","9"
"BLACK","F","COMMERCIAL BUILDING","N.Y. POLICE DEPT","yes","FRONT OF","85"
"UNKNOWN","F","PHOTO/COPY","N.Y. POLICE DEPT","yes","(null)","1"
"UNKNOWN","F","OTHER","N.Y.C. DEPT OF PROBATION","yes","INSIDE","1"
"BLACK","F","DOCTOR/DENTIST OFFICE","N.Y. POLICE DEPT","yes","INSIDE","51"
"UNKNOWN","F","COLLEGE/UNIVERSITY","OTHER","yes","FRONT OF","1"
"UNKNOWN","F","RESIDENCE - PUBLIC HOUSING","N.Y. HOUSING POLICE","yes","FRONT OF","170"
"BLACK","F","DEPARTMENT STORE","N.Y. POLICE DEPT","yes","FRONT OF","18"
"BLACK","F","OTHER","PORT AUTHORITY","yes","(null)","1"
"WHITE","F","OTHER","N.Y. POLICE DEPT","yes","FRONT OF","91"
"WHITE HISPANIC","F","GAS STATION","N.Y. POLICE DEPT","yes","(null)","4"
"BLACK HISPANIC","F","PUBLIC BUILDING","N.Y. POLICE DEPT","yes","(null)","4"
"BLACK","F","RESIDENCE - APT. HOUSE","N.Y. POLICE DEPT","yes","FRONT OF","2008"
"UNKNOWN","F","RESIDENCE - PUBLIC HOUSING","N.Y. POLICE DEPT","yes","INSIDE","3"
"ASIAN / PACIFIC ISLANDER","F","BAR/NIGHT CLUB","N.Y. POLICE DEPT","yes","FRONT OF","27"
"WHITE HISPANIC","F","SMOKE SHOP","N.Y. POLICE DEPT","yes","FRONT OF","2"
"WHITE HISPANIC","F","HOSPITAL","N.Y. POLICE DEPT","yes","(null)","4"
"ASIAN / PACIFIC ISLANDER","F","GYM/FITNESS FACILITY","N.Y. POLICE DEPT","yes","INSIDE","5"
"ASIAN / PACIFIC ISLANDER","F","BAR/NIGHT CLUB","N.Y. POLICE DEPT","yes","INSIDE","119"
"WHITE","F","TUNNEL","N.Y. POLICE DEPT","yes","(null)","4"
"UNKNOWN","F","OPEN AREAS (OPEN LOTS)","N.Y. POLICE DEPT","yes","(null)","2"
"ASIAN / PACIFIC ISLANDER","F","OTHER","N.Y. POLICE DEPT","yes","FRONT OF","46"
"WHITE HISPANIC","F","CLOTHING/BOUTIQUE","N.Y. POLICE DEPT","yes","INSIDE","31"
"WHITE HISPANIC","F","DRUG STORE","N.Y. POLICE DEPT","yes","REAR OF","1"
"UNKNOWN","F","BAR/NIGHT CLUB","N.Y. POLICE DEPT","yes","FRONT OF","28"
"UNKNOWN","F","TUNNEL","N.Y. POLICE DEPT","yes","FRONT OF","3"
"BLACK HISPANIC","F","DRUG STORE","N.Y. POLICE DEPT","yes","INSIDE","10"
"WHITE","F","PUBLIC BUILDING","PORT AUTHORITY","yes","INSIDE","1"
"WHITE","F","PARK/PLAYGROUND","NYC PARKS","yes","(null)","4"
"BLACK HISPANIC","F","PARK/PLAYGROUND","N.Y. POLICE DEPT","yes","REAR OF","2"
"BLACK HISPANIC","F","BAR/NIGHT CLUB","N.Y. POLICE DEPT","yes","OPPOSITE OF","1"
"AMERICAN INDIAN/ALASKAN NATIVE","F","FAST FOOD","N.Y. POLICE DEPT","yes","INSIDE","7"
"BLACK HISPANIC","F","GAS STATION","N.Y. POLICE DEPT","yes","FRONT OF","8"
"AMERICAN INDIAN/ALASKAN NATIVE","F","RESIDENCE-HOUSE","N.Y. POLICE DEPT","yes","INSIDE","119"
"UNKNOWN","F","TRANSIT FACILITY (OTHER)","MTA POLICE DEPT","yes","INSIDE","24"
"BLACK","F","GAS STATION","N.Y. POLICE DEPT","yes","INSIDE","15"
"WHITE HISPANIC","F","HOTEL/MOTEL","N.Y. POLICE DEPT","yes","(null)","1"
"BLACK","F","BUS (NYC TRANSIT)","N.Y. POLICE DEPT","yes","(null)","280"
"WHITE","F","OTHER","N.Y. POLICE DEPT","yes","OPPOSITE OF","7"
"WHITE HISPANIC","F","COLLEGE/UNIVERSITY","N.Y. POLICE DEPT","yes","INSIDE","5"
"BLACK","F","HOMELESS SHELTER","DEPT OF CORRECTIONS","yes","INSIDE","1"
"WHITE","F","DOCTOR/DENTIST OFFICE","N.Y. POLICE DEPT","yes","INSIDE","25"
"WHITE","F","STREET","AMTRACK","yes","(null)","1"
"WHITE HISPANIC","F","DRY CLEANER/LAUNDRY","N.Y. POLICE DEPT","yes","FRONT OF","17"
"BLACK","F","ATM","N.Y. POLICE DEPT","yes","FRONT OF","1"
"WHITE HISPANIC","F","PARK/PLAYGROUND","NYC PARKS","yes","(null)","12"
"UNKNOWN","F","RESIDENCE-HOUSE","N.Y. POLICE DEPT","yes","OPPOSITE OF","2"
"ASIAN / PACIFIC ISLANDER","F","PUBLIC SCHOOL","N.Y. POLICE DEPT","yes","INSIDE","36"
"BLACK HISPANIC","F","BAR/NIGHT CLUB","N.Y. POLICE DEPT","yes","FRONT OF","45"
"WHITE","F","FERRY/FERRY TERMINAL","N.Y. POLICE DEPT","yes","FRONT OF","3"
"WHITE","F","HIGHWAY/PARKWAY","N.Y. POLICE DEPT","yes","(null)","15"
"ASIAN / PACIFIC ISLANDER","F","GAS STATION","N.Y. POLICE DEPT","yes","FRONT OF","10"
"ASIAN / PACIFIC ISLANDER","F","CANDY STORE","N.Y. POLICE DEPT","yes","FRONT OF","1"
"WHITE","F","RESIDENCE-HOUSE","PORT AUTHORITY","yes","INSIDE","1"
"BLACK","F","RESIDENCE - APT. HOUSE","DISTRICT ATTORNEY OFFICE","yes","INSIDE","1"
"ASIAN / PACIFIC ISLANDER","F","BUS (NYC TRANSIT)","N.Y. POLICE DEPT","yes","FRONT OF","10"
"WHITE","F","BUS (OTHER)","N.Y. POLICE DEPT","yes","FRONT OF","4"
"BLACK","F","DRUG STORE","N.Y. POLICE DEPT","yes","FRONT OF","4"
"ASIAN / PACIFIC ISLANDER","F","BUS (OTHER)","N.Y. POLICE DEPT","yes","FRONT OF","2"
"BLACK","F","PARKING LOT/GARAGE (PRIVATE)","N.Y. POLICE DEPT","yes","INSIDE","11"
"BLACK HISPANIC","F","ABANDONED BUILDING","N.Y. POLICE DEPT","yes","INSIDE","1"
"WHITE HISPANIC","F","STREET","AMTRACK","yes","FRONT OF","1"
"UNKNOWN","F","(null)","N.Y. POLICE DEPT","yes","REAR OF","2"
"WHITE","F","TAXI (YELLOW LICENSED)","N.Y. POLICE DEPT","yes","(null)","1"
"WHITE","F","FOOD SUPERMARKET","N.Y. POLICE DEPT","yes","FRONT OF","5"
"UNKNOWN","F","HIGHWAY/PARKWAY","N.Y. POLICE DEPT","yes","(null)","8"
"UNKNOWN","F","OPEN AREAS (OPEN LOTS)","N.Y. POLICE DEPT","yes","FRONT OF","1"
"BLACK HISPANIC","F","TAXI/LIVERY (UNLICENSED)","N.Y. POLICE DEPT","yes","(null)","1"
"BLACK","F","(null)","N.Y. POLICE DEPT","yes","OPPOSITE OF","16"
"WHITE HISPANIC","F","PARKING LOT/GARAGE (PUBLIC)","N.Y. POLICE DEPT","yes","OPPOSITE OF","3"
"UNKNOWN","F","PARK/PLAYGROUND","NYC PARKS","yes","INSIDE","1"
"BLACK","F","(null)","N.Y. POLICE DEPT","yes","FRONT OF","256"
"BLACK","F","FACTORY/WAREHOUSE","PORT AUTHORITY","yes","(null)","1"
"BLACK HISPANIC","F","COLLEGE/UNIVERSITY","N.Y. POLICE DEPT","yes","FRONT OF","1"
"ASIAN / PACIFIC ISLANDER","F","TRANSIT FACILITY (OTHER)","N.Y. POLICE DEPT","yes","INSIDE","1"
"BLACK","F","LIQUOR STORE","N.Y. POLICE DEPT","yes","INSIDE","24"
"UNKNOWN","F","HOSPITAL","N.Y. POLICE DEPT","yes","INSIDE","42"
"BLACK HISPANIC","F","FACTORY/WAREHOUSE","N.Y. POLICE DEPT","yes","INSIDE","2"
"BLACK HISPANIC","F","BAR/NIGHT CLUB","N.Y. POLICE DEPT","yes","INSIDE","93"
"ASIAN / PACIFIC ISLANDER","F","OTHER","N.Y. POLICE DEPT","yes","REAR OF","3"
"UNKNOWN","F","TRANSIT FACILITY (OTHER)","N.Y. POLICE DEPT","yes","(null)","1"
"WHITE HISPANIC","F","BUS (OTHER)","N.Y. POLICE DEPT","yes","(null)","23"
"UNKNOWN","F","PARKING LOT/GARAGE (PRIVATE)","N.Y. POLICE DEPT","yes","(null)","1"
"WHITE HISPANIC","F","STREET","DISTRICT ATTORNEY OFFICE","yes","(null)","1"
"BLACK","F","PARK/PLAYGROUND","NYC PARKS","yes","FRONT OF","1"
"WHITE HISPANIC","F","OTHER","MTA POLICE DEPT","yes","(null)","1"
"UNKNOWN","F","STREET","HEALTH & HOSP CORP","yes","FRONT OF","1"
"UNKNOWN","F","CHURCH","N.Y. POLICE DEPT","yes","(null)","1"
"WHITE HISPANIC","F","REAL ESTATE","N.Y. POLICE DEPT","yes","FRONT OF","1"
"WHITE","F","SMALL MERCHANT","N.Y. POLICE DEPT","yes","(null)","1"
"BLACK","F","FERRY/FERRY TERMINAL","N.Y. POLICE DEPT","yes","FRONT OF","3"
"AMERICAN INDIAN/ALASKAN NATIVE","F","COMMERCIAL BUILDING","N.Y. POLICE DEPT","yes","FRONT OF","1"
"BLACK","F","PARK/PLAYGROUND","N.Y. POLICE DEPT","yes","(null)","331"
"WHITE HISPANIC","F","CHAIN STORE","N.Y. POLICE DEPT","yes","FRONT OF","50"
"BLACK HISPANIC","F","BUS STOP","N.Y. POLICE DEPT","yes","FRONT OF","2"
"BLACK","F","OTHER","N.Y. POLICE DEPT","yes","OPPOSITE OF","20"
"BLACK HISPANIC","F","LIQUOR STORE","N.Y. POLICE DEPT","yes","INSIDE","3"
"ASIAN / PACIFIC ISLANDER","F","ABANDONED BUILDING","N.Y. POLICE DEPT","yes","(null)","1"
"BLACK","F","AIRPORT TERMINAL","PORT AUTHORITY","yes","(null)","38"
"WHITE HISPANIC","F","OTHER","DEPT OF CORRECTIONS","yes","INSIDE","1"
"BLACK HISPANIC","F","PUBLIC BUILDING","N.Y. POLICE DEPT","yes","OPPOSITE OF","2"
"WHITE","F","DRUG STORE","N.Y. POLICE DEPT","yes","INSIDE","16"
"ASIAN / PACIFIC ISLANDER","F","STREET","N.Y. POLICE DEPT","yes","(null)","852"
"BLACK","F","BUS (OTHER)","N.Y. POLICE DEPT","yes","INSIDE","1"
"BLACK","F","TUNNEL","N.Y. POLICE DEPT","yes","OPPOSITE OF","1"
"WHITE HISPANIC","F","DAYCARE FACILITY","N.Y. POLICE DEPT","yes","(null)","1"
"WHITE","F","OPEN AREAS (OPEN LOTS)","N.Y. POLICE DEPT","yes","OPPOSITE OF","3"
"BLACK HISPANIC","F","COMMERCIAL BUILDING","N.Y. POLICE DEPT","yes","OPPOSITE OF","1"
"AMERICAN INDIAN/ALASKAN NATIVE","F","DRY CLEANER/LAUNDRY","N.Y. POLICE DEPT","yes","INSIDE","3"
"BLACK","F","RESIDENCE - PUBLIC HOUSING","N.Y. HOUSING POLICE","yes","OPPOSITE OF","42"
"UNKNOWN","F","RESIDENCE-HOUSE","N.Y. POLICE DEPT","yes","FRONT OF","126"
"BLACK HISPANIC","F","BANK","N.Y. POLICE DEPT","yes","INSIDE","5"
"BLACK","F","STORE UNCLASSIFIED","N.Y. POLICE DEPT","yes","REAR OF","1"
"WHITE HISPANIC","F","FACTORY/WAREHOUSE","N.Y. POLICE DEPT","yes","INSIDE","8"
"WHITE HISPANIC","F","OPEN AREAS (OPEN LOTS)","N.Y. POLICE DEPT","yes","INSIDE","4"
"WHITE HISPANIC","F","CONSTRUCTION SITE","N.Y. POLICE DEPT","yes","INSIDE","2"
"WHITE HISPANIC","F","RESIDENCE-HOUSE","N.Y. POLICE DEPT","yes","OPPOSITE OF","6"
"WHITE HISPANIC","F","BUS (NYC TRANSIT)","N.Y. POLICE DEPT","yes","FRONT OF","34"
"ASIAN / PACIFIC ISLANDER","F","HOSPITAL","N.Y. POLICE DEPT","yes","INSIDE","49"
"WHITE","F","TRANSIT - NYC SUBWAY","N.Y. TRANSIT POLICE","yes","(null)","615"
"WHITE","F","SOCIAL CLUB/POLICY","N.Y. POLICE DEPT","yes","FRONT OF","2"
"WHITE HISPANIC","F","DOCTOR/DENTIST OFFICE","N.Y. POLICE DEPT","yes","INSIDE","61"
"AMERICAN INDIAN/ALASKAN NATIVE","F","PUBLIC BUILDING","N.Y. POLICE DEPT","yes","INSIDE","2"
"WHITE HISPANIC","F","VARIETY STORE","N.Y. POLICE DEPT","yes","FRONT OF","1"
"ASIAN / PACIFIC ISLANDER","F","CHAIN STORE","N.Y. POLICE DEPT","yes","INSIDE","77"
"BLACK HISPANIC","F","OTHER","N.Y. POLICE DEPT","yes","REAR OF","1"
"BLACK","F","BUS STOP","N.Y. POLICE DEPT","yes","FRONT OF","27"
"ASIAN / PACIFIC ISLANDER","F","SOCIAL CLUB/POLICY","N.Y. POLICE DEPT","yes","INSIDE","3"
"UNKNOWN","F","HOTEL/MOTEL","N.Y. POLICE DEPT","yes","FRONT OF","5"
"WHITE HISPANIC","F","STREET","OTHER","yes","FRONT OF","2"
"WHITE HISPANIC","F","DAYCARE FACILITY","N.Y. POLICE DEPT","yes","INSIDE","4"
"ASIAN / PACIFIC ISLANDER","F","GAS STATION","N.Y. POLICE DEPT","yes","INSIDE","3"
"UNKNOWN","F","PARK/PLAYGROUND","N.Y. STATE PARKS","yes","INSIDE","1"
"WHITE HISPANIC","F","RESTAURANT/DINER","N.Y. POLICE DEPT","yes","(null)","7"
"WHITE HISPANIC","F","JEWELRY","N.Y. POLICE DEPT","yes","INSIDE","1"
"BLACK","F","GYM/FITNESS FACILITY","N.Y. POLICE DEPT","yes","INSIDE","16"
"WHITE HISPANIC","F","HOTEL/MOTEL","N.Y. POLICE DEPT","yes","REAR OF","1"
"AMERICAN INDIAN/ALASKAN NATIVE","F","OTHER HOUSE OF WORSHIP","N.Y. POLICE DEPT","yes","INSIDE","1"
"BLACK","F","STREET","OTHER","yes","FRONT OF","4"
"UNKNOWN","F","BUS (NYC TRANSIT)","N.Y. POLICE DEPT","yes","FRONT OF","3"
"BLACK","F","SYNAGOGUE","N.Y. POLICE DEPT","yes","FRONT OF","1"
"WHITE HISPANIC","F","DAYCARE FACILITY","N.Y. POLICE DEPT","yes","FRONT OF","1"
"AMERICAN INDIAN/ALASKAN NATIVE","F","PUBLIC SCHOOL","N.Y. POLICE DEPT","yes","FRONT OF","1"
"BLACK HISPANIC","F","DRUG STORE","N.Y. POLICE DEPT","yes","FRONT OF","2"
"WHITE HISPANIC","F","RESIDENCE - APT. HOUSE","N.Y. POLICE DEPT","yes","REAR OF","48"
"BLACK HISPANIC","F","RESIDENCE - APT. HOUSE","N.Y. POLICE DEPT","yes","FRONT OF","357"
"BLACK HISPANIC","F","PARK/PLAYGROUND","N.Y. POLICE DEPT","yes","(null)","81"
"UNKNOWN","F","SMALL MERCHANT","N.Y. POLICE DEPT","yes","FRONT OF","1"
"BLACK","F","GAS STATION","N.Y. POLICE DEPT","yes","(null)","4"
"BLACK","F","OTHER","DEPT OF CORRECTIONS","yes","INSIDE","6"
"WHITE HISPANIC","F","DEPARTMENT STORE","N.Y. POLICE DEPT","yes","(null)","1"
"WHITE HISPANIC","F","HOTEL/MOTEL","N.Y. POLICE DEPT","yes","FRONT OF","10"
"WHITE HISPANIC","F","STREET","N.Y. POLICE DEPT","yes","OPPOSITE OF","217"
"WHITE","F","OTHER HOUSE OF WORSHIP","N.Y. POLICE DEPT","yes","INSIDE","1"
"WHITE","F","SMOKE SHOP","N.Y. POLICE DEPT","yes","FRONT OF","1"
"WHITE","F","STORE UNCLASSIFIED","N.Y. POLICE DEPT","yes","INSIDE","8"
"WHITE HISPANIC","F","RESIDENCE - APT. HOUSE","N.Y. POLICE DEPT","yes","INSIDE","18171"
"ASIAN / PACIFIC ISLANDER","F","RESIDENCE - PUBLIC HOUSING","N.Y. POLICE DEPT","yes","INSIDE","2"
"BLACK HISPANIC","F","OTHER","N.Y. POLICE DEPT","yes","INSIDE","48"
"UNKNOWN","F","BANK","N.Y. POLICE DEPT","yes","INSIDE","4"
"UNKNOWN","F","FOOD SUPERMARKET","N.Y. POLICE DEPT","yes","FRONT OF","3"
"BLACK HISPANIC","F","RESIDENCE - PUBLIC HOUSING","N.Y. HOUSING POLICE","yes","REAR OF","25"
"ASIAN / PACIFIC ISLANDER","F","AIRPORT TERMINAL","PORT AUTHORITY","yes","(null)","9"
"WHITE HISPANIC","F","GYM/FITNESS FACILITY","N.Y. POLICE DEPT","yes","FRONT OF","8"
"AMERICAN INDIAN/ALASKAN NATIVE","F","BUS STOP","N.Y. POLICE DEPT","yes","(null)","1"
"BLACK","F","PARKING LOT/GARAGE (PRIVATE)","N.Y. POLICE DEPT","yes","FRONT OF","29"
"WHITE HISPANIC","F","FAST FOOD","N.Y. POLICE DEPT","yes","FRONT OF","49"
"UNKNOWN","F","COMMERCIAL BUILDING","N.Y. POLICE DEPT","yes","FRONT OF","20"
"WHITE","F","STREET","METRO NORTH","yes","FRONT OF","1"
"BLACK HISPANIC","F","(null)","N.Y. POLICE DEPT","yes","FRONT OF","36"
"AMERICAN INDIAN/ALASKAN NATIVE","F","SOCIAL CLUB/POLICY","N.Y. POLICE DEPT","yes","INSIDE","1"
"BLACK","F","BEAUTY & NAIL SALON","N.Y. POLICE DEPT","yes","FRONT OF","47"
"ASIAN / PACIFIC ISLANDER","F","FAST FOOD","N.Y. POLICE DEPT","yes","(null)","4"
"WHITE","F","OTHER","HEALTH & HOSP CORP","yes","INSIDE","1"
"BLACK","F","DOCTOR/DENTIST OFFICE","OTHER","yes","INSIDE","1"
"WHITE","F","PARKING LOT/GARAGE (PUBLIC)","PORT AUTHORITY","yes","(null)","1"
"BLACK","F","MARINA/PIER","PORT AUTHORITY","yes","(null)","1"
"WHITE HISPANIC","F","STREET","N.Y. POLICE DEPT","yes","INSIDE","175"
"BLACK","F","BRIDGE","N.Y. POLICE DEPT","yes","(null)","4"
"WHITE HISPANIC","F","PARKING LOT/GARAGE (PRIVATE)","N.Y. POLICE DEPT","yes","OPPOSITE OF","2"
"AMERICAN INDIAN/ALASKAN NATIVE","F","RESIDENCE - APT. HOUSE","N.Y. POLICE DEPT","yes","FRONT OF","10"
"BLACK HISPANIC","F","RESIDENCE - PUBLIC HOUSING","N.Y. HOUSING POLICE","yes","(null)","6"
"WHITE","F","RESIDENCE - PUBLIC HOUSING","N.Y. HOUSING POLICE","yes","INSIDE","427"
"BLACK","F","BOOK/CARD","N.Y. POLICE DEPT","yes","INSIDE","3"
"ASIAN / PACIFIC ISLANDER","F","COMMERCIAL BUILDING","PORT AUTHORITY","yes","(null)","1"
"WHITE HISPANIC","F","CEMETERY","N.Y. POLICE DEPT","yes","(null)","1"
"WHITE HISPANIC","F","BUS (OTHER)","N.Y. POLICE DEPT","yes","FRONT OF","5"
"ASIAN / PACIFIC ISLANDER","F","OPEN AREAS (OPEN LOTS)","N.Y. POLICE DEPT","yes","(null)","1"
"WHITE HISPANIC","F","DRUG STORE","N.Y. POLICE DEPT","yes","INSIDE","53"
"WHITE HISPANIC","F","FERRY/FERRY TERMINAL","N.Y. POLICE DEPT","yes","(null)","2"
"WHITE","F","HOSPITAL","HEALTH & HOSP CORP","yes","(null)","1"
"WHITE","F","RESTAURANT/DINER","N.Y. POLICE DEPT","yes","(null)","1"
"BLACK","F","HOSPITAL","N.Y. POLICE DEPT","yes","REAR OF","3"
"BLACK","F","PHOTO/COPY","N.Y. POLICE DEPT","yes","INSIDE","1"
"WHITE","F","COMMERCIAL BUILDING","NYC PARKS","yes","FRONT OF","1"
"UNKNOWN","F","HOSPITAL","N.Y. POLICE DEPT","yes","(null)","1"
"BLACK HISPANIC","F","STORAGE FACILITY","N.Y. POLICE DEPT","yes","FRONT OF","1"
"ASIAN / PACIFIC ISLANDER","F","RESTAURANT/DINER","N.Y. POLICE DEPT","yes","REAR OF","1"
"ASIAN / PACIFIC ISLANDER","F","OTHER","N.Y. POLICE DEPT","yes","(null)","31"
"BLACK","F","RESIDENCE - PUBLIC HOUSING","N.Y. HOUSING POLICE","yes","(null)","40"
"BLACK","F","SOCIAL CLUB/POLICY","N.Y. POLICE DEPT","yes","OPPOSITE OF","1"
"AMERICAN INDIAN/ALASKAN NATIVE","F","STREET","N.Y. POLICE DEPT","yes","OPPOSITE OF","3"
"BLACK HISPANIC","F","OTHER","N.Y. POLICE DEPT","yes","(null)","36"
"BLACK","F","FOOD SUPERMARKET","N.Y. POLICE DEPT","yes","FRONT OF","20"
"ASIAN / PACIFIC ISLANDER","F","HOSPITAL","OTHER","yes","INSIDE","8"
"BLACK HISPANIC","F","RESIDENCE - APT. HOUSE","N.Y. POLICE DEPT","yes","REAR OF","10"
"WHITE HISPANIC","F","SMALL MERCHANT","N.Y. POLICE DEPT","yes","FRONT OF","7"
"UNKNOWN","F","STREET","N.Y. POLICE DEPT","yes","OPPOSITE OF","29"
"BLACK","F","STREET","OTHER","yes","OPPOSITE OF","1"
"WHITE HISPANIC","F","BUS (NYC TRANSIT)","N.Y. POLICE DEPT","yes","OPPOSITE OF","2"
"WHITE HISPANIC","F","FAST FOOD","N.Y. POLICE DEPT","yes","INSIDE","195"
"BLACK","F","PUBLIC BUILDING","N.Y. POLICE DEPT","yes","FRONT OF","43"
"UNKNOWN","F","HOMELESS SHELTER","N.Y.C. DEPT OF HOMELESS SERVICES","yes","INSIDE","2"
"ASIAN / PACIFIC ISLANDER","F","PARKING LOT/GARAGE (PRIVATE)","N.Y. POLICE DEPT","yes","REAR OF","4"
"ASIAN / PACIFIC ISLANDER","F","TRANSIT FACILITY (OTHER)","MTA POLICE DEPT","yes","INSIDE","7"
"WHITE HISPANIC","F","CANDY STORE","N.Y. POLICE DEPT","yes","INSIDE","15"
"ASIAN / PACIFIC ISLANDER","F","GROCERY/BODEGA","N.Y. POLICE DEPT","yes","(null)","2"
"WHITE","F","RESIDENCE-HOUSE","MTA POLICE DEPT","yes","FRONT OF","1"
"WHITE HISPANIC","F","STORE UNCLASSIFIED","N.Y. POLICE DEPT","yes","INSIDE","40"
"AMERICAN INDIAN/ALASKAN NATIVE","F","PARKING LOT/GARAGE (PRIVATE)","N.Y. POLICE DEPT","yes","FRONT OF","1"
"BLACK","F","(null)","N.Y. STATE POLICE","yes","INSIDE","2"
"ASIAN / PACIFIC ISLANDER","F","PARKING LOT/GARAGE (PUBLIC)","PORT AUTHORITY","yes","(null)","1"
"BLACK","F","PARKING LOT/GARAGE (PUBLIC)","N.Y. POLICE DEPT","yes","OPPOSITE OF","5"
"WHITE","F","TRANSIT FACILITY (OTHER)","AMTRACK","yes","INSIDE","4"
"UNKNOWN","F","(null)","DEPT OF CORRECTIONS","yes","FRONT OF","1"
"BLACK","F","PARKING LOT/GARAGE (PRIVATE)","N.Y. POLICE DEPT","yes","REAR OF","9"
"BLACK","F","CHAIN STORE","N.Y. POLICE DEPT","yes","OPPOSITE OF","1"
"BLACK","F","TELECOMM. STORE","N.Y. POLICE DEPT","yes","FRONT OF","1"
"BLACK","F","DRY CLEANER/LAUNDRY","N.Y. POLICE DEPT","yes","FRONT OF","12"
"ASIAN / PACIFIC ISLANDER","F","CHURCH","N.Y. POLICE DEPT","yes","FRONT OF","1"
"UNKNOWN","F","PARKING LOT/GARAGE (PUBLIC)","N.Y. POLICE DEPT","yes","(null)","2"
"BLACK","F","COMMERCIAL BUILDING","PORT AUTHORITY","yes","(null)","2"
"ASIAN / PACIFIC ISLANDER","F","PARK/PLAYGROUND","N.Y. POLICE DEPT","yes","OPPOSITE OF","2"
"UNKNOWN","F","PRIVATE/PAROCHIAL SCHOOL","N.Y. POLICE DEPT","yes","INSIDE","2"
"BLACK","F","(null)","OTHER","yes","INSIDE","5"
"BLACK HISPANIC","F","COMMERCIAL BUILDING","N.Y. POLICE DEPT","yes","REAR OF","1"
"BLACK","F","RESTAURANT/DINER","PORT AUTHORITY","yes","(null)","1"
"UNKNOWN","F","GROCERY/BODEGA","N.Y. POLICE DEPT","yes","(null)","3"
"AMERICAN INDIAN/ALASKAN NATIVE","F","HOMELESS SHELTER","N.Y. POLICE DEPT","yes","FRONT OF","1"
"WHITE","F","FACTORY/WAREHOUSE","N.Y. POLICE DEPT","yes","INSIDE","1"
"ASIAN / PACIFIC ISLANDER","F","(null)","N.Y. POLICE DEPT","yes","REAR OF","3"
"UNKNOWN","F","PUBLIC SCHOOL","N.Y. POLICE DEPT","yes","INSIDE","43"
"BLACK","F","RESIDENCE-HOUSE","N.Y. POLICE DEPT","yes","REAR OF","99"
"ASIAN / PACIFIC ISLANDER","F","RESIDENCE-HOUSE","OTHER","yes","FRONT OF","1"
"BLACK","F","SOCIAL CLUB/POLICY","N.Y. POLICE DEPT","yes","REAR OF","1"
"BLACK","F","RESIDENCE - APT. HOUSE","OTHER","yes","INSIDE","9"
"BLACK","F","RESIDENCE - PUBLIC HOUSING","N.Y. POLICE DEPT","yes","OPPOSITE OF","12"
"WHITE HISPANIC","F","PARKING LOT/GARAGE (PUBLIC)","N.Y. POLICE DEPT","yes","REAR OF","15"
"BLACK HISPANIC","F","TAXI (LIVERY LICENSED)","N.Y. POLICE DEPT","yes","(null)","2"
"AMERICAN INDIAN/ALASKAN NATIVE","F","BANK","N.Y. POLICE DEPT","yes","FRONT OF","2"
"UNKNOWN","F","FACTORY/WAREHOUSE","N.Y. POLICE DEPT","yes","INSIDE","1"
"UNKNOWN","F","TRANSIT FACILITY (OTHER)","AMTRACK","yes","INSIDE","2"
"WHITE HISPANIC","F","OTHER","N.Y. POLICE DEPT","yes","REAR OF","12"
"ASIAN / PACIFIC ISLANDER","F","CLOTHING/BOUTIQUE","N.Y. POLICE DEPT","yes","(null)","1"
"ASIAN / PACIFIC ISLANDER","F","HOTEL/MOTEL","N.Y. POLICE DEPT","yes","FRONT OF","6"
"WHITE","F","RESIDENCE-HOUSE","N.Y. POLICE DEPT","yes","(null)","16"
"UNKNOWN","F","OPEN AREAS (OPEN LOTS)","N.Y. POLICE DEPT","yes","REAR OF","1"
"BLACK","F","RESIDENCE - PUBLIC HOUSING","N.Y. POLICE DEPT","yes","INSIDE","47"
"WHITE","F","HOMELESS SHELTER","N.Y. POLICE DEPT","yes","OPPOSITE OF","1"
"WHITE HISPANIC","F","PARKING LOT/GARAGE (PUBLIC)","N.Y. POLICE DEPT","yes","INSIDE","14"
"BLACK","F","BAR/NIGHT CLUB","N.Y. POLICE DEPT","yes","OPPOSITE OF","1"
"ASIAN / PACIFIC ISLANDER","F","OPEN AREAS (OPEN LOTS)","N.Y. POLICE DEPT","yes","INSIDE","2"
"UNKNOWN","F","OTHER","N.Y. POLICE DEPT","yes","FRONT OF","53"
"WHITE","F","SMALL MERCHANT","N.Y. POLICE DEPT","yes","FRONT OF","5"
"BLACK","F","(null)","N.Y.C. DEPT OF PROBATION","yes","INSIDE","1"
"BLACK","F","OTHER","N.Y. POLICE DEPT","yes","FRONT OF","341"
"UNKNOWN","F","COLLEGE/UNIVERSITY","N.Y. POLICE DEPT","yes","FRONT OF","2"
"AMERICAN INDIAN/ALASKAN NATIVE","F","TUNNEL","N.Y. POLICE DEPT","yes","FRONT OF","1"
"ASIAN / PACIFIC ISLANDER","F","BAR/NIGHT CLUB","N.Y. POLICE DEPT","yes","(null)","3"
"ASIAN / PACIFIC ISLANDER","F","AIRPORT TERMINAL","PORT AUTHORITY","yes","INSIDE","1"
"UNKNOWN","F","RESIDENCE - PUBLIC HOUSING","N.Y. HOUSING POLICE","yes","(null)","8"
"BLACK HISPANIC","F","PARKING LOT/GARAGE (PRIVATE)","N.Y. POLICE DEPT","yes","INSIDE","2"
"WHITE","F","PARK/PLAYGROUND","N.Y. POLICE DEPT","yes","FRONT OF","29"
"ASIAN / PACIFIC ISLANDER","F","PARKING LOT/GARAGE (PUBLIC)","N.Y. POLICE DEPT","yes","OPPOSITE OF","1"
"WHITE","F","HIGHWAY/PARKWAY","N.Y. POLICE DEPT","yes","FRONT OF","2"
"UNKNOWN","F","PARK/PLAYGROUND","N.Y. POLICE DEPT","yes","OPPOSITE OF","7"
"BLACK","F","PUBLIC BUILDING","N.Y. POLICE DEPT","yes","(null)","17"
"BLACK HISPANIC","F","HOMELESS SHELTER","N.Y. POLICE DEPT","yes","INSIDE","285"
"BLACK HISPANIC","F","STREET","N.Y. POLICE DEPT","yes","REAR OF","16"
"BLACK","F","HIGHWAY/PARKWAY","N.Y. POLICE DEPT","yes","(null)","55"
"AMERICAN INDIAN/ALASKAN NATIVE","F","OTHER","N.Y. POLICE DEPT","yes","OPPOSITE OF","2"
"WHITE","F","RESIDENCE - APT. HOUSE","OTHER","yes","INSIDE","3"
"BLACK","F","CHURCH","N.Y. POLICE DEPT","yes","FRONT OF","18"
"WHITE HISPANIC","F","TRANSIT FACILITY (OTHER)","N.Y. POLICE DEPT","yes","(null)","4"
"WHITE","F","BAR/NIGHT CLUB","N.Y. POLICE DEPT","yes","REAR OF","1"
"WHITE HISPANIC","F","RESIDENCE - APT. HOUSE","N.Y. HOUSING POLICE","yes","INSIDE","1"
"WHITE","F","PARKING LOT/GARAGE (PRIVATE)","N.Y. POLICE DEPT","yes","REAR OF","7"
"ASIAN / PACIFIC ISLANDER","F","CHURCH","N.Y. POLICE DEPT","yes","INSIDE","5"
"AMERICAN INDIAN/ALASKAN NATIVE","F","RESIDENCE - APT. HOUSE","N.Y. POLICE DEPT","yes","INSIDE","171"
"BLACK","F","MARINA/PIER","N.Y. POLICE DEPT","yes","(null)","4"
"AMERICAN INDIAN/ALASKAN NATIVE","F","HOSPITAL","N.Y. POLICE DEPT","yes","INSIDE","4"
"WHITE HISPANIC","F","RESIDENCE - APT. HOUSE","OTHER","yes","FRONT OF","1"
"BLACK","F","BUS (NYC TRANSIT)","N.Y. POLICE DEPT","yes","REAR OF","1"
"BLACK HISPANIC","F","HOSPITAL","N.Y. POLICE DEPT","yes","FRONT OF","3"
"UNKNOWN","F","BUS (OTHER)","PORT AUTHORITY","yes","INSIDE","1"
"BLACK","F","STREET","N.Y. POLICE DEPT","yes","REAR OF","81"
"BLACK","F","BUS STOP","N.Y. POLICE DEPT","yes","OPPOSITE OF","4"
"BLACK HISPANIC","F","PUBLIC SCHOOL","N.Y. POLICE DEPT","yes","OPPOSITE OF","2"
"BLACK","F","CLOTHING/BOUTIQUE","PORT AUTHORITY","yes","INSIDE","1"
"WHITE","F","BUS STOP","N.Y. POLICE DEPT","yes","FRONT OF","9"
"WHITE HISPANIC","F","PARK/PLAYGROUND","NYC PARKS","yes","INSIDE","1"
"WHITE","F","CHURCH","N.Y. POLICE DEPT","yes","FRONT OF","3"
"BLACK","F","OTHER","METRO NORTH","yes","FRONT OF","1"
"WHITE","F","CHECK CASHING BUSINESS","N.Y. POLICE DEPT","yes","INSIDE","1"
"WHITE","F","DEPARTMENT STORE","N.Y. POLICE DEPT","yes","REAR OF","1"
"WHITE HISPANIC","F","AIRPORT TERMINAL","PORT AUTHORITY","yes","INSIDE","1"
"WHITE HISPANIC","F","TRANSIT FACILITY (OTHER)","N.Y. TRANSIT POLICE","yes","(null)","2"
"WHITE HISPANIC","F","PUBLIC SCHOOL","N.Y. POLICE DEPT","yes","REAR OF","12"
"BLACK HISPANIC","F","OPEN AREAS (OPEN LOTS)","N.Y. POLICE DEPT","yes","(null)","1"
"BLACK","F","RESIDENCE - APT. HOUSE","N.Y. HOUSING POLICE","yes","FRONT OF","1"
"BLACK","F","TUNNEL","N.Y. POLICE DEPT","yes","FRONT OF","8"
"WHITE HISPANIC","F","BUS TERMINAL","PORT AUTHORITY","yes","INSIDE","18"
"AMERICAN INDIAN/ALASKAN NATIVE","F","STREET","N.Y. POLICE DEPT","yes","(null)","42"
"BLACK","F","CHAIN STORE","N.Y. POLICE DEPT","yes","FRONT OF","90"
"ASIAN / PACIFIC ISLANDER","F","PARKING LOT/GARAGE (PUBLIC)","N.Y. POLICE DEPT","yes","(null)","4"
"WHITE HISPANIC","F","BUS TERMINAL","N.Y. POLICE DEPT","yes","FRONT OF","2"
"UNKNOWN","F","OTHER","N.Y. POLICE DEPT","yes","INSIDE","69"
"BLACK HISPANIC","F","TRANSIT FACILITY (OTHER)","MTA POLICE DEPT","yes","INSIDE","1"
"BLACK HISPANIC","F","STORE UNCLASSIFIED","N.Y. POLICE DEPT","yes","FRONT OF","1"
"AMERICAN INDIAN/ALASKAN NATIVE","F","RESIDENCE - PUBLIC HOUSING","N.Y. HOUSING POLICE","yes","INSIDE","16"
"BLACK HISPANIC","F","OTHER","OTHER","yes","INSIDE","2"
"BLACK","F","BUS STOP","PORT AUTHORITY","yes","FRONT OF","1"
"ASIAN / PACIFIC ISLANDER","F","HOSPITAL","N.Y.C. DEPT OF HOMELESS SERVICES","yes","INSIDE","1"
"AMERICAN INDIAN/ALASKAN NATIVE","F","OTHER","N.Y. POLICE DEPT","yes","(null)","2"
"BLACK","F","HOMELESS SHELTER","N.Y.C. DEPT OF HOMELESS SERVICES","yes","INSIDE","10"
"UNKNOWN","F","STREET","N.Y. POLICE DEPT","yes","INSIDE","54"
"BLACK HISPANIC","F","AIRPORT TERMINAL","PORT AUTHORITY","yes","(null)","3"
"BLACK","F","CEMETERY","N.Y. POLICE DEPT","yes","INSIDE","2"
"BLACK","F","BUS TERMINAL","N.Y. POLICE DEPT","yes","(null)","5"
"ASIAN / PACIFIC ISLANDER","F","CLOTHING/BOUTIQUE","N.Y. POLICE DEPT","yes","FRONT OF","4"
"ASIAN / PACIFIC ISLANDER","F","DRY CLEANER/LAUNDRY","N.Y. POLICE DEPT","yes","INSIDE","41"
"BLACK HISPANIC","F","HOMELESS SHELTER","N.Y.C. DEPT OF HOMELESS SERVICES","yes","INSIDE","3"
"WHITE HISPANIC","F","PRIVATE/PAROCHIAL SCHOOL","N.Y. POLICE DEPT","yes","INSIDE","25"
"ASIAN / PACIFIC ISLANDER","F","HIGHWAY/PARKWAY","PORT AUTHORITY","yes","(null)","1"
"UNKNOWN","F","PARKING LOT/GARAGE (PUBLIC)","N.Y. POLICE DEPT","yes","OPPOSITE OF","1"
"BLACK","F","(null)","N.Y. POLICE DEPT","yes","(null)","171"
"ASIAN / PACIFIC ISLANDER","F","PARK/PLAYGROUND","N.Y. POLICE DEPT","yes","(null)","51"
"BLACK","F","DRUG STORE","N.Y. POLICE DEPT","yes","OPPOSITE OF","1"
"WHITE","F","CHAIN STORE","N.Y. POLICE DEPT","yes","(null)","1"
"BLACK","F","BUS (OTHER)","N.Y. POLICE DEPT","yes","OPPOSITE OF","2"
"WHITE","F","RESIDENCE - APT. HOUSE","N.Y. POLICE DEPT","yes","(null)","45"
"UNKNOWN","F","PARK/PLAYGROUND","NYC PARKS","yes","FRONT OF","1"
"WHITE HISPANIC","F","RESIDENCE - PUBLIC HOUSING","N.Y. POLICE DEPT","yes","OPPOSITE OF","13"
"UNKNOWN","F","FAST FOOD","N.Y. POLICE DEPT","yes","FRONT OF","12"
"BLACK HISPANIC","F","(null)","N.Y. POLICE DEPT","yes","OPPOSITE OF","6"
"ASIAN / PACIFIC ISLANDER","F","TRANSIT FACILITY (OTHER)","PORT AUTHORITY","yes","INSIDE","2"
"UNKNOWN","F","BUS (NYC TRANSIT)","N.Y. POLICE DEPT","yes","INSIDE","1"
"ASIAN / PACIFIC ISLANDER","F","GROCERY/BODEGA","N.Y. POLICE DEPT","yes","REAR OF","2"
"ASIAN / PACIFIC ISLANDER","F","HOMELESS SHELTER","N.Y.C. DEPT OF HOMELESS SERVICES","yes","INSIDE","2"
"WHITE HISPANIC","F","TRANSIT FACILITY (OTHER)","MTA POLICE DEPT","yes","FRONT OF","1"
"ASIAN / PACIFIC ISLANDER","F","RESIDENCE - PUBLIC HOUSING","N.Y. HOUSING POLICE","yes","REAR OF","11"
"ASIAN / PACIFIC ISLANDER","F","MOSQUE","N.Y. POLICE DEPT","yes","INSIDE","1"
"UNKNOWN","F","COMMERCIAL BUILDING","N.Y. POLICE DEPT","yes","(null)","3"
"WHITE","F","PUBLIC SCHOOL","N.Y. POLICE DEPT","yes","FRONT OF","16"
"ASIAN / PACIFIC ISLANDER","F","TUNNEL","N.Y. POLICE DEPT","yes","FRONT OF","3"
"WHITE HISPANIC","F","PARKING LOT/GARAGE (PRIVATE)","N.Y. POLICE DEPT","yes","INSIDE","8"
"WHITE","F","TELECOMM. STORE","N.Y. POLICE DEPT","yes","INSIDE","2"
"ASIAN / PACIFIC ISLANDER","F","OTHER","N.Y. POLICE DEPT","yes","INSIDE","46"
"ASIAN / PACIFIC ISLANDER","F","DRUG STORE","N.Y. POLICE DEPT","yes","INSIDE","20"
"AMERICAN INDIAN/ALASKAN NATIVE","F","(null)","N.Y. POLICE DEPT","yes","FRONT OF","1"
"BLACK","F","TRANSIT FACILITY (OTHER)","PORT AUTHORITY","yes","INSIDE","5"
"ASIAN / PACIFIC ISLANDER","F","CHAIN STORE","N.Y. POLICE DEPT","yes","FRONT OF","21"
"UNKNOWN","F","BEAUTY & NAIL SALON","N.Y. POLICE DEPT","yes","INSIDE","21"
"AMERICAN INDIAN/ALASKAN NATIVE","F","RESIDENCE - PUBLIC HOUSING","N.Y. HOUSING POLICE","yes","FRONT OF","2"
"BLACK","F","BUS (NYC TRANSIT)","PORT AUTHORITY","yes","(null)","2"
"BLACK HISPANIC","F","COMMERCIAL BUILDING","PORT AUTHORITY","yes","INSIDE","1"
"UNKNOWN","F","DRUG STORE","N.Y. POLICE DEPT","yes","FRONT OF","2"
"BLACK","F","OPEN AREAS (OPEN LOTS)","N.Y. POLICE DEPT","yes","REAR OF","9"
"UNKNOWN","F","HOMELESS SHELTER","N.Y. POLICE DEPT","yes","OPPOSITE OF","1"
"UNKNOWN","F","OTHER","HEALTH & HOSP CORP","yes","INSIDE","1"
"UNKNOWN","F","(null)","MTA POLICE DEPT","yes","INSIDE","3"
"UNKNOWN","F","COMMERCIAL BUILDING","N.Y. POLICE DEPT","yes","INSIDE","42"
"BLACK","F","BUS TERMINAL","N.Y. POLICE DEPT","yes","FRONT OF","2"
"ASIAN / PACIFIC ISLANDER","F","STORE UNCLASSIFIED","N.Y. POLICE DEPT","yes","FRONT OF","4"
"BLACK","F","RESIDENCE - APT. HOUSE","MTA POLICE DEPT","yes","INSIDE","1"
"BLACK HISPANIC","F","BANK","N.Y. POLICE DEPT","yes","FRONT OF","2"
"WHITE","F","FOOD SUPERMARKET","N.Y. POLICE DEPT","yes","INSIDE","20"
"BLACK","F","BUS TERMINAL","PORT AUTHORITY","yes","FRONT OF","1"
"WHITE HISPANIC","F","OTHER","DEPT OF CORRECTIONS","yes","FRONT OF","1"
"WHITE","F","JEWELRY","N.Y. POLICE DEPT","yes","INSIDE","2"
"WHITE","F","TRANSIT FACILITY (OTHER)","N.Y. TRANSIT POLICE","yes","(null)","1"
"WHITE","F","STREET","N.Y. TRANSIT POLICE","yes","(null)","2"
"WHITE","F","FERRY/FERRY TERMINAL","N.Y. POLICE DEPT","yes","(null)","1"
"ASIAN / PACIFIC ISLANDER","F","DRUG STORE","N.Y. POLICE DEPT","yes","FRONT OF","2"
"BLACK","F","HOMELESS SHELTER","N.Y.C. DEPT OF HOMELESS SERVICES","yes","FRONT OF","4"
"WHITE","F","DEPARTMENT STORE","N.Y. POLICE DEPT","yes","FRONT OF","5"
"UNKNOWN","F","BUS STOP","N.Y. POLICE DEPT","yes","(null)","7"
"WHITE HISPANIC","F","RESIDENCE-HOUSE","N.Y. POLICE DEPT","yes","FRONT OF","592"
"BLACK","F","(null)","DEPT OF CORRECTIONS","yes","INSIDE","20"
"BLACK","F","RESTAURANT/DINER","N.Y. POLICE DEPT","yes","REAR OF","7"
"WHITE","F","STREET","N.Y. POLICE DEPT","yes","OPPOSITE OF","109"
"BLACK HISPANIC","F","CLOTHING/BOUTIQUE","N.Y. POLICE DEPT","yes","FRONT OF","3"
"WHITE HISPANIC","F","VARIETY STORE","N.Y. POLICE DEPT","yes","INSIDE","10"
"BLACK","F","HOMELESS SHELTER","N.Y. POLICE DEPT","yes","INSIDE","1912"
"UNKNOWN","F","GAS STATION","N.Y. POLICE DEPT","yes","INSIDE","2"
"BLACK","F","STREET","N.Y.C. DEPT OF HOMELESS SERVICES","yes","FRONT OF","1"
"UNKNOWN","F","BUS (NYC TRANSIT)","N.Y. POLICE DEPT","yes","(null)","30"
"BLACK","F","PARKING LOT/GARAGE (PUBLIC)","N.Y. POLICE DEPT","yes","REAR OF","15"
"BLACK","F","SHOE","N.Y. POLICE DEPT","yes","INSIDE","5"
"WHITE HISPANIC","F","BANK","N.Y. POLICE DEPT","yes","FRONT OF","12"
"BLACK","F","DRY CLEANER/LAUNDRY","N.Y. POLICE DEPT","yes","REAR OF","1"
"WHITE HISPANIC","F","ABANDONED BUILDING","N.Y. POLICE DEPT","yes","REAR OF","1"
"UNKNOWN","F","(null)","PORT AUTHORITY","yes","INSIDE","1"
"ASIAN / PACIFIC ISLANDER","F","STREET","PORT AUTHORITY","yes","FRONT OF","1"
"WHITE","F","BRIDGE","TRI-BORO BRDG TUNNL","yes","FRONT OF","1"
"BLACK HISPANIC","F","DEPARTMENT STORE","N.Y. POLICE DEPT","yes","INSIDE","15"
"BLACK","F","FAST FOOD","N.Y. POLICE DEPT","yes","REAR OF","1"
"WHITE HISPANIC","F","CEMETERY","N.Y. POLICE DEPT","yes","FRONT OF","2"
"UNKNOWN","F","VARIETY STORE","N.Y. POLICE DEPT","yes","(null)","1"
"AMERICAN INDIAN/ALASKAN NATIVE","F","BUS (NYC TRANSIT)","N.Y. POLICE DEPT","yes","(null)","1"
"WHITE HISPANIC","F","OTHER","OTHER","yes","INSIDE","3"
"WHITE HISPANIC","F","MARINA/PIER","N.Y. POLICE DEPT","yes","INSIDE","4"
"BLACK HISPANIC","F","HOMELESS SHELTER","N.Y. POLICE DEPT","yes","FRONT OF","28"
"WHITE","F","RESIDENCE - PUBLIC HOUSING","N.Y. HOUSING POLICE","yes","(null)","5"
"BLACK","F","GROCERY/BODEGA","DEPT OF CORRECTIONS","yes","FRONT OF","1"
"ASIAN / PACIFIC ISLANDER","F","PARKING LOT/GARAGE (PUBLIC)","N.Y. POLICE DEPT","yes","INSIDE","2"
"UNKNOWN","F","STREET","MTA POLICE DEPT","yes","(null)","1"
"WHITE","F","ABANDONED BUILDING","N.Y. POLICE DEPT","yes","OPPOSITE OF","1"
"BLACK","F","TAXI (LIVERY LICENSED)","N.Y. POLICE DEPT","yes","(null)","6"
"WHITE HISPANIC","F","RESIDENCE-HOUSE","N.Y. POLICE DEPT","yes","REAR OF","56"
"BLACK","F","FERRY/FERRY TERMINAL","N.Y. POLICE DEPT","yes","INSIDE","16"
"WHITE","F","TRANSIT FACILITY (OTHER)","LONG ISLAND RAILRD","yes","INSIDE","1"
"WHITE HISPANIC","F","PUBLIC BUILDING","N.Y. TRANSIT POLICE","yes","(null)","1"
"BLACK HISPANIC","F","PARKING LOT/GARAGE (PUBLIC)","N.Y. POLICE DEPT","yes","FRONT OF","11"
"UNKNOWN","F","RESIDENCE-HOUSE","N.Y. TRANSIT POLICE","yes","(null)","1"
"BLACK","F","HIGHWAY/PARKWAY","N.Y. POLICE DEPT","yes","FRONT OF","4"
"WHITE HISPANIC","F","HOMELESS SHELTER","DEPT OF CORRECTIONS","yes","INSIDE","2"
"ASIAN / PACIFIC ISLANDER","F","BEAUTY & NAIL SALON","N.Y. POLICE DEPT","yes","(null)","1"
"BLACK","F","BEAUTY & NAIL SALON","N.Y. POLICE DEPT","yes","(null)","5"
"ASIAN / PACIFIC ISLANDER","F","PUBLIC BUILDING","N.Y. POLICE DEPT","yes","FRONT OF","7"
"WHITE HISPANIC","F","VARIETY STORE","N.Y. POLICE DEPT","yes","(null)","2"
"UNKNOWN","F","PUBLIC BUILDING","N.Y. STATE POLICE","yes","FRONT OF","1"
"WHITE","F","SMALL MERCHANT","N.Y. POLICE DEPT","yes","INSIDE","12"
"BLACK HISPANIC","F","RESIDENCE - PUBLIC HOUSING","N.Y. HOUSING POLICE","yes","OPPOSITE OF","12"
"UNKNOWN","F","HOSPITAL","OTHER","yes","INSIDE","1"
"WHITE HISPANIC","F","HOMELESS SHELTER","N.Y. POLICE DEPT","yes","INSIDE","1040"
"WHITE","F","PUBLIC SCHOOL","N.Y. POLICE DEPT","yes","(null)","3"
"WHITE","F","PARK/PLAYGROUND","N.Y. STATE PARKS","yes","(null)","1"
"UNKNOWN","F","BUS TERMINAL","PORT AUTHORITY","yes","INSIDE","9"
"BLACK","F","STORE UNCLASSIFIED","N.Y. POLICE DEPT","yes","INSIDE","49"
"BLACK","F","PRIVATE/PAROCHIAL SCHOOL","N.Y. POLICE DEPT","yes","(null)","3"
"WHITE HISPANIC","F","HOSPITAL","N.Y. POLICE DEPT","yes","REAR OF","2"
"WHITE","F","(null)","N.Y. POLICE DEPT","yes","OPPOSITE OF","4"
"ASIAN / PACIFIC ISLANDER","F","HOMELESS SHELTER","N.Y. POLICE DEPT","yes","INSIDE","82"
"WHITE","F","TRANSIT FACILITY (OTHER)","N.Y. POLICE DEPT","yes","(null)","3"
"UNKNOWN","F","DOCTOR/DENTIST OFFICE","N.Y. POLICE DEPT","yes","FRONT OF","2"
"BLACK","F","SMALL MERCHANT","N.Y. POLICE DEPT","yes","FRONT OF","8"
"WHITE","F","PUBLIC BUILDING","N.Y. POLICE DEPT","yes","(null)","4"
"WHITE","F","PARK/PLAYGROUND","NYC PARKS","yes","INSIDE","2"
"BLACK HISPANIC","F","COMMERCIAL BUILDING","N.Y. POLICE DEPT","yes","INSIDE","56"
"WHITE HISPANIC","F","HOSPITAL","OTHER","yes","INSIDE","5"
"AMERICAN INDIAN/ALASKAN NATIVE","F","OTHER","N.Y. POLICE DEPT","yes","INSIDE","5"
"UNKNOWN","F","RESIDENCE-HOUSE","N.Y. POLICE DEPT","yes","(null)","13"
"AMERICAN INDIAN/ALASKAN NATIVE","F","FAST FOOD","N.Y. POLICE DEPT","yes","FRONT OF","1"
"UNKNOWN","F","TRANSIT FACILITY (OTHER)","METRO NORTH","yes","INSIDE","5"
"UNKNOWN","F","STREET","MTA POLICE DEPT","yes","FRONT OF","4"
"WHITE","F","VIDEO STORE","N.Y. POLICE DEPT","yes","INSIDE","1"
"WHITE HISPANIC","F","RESIDENCE-HOUSE","PORT AUTHORITY","yes","(null)","1"
"BLACK","F","FOOD SUPERMARKET","N.Y. POLICE DEPT","yes","INSIDE","73"
"ASIAN / PACIFIC ISLANDER","F","FOOD SUPERMARKET","N.Y. POLICE DEPT","yes","INSIDE","16"
"WHITE","F","FERRY/FERRY TERMINAL","N.Y. POLICE DEPT","yes","INSIDE","11"
"BLACK","F","ABANDONED BUILDING","N.Y. POLICE DEPT","yes","INSIDE","1"
"WHITE","F","DEPARTMENT STORE","N.Y. POLICE DEPT","yes","INSIDE","28"
"WHITE","F","CONSTRUCTION SITE","N.Y. POLICE DEPT","yes","INSIDE","1"
"WHITE","F","GROCERY/BODEGA","N.Y. POLICE DEPT","yes","INSIDE","81"
"WHITE","F","MOSQUE","N.Y. POLICE DEPT","yes","INSIDE","1"
"BLACK HISPANIC","F","OPEN AREAS (OPEN LOTS)","N.Y. POLICE DEPT","yes","INSIDE","1"
"AMERICAN INDIAN/ALASKAN NATIVE","F","RESIDENCE-HOUSE","N.Y. POLICE DEPT","yes","(null)","1"
"ASIAN / PACIFIC ISLANDER","F","OPEN AREAS (OPEN LOTS)","N.Y. POLICE DEPT","yes","FRONT OF","3"
"UNKNOWN","F","RESIDENCE - PUBLIC HOUSING","N.Y. HOUSING POLICE","yes","OPPOSITE OF","4"
"BLACK HISPANIC","F","PARK/PLAYGROUND","N.Y. POLICE DEPT","yes","FRONT OF","23"
"BLACK","F","CHAIN STORE","N.Y. POLICE DEPT","yes","INSIDE","312"
"BLACK","F","RESTAURANT/DINER","N.Y. POLICE DEPT","yes","FRONT OF","70"
"BLACK HISPANIC","F","RESIDENCE-HOUSE","N.Y. POLICE DEPT","yes","FRONT OF","101"
"BLACK","F","SMALL MERCHANT","N.Y. POLICE DEPT","yes","(null)","1"
"BLACK HISPANIC","F","OPEN AREAS (OPEN LOTS)","N.Y. POLICE DEPT","yes","REAR OF","2"
"WHITE","F","CLOTHING/BOUTIQUE","N.Y. POLICE DEPT","yes","INSIDE","16"
"ASIAN / PACIFIC ISLANDER","F","RESIDENCE - APT. HOUSE","OTHER","yes","INSIDE","1"
"UNKNOWN","F","VARIETY STORE","N.Y. POLICE DEPT","yes","INSIDE","3"
"WHITE","F","(null)","N.Y. TRANSIT POLICE","yes","(null)","1"
"UNKNOWN","F","GAS STATION","N.Y. POLICE DEPT","yes","(null)","1"
"BLACK HISPANIC","F","FAST FOOD","N.Y. POLICE DEPT","yes","FRONT OF","13"
"ASIAN / PACIFIC ISLANDER","F","COMMERCIAL BUILDING","N.Y. POLICE DEPT","yes","INSIDE","107"
"BLACK HISPANIC","F","GROCERY/BODEGA","N.Y. POLICE DEPT","yes","FRONT OF","27"
"BLACK HISPANIC","F","STORAGE FACILITY","N.Y. POLICE DEPT","yes","INSIDE","1"
"WHITE HISPANIC","F","BRIDGE","N.Y. POLICE DEPT","yes","(null)","11"
"UNKNOWN","F","PUBLIC BUILDING","N.Y. POLICE DEPT","yes","(null)","1"
"AMERICAN INDIAN/ALASKAN NATIVE","F","RESIDENCE-HOUSE","N.Y. POLICE DEPT","yes","FRONT OF","18"
"WHITE","F","STREET","MTA POLICE DEPT","yes","(null)","2"
"UNKNOWN","F","OTHER","N.Y. POLICE DEPT","yes","REAR OF","1"
"BLACK","F","PARK/PLAYGROUND","N.Y. POLICE DEPT","yes","OPPOSITE OF","49"
"WHITE","F","RESIDENCE-HOUSE","OTHER","yes","FRONT OF","1"
"BLACK HISPANIC","F","(null)","N.Y. TRANSIT POLICE","yes","(null)","2"
"BLACK HISPANIC","F","HOSPITAL","OTHER","yes","INSIDE","1"
"WHITE HISPANIC","F","RESIDENCE - APT. HOUSE","OTHER","yes","INSIDE","4"
"BLACK HISPANIC","F","RESIDENCE - PUBLIC HOUSING","N.Y. HOUSING POLICE","yes","FRONT OF","235"
"WHITE","F","STREET","N.Y. POLICE DEPT","yes","INSIDE","77"
"WHITE","F","OPEN AREAS (OPEN LOTS)","N.Y. POLICE DEPT","yes","REAR OF","2"
"AMERICAN INDIAN/ALASKAN NATIVE","F","CHAIN STORE","N.Y. POLICE DEPT","yes","INSIDE","14"
"BLACK","F","BANK","N.Y. POLICE DEPT","yes","FRONT OF","12"
"ASIAN / PACIFIC ISLANDER","F","HOTEL/MOTEL","N.Y. POLICE DEPT","yes","(null)","2"
"BLACK","F","ATM","N.Y. POLICE DEPT","yes","INSIDE","2"
"UNKNOWN","F","(null)","N.Y. POLICE DEPT","yes","OPPOSITE OF","2"
"BLACK","F","PUBLIC SCHOOL","OTHER","yes","INSIDE","1"
"ASIAN / PACIFIC ISLANDER","F","HIGHWAY/PARKWAY","N.Y. POLICE DEPT","yes","FRONT OF","3"
"WHITE","F","BUS TERMINAL","PORT AUTHORITY","yes","INSIDE","8"
"WHITE","F","COLLEGE/UNIVERSITY","N.Y. POLICE DEPT","yes","INSIDE","9"
"ASIAN / PACIFIC ISLANDER","F","BAR/NIGHT CLUB","N.Y. POLICE DEPT","yes","OPPOSITE OF","1"
"WHITE HISPANIC","F","BAR/NIGHT CLUB","N.Y. POLICE DEPT","yes","REAR OF","4"
"BLACK HISPANIC","F","PUBLIC SCHOOL","N.Y. POLICE DEPT","yes","REAR OF","6"
"BLACK","F","RESIDENCE - PUBLIC HOUSING","N.Y. HOUSING POLICE","yes","FRONT OF","1949"
"UNKNOWN","F","DOCTOR/DENTIST OFFICE","N.Y. POLICE DEPT","yes","INSIDE","6"
"WHITE HISPANIC","F","HOSPITAL","N.Y. POLICE DEPT","yes","INSIDE","113"
"ASIAN / PACIFIC ISLANDER","F","RESIDENCE - PUBLIC HOUSING","N.Y. HOUSING POLICE","yes","INSIDE","150"
"WHITE","F","TAXI (LIVERY LICENSED)","N.Y. POLICE DEPT","yes","FRONT OF","5"
"BLACK","F","COLLEGE/UNIVERSITY","N.Y. POLICE DEPT","yes","FRONT OF","5"
"WHITE","F","PUBLIC BUILDING","N.Y. POLICE DEPT","yes","FRONT OF","7"
"BLACK","F","HOTEL/MOTEL","N.Y. POLICE DEPT","yes","(null)","3"
"WHITE HISPANIC","F","RESIDENCE - PUBLIC HOUSING","N.Y. POLICE DEPT","yes","INSIDE","19"
"WHITE HISPANIC","F","FACTORY/WAREHOUSE","N.Y. POLICE DEPT","yes","FRONT OF","4"
"AMERICAN INDIAN/ALASKAN NATIVE","F","REAL ESTATE","N.Y. POLICE DEPT","yes","INSIDE","1"
"BLACK","F","OTHER","N.Y. POLICE DEPT","yes","INSIDE","450"
"BLACK","F","PARKING LOT/GARAGE (PUBLIC)","N.Y. POLICE DEPT","yes","(null)","25"
"ASIAN / PACIFIC ISLANDER","F","(null)","N.Y. POLICE DEPT","yes","FRONT OF","19"
"UNKNOWN","F","TELECOMM. STORE","N.Y. POLICE DEPT","yes","INSIDE","2"
"WHITE","F","MARINA/PIER","N.Y. POLICE DEPT","yes","INSIDE","6"
"WHITE","F","BRIDGE","N.Y. POLICE DEPT","yes","INSIDE","2"
"WHITE","F","CLOTHING/BOUTIQUE","PORT AUTHORITY","yes","INSIDE","1"
"WHITE","F","PARKING LOT/GARAGE (PRIVATE)","PORT AUTHORITY","yes","(null)","1"
"WHITE HISPANIC","F","RESTAURANT/DINER","N.Y. POLICE DEPT","yes","INSIDE","331"
"BLACK","F","COMMERCIAL BUILDING","N.Y. POLICE DEPT","yes","REAR OF","4"
"WHITE HISPANIC","F","PUBLIC BUILDING","N.Y. POLICE DEPT","yes","FRONT OF","28"
"BLACK","F","STREET","MTA POLICE DEPT","yes","(null)","3"
"ASIAN / PACIFIC ISLANDER","F","HOSPITAL","N.Y. POLICE DEPT","yes","FRONT OF","4"
"BLACK","F","PUBLIC SCHOOL","N.Y. POLICE DEPT","yes","REAR OF","28"
"UNKNOWN","F","FAST FOOD","N.Y. POLICE DEPT","yes","REAR OF","2"
"WHITE","F","DRUG STORE","N.Y. POLICE DEPT","yes","(null)","1"
"BLACK","F","STREET","N.Y. POLICE DEPT","yes","OPPOSITE OF","315"
"ASIAN / PACIFIC ISLANDER","F","PARKING LOT/GARAGE (PRIVATE)","N.Y. POLICE DEPT","yes","FRONT OF","10"
"WHITE HISPANIC","F","STREET","METRO NORTH","yes","FRONT OF","1"
"UNKNOWN","F","FERRY/FERRY TERMINAL","N.Y. POLICE DEPT","yes","FRONT OF","1"
"WHITE","F","STREET","N.Y. POLICE DEPT","yes","REAR OF","25"
"BLACK HISPANIC","F","STORE UNCLASSIFIED","N.Y. POLICE DEPT","yes","INSIDE","7"
"UNKNOWN","F","HOSPITAL","DEPT OF CORRECTIONS","yes","INSIDE","4"
"BLACK HISPANIC","F","PUBLIC BUILDING","N.Y. POLICE DEPT","yes","FRONT OF","14"
"WHITE HISPANIC","F","COMMERCIAL BUILDING","N.Y. HOUSING POLICE","yes","INSIDE","1"
"BLACK","F","MARINA/PIER","N.Y. POLICE DEPT","yes","INSIDE","6"
"WHITE HISPANIC","F","HOTEL/MOTEL","N.Y. POLICE DEPT","yes","INSIDE","301"
"WHITE HISPANIC","F","SMOKE SHOP","N.Y. POLICE DEPT","yes","INSIDE","5"
"WHITE","F","RESIDENCE - PUBLIC HOUSING","N.Y. POLICE DEPT","yes","FRONT OF","1"
"WHITE HISPANIC","F","DEPARTMENT STORE","N.Y. POLICE DEPT","yes","INSIDE","97"
"UNKNOWN","F","RESIDENCE - APT. HOUSE","N.Y. POLICE DEPT","yes","FRONT OF","268"
"BLACK HISPANIC","F","PARKING LOT/GARAGE (PUBLIC)","N.Y. POLICE DEPT","yes","(null)","7"
"UNKNOWN","F","RESIDENCE - PUBLIC HOUSING","N.Y. HOUSING POLICE","yes","INSIDE","777"
"ASIAN / PACIFIC ISLANDER","F","COMMERCIAL BUILDING","N.Y. POLICE DEPT","yes","REAR OF","1"
"WHITE HISPANIC","F","DOCTOR/DENTIST OFFICE","N.Y. POLICE DEPT","yes","FRONT OF","6"
"UNKNOWN","F","DEPARTMENT STORE","N.Y. POLICE DEPT","yes","INSIDE","19"
"UNKNOWN","F","OTHER","DEPT OF CORRECTIONS","yes","INSIDE","10"
"WHITE","F","STREET","N.Y. POLICE DEPT","yes","FRONT OF","1999"
"ASIAN / PACIFIC ISLANDER","F","GYM/FITNESS FACILITY","N.Y. POLICE DEPT","yes","FRONT OF","2"
"WHITE","F","HOSPITAL","N.Y. POLICE DEPT","yes","(null)","2"
"WHITE","F","TAXI (YELLOW LICENSED)","N.Y. POLICE DEPT","yes","FRONT OF","1"
"ASIAN / PACIFIC ISLANDER","F","VARIETY STORE","N.Y. POLICE DEPT","yes","FRONT OF","1"
"WHITE","F","BUS (NYC TRANSIT)","N.Y. POLICE DEPT","yes","FRONT OF","13"
"ASIAN / PACIFIC ISLANDER","F","CANDY STORE","N.Y. POLICE DEPT","yes","INSIDE","7"
"WHITE","F","(null)","N.Y. POLICE DEPT","yes","REAR OF","1"
"WHITE HISPANIC","F","CHAIN STORE","N.Y. POLICE DEPT","yes","(null)","9"
"BLACK HISPANIC","F","MOBILE FOOD","N.Y. POLICE DEPT","yes","(null)","1"
"WHITE","F","RESIDENCE - APT. HOUSE","N.Y. POLICE DEPT","yes","INSIDE","6034"
"BLACK","F","HOMELESS SHELTER","OTHER","yes","FRONT OF","1"
"BLACK","F","BUS TERMINAL","PORT AUTHORITY","yes","INSIDE","30"
"WHITE HISPANIC","F","DRY CLEANER/LAUNDRY","N.Y. POLICE DEPT","yes","REAR OF","1"
"WHITE HISPANIC","F","PUBLIC BUILDING","N.Y. POLICE DEPT","yes","INSIDE","41"
"UNKNOWN","F","(null)","MTA POLICE DEPT","yes","OPPOSITE OF","1"
"AMERICAN INDIAN/ALASKAN NATIVE","F","(null)","N.Y. POLICE DEPT","yes","INSIDE","8"
"WHITE HISPANIC","F","PARKING LOT/GARAGE (PRIVATE)","N.Y. POLICE DEPT","yes","FRONT OF","20"
"AMERICAN INDIAN/ALASKAN NATIVE","F","OTHER","N.Y. POLICE DEPT","yes","FRONT OF","3"
"ASIAN / PACIFIC ISLANDER","F","FACTORY/WAREHOUSE","N.Y. POLICE DEPT","yes","INSIDE","1"
"BLACK HISPANIC","F","BRIDGE","N.Y. POLICE DEPT","yes","(null)","2"
"AMERICAN INDIAN/ALASKAN NATIVE","F","HOMELESS SHELTER","N.Y. POLICE DEPT","yes","INSIDE","9"
"BLACK","F","FAST FOOD","N.Y. POLICE DEPT","yes","INSIDE","261"
"BLACK","F","TRANSIT FACILITY (OTHER)","PORT AUTHORITY","yes","(null)","1"
"UNKNOWN","F","HOMELESS SHELTER","DEPT OF CORRECTIONS","yes","INSIDE","1"
"UNKNOWN","F","(null)","N.Y. TRANSIT POLICE","yes","(null)","5"
"WHITE HISPANIC","F","DEPARTMENT STORE","N.Y. POLICE DEPT","yes","FRONT OF","19"
"WHITE HISPANIC","F","FOOD SUPERMARKET","N.Y. POLICE DEPT","yes","INSIDE","71"
"WHITE HISPANIC","F","FOOD SUPERMARKET","N.Y. POLICE DEPT","yes","(null)","1"
"WHITE","F","DRY CLEANER/LAUNDRY","N.Y. POLICE DEPT","yes","INSIDE","21"
"WHITE HISPANIC","F","GYM/FITNESS FACILITY","N.Y. POLICE DEPT","yes","INSIDE","25"
"ASIAN / PACIFIC ISLANDER","F","DEPARTMENT STORE","N.Y. POLICE DEPT","yes","INSIDE","31"
"ASIAN / PACIFIC ISLANDER","F","RESIDENCE - PUBLIC HOUSING","N.Y. POLICE DEPT","yes","FRONT OF","1"
"WHITE HISPANIC","F","PARK/PLAYGROUND","N.Y. POLICE DEPT","yes","INSIDE","112"
"WHITE","F","BUS STOP","N.Y. POLICE DEPT","yes","(null)","11"
"WHITE HISPANIC","F","CHURCH","N.Y. POLICE DEPT","yes","INSIDE","13"
"ASIAN / PACIFIC ISLANDER","F","RESTAURANT/DINER","PORT AUTHORITY","yes","INSIDE","1"
"UNKNOWN","F","MOSQUE","N.Y. POLICE DEPT","yes","INSIDE","1"
"WHITE","F","HOSPITAL","OTHER","yes","INSIDE","7"
"WHITE","F","BAR/NIGHT CLUB","N.Y. POLICE DEPT","yes","FRONT OF","55"
"BLACK","F","HOMELESS SHELTER","OTHER","yes","INSIDE","10"
"BLACK","F","RESTAURANT/DINER","N.Y. POLICE DEPT","yes","INSIDE","237"
"UNKNOWN","F","RESTAURANT/DINER","N.Y. POLICE DEPT","yes","INSIDE","33"
"UNKNOWN","F","STREET","OTHER","yes","(null)","1"
"BLACK HISPANIC","F","MARINA/PIER","N.Y. POLICE DEPT","yes","INSIDE","2"
"WHITE HISPANIC","F","OTHER","N.Y. TRANSIT POLICE","yes","(null)","3"
"WHITE HISPANIC","F","STREET","DEPT OF CORRECTIONS","yes","(null)","1"
"WHITE","F","AIRPORT TERMINAL","PORT AUTHORITY","yes","FRONT OF","1"
"WHITE HISPANIC","F","HOMELESS SHELTER","N.Y.C. DEPT OF HOMELESS SERVICES","yes","INSIDE","2"
"WHITE HISPANIC","F","GROCERY/BODEGA","N.Y. POLICE DEPT","yes","(null)","15"
"BLACK HISPANIC","F","RESIDENCE - APT. HOUSE","N.Y. POLICE DEPT","yes","OPPOSITE OF","5"
"UNKNOWN","F","MARINA/PIER","N.Y. POLICE DEPT","yes","INSIDE","1"
"WHITE","F","BOOK/CARD","N.Y. POLICE DEPT","yes","FRONT OF","2"
"ASIAN / PACIFIC ISLANDER","F","OTHER","N.Y. POLICE DEPT","yes","OPPOSITE OF","2"
"BLACK","F","PARKING LOT/GARAGE (PRIVATE)","N.Y. POLICE DEPT","yes","(null)","4"
"WHITE","F","HOMELESS SHELTER","N.Y. POLICE DEPT","yes","INSIDE","312"
"WHITE HISPANIC","F","(null)","MTA POLICE DEPT","yes","FRONT OF","1"
"ASIAN / PACIFIC ISLANDER","F","ATM","N.Y. POLICE DEPT","yes","INSIDE","1"
"BLACK","F","RESIDENCE - PUBLIC HOUSING","N.Y. HOUSING POLICE","yes","REAR OF","252"
"BLACK","F","PRIVATE/PAROCHIAL SCHOOL","N.Y. POLICE DEPT","yes","INSIDE","47"
"UNKNOWN","F","PARKING LOT/GARAGE (PRIVATE)","N.Y. POLICE DEPT","yes","OPPOSITE OF","1"
"UNKNOWN","F","COLLEGE/UNIVERSITY","N.Y. POLICE DEPT","yes","INSIDE","3"
"ASIAN / PACIFIC ISLANDER","F","BUS TERMINAL","PORT AUTHORITY","yes","INSIDE","4"
"WHITE","F","PARK/PLAYGROUND","NYC PARKS","yes","FRONT OF","1"
"WHITE","F","(null)","N.Y. POLICE DEPT","yes","(null)","36"
"BLACK","F","TRANSIT FACILITY (OTHER)","MTA POLICE DEPT","yes","INSIDE","31"
"ASIAN / PACIFIC ISLANDER","F","STORE UNCLASSIFIED","N.Y. POLICE DEPT","yes","INSIDE","15"
"BLACK","F","RESIDENCE - APT. HOUSE","N.Y. POLICE DEPT","yes","INSIDE","22815"
"UNKNOWN","F","CANDY STORE","N.Y. POLICE DEPT","yes","INSIDE","2"
"UNKNOWN","F","GYM/FITNESS FACILITY","N.Y. POLICE DEPT","yes","INSIDE","4"
"WHITE","F","TRANSIT FACILITY (OTHER)","MTA POLICE DEPT","yes","INSIDE","27"
"WHITE","F","OPEN AREAS (OPEN LOTS)","N.Y. POLICE DEPT","yes","(null)","6"
"WHITE HISPANIC","F","COMMERCIAL BUILDING","N.Y. POLICE DEPT","yes","INSIDE","244"
"WHITE HISPANIC","F","HOMELESS SHELTER","N.Y. POLICE DEPT","yes","OPPOSITE OF","2"
"BLACK","F","JEWELRY","N.Y. POLICE DEPT","yes","FRONT OF","1"
"WHITE HISPANIC","F","BUS (NYC TRANSIT)","N.Y. TRANSIT POLICE","yes","(null)","1"
"BLACK","F","VIDEO STORE","N.Y. POLICE DEPT","yes","INSIDE","1"
"BLACK","F","AIRPORT TERMINAL","PORT AUTHORITY","yes","INSIDE","5"
"BLACK","F","OPEN AREAS (OPEN LOTS)","N.Y. POLICE DEPT","yes","INSIDE","12"
"BLACK","F","RESIDENCE-HOUSE","N.Y. POLICE DEPT","yes","OPPOSITE OF","10"
"WHITE","F","HOSPITAL","N.Y. POLICE DEPT","yes","FRONT OF","14"
"WHITE","F","RESIDENCE-HOUSE","N.Y. POLICE DEPT","yes","FRONT OF","342"
"BLACK","F","BANK","N.Y. POLICE DEPT","yes","INSIDE","24"
"WHITE HISPANIC","F","BAR/NIGHT CLUB","N.Y. POLICE DEPT","yes","INSIDE","545"
"WHITE","F","GAS STATION","N.Y. POLICE DEPT","yes","(null)","2"
"UNKNOWN","F","HOMELESS SHELTER","N.Y. POLICE DEPT","yes","FRONT OF","27"
"ASIAN / PACIFIC ISLANDER","F","PARK/PLAYGROUND","N.Y. POLICE DEPT","yes","REAR OF","5"
"WHITE HISPANIC","F","PUBLIC SCHOOL","N.Y. POLICE DEPT","yes","FRONT OF","81"
"ASIAN / PACIFIC ISLANDER","F","CHECK CASHING BUSINESS","N.Y. POLICE DEPT","yes","INSIDE","1"
"UNKNOWN","F","HOMELESS SHELTER","N.Y. POLICE DEPT","yes","(null)","4"
"BLACK HISPANIC","F","PARK/PLAYGROUND","N.Y. POLICE DEPT","yes","INSIDE","35"
"WHITE","F","PARKING LOT/GARAGE (PRIVATE)","N.Y. POLICE DEPT","yes","FRONT OF","12"
"WHITE HISPANIC","F","STREET","N.Y. POLICE DEPT","yes","FRONT OF","5392"
"WHITE","F","RESTAURANT/DINER","N.Y. POLICE DEPT","yes","FRONT OF","31"
"BLACK HISPANIC","F","CHURCH","N.Y. POLICE DEPT","yes","INSIDE","1"
"WHITE HISPANIC","F","PUBLIC BUILDING","N.Y. POLICE DEPT","yes","(null)","10"
"WHITE","F","OTHER","DEPT OF CORRECTIONS","yes","INSIDE","1"
"WHITE HISPANIC","F","CHAIN STORE","PORT AUTHORITY","yes","INSIDE","1"
"BLACK","F","BAR/NIGHT CLUB","N.Y. POLICE DEPT","yes","FRONT OF","141"
"BLACK","F","HOSPITAL","N.Y. POLICE DEPT","yes","OPPOSITE OF","1"
"ASIAN / PACIFIC ISLANDER","F","TELECOMM. STORE","N.Y. POLICE DEPT","yes","INSIDE","2"
"UNKNOWN","F","FAST FOOD","N.Y. POLICE DEPT","yes","OPPOSITE OF","1"
"WHITE","F","JEWELRY","PORT AUTHORITY","yes","INSIDE","1"
"UNKNOWN","F","FOOD SUPERMARKET","N.Y. POLICE DEPT","yes","INSIDE","13"
"WHITE","F","ABANDONED BUILDING","N.Y. POLICE DEPT","yes","(null)","1"
"UNKNOWN","F","COMMERCIAL BUILDING","N.Y. POLICE DEPT","yes","REAR OF","4"
"UNKNOWN","F","OTHER","N.Y. POLICE DEPT","yes","OPPOSITE OF","1"
"UNKNOWN","F","STREET","N.Y. POLICE DEPT","yes","REAR OF","7"
"WHITE HISPANIC","F","OTHER HOUSE OF WORSHIP","N.Y. POLICE DEPT","yes","INSIDE","3"
"WHITE HISPANIC","F","MARINA/PIER","N.Y. POLICE DEPT","yes","FRONT OF","9"
"BLACK","F","(null)","PORT AUTHORITY","yes","(null)","1"
"BLACK HISPANIC","F","GAS STATION","N.Y. POLICE DEPT","yes","INSIDE","2"
"WHITE HISPANIC","F","HOMELESS SHELTER","N.Y.C. DEPT OF HOMELESS SERVICES","yes","FRONT OF","1"
"WHITE","F","RESIDENCE-HOUSE","OTHER","yes","INSIDE","1"
"WHITE HISPANIC","F","VIDEO STORE","N.Y. POLICE DEPT","yes","FRONT OF","1"
"ASIAN / PACIFIC ISLANDER","F","FOOD SUPERMARKET","N.Y. POLICE DEPT","yes","FRONT OF","5"
"WHITE HISPANIC","F","RESIDENCE - PUBLIC HOUSING","N.Y. HOUSING POLICE","yes","REAR OF","105"
"ASIAN / PACIFIC ISLANDER","F","TRANSIT FACILITY (OTHER)","MTA POLICE DEPT","yes","FRONT OF","1"
"WHITE HISPANIC","F","PHOTO/COPY","N.Y. POLICE DEPT","yes","(null)","1"
"WHITE HISPANIC","F","STREET","MTA POLICE DEPT","yes","(null)","1"
"WHITE HISPANIC","F","RESIDENCE-HOUSE","N.Y. POLICE DEPT","yes","INSIDE","4713"
"WHITE HISPANIC","F","TAXI/LIVERY (UNLICENSED)","N.Y. POLICE DEPT","yes","FRONT OF","1"
"UNKNOWN","F","DAYCARE FACILITY","N.Y. POLICE DEPT","yes","INSIDE","1"
"BLACK","F","PARK/PLAYGROUND","NYC PARKS","yes","(null)","5"
"ASIAN / PACIFIC ISLANDER","F","HOSPITAL","N.Y. STATE POLICE","yes","INSIDE","1"
"BLACK","F","STREET","N.Y. HOUSING POLICE","yes","FRONT OF","18"
"WHITE HISPANIC","F","OPEN AREAS (OPEN LOTS)","N.Y. POLICE DEPT","yes","(null)","7"
"ASIAN / PACIFIC ISLANDER","F","DAYCARE FACILITY","N.Y. POLICE DEPT","yes","INSIDE","8"
"BLACK","F","PUBLIC BUILDING","N.Y. POLICE DEPT","yes","INSIDE","64"
"BLACK","F","GROCERY/BODEGA","N.Y. POLICE DEPT","yes","REAR OF","2"
"ASIAN / PACIFIC ISLANDER","F","STREET","N.Y. POLICE DEPT","yes","FRONT OF","1006"
"UNKNOWN","F","LIQUOR STORE","N.Y. POLICE DEPT","yes","INSIDE","6"
"ASIAN / PACIFIC ISLANDER","F","BUS TERMINAL","PORT AUTHORITY","yes","FRONT OF","2"
"AMERICAN INDIAN/ALASKAN NATIVE","F","PARK/PLAYGROUND","N.Y. POLICE DEPT","yes","(null)","2"
"WHITE HISPANIC","F","SMALL MERCHANT","N.Y. POLICE DEPT","yes","INSIDE","35"
"BLACK","F","SMOKE SHOP","N.Y. POLICE DEPT","yes","FRONT OF","2"
"WHITE HISPANIC","F","GROCERY/BODEGA","N.Y. POLICE DEPT","yes","INSIDE","319"
"BLACK","F","HOMELESS SHELTER","N.Y. POLICE DEPT","yes","(null)","27"
"ASIAN / PACIFIC ISLANDER","F","MARINA/PIER","N.Y. POLICE DEPT","yes","FRONT OF","2"
"BLACK","F","MOSQUE","N.Y. POLICE DEPT","yes","INSIDE","2"
"UNKNOWN","F","ATM","N.Y. POLICE DEPT","yes","FRONT OF","2"
"WHITE HISPANIC","F","TRANSIT FACILITY (OTHER)","MTA POLICE DEPT","yes","(null)","3"
"BLACK","F","GROCERY/BODEGA","N.Y. HOUSING POLICE","yes","FRONT OF","1"
"WHITE","F","PARK/PLAYGROUND","U.S. PARK POLICE","yes","(null)","1"
"UNKNOWN","F","(null)","DEPT OF CORRECTIONS","yes","INSIDE","104"
"WHITE","F","BUS (NYC TRANSIT)","N.Y. POLICE DEPT","yes","(null)","72"
"BLACK","F","TRANSIT FACILITY (OTHER)","AMTRACK","yes","INSIDE","4"
"UNKNOWN","F","PUBLIC BUILDING","N.Y. POLICE DEPT","yes","FRONT OF","5"
"BLACK","F","BUS (OTHER)","N.Y. POLICE DEPT","yes","(null)","47"
"WHITE","F","STORAGE FACILITY","N.Y. POLICE DEPT","yes","FRONT OF","2"
"UNKNOWN","F","BAR/NIGHT CLUB","N.Y. POLICE DEPT","yes","INSIDE","49"
"ASIAN / PACIFIC ISLANDER","F","RESIDENCE - APT. HOUSE","N.Y. POLICE DEPT","yes","FRONT OF","167"
"WHITE","F","DRUG STORE","N.Y. POLICE DEPT","yes","FRONT OF","6"
"BLACK HISPANIC","F","RESIDENCE - APT. HOUSE","N.Y. HOUSING POLICE","yes","INSIDE","1"
"BLACK","F","DAYCARE FACILITY","N.Y. POLICE DEPT","yes","INSIDE","11"
"ASIAN / PACIFIC ISLANDER","F","ABANDONED BUILDING","N.Y. POLICE DEPT","yes","INSIDE","1"
"ASIAN / PACIFIC ISLANDER","F","MARINA/PIER","N.Y. POLICE DEPT","yes","(null)","1"
"BLACK HISPANIC","F","STREET","N.Y. POLICE DEPT","yes","FRONT OF","1342"
"BLACK HISPANIC","F","OTHER","N.Y. POLICE DEPT","yes","OPPOSITE OF","3"
"UNKNOWN","F","FAST FOOD","N.Y. POLICE DEPT","yes","INSIDE","40"
"UNKNOWN","F","BUS (NYC TRANSIT)","N.Y. POLICE DEPT","yes","OPPOSITE OF","3"
"BLACK HISPANIC","F","BEAUTY & NAIL SALON","N.Y. POLICE DEPT","yes","FRONT OF","9"
"WHITE","F","TELECOMM. STORE","N.Y. POLICE DEPT","yes","FRONT OF","1"
"BLACK HISPANIC","F","PUBLIC SCHOOL","N.Y. POLICE DEPT","yes","INSIDE","87"
"BLACK HISPANIC","F","JEWELRY","N.Y. POLICE DEPT","yes","FRONT OF","1"
"WHITE HISPANIC","F","HOSPITAL","N.Y. POLICE DEPT","yes","FRONT OF","6"
"BLACK HISPANIC","F","CHAIN STORE","N.Y. POLICE DEPT","yes","(null)","1"
"WHITE","F","HOMELESS SHELTER","N.Y. POLICE DEPT","yes","(null)","2"
"BLACK HISPANIC","F","PUBLIC BUILDING","N.Y. POLICE DEPT","yes","INSIDE","10"
"WHITE","F","PARKING LOT/GARAGE (PUBLIC)","N.Y. POLICE DEPT","yes","(null)","7"
"UNKNOWN","F","RESIDENCE - PUBLIC HOUSING","N.Y. POLICE DEPT","yes","REAR OF","1"
"UNKNOWN","F","HOSPITAL","HEALTH & HOSP CORP","yes","INSIDE","8"
"BLACK","F","LIQUOR STORE","N.Y. POLICE DEPT","yes","FRONT OF","8"
"BLACK","F","RESIDENCE-HOUSE","DEPT OF CORRECTIONS","yes","FRONT OF","1"
"WHITE HISPANIC","F","STREET","N.Y. HOUSING POLICE","yes","REAR OF","2"
"WHITE","F","CHURCH","N.Y. POLICE DEPT","yes","INSIDE","7"
"UNKNOWN","F","CHAIN STORE","N.Y. POLICE DEPT","yes","(null)","1"
"BLACK HISPANIC","F","RESIDENCE - PUBLIC HOUSING","N.Y. POLICE DEPT","yes","OPPOSITE OF","1"
"BLACK","F","COLLEGE/UNIVERSITY","N.Y. POLICE DEPT","yes","INSIDE","25"
"BLACK HISPANIC","F","DEPARTMENT STORE","N.Y. POLICE DEPT","yes","FRONT OF","1"
"WHITE","F","BOOK/CARD","N.Y. POLICE DEPT","yes","INSIDE","2"
"UNKNOWN","F","TUNNEL","N.Y. POLICE DEPT","yes","(null)","1"
"BLACK","F","STREET","PORT AUTHORITY","yes","FRONT OF","3"
"WHITE","F","RESIDENCE-HOUSE","N.Y. POLICE DEPT","yes","OPPOSITE OF","8"
"ASIAN / PACIFIC ISLANDER","F","CLOTHING/BOUTIQUE","N.Y. POLICE DEPT","yes","INSIDE","12"
"WHITE HISPANIC","F","COLLEGE/UNIVERSITY","N.Y. POLICE DEPT","yes","FRONT OF","2"
"WHITE","F","STREET","N.Y. POLICE DEPT","yes","(null)","1740"
"ASIAN / PACIFIC ISLANDER","F","STREET","OTHER","yes","FRONT OF","1"
"WHITE","F","PUBLIC SCHOOL","N.Y. POLICE DEPT","yes","OPPOSITE OF","1"
"WHITE","F","CONSTRUCTION SITE","N.Y. POLICE DEPT","yes","FRONT OF","1"
"WHITE","F","FAST FOOD","N.Y. POLICE DEPT","yes","FRONT OF","17"
"WHITE","F","TRANSIT FACILITY (OTHER)","LONG ISLAND RAILRD","yes","(null)","1"
"BLACK","F","BANK","N.Y. POLICE DEPT","yes","(null)","1"
"WHITE HISPANIC","F","RESIDENCE-HOUSE","N.Y. POLICE DEPT","yes","(null)","40"
"BLACK","F","COMMERCIAL BUILDING","N.Y. POLICE DEPT","yes","INSIDE","316"
"WHITE","F","RESIDENCE - PUBLIC HOUSING","N.Y. HOUSING POLICE","yes","REAR OF","15"
"WHITE","F","(null)","PORT AUTHORITY","yes","INSIDE","2"
"WHITE HISPANIC","F","ABANDONED BUILDING","N.Y. POLICE DEPT","yes","FRONT OF","3"
"BLACK HISPANIC","F","(null)","N.Y. POLICE DEPT","yes","(null)","28"
"WHITE HISPANIC","F","TRANSIT - NYC SUBWAY","N.Y. TRANSIT POLICE","yes","(null)","919"
"ASIAN / PACIFIC ISLANDER","F","FAST FOOD","N.Y. POLICE DEPT","yes","FRONT OF","10"
"WHITE","F","GAS STATION","N.Y. POLICE DEPT","yes","FRONT OF","10"
"WHITE","F","PRIVATE/PAROCHIAL SCHOOL","N.Y. POLICE DEPT","yes","FRONT OF","4"
"BLACK HISPANIC","F","HOSPITAL","HEALTH & HOSP CORP","yes","INSIDE","7"
"WHITE HISPANIC","F","PARK/PLAYGROUND","N.Y. STATE PARKS","yes","INSIDE","1"
"WHITE HISPANIC","F","STORE UNCLASSIFIED","N.Y. POLICE DEPT","yes","(null)","1"
"BLACK","F","HOTEL/MOTEL","N.Y. POLICE DEPT","yes","FRONT OF","40"
"WHITE HISPANIC","F","TRANSIT FACILITY (OTHER)","MTA POLICE DEPT","yes","REAR OF","1"
"UNKNOWN","F","(null)","HEALTH & HOSP CORP","yes","FRONT OF","1"
"BLACK","F","LOAN COMPANY","N.Y. POLICE DEPT","yes","INSIDE","1"
"BLACK HISPANIC","F","HOSPITAL","N.Y. POLICE DEPT","yes","INSIDE","28"
"WHITE HISPANIC","F","PARK/PLAYGROUND","NYC PARKS","yes","FRONT OF","2"
"ASIAN / PACIFIC ISLANDER","F","HOMELESS SHELTER","N.Y. POLICE DEPT","yes","REAR OF","1"
"ASIAN / PACIFIC ISLANDER","F","STORAGE FACILITY","N.Y. POLICE DEPT","yes","FRONT OF","1"
"BLACK","F","DEPARTMENT STORE","N.Y. POLICE DEPT","yes","INSIDE","114"
"BLACK HISPANIC","F","RESIDENCE - APT. HOUSE","N.Y. POLICE DEPT","yes","INSIDE","4764"
"BLACK","F","CHAIN STORE","N.Y. POLICE DEPT","yes","(null)","6"
"WHITE","F","STREET","PORT AUTHORITY","yes","FRONT OF","1"
"WHITE HISPANIC","F","PARKING LOT/GARAGE (PRIVATE)","N.Y. POLICE DEPT","yes","REAR OF","5"
"WHITE HISPANIC","F","CHURCH","N.Y. POLICE DEPT","yes","FRONT OF","9"
"BLACK HISPANIC","F","CHAIN STORE","N.Y. POLICE DEPT","yes","INSIDE","56"
"WHITE HISPANIC","F","BRIDGE","N.Y. POLICE DEPT","yes","FRONT OF","3"
"WHITE","F","PUBLIC SCHOOL","N.Y. POLICE DEPT","yes","REAR OF","6"
"WHITE HISPANIC","F","BUS (OTHER)","N.Y. POLICE DEPT","yes","INSIDE","1"
"WHITE HISPANIC","F","OPEN AREAS (OPEN LOTS)","N.Y. POLICE DEPT","yes","REAR OF","7"
"WHITE","F","COLLEGE/UNIVERSITY","N.Y. POLICE DEPT","yes","FRONT OF","6"
"ASIAN / PACIFIC ISLANDER","F","BUS (NYC TRANSIT)","N.Y. POLICE DEPT","yes","OPPOSITE OF","2"
"BLACK HISPANIC","F","FAST FOOD","N.Y. POLICE DEPT","yes","INSIDE","69"
"BLACK","F","HOSPITAL","N.Y. STATE POLICE","yes","INSIDE","1"
"BLACK","F","CHECK CASHING BUSINESS","N.Y. POLICE DEPT","yes","FRONT OF","3"
"BLACK","F","RESTAURANT/DINER","N.Y. POLICE DEPT","yes","(null)","3"
"WHITE","F","TRANSIT FACILITY (OTHER)","METRO NORTH","yes","INSIDE","2"
"UNKNOWN","F","PARK/PLAYGROUND","N.Y. POLICE DEPT","yes","FRONT OF","14"
"BLACK","F","PARK/PLAYGROUND","N.Y. POLICE DEPT","yes","INSIDE","147"
"WHITE HISPANIC","F","PRIVATE/PAROCHIAL SCHOOL","N.Y. POLICE DEPT","yes","FRONT OF","6"
"ASIAN / PACIFIC ISLANDER","F","SMALL MERCHANT","N.Y. POLICE DEPT","yes","REAR OF","2"
"BLACK","F","RESIDENCE - PUBLIC HOUSING","N.Y. POLICE DEPT","yes","FRONT OF","14"
"BLACK HISPANIC","F","MOBILE FOOD","N.Y. POLICE DEPT","yes","FRONT OF","1"
"BLACK HISPANIC","F","RESTAURANT/DINER","N.Y. POLICE DEPT","yes","INSIDE","58"
"WHITE","F","REAL ESTATE","N.Y. POLICE DEPT","yes","INSIDE","1"
"BLACK HISPANIC","F","PARKING LOT/GARAGE (PRIVATE)","N.Y. POLICE DEPT","yes","REAR OF","3"
"ASIAN / PACIFIC ISLANDER","F","OTHER","N.Y. TRANSIT POLICE","yes","(null)","1"
"WHITE","F","RESIDENCE-HOUSE","N.Y. STATE POLICE","yes","FRONT OF","1"
"UNKNOWN","F","RESIDENCE - APT. HOUSE","PORT AUTHORITY","yes","INSIDE","1"
"UNKNOWN","F","RESTAURANT/DINER","N.Y. POLICE DEPT","yes","(null)","1"
"WHITE HISPANIC","F","REAL ESTATE","N.Y. POLICE DEPT","yes","INSIDE","1"
"BLACK","F","PARK/PLAYGROUND","N.Y. HOUSING POLICE","yes","FRONT OF","1"
"ASIAN / PACIFIC ISLANDER","F","PUBLIC SCHOOL","N.Y. POLICE DEPT","yes","REAR OF","4"
"WHITE","F","OPEN AREAS (OPEN LOTS)","N.Y. POLICE DEPT","yes","INSIDE","1"
"ASIAN / PACIFIC ISLANDER","F","(null)","N.Y. POLICE DEPT","yes","INSIDE","96"
"WHITE HISPANIC","F","TAXI (LIVERY LICENSED)","N.Y. POLICE DEPT","yes","FRONT OF","1"
"WHITE","F","VARIETY STORE","N.Y. POLICE DEPT","yes","FRONT OF","2"
"UNKNOWN","F","DEPARTMENT STORE","N.Y. POLICE DEPT","yes","REAR OF","1"
"WHITE","F","SOCIAL CLUB/POLICY","N.Y. POLICE DEPT","yes","INSIDE","8"
"ASIAN / PACIFIC ISLANDER","F","(null)","PORT AUTHORITY","yes","INSIDE","1"
"WHITE HISPANIC","F","OTHER","HEALTH & HOSP CORP","yes","FRONT OF","1"
"BLACK","F","TELECOMM. STORE","N.Y. POLICE DEPT","yes","INSIDE","4"
"UNKNOWN","F","MARINA/PIER","N.Y. POLICE DEPT","yes","(null)","1"
"UNKNOWN","F","STORE UNCLASSIFIED","N.Y. POLICE DEPT","yes","INSIDE","5"
"WHITE","F","PRIVATE/PAROCHIAL SCHOOL","N.Y. POLICE DEPT","yes","(null)","1"
"BLACK","F","STREET","N.Y. TRANSIT POLICE","yes","(null)","1"
"BLACK","F","PARKING LOT/GARAGE (PUBLIC)","N.Y. POLICE DEPT","yes","INSIDE","19"
"WHITE HISPANIC","F","TRANSIT FACILITY (OTHER)","AMTRACK","yes","INSIDE","7"
"WHITE","F","SMOKE SHOP","N.Y. POLICE DEPT","yes","INSIDE","2"
"BLACK HISPANIC","F","TELECOMM. STORE","N.Y. POLICE DEPT","yes","INSIDE","3"
"WHITE","F","STORE UNCLASSIFIED","N.Y. POLICE DEPT","yes","(null)","1"
"BLACK HISPANIC","F","BEAUTY & NAIL SALON","N.Y. POLICE DEPT","yes","(null)","1"
"WHITE","F","RESIDENCE - PUBLIC HOUSING","N.Y. POLICE DEPT","yes","INSIDE","2"
"ASIAN / PACIFIC ISLANDER","F","VARIETY STORE","N.Y. POLICE DEPT","yes","INSIDE","5"
"BLACK","F","OTHER","N.Y. TRANSIT POLICE","yes","(null)","7"
"UNKNOWN","F","TRANSIT FACILITY (OTHER)","MTA POLICE DEPT","yes","OPPOSITE OF","1"
"UNKNOWN","F","RESIDENCE - APT. HOUSE","MTA POLICE DEPT","yes","FRONT OF","1"
"UNKNOWN","F","COMMERCIAL BUILDING","MTA POLICE DEPT","yes","INSIDE","1"
"BLACK","F","GYM/FITNESS FACILITY","N.Y. POLICE DEPT","yes","FRONT OF","5"
"AMERICAN INDIAN/ALASKAN NATIVE","F","COMMERCIAL BUILDING","N.Y. POLICE DEPT","yes","INSIDE","4"
"WHITE HISPANIC","F","OTHER","PORT AUTHORITY","yes","(null)","1"
"BLACK HISPANIC","F","VIDEO STORE","N.Y. POLICE DEPT","yes","INSIDE","1"
"BLACK","F","BAR/NIGHT CLUB","N.Y. POLICE DEPT","yes","INSIDE","302"
"WHITE","F","DAYCARE FACILITY","N.Y. POLICE DEPT","yes","FRONT OF","3"
"UNKNOWN","F","HOMELESS SHELTER","OTHER","yes","INSIDE","3"
"WHITE HISPANIC","F","FERRY/FERRY TERMINAL","N.Y. POLICE DEPT","yes","INSIDE","10"
"AMERICAN INDIAN/ALASKAN NATIVE","F","PUBLIC SCHOOL","N.Y. POLICE DEPT","yes","(null)","1"
"WHITE HISPANIC","F","BEAUTY & NAIL SALON","N.Y. POLICE DEPT","yes","FRONT OF","13"
"ASIAN / PACIFIC ISLANDER","F","DRY CLEANER/LAUNDRY","N.Y. POLICE DEPT","yes","FRONT OF","4"
"BLACK","F","DEPARTMENT STORE","N.Y. POLICE DEPT","yes","(null)","2"
"WHITE HISPANIC","F","PARK/PLAYGROUND","N.Y. POLICE DEPT","yes","(null)","327"
"BLACK HISPANIC","F","SOCIAL CLUB/POLICY","N.Y. POLICE DEPT","yes","FRONT OF","3"
"WHITE","F","GYM/FITNESS FACILITY","N.Y. POLICE DEPT","yes","INSIDE","12"
"BLACK","F","RESIDENCE - APT. HOUSE","DEPT OF CORRECTIONS","yes","INSIDE","3"
"BLACK HISPANIC","F","CANDY STORE","N.Y. POLICE DEPT","yes","INSIDE","6"
"BLACK HISPANIC","F","(null)","N.Y. POLICE DEPT","yes","INSIDE","115"
"BLACK","F","BRIDGE","N.Y. POLICE DEPT","yes","FRONT OF","1"
"WHITE HISPANIC","F","ABANDONED BUILDING","N.Y. POLICE DEPT","yes","INSIDE","1"
"WHITE HISPANIC","F","RESIDENCE-HOUSE","NEW YORK CITY SHERIFF OFFICE","yes","FRONT OF","1"
"BLACK HISPANIC","F","RESIDENCE - APT. HOUSE","OTHER","yes","INSIDE","4"
"BLACK","F","STORAGE FACILITY","N.Y. POLICE DEPT","yes","INSIDE","10"
"WHITE","F","COMMERCIAL BUILDING","N.Y. POLICE DEPT","yes","FRONT OF","40"
"WHITE HISPANIC","F","TRAMWAY","N.Y. TRANSIT POLICE","yes","(null)","1"
"BLACK","F","FERRY/FERRY TERMINAL","N.Y. POLICE DEPT","yes","OPPOSITE OF","1"
"WHITE HISPANIC","F","RESTAURANT/DINER","N.Y. POLICE DEPT","yes","REAR OF","4"
"WHITE HISPANIC","F","HIGHWAY/PARKWAY","N.Y. POLICE DEPT","yes","INSIDE","2"
"WHITE HISPANIC","F","CEMETERY","N.Y. POLICE DEPT","yes","INSIDE","1"
"BLACK HISPANIC","F","PUBLIC SCHOOL","N.Y. POLICE DEPT","yes","(null)","3"
"AMERICAN INDIAN/ALASKAN NATIVE","F","TRANSIT FACILITY (OTHER)","N.Y. TRANSIT POLICE","yes","(null)","1"
"BLACK","F","CLOTHING/BOUTIQUE","N.Y. POLICE DEPT","yes","INSIDE","37"
"WHITE","F","CHAIN STORE","N.Y. POLICE DEPT","yes","INSIDE","124"
"WHITE HISPANIC","F","SOCIAL CLUB/POLICY","N.Y. POLICE DEPT","yes","INSIDE","22"
"ASIAN / PACIFIC ISLANDER","F","RESTAURANT/DINER","N.Y. POLICE DEPT","yes","(null)","2"
"WHITE HISPANIC","F","RESIDENCE - APT. HOUSE","N.Y. STATE POLICE","yes","FRONT OF","1"
"ASIAN / PACIFIC ISLANDER","F","PARKING LOT/GARAGE (PRIVATE)","N.Y. POLICE DEPT","yes","INSIDE","4"
"WHITE HISPANIC","F","DEPARTMENT STORE","N.Y. POLICE DEPT","yes","REAR OF","2"
"BLACK","F","PARK/PLAYGROUND","U.S. PARK POLICE","yes","FRONT OF","1"
"BLACK","F","FERRY/FERRY TERMINAL","N.Y. POLICE DEPT","yes","(null)","4"
"BLACK","F","PARKING LOT/GARAGE (PRIVATE)","N.Y. POLICE DEPT","yes","OPPOSITE OF","1"
"ASIAN / PACIFIC ISLANDER","F","TRANSIT FACILITY (OTHER)","AMTRACK","yes","INSIDE","1"
"WHITE HISPANIC","F","PARK/PLAYGROUND","N.Y. STATE POLICE","yes","(null)","1"
"WHITE HISPANIC","F","STORAGE FACILITY","N.Y. POLICE DEPT","yes","REAR OF","1"
"WHITE","F","RESIDENCE - APT. HOUSE","PORT AUTHORITY","yes","INSIDE","1"
"BLACK HISPANIC","F","STREET","N.Y. POLICE DEPT","yes","INSIDE","53"
"WHITE HISPANIC","F","COMMERCIAL BUILDING","N.Y. POLICE DEPT","yes","(null)","6"
"WHITE","F","HOTEL/MOTEL","N.Y. POLICE DEPT","yes","(null)","1"
"WHITE HISPANIC","F","(null)","MTA POLICE DEPT","yes","INSIDE","1"
"WHITE HISPANIC","F","CHECK CASHING BUSINESS","N.Y. POLICE DEPT","yes","FRONT OF","1"
"BLACK","F","STORE UNCLASSIFIED","N.Y. POLICE DEPT","yes","(null)","4"
"BLACK","F","HOSPITAL","HEALTH & HOSP CORP","yes","INSIDE","46"
"UNKNOWN","F","TRANSIT FACILITY (OTHER)","N.Y. POLICE DEPT","yes","OPPOSITE OF","1"
"WHITE","F","COMMERCIAL BUILDING","PORT AUTHORITY","yes","FRONT OF","1"
"WHITE","F","AIRPORT TERMINAL","PORT AUTHORITY","yes","INSIDE","1"
"UNKNOWN","F","HOTEL/MOTEL","N.Y. POLICE DEPT","yes","INSIDE","44"
"BLACK HISPANIC","F","DOCTOR/DENTIST OFFICE","N.Y. POLICE DEPT","yes","FRONT OF","2"
"BLACK HISPANIC","F","STREET","N.Y. POLICE DEPT","yes","OPPOSITE OF","82"
"UNKNOWN","F","BUS (OTHER)","N.Y. POLICE DEPT","yes","(null)","3"
"BLACK","F","HOSPITAL","OTHER","yes","INSIDE","19"
"WHITE HISPANIC","F","BEAUTY & NAIL SALON","N.Y. POLICE DEPT","yes","(null)","2"
"BLACK","F","(null)","N.Y. TRANSIT POLICE","yes","(null)","6"
"BLACK HISPANIC","F","HIGHWAY/PARKWAY","N.Y. POLICE DEPT","yes","REAR OF","1"
"WHITE","F","PARKING LOT/GARAGE (PUBLIC)","N.Y. POLICE DEPT","yes","FRONT OF","31"
"BLACK","F","(null)","MTA POLICE DEPT","yes","(null)","3"
"BLACK","F","CANDY STORE","N.Y. POLICE DEPT","yes","FRONT OF","10"
"WHITE","F","JEWELRY","N.Y. POLICE DEPT","yes","FRONT OF","1"
"WHITE","F","HOTEL/MOTEL","N.Y. POLICE DEPT","yes","REAR OF","2"
"BLACK","F","BUS (NYC TRANSIT)","N.Y. POLICE DEPT","yes","INSIDE","3"
"BLACK","F","OTHER","N.Y. POLICE DEPT","yes","REAR OF","24"
"WHITE HISPANIC","F","CHECK CASHING BUSINESS","N.Y. POLICE DEPT","yes","INSIDE","10"
"WHITE","F","BEAUTY & NAIL SALON","N.Y. POLICE DEPT","yes","FRONT OF","10"
"BLACK HISPANIC","F","PARK/PLAYGROUND","NYC PARKS","yes","INSIDE","1"
"UNKNOWN","F","ATM","N.Y. POLICE DEPT","yes","INSIDE","1"
"WHITE HISPANIC","F","PARKING LOT/GARAGE (PUBLIC)","N.Y. POLICE DEPT","yes","(null)","28"
"WHITE","F","RESIDENCE - PUBLIC HOUSING","N.Y. HOUSING POLICE","yes","FRONT OF","88"
"ASIAN / PACIFIC ISLANDER","F","HIGHWAY/PARKWAY","N.Y. POLICE DEPT","yes","(null)","10"
"ASIAN / PACIFIC ISLANDER","F","RESIDENCE - APT. HOUSE","N.Y. POLICE DEPT","yes","REAR OF","15"
"ASIAN / PACIFIC ISLANDER","F","(null)","N.Y. POLICE DEPT","yes","OPPOSITE OF","1"
"ASIAN / PACIFIC ISLANDER","F","RESIDENCE-HOUSE","N.Y. POLICE DEPT","yes","INSIDE","2800"
"WHITE HISPANIC","F","COLLEGE/UNIVERSITY","N.Y. POLICE DEPT","yes","REAR OF","1"
"WHITE","F","PRIVATE/PAROCHIAL SCHOOL","N.Y. POLICE DEPT","yes","INSIDE","6"
"BLACK","F","PARK/PLAYGROUND","N.Y. HOUSING POLICE","yes","REAR OF","1"
"BLACK","F","PRIVATE/PAROCHIAL SCHOOL","N.Y. POLICE DEPT","yes","FRONT OF","11"
"UNKNOWN","F","STREET","N.Y. TRANSIT POLICE","yes","(null)","1"
"ASIAN / PACIFIC ISLANDER","F","TAXI (LIVERY LICENSED)","N.Y. POLICE DEPT","yes","(null)","1"
"WHITE HISPANIC","F","DOCTOR/DENTIST OFFICE","N.Y. POLICE DEPT","yes","REAR OF","1"
"BLACK","F","STREET","N.Y. POLICE DEPT","yes","INSIDE","269"
"BLACK","F","TRANSIT FACILITY (OTHER)","METRO NORTH","yes","FRONT OF","1"
"BLACK","F","ABANDONED BUILDING","N.Y. POLICE DEPT","yes","FRONT OF","3"
"BLACK","F","HOTEL/MOTEL","N.Y. POLICE DEPT","yes","REAR OF","3"
"WHITE HISPANIC","F","CHAIN STORE","METRO NORTH","yes","INSIDE","1"
"ASIAN / PACIFIC ISLANDER","F","TRANSIT FACILITY (OTHER)","N.Y. POLICE DEPT","yes","(null)","1"
"BLACK","F","RESIDENCE - PUBLIC HOUSING","N.Y. HOUSING POLICE","yes","INSIDE","9323"
"WHITE HISPANIC","F","RESIDENCE - PUBLIC HOUSING","N.Y. HOUSING POLICE","yes","(null)","22"
"BLACK","F","STREET","OTHER","yes","REAR OF","1"
"BLACK","F","OTHER","MTA POLICE DEPT","yes","FRONT OF","1"
"WHITE HISPANIC","F","(null)","NYC PARKS","yes","(null)","1"
"BLACK","F","STREET","N.Y. POLICE DEPT","yes","(null)","4868"
"WHITE HISPANIC","F","OTHER","NYC PARKS","yes","(null)","2"
"BLACK","F","TAXI (LIVERY LICENSED)","N.Y. POLICE DEPT","yes","FRONT OF","3"
"BLACK HISPANIC","F","BUS (NYC TRANSIT)","N.Y. POLICE DEPT","yes","(null)","34"
"ASIAN / PACIFIC ISLANDER","F","PARK/PLAYGROUND","N.Y. POLICE DEPT","yes","FRONT OF","7"
"WHITE HISPANIC","F","BANK","N.Y. POLICE DEPT","yes","INSIDE","14"
"WHITE","F","VARIETY STORE","N.Y. POLICE DEPT","yes","INSIDE","2"
"ASIAN / PACIFIC ISLANDER","F","STORAGE FACILITY","N.Y. POLICE DEPT","yes","INSIDE","2"
"WHITE","F","RESTAURANT/DINER","NYC PARKS","yes","FRONT OF","1"
"WHITE HISPANIC","F","RESIDENCE - PUBLIC HOUSING","N.Y. HOUSING POLICE","yes","OPPOSITE OF","34"
"WHITE","F","PUBLIC BUILDING","OTHER","yes","INSIDE","1"
"BLACK","F","PUBLIC BUILDING","OTHER","yes","INSIDE","4"
"BLACK","F","TUNNEL","PORT AUTHORITY","yes","(null)","1"
"BLACK","F","OPEN AREAS (OPEN LOTS)","N.Y. POLICE DEPT","yes","FRONT OF","17"
"UNKNOWN","F","DRUG STORE","N.Y. POLICE DEPT","yes","INSIDE","6"
"WHITE","F","RESIDENCE - APT. HOUSE","N.Y. POLICE DEPT","yes","REAR OF","23"
"UNKNOWN","F","PARKING LOT/GARAGE (PUBLIC)","N.Y. POLICE DEPT","yes","FRONT OF","18"
"UNKNOWN","F","COMMERCIAL BUILDING","PORT AUTHORITY","yes","FRONT OF","1"
"WHITE HISPANIC","F","COMMERCIAL BUILDING","METRO NORTH","yes","INSIDE","1"
"BLACK HISPANIC","F","GROCERY/BODEGA","N.Y. POLICE DEPT","yes","REAR OF","1"
"WHITE HISPANIC","F","CANDY STORE","N.Y. POLICE DEPT","yes","FRONT OF","8"
"UNKNOWN","F","PARK/PLAYGROUND","N.Y. POLICE DEPT","yes","(null)","47"
"BLACK","F","STREET","PORT AUTHORITY","yes","(null)","4"
"WHITE","F","OTHER","N.Y. POLICE DEPT","yes","(null)","63"
"BLACK","F","COMMERCIAL BUILDING","OTHER","yes","INSIDE","1"
"ASIAN / PACIFIC ISLANDER","F","TUNNEL","N.Y. POLICE DEPT","yes","(null)","1"
"AMERICAN INDIAN/ALASKAN NATIVE","F","DRUG STORE","N.Y. POLICE DEPT","yes","INSIDE","1"
"UNKNOWN","F","RESIDENCE - APT. HOUSE","N.Y. POLICE DEPT","yes","REAR OF","4"
"AMERICAN INDIAN/ALASKAN NATIVE","F","MOBILE FOOD","N.Y. POLICE DEPT","yes","OPPOSITE OF","1"
"WHITE","F","CEMETERY","N.Y. POLICE DEPT","yes","INSIDE","1"
"WHITE HISPANIC","F","RESIDENCE - APT. HOUSE","N.Y. POLICE DEPT","yes","(null)","169"
"WHITE HISPANIC","F","BUS (NYC TRANSIT)","N.Y. POLICE DEPT","yes","(null)","135"
"ASIAN / PACIFIC ISLANDER","F","HOMELESS SHELTER","N.Y. POLICE DEPT","yes","FRONT OF","6"
"WHITE","F","CLOTHING/BOUTIQUE","N.Y. POLICE DEPT","yes","OPPOSITE OF","1"
"WHITE HISPANIC","F","(null)","MTA POLICE DEPT","yes","(null)","1"
"UNKNOWN","F","RESIDENCE - PUBLIC HOUSING","N.Y. HOUSING POLICE","yes","REAR OF","20"
"BLACK HISPANIC","F","(null)","N.Y. POLICE DEPT","yes","REAR OF","1"
"BLACK HISPANIC","F","GROCERY/BODEGA","N.Y. POLICE DEPT","yes","OPPOSITE OF","1"
"WHITE HISPANIC","F","RESIDENCE - PUBLIC HOUSING","N.Y. HOUSING POLICE","yes","INSIDE","4055"
"ASIAN / PACIFIC ISLANDER","F","JEWELRY","N.Y. POLICE DEPT","yes","INSIDE","6"
"WHITE","F","RESIDENCE - APT. HOUSE","OTHER","yes","FRONT OF","2"
"UNKNOWN","F","STREET","N.Y. POLICE DEPT","yes","FRONT OF","870"
"UNKNOWN","F","GROCERY/BODEGA","N.Y. POLICE DEPT","yes","INSIDE","55"
"ASIAN / PACIFIC ISLANDER","F","DOCTOR/DENTIST OFFICE","N.Y. POLICE DEPT","yes","INSIDE","13"
"UNKNOWN","F","BAR/NIGHT CLUB","N.Y. POLICE DEPT","yes","(null)","1"
"UNKNOWN","F","CANDY STORE","N.Y. POLICE DEPT","yes","FRONT OF","1"
"WHITE HISPANIC","F","PARKING LOT/GARAGE (PUBLIC)","N.Y. POLICE DEPT","yes","FRONT OF","43"
"WHITE","F","TAXI (LIVERY LICENSED)","N.Y. POLICE DEPT","yes","(null)","1"
"BLACK","F","CONSTRUCTION SITE","N.Y. POLICE DEPT","yes","INSIDE","1"
"ASIAN / PACIFIC ISLANDER","F","OTHER HOUSE OF WORSHIP","N.Y. POLICE DEPT","yes","INSIDE","2"
"WHITE HISPANIC","F","BUS (NYC TRANSIT)","N.Y. POLICE DEPT","yes","INSIDE","3"
"WHITE HISPANIC","F","STORE UNCLASSIFIED","N.Y. POLICE DEPT","yes","FRONT OF","9"
"WHITE HISPANIC","F","CHAIN STORE","N.Y. POLICE DEPT","yes","REAR OF","4"
"WHITE HISPANIC","F","RESIDENCE - APT. HOUSE","DEPT OF CORRECTIONS","yes","INSIDE","1"
"BLACK HISPANIC","F","OTHER","N.Y. POLICE DEPT","yes","FRONT OF","49"
"ASIAN / PACIFIC ISLANDER","F","PARK/PLAYGROUND","NYC PARKS","yes","(null)","1"
"AMERICAN INDIAN/ALASKAN NATIVE","F","HOSPITAL","OTHER","yes","INSIDE","2"
"WHITE HISPANIC","F","PARK/PLAYGROUND","N.Y. POLICE DEPT","yes","OPPOSITE OF","42"
"WHITE HISPANIC","F","AIRPORT TERMINAL","PORT AUTHORITY","yes","(null)","27"
"BLACK HISPANIC","F","RESIDENCE - APT. HOUSE","N.Y. POLICE DEPT","yes","(null)","40"
"BLACK","F","HOSPITAL","N.Y. POLICE DEPT","yes","INSIDE","356"
"BLACK HISPANIC","F","RESIDENCE-HOUSE","N.Y. POLICE DEPT","yes","INSIDE","689"
"UNKNOWN","F","RESIDENCE - APT. HOUSE","N.Y. POLICE DEPT","yes","(null)","43"
"WHITE HISPANIC","F","STORE UNCLASSIFIED","N.Y. POLICE DEPT","yes","OPPOSITE OF","1"
"BLACK HISPANIC","F","CANDY STORE","N.Y. POLICE DEPT","yes","FRONT OF","2"
"BLACK HISPANIC","F","TUNNEL","N.Y. POLICE DEPT","yes","(null)","3"
"BLACK","F","STREET","MTA POLICE DEPT","yes","FRONT OF","1"
"UNKNOWN","F","OPEN AREAS (OPEN LOTS)","N.Y. POLICE DEPT","yes","INSIDE","2"
"BLACK","F","RESIDENCE - APT. HOUSE","HEALTH & HOSP CORP","yes","INSIDE","1"
"BLACK HISPANIC","F","DOCTOR/DENTIST OFFICE","N.Y. POLICE DEPT","yes","INSIDE","17"
"BLACK HISPANIC","F","PARKING LOT/GARAGE (PRIVATE)","N.Y. POLICE DEPT","yes","FRONT OF","2"
"BLACK","F","STREET","N.Y. POLICE DEPT","yes","FRONT OF","6429"
"BLACK","F","SOCIAL CLUB/POLICY","N.Y. POLICE DEPT","yes","INSIDE","35"
"WHITE HISPANIC","F","RESIDENCE - APT. HOUSE","N.Y. POLICE DEPT","yes","OPPOSITE OF","20"
"BLACK","F","PUBLIC SCHOOL","N.Y. POLICE DEPT","yes","(null)","22"
"WHITE","F","PARKING LOT/GARAGE (PUBLIC)","N.Y. POLICE DEPT","yes","OPPOSITE OF","3"
"WHITE","F","DRY CLEANER/LAUNDRY","N.Y. POLICE DEPT","yes","FRONT OF","3"
"WHITE HISPANIC","F","STREET","N.Y. POLICE DEPT","yes","(null)","3767"
"WHITE HISPANIC","F","PARK/PLAYGROUND","N.Y. POLICE DEPT","yes","FRONT OF","76"
"BLACK","F","RESIDENCE - APT. HOUSE","N.Y. POLICE DEPT","yes","OPPOSITE OF","24"
"BLACK","F","DRUG STORE","N.Y. POLICE DEPT","yes","(null)","2"
"WHITE HISPANIC","F","BUS STOP","N.Y. POLICE DEPT","yes","OPPOSITE OF","4"
"UNKNOWN","F","BUS (OTHER)","N.Y. POLICE DEPT","yes","FRONT OF","1"
"WHITE","F","FAST FOOD","N.Y. POLICE DEPT","yes","REAR OF","3"
"BLACK HISPANIC","F","HOMELESS SHELTER","OTHER","yes","INSIDE","1"
"BLACK HISPANIC","F","PUBLIC SCHOOL","N.Y. POLICE DEPT","yes","FRONT OF","22"
"BLACK","F","BEAUTY & NAIL SALON","N.Y. POLICE DEPT","yes","OPPOSITE OF","1"
"UNKNOWN","F","BEAUTY & NAIL SALON","N.Y. POLICE DEPT","yes","FRONT OF","8"
"UNKNOWN","F","PUBLIC SCHOOL","N.Y. POLICE DEPT","yes","FRONT OF","11"
"BLACK","F","DRY CLEANER/LAUNDRY","N.Y. POLICE DEPT","yes","INSIDE","79"
"WHITE","F","AIRPORT TERMINAL","PORT AUTHORITY","yes","(null)","12"
"WHITE","F","TRANSIT FACILITY (OTHER)","MTA POLICE DEPT","yes","FRONT OF","2"
"WHITE HISPANIC","F","GAS STATION","N.Y. POLICE DEPT","yes","INSIDE","13"
"WHITE HISPANIC","F","RESIDENCE - APT. HOUSE","N.Y. POLICE DEPT","yes","FRONT OF","1228"
"UNKNOWN","F","(null)","N.Y. POLICE DEPT","yes","(null)","33"
"BLACK","F","PARK/PLAYGROUND","N.Y. POLICE DEPT","yes","REAR OF","31"
"BLACK","F","HOSPITAL","N.Y. POLICE DEPT","yes","(null)","8"
"ASIAN / PACIFIC ISLANDER","F","SMOKE SHOP","N.Y. POLICE DEPT","yes","INSIDE","1"
"ASIAN / PACIFIC ISLANDER","F","DOCTOR/DENTIST OFFICE","N.Y. POLICE DEPT","yes","FRONT OF","3"
"BLACK","F","PARK/PLAYGROUND","N.Y. STATE PARKS","yes","OPPOSITE OF","1"
"BLACK","F","HOMELESS SHELTER","N.Y. POLICE DEPT","yes","FRONT OF","164"
"WHITE","F","BEAUTY & NAIL SALON","N.Y. POLICE DEPT","yes","INSIDE","18"
"UNKNOWN","F","DRY CLEANER/LAUNDRY","N.Y. POLICE DEPT","yes","(null)","1"
"BLACK","F","HOMELESS SHELTER","N.Y. POLICE DEPT","yes","REAR OF","4"
"ASIAN / PACIFIC ISLANDER","F","GROCERY/BODEGA","N.Y. POLICE DEPT","yes","INSIDE","71"
"BLACK HISPANIC","F","SOCIAL CLUB/POLICY","N.Y. POLICE DEPT","yes","INSIDE","8"
"WHITE HISPANIC","F","RESIDENCE-HOUSE","N.Y. TRANSIT POLICE","yes","(null)","1"
"WHITE HISPANIC","F","PARK/PLAYGROUND","PORT AUTHORITY","yes","INSIDE","1"
"WHITE","F","PUBLIC BUILDING","HEALTH & HOSP CORP","yes","INSIDE","1"
"BLACK","F","BAR/NIGHT CLUB","N.Y. POLICE DEPT","yes","REAR OF","2"
"BLACK HISPANIC","F","PRIVATE/PAROCHIAL SCHOOL","N.Y. POLICE DEPT","yes","FRONT OF","1"
"ASIAN / PACIFIC ISLANDER","F","PRIVATE/PAROCHIAL SCHOOL","N.Y. POLICE DEPT","yes","INSIDE","1"
"WHITE","F","HOMELESS SHELTER","N.Y.C. DEPT OF HOMELESS SERVICES","yes","INSIDE","1"
"WHITE HISPANIC","F","COMMERCIAL BUILDING","PORT AUTHORITY","yes","INSIDE","1"
"BLACK","F","RESIDENCE - PUBLIC HOUSING","N.Y. POLICE DEPT","yes","(null)","2"
"BLACK","F","PARK/PLAYGROUND","N.Y. STATE PARKS","yes","(null)","1"
"WHITE HISPANIC","F","(null)","N.Y. POLICE DEPT","yes","INSIDE","415"
"ASIAN / PACIFIC ISLANDER","F","STREET","N.Y. POLICE DEPT","yes","OPPOSITE OF","54"
"WHITE","F","PUBLIC BUILDING","N.Y. POLICE DEPT","yes","INSIDE","9"
"BLACK HISPANIC","F","BEAUTY & NAIL SALON","N.Y. POLICE DEPT","yes","INSIDE","28"
"WHITE","F","STREET","PORT AUTHORITY","yes","(null)","1"
"WHITE","F","HOMELESS SHELTER","N.Y. POLICE DEPT","yes","FRONT OF","30"
"WHITE","F","TUNNEL","N.Y. POLICE DEPT","yes","FRONT OF","4"
"ASIAN / PACIFIC ISLANDER","F","HOTEL/MOTEL","N.Y. POLICE DEPT","yes","INSIDE","65"
"ASIAN / PACIFIC ISLANDER","F","HOSPITAL","HEALTH & HOSP CORP","yes","INSIDE","11"
"WHITE","F","LIQUOR STORE","N.Y. POLICE DEPT","yes","INSIDE","1"
"AMERICAN INDIAN/ALASKAN NATIVE","F","TRANSIT - NYC SUBWAY","N.Y. TRANSIT POLICE","yes","(null)","7"
"WHITE","F","HOSPITAL","N.Y. POLICE DEPT","yes","INSIDE","139"
"BLACK","F","PUBLIC SCHOOL","N.Y. POLICE DEPT","yes","FRONT OF","107"
"WHITE HISPANIC","F","HOSPITAL","HEALTH & HOSP CORP","yes","INSIDE","9"
"UNKNOWN","F","SMALL MERCHANT","N.Y. POLICE DEPT","yes","INSIDE","3"
"BLACK HISPANIC","F","HOMELESS SHELTER","N.Y. POLICE DEPT","yes","(null)","2"
"UNKNOWN","F","DRY CLEANER/LAUNDRY","N.Y. POLICE DEPT","yes","INSIDE","14"
"WHITE HISPANIC","F","TRANSIT FACILITY (OTHER)","METRO NORTH","yes","INSIDE","4"
"WHITE HISPANIC","F","RESIDENCE - PUBLIC HOUSING","N.Y. HOUSING POLICE","yes","FRONT OF","758"
"ASIAN / PACIFIC ISLANDER","F","SMALL MERCHANT","N.Y. POLICE DEPT","yes","INSIDE","33"
"BLACK","F","PUBLIC BUILDING","N.Y. POLICE DEPT","yes","OPPOSITE OF","2"
"WHITE","F","LIQUOR STORE","N.Y. POLICE DEPT","yes","FRONT OF","1"
"WHITE","F","TRANSIT FACILITY (OTHER)","N.Y. POLICE DEPT","yes","FRONT OF","1"
"WHITE","F","PARK/PLAYGROUND","N.Y. POLICE DEPT","yes","INSIDE","58"
"WHITE HISPANIC","F","BAR/NIGHT CLUB","N.Y. POLICE DEPT","yes","OPPOSITE OF","3"
"BLACK HISPANIC","F","STREET","N.Y. HOUSING POLICE","yes","FRONT OF","2"
"BLACK","F","TRANSIT FACILITY (OTHER)","N.Y. POLICE DEPT","yes","(null)","5"
"BLACK","F","HOTEL/MOTEL","N.Y. POLICE DEPT","yes","INSIDE","350"
"WHITE","F","BANK","N.Y. POLICE DEPT","yes","INSIDE","3"
"BLACK HISPANIC","F","RESIDENCE - PUBLIC HOUSING","N.Y. HOUSING POLICE","yes","INSIDE","1221"
"WHITE HISPANIC","F","GAS STATION","N.Y. POLICE DEPT","yes","FRONT OF","36"
"WHITE HISPANIC","F","(null)","PORT AUTHORITY","yes","(null)","1"
"WHITE HISPANIC","F","PUBLIC SCHOOL","N.Y. POLICE DEPT","yes","(null)","9"
"UNKNOWN","F","CLOTHING/BOUTIQUE","N.Y. POLICE DEPT","yes","INSIDE","13"
"BLACK","F","FACTORY/WAREHOUSE","N.Y. POLICE DEPT","yes","FRONT OF","1"
"WHITE HISPANIC","F","BRIDGE","N.Y. POLICE DEPT","yes","INSIDE","1"
"ASIAN / PACIFIC ISLANDER","F","RESIDENCE - APT. HOUSE","N.Y. POLICE DEPT","yes","OPPOSITE OF","1"
"BLACK","F","RESIDENCE - APT. HOUSE","N.Y. HOUSING POLICE","yes","INSIDE","1"
"BLACK HISPANIC","F","SMALL MERCHANT","N.Y. POLICE DEPT","yes","INSIDE","4"
"WHITE HISPANIC","F","FOOD SUPERMARKET","N.Y. POLICE DEPT","yes","FRONT OF","23"
"UNKNOWN","F","RESTAURANT/DINER","N.Y. POLICE DEPT","yes","FRONT OF","14"
"BLACK","F","GROCERY/BODEGA","N.Y. POLICE DEPT","yes","FRONT OF","172"
"BLACK","F","STORE UNCLASSIFIED","N.Y. POLICE DEPT","yes","OPPOSITE OF","1"
"WHITE","F","BRIDGE","N.Y. POLICE DEPT","yes","(null)","4"
"WHITE","F","HOTEL/MOTEL","N.Y. POLICE DEPT","yes","INSIDE","217"
"WHITE HISPANIC","F","(null)","N.Y. POLICE DEPT","yes","(null)","88"
"WHITE","F","STREET","PORT AUTHORITY","yes","OPPOSITE OF","1"
"WHITE","F","PARKING LOT/GARAGE (PRIVATE)","N.Y. POLICE DEPT","yes","INSIDE","7"
"ASIAN / PACIFIC ISLANDER","F","PUBLIC BUILDING","N.Y. POLICE DEPT","yes","(null)","3"
"WHITE","F","FAST FOOD","N.Y. POLICE DEPT","yes","INSIDE","69"
"WHITE HISPANIC","F","HOMELESS SHELTER","OTHER","yes","INSIDE","5"
"ASIAN / PACIFIC ISLANDER","F","VARIETY STORE","PORT AUTHORITY","yes","INSIDE","1"
"WHITE HISPANIC","F","BRIDGE","MTA POLICE DEPT","yes","(null)","1"
"WHITE HISPANIC","F","HIGHWAY/PARKWAY","TRI-BORO BRDG TUNNL","yes","FRONT OF","1"
"BLACK HISPANIC","F","BAR/NIGHT CLUB","N.Y. POLICE DEPT","yes","(null)","2"
"BLACK","F","OTHER","N.Y. HOUSING POLICE","yes","FRONT OF","1"
"BLACK HISPANIC","F","OPEN AREAS (OPEN LOTS)","N.Y. POLICE DEPT","yes","OPPOSITE OF","1"
"WHITE HISPANIC","F","STREET","PORT AUTHORITY","yes","FRONT OF","1"
"BLACK","F","STORAGE FACILITY","N.Y. POLICE DEPT","yes","FRONT OF","2"
"WHITE HISPANIC","F","STREET","N.Y. TRANSIT POLICE","yes","(null)","1"
"UNKNOWN","F","PARKING LOT/GARAGE (PRIVATE)","N.Y. POLICE DEPT","yes","INSIDE","4"
"ASIAN / PACIFIC ISLANDER","F","BRIDGE","N.Y. POLICE DEPT","yes","(null)","1"
"BLACK","F","CHURCH","N.Y. POLICE DEPT","yes","(null)","4"
"BLACK","F","BEAUTY & NAIL SALON","N.Y. POLICE DEPT","yes","INSIDE","166"
"WHITE HISPANIC","F","(null)","N.Y. POLICE DEPT","yes","FRONT OF","152"
"BLACK","F","RESIDENCE-HOUSE","HEALTH & HOSP CORP","yes","INSIDE","1"
"WHITE HISPANIC","F","CHAIN STORE","N.Y. POLICE DEPT","yes","INSIDE","265"
"UNKNOWN","F","BRIDGE","N.Y. POLICE DEPT","yes","(null)","1"
"BLACK HISPANIC","F","RESTAURANT/DINER","N.Y. POLICE DEPT","yes","(null)","2"
"BLACK","F","FAST FOOD","N.Y. POLICE DEPT","yes","OPPOSITE OF","1"
"WHITE","F","BUS TERMINAL","PORT AUTHORITY","yes","FRONT OF","3"
"ASIAN / PACIFIC ISLANDER","F","CEMETERY","N.Y. POLICE DEPT","yes","INSIDE","1"
"WHITE HISPANIC","F","HOMELESS SHELTER","OTHER","yes","FRONT OF","1"
"BLACK","F","RESIDENCE-HOUSE","DEPT OF CORRECTIONS","yes","INSIDE","1"
"BLACK","F","GROCERY/BODEGA","N.Y. POLICE DEPT","yes","(null)","31"
"BLACK","F","FAST FOOD","N.Y. POLICE DEPT","yes","FRONT OF","103"
"ASIAN / PACIFIC ISLANDER","F","COLLEGE/UNIVERSITY","N.Y. POLICE DEPT","yes","INSIDE","8"
"UNKNOWN","F","TRANSIT FACILITY (OTHER)","PORT AUTHORITY","yes","INSIDE","9"
"BLACK","F","HOSPITAL","N.Y. POLICE DEPT","yes","FRONT OF","30"
"ASIAN / PACIFIC ISLANDER","F","COLLEGE/UNIVERSITY","N.Y. POLICE DEPT","yes","FRONT OF","4"
"WHITE HISPANIC","F","STREET","TRI-BORO BRDG TUNNL","yes","(null)","1"
"BLACK HISPANIC","F","CHAIN STORE","N.Y. POLICE DEPT","yes","FRONT OF","8"
"WHITE","F","BANK","N.Y. POLICE DEPT","yes","FRONT OF","8"
"BLACK","F","(null)","DEPT OF CORRECTIONS","yes","FRONT OF","1"
"UNKNOWN","F","TRANSIT FACILITY (OTHER)","MTA POLICE DEPT","yes","FRONT OF","2"
"BLACK","F","FAST FOOD","N.Y. POLICE DEPT","yes","(null)","14"
"ASIAN / PACIFIC ISLANDER","F","FAST FOOD","N.Y. POLICE DEPT","yes","INSIDE","72"
"WHITE HISPANIC","F","TRANSIT FACILITY (OTHER)","N.Y. POLICE DEPT","yes","INSIDE","2"
"WHITE HISPANIC","F","TUNNEL","N.Y. POLICE DEPT","yes","FRONT OF","9"
"WHITE HISPANIC","F","TRANSIT FACILITY (OTHER)","STATN IS RAPID TRANS","yes","FRONT OF","1"
"WHITE","F","GROCERY/BODEGA","N.Y. POLICE DEPT","yes","FRONT OF","36"
"ASIAN / PACIFIC ISLANDER","F","RESIDENCE-HOUSE","N.Y. POLICE DEPT","yes","REAR OF","70"
"ASIAN / PACIFIC ISLANDER","F","TRANSIT FACILITY (OTHER)","N.Y. TRANSIT POLICE","yes","(null)","1"
"BLACK","F","COMMERCIAL BUILDING","N.Y. POLICE DEPT","yes","(null)","11"
"BLACK","F","SMALL MERCHANT","N.Y. POLICE DEPT","yes","INSIDE","34"
"AMERICAN INDIAN/ALASKAN NATIVE","F","BEAUTY & NAIL SALON","N.Y. POLICE DEPT","yes","FRONT OF","2"
"BLACK","F","PUBLIC SCHOOL","N.Y. POLICE DEPT","yes","INSIDE","485"
"AMERICAN INDIAN/ALASKAN NATIVE","F","DOCTOR/DENTIST OFFICE","N.Y. POLICE DEPT","yes","INSIDE","2"
"WHITE","F","GAS STATION","N.Y. POLICE DEPT","yes","INSIDE","3"
"ASIAN / PACIFIC ISLANDER","F","PARKING LOT/GARAGE (PUBLIC)","N.Y. POLICE DEPT","yes","REAR OF","1"
"ASIAN / PACIFIC ISLANDER","F","RESIDENCE-HOUSE","N.Y. POLICE DEPT","yes","(null)","23"
"ASIAN / PACIFIC ISLANDER","F","BUS STOP","N.Y. POLICE DEPT","yes","(null)","5"
"AMERICAN INDIAN/ALASKAN NATIVE","F","CLOTHING/BOUTIQUE","N.Y. POLICE DEPT","yes","INSIDE","1"
"WHITE HISPANIC","F","STORAGE FACILITY","N.Y. POLICE DEPT","yes","INSIDE","7"
"BLACK","F","TRANSIT FACILITY (OTHER)","STATN IS RAPID TRANS","yes","INSIDE","1"
"BLACK HISPANIC","F","LIQUOR STORE","N.Y. POLICE DEPT","yes","FRONT OF","2"
"BLACK HISPANIC","F","RESIDENCE-HOUSE","N.Y. POLICE DEPT","yes","(null)","6"
"BLACK","F","BUS (NYC TRANSIT)","METRO NORTH","yes","(null)","1"
"WHITE","F","CLOTHING/BOUTIQUE","N.Y. POLICE DEPT","yes","FRONT OF","4"
"WHITE HISPANIC","F","STREET","N.Y. STATE POLICE","yes","FRONT OF","1"
"WHITE HISPANIC","F","MOBILE FOOD","N.Y. POLICE DEPT","yes","OPPOSITE OF","1"
"BLACK","F","FOOD SUPERMARKET","N.Y. POLICE DEPT","yes","OPPOSITE OF","2"
"BLACK","F","HOMELESS SHELTER","N.Y. POLICE DEPT","yes","OPPOSITE OF","3"
"WHITE HISPANIC","F","CHURCH","N.Y. POLICE DEPT","yes","(null)","1"
"BLACK","F","PUBLIC SCHOOL","N.Y. POLICE DEPT","yes","OPPOSITE OF","6"
"WHITE","F","BAR/NIGHT CLUB","N.Y. POLICE DEPT","yes","INSIDE","242"
"BLACK","F","SOCIAL CLUB/POLICY","N.Y. POLICE DEPT","yes","FRONT OF","15"
"AMERICAN INDIAN/ALASKAN NATIVE","F","GROCERY/BODEGA","N.Y. POLICE DEPT","yes","INSIDE","6"
"BLACK","F","PRIVATE/PAROCHIAL SCHOOL","N.Y. POLICE DEPT","yes","REAR OF","1"
"BLACK","F","TRANSIT FACILITY (OTHER)","METRO NORTH","yes","INSIDE","3"
"UNKNOWN","F","PUBLIC BUILDING","N.Y. POLICE DEPT","yes","INSIDE","14"
"BLACK","F","PARK/PLAYGROUND","NYC PARKS","yes","INSIDE","2"
"BLACK HISPANIC","F","(null)","OTHER","yes","FRONT OF","1"
"BLACK","F","PUBLIC BUILDING","N.Y. POLICE DEPT","yes","REAR OF","1"
"BLACK HISPANIC","F","COLLEGE/UNIVERSITY","N.Y. POLICE DEPT","yes","INSIDE","6"
"WHITE","F","BAR/NIGHT CLUB","N.Y. POLICE DEPT","yes","(null)","5"
"BLACK","F","CHURCH","N.Y. POLICE DEPT","yes","INSIDE","23"
"BLACK","F","PARK/PLAYGROUND","U.S. PARK POLICE","yes","INSIDE","1"
"BLACK HISPANIC","F","DRY CLEANER/LAUNDRY","N.Y. POLICE DEPT","yes","FRONT OF","5"
"ASIAN / PACIFIC ISLANDER","F","RESIDENCE-HOUSE","N.Y. POLICE DEPT","yes","FRONT OF","307"
"WHITE HISPANIC","F","BUS (NYC TRANSIT)","N.Y. POLICE DEPT","yes","REAR OF","1"
"BLACK","F","TRANSIT FACILITY (OTHER)","N.Y. TRANSIT POLICE","yes","(null)","4"
"BLACK HISPANIC","F","PARK/PLAYGROUND","NYC PARKS","yes","(null)","5"
"UNKNOWN","F","GROCERY/BODEGA","N.Y. POLICE DEPT","yes","FRONT OF","25"
"UNKNOWN","F","RESIDENCE - APT. HOUSE","PORT AUTHORITY","yes","FRONT OF","1"
"UNKNOWN","F","PUBLIC SCHOOL","N.Y. POLICE DEPT","yes","(null)","1"
"WHITE HISPANIC","F","LIQUOR STORE","N.Y. POLICE DEPT","yes","INSIDE","9"
"WHITE HISPANIC","F","OTHER","N.Y.C. DEPT OF HOMELESS SERVICES","yes","INSIDE","1"
"ASIAN / PACIFIC ISLANDER","F","DAYCARE FACILITY","N.Y. POLICE DEPT","yes","FRONT OF","2"
"WHITE","F","RESTAURANT/DINER","MTA POLICE DEPT","yes","INSIDE","1"
"ASIAN / PACIFIC ISLANDER","F","GROCERY/BODEGA","N.Y. POLICE DEPT","yes","FRONT OF","12"
"AMERICAN INDIAN/ALASKAN NATIVE","F","COLLEGE/UNIVERSITY","N.Y. POLICE DEPT","yes","FRONT OF","1"
"WHITE HISPANIC","F","CONSTRUCTION SITE","N.Y. POLICE DEPT","yes","(null)","1"
"BLACK HISPANIC","F","BUS STOP","N.Y. POLICE DEPT","yes","(null)","7"
"BLACK HISPANIC","F","(null)","DEPT OF CORRECTIONS","yes","INSIDE","1"
"ASIAN / PACIFIC ISLANDER","F","STREET","DISTRICT ATTORNEY OFFICE","yes","INSIDE","1"
"WHITE HISPANIC","F","HOMELESS SHELTER","N.Y. POLICE DEPT","yes","FRONT OF","73"
"WHITE HISPANIC","F","HOSPITAL","OTHER","yes","(null)","1"
"WHITE","F","PHOTO/COPY","N.Y. POLICE DEPT","yes","(null)","1"
"WHITE HISPANIC","F","COMMERCIAL BUILDING","N.Y. POLICE DEPT","yes","FRONT OF","56"
"WHITE","F","DOCTOR/DENTIST OFFICE","N.Y. POLICE DEPT","yes","FRONT OF","2"
"WHITE","F","PUBLIC SCHOOL","N.Y. POLICE DEPT","yes","INSIDE","97"
"ASIAN / PACIFIC ISLANDER","F","PARK/PLAYGROUND","N.Y. POLICE DEPT","yes","INSIDE","16"
"WHITE HISPANIC","F","BEAUTY & NAIL SALON","N.Y. POLICE DEPT","yes","INSIDE","106"
"BLACK HISPANIC","F","TRANSIT FACILITY (OTHER)","MTA POLICE DEPT","yes","OPPOSITE OF","1"
"BLACK","F","MARINA/PIER","N.Y. POLICE DEPT","yes","FRONT OF","4"
"ASIAN / PACIFIC ISLANDER","F","(null)","N.Y. TRANSIT POLICE","yes","(null)","3"
"ASIAN / PACIFIC ISLANDER","F","PUBLIC SCHOOL","N.Y. POLICE DEPT","yes","FRONT OF","8"
"ASIAN / PACIFIC ISLANDER","F","BUS STOP","N.Y. POLICE DEPT","yes","FRONT OF","3"
"WHITE HISPANIC","F","STREET","N.Y. STATE POLICE","yes","(null)","1"
"WHITE HISPANIC","F","RESIDENCE - APT. HOUSE","PORT AUTHORITY","yes","INSIDE","1"
"BLACK HISPANIC","F","BUS (NYC TRANSIT)","N.Y. POLICE DEPT","yes","FRONT OF","8"
"WHITE HISPANIC","F","STREET","N.Y. POLICE DEPT","yes","REAR OF","61"
"WHITE","F","RESIDENCE - PUBLIC HOUSING","N.Y. POLICE DEPT","yes","(null)","1"
"ASIAN / PACIFIC ISLANDER","F","TAXI (YELLOW LICENSED)","N.Y. POLICE DEPT","yes","(null)","1"
"UNKNOWN","F","PUBLIC BUILDING","OTHER","yes","INSIDE","2"
"ASIAN / PACIFIC ISLANDER","F","RESTAURANT/DINER","N.Y. POLICE DEPT","yes","FRONT OF","23"
"AMERICAN INDIAN/ALASKAN NATIVE","F","RESIDENCE - APT. HOUSE","N.Y. POLICE DEPT","yes","(null)","1"
"WHITE HISPANIC","F","RESIDENCE - APT. HOUSE","N.Y. TRANSIT POLICE","yes","(null)","1"
"WHITE HISPANIC","F","(null)","DEPT OF CORRECTIONS","yes","INSIDE","2"
"BLACK","F","BUS STOP","N.Y.C. DEPT OF HOMELESS SERVICES","yes","OPPOSITE OF","1"
"BLACK HISPANIC","F","OPEN AREAS (OPEN LOTS)","N.Y. POLICE DEPT","yes","FRONT OF","1"
"UNKNOWN","F","CHECK CASHING BUSINESS","N.Y. POLICE DEPT","yes","INSIDE","2"
"WHITE","F","RESIDENCE - APT. HOUSE","N.Y. POLICE DEPT","yes","OPPOSITE OF","5"
"UNKNOWN","F","HOTEL/MOTEL","N.Y. POLICE DEPT","yes","(null)","2"
"UNKNOWN","F","AIRPORT TERMINAL","PORT AUTHORITY","yes","(null)","18"
"WHITE HISPANIC","F","BUS STOP","N.Y. POLICE DEPT","yes","FRONT OF","20"
"WHITE","F","RESIDENCE-HOUSE","N.Y. POLICE DEPT","yes","INSIDE","2273"
"WHITE HISPANIC","F","HOMELESS SHELTER","N.Y. POLICE DEPT","yes","REAR OF","3"
"WHITE HISPANIC","F","TRANSIT FACILITY (OTHER)","PORT AUTHORITY","yes","INSIDE","2"
"WHITE","F","(null)","MTA POLICE DEPT","yes","INSIDE","1"
"BLACK","F","BUS (NYC TRANSIT)","N.Y. POLICE DEPT","yes","FRONT OF","54"
"BLACK HISPANIC","F","(null)","HEALTH & HOSP CORP","yes","INSIDE","1"
"BLACK HISPANIC","F","CHECK CASHING BUSINESS","N.Y. POLICE DEPT","yes","INSIDE","5"
"WHITE HISPANIC","F","FAST FOOD","N.Y. POLICE DEPT","yes","REAR OF","2"
"AMERICAN INDIAN/ALASKAN NATIVE","F","OTHER","METRO NORTH","yes","INSIDE","1"
"UNKNOWN","F","LIQUOR STORE","N.Y. POLICE DEPT","yes","FRONT OF","2"
"WHITE HISPANIC","F","TRANSIT FACILITY (OTHER)","METRO NORTH","yes","(null)","1"
"UNKNOWN","F","DRY CLEANER/LAUNDRY","N.Y. POLICE DEPT","yes","FRONT OF","1"
"BLACK HISPANIC","F","RESIDENCE - PUBLIC HOUSING","N.Y. POLICE DEPT","yes","FRONT OF","2"
"WHITE","F","PARKING LOT/GARAGE (PUBLIC)","N.Y. POLICE DEPT","yes","INSIDE","5"
