"rpt_dist","call_type_text","n"
"1969","BATTERY INVEST","1"
"1983","DOM VIOL SUSP NOW","1"
"0407","DOM VIOL SUSP","1"
"1309","BATTERY","1"
"0392","FIGHT","6"
"0985","242 DOM VIOL","5"
"1044","242 POSS DOM VIOL","1"
"0373","GROUP FIGHT","3"
"1171","POSS DOM VIOL","1"
"0391","415 FIGHT","1"
"1385","DOM VIOL","23"
"1003","AMB DOM VIOL","1"
"1664","FIGHT","1"
"1142","242 DOM VIOL SUSP","1"
"1964","415 FIGHT","2"
"2088","DOM VIOL SUSP","1"
"1605","POSS DOM VIOL","1"
"1063","DOM VIOL","18"
"0157","620 DOM VIOL","1"
"0392","620 DOM VIOL R/O","2"
"1209","DOM VIOL R/O","1"
"0212","BATTERY","1"
"1097","242 DOM VIOL SUSP","1"
"0111","AMB CUTTING","4"
"1273","242 AMB DOM VIOL","1"
"1781","DOM VIOL SUSP NOW","1"
"2074","DOM VIOL R/O","2"
"0192","242 BATTERY INVEST","18"
"0449","DOM VIOL","20"
"1303","242 DOM VIOL","4"
"0932","DOM VIOL","25"
"1102","620 DOM VIOL","3"
"0358","AMB CUTTING","1"
"1383","415 GROUP FIGHT","2"
"2001","242 BATTERY DOMESTIC","2"
"0165","BATTERY DOMESTIC VIO","1"
"2031","FIGHT","7"
"1931","245 CUTTING INV","2"
"0881","DOM VIOL","11"
"0842","DOM VIOL R/O","5"
"1346","242 DOM VIOL SUSP","1"
"0377","620 DOM VIOL","8"
"1586","245 DOM VIOL","1"
"0459","415 FIGHT","3"
"0112","242 DOM VIOL","1"
"0631","DOM VIOL R/O","1"
"0805","620 DOM VIOL","3"
"0231","918 VIOLENT MALE","2"
"1242","CUTTING INV","1"
"0676","BATTERY INVEST","2"
"0395","BATTERY DOMESTIC VIO","2"
"2027","242 DOM VIOL","6"
"0237","242 POSS DOM VIOL","3"
"0257","242 DOM VIOL INVESTI","4"
"1293","DOM VIOL","6"
"0519","620 DOM VIOL","5"
"1341","242 DOM VIOL J/O","1"
"0557","POSS DOM VIOL","5"
"0629","AMB CUTTING","1"
"1804","DOM VIOL SUSP NOW","5"
"0615","242 POSS DOM VIOL","1"
"1346","242 POSS DOM VIOL","2"
"0721","AMB DOM VIOL","1"
"0257","415 FIGHT","4"
"1128","DOM VIOL R/O","1"
"1673","FIGHT","1"
"2027","DOM VIOL INVESTIGATI","1"
"0499","BATTERY INVEST","2"
"1102","AMB DOM VIOL","1"
"1021","FIGHT","7"
"2105","GROUP FIGHT","2"
"0747","DOM VIOL","12"
"1791","FIGHT","2"
"1412","245 AMB CUTTING","2"
"2146","GROUP FIGHT","3"
"1253","242 DOM VIOL","4"
"1215","GROUP FIGHT","9"
"0625","415 FIGHT","2"
"1269","245 AMB CUTTING","2"
"0558","DOM VIOL INVESTIGATI","1"
"0782","245 CUTTING INV","5"
"0656","918 VIOLENT MALE","2"
"0522","AMB CUTTING","1"
"1428","DOM VIOL R/O","8"
"1351","620 DOM VIOL R/O","8"
"1839","918 VIOLENT MALE","1"
"1184","415 FIGHT","1"
"0789","620 DOM VIOL R/O","1"
"1252","620 DOM VIOL R/O","1"
"0828","DOM VIOL J/O","1"
"0392","918 VIOLENT FEM","1"
"0463","245 AMB CUTTING","1"
"1751","DOM VIOL IN PROGRESS","1"
"1364","DOM VIOL R/O","3"
"1606","242 DOM VIOL","1"
"0212","415 GROUP FIGHT","1"
"1638","415 FIGHT","1"
"0911","POSS DOM VIOL","1"
"1353","FIGHT","1"
"0933","VIOLENT MALE","1"
"2017","620 DOM VIOL","4"
"0909","242 DOM VIOL SUSP","3"
"0467","415 GROUP FIGHT","3"
"1259","242 AMB DOM VIOL","1"
"1415","AMB CUTTING","1"
"2011","242 DOM VIOL","1"
"0312","VIOLENT FEM","1"
"0238","918 VIOLENT MALE","2"
"2033","DOM VIOL J/O","1"
"0266","242 BATTERY DOMESTIC","1"
"1268","918 VIOLENT MALE","2"
"1699","AMB CUTTING","1"
"1415","VIOLENT MALE","1"
"1342","415 GROUP FIGHT","2"
"2056","245 AMB CUTTING","2"
"1125","620 DOM VIOL","1"
"2074","AMB DOM VIOL SUSP","1"
"1307","DOM VIOL J/O","1"
"1737","BATTERY INVEST","1"
"0153","DOM VIOL R/O","4"
"0764","BATTERY INVEST","2"
"0558","415 FIGHT","1"
"1406","242 DOM VIOL SUSP","1"
"0121","415 FIGHT","2"
"1685","245 DOM VIOL SUSP","1"
"1353","620 DOM VIOL R/O","4"
"0497","242 DOM VIOL","7"
"0477","620 DOM VIOL R/O","1"
"1021","620 DOM VIOL R/O","1"
"2136","ADW POSS DOM VIOL","1"
"1602","242 DOM VIOL","7"
"1633","242 AMB DOM VIOL","1"
"1321","FIGHT","9"
"0281","DOM VIOL R/O","6"
"1532","AMB CUTTING","2"
"1023","620 DOM VIOL R/O","4"
"1239","242 DOM VIOL SUSP","1"
"0289","620 DOM VIOL","1"
"2026","DOM VIOL SUSP","2"
"1414","918 VIOLENT MALE","1"
"1987","620 DOM VIOL","2"
"0248","620 DOM VIOL R/O","3"
"2126","415 GROUP FIGHT","1"
"1617","620 DOM VIOL","4"
"1089","620 DOM VIOL","1"
"0269","POSS DOM VIOL","3"
"1907","242 DOM VIOL J/O","1"
"1135","DOM VIOL","9"
"0722","FIGHT","7"
"1367","DOM VIOL SUSP","4"
"1464","242 BATTERY INVEST","1"
"2091","620 DOM VIOL R/O","1"
"1255","DOM VIOL","27"
"1844","AMB CUTTING","4"
"1802","242 DOM VIOL","16"
"1617","VIOLENT FEM","1"
"1414","FIGHT","8"
"0775","620 DOM VIOL","8"
"0166","245 AMB CUTTING","4"
"1249","BATTERY INVEST","1"
"0135","AMB CUTTING","4"
"0374","918 VIOLENT JUV","1"
"0946","VIOLENT MALE","2"
"1931","DOM VIOL SUSP","1"
"0325","AMB CUTTING","3"
"1514","GROUP FIGHT","1"
"0265","245 AMB CUTTING","1"
"0317","DOM VIOL","15"
"1025","DOM VIOL IN PROGRESS","2"
"1373","620 DOM VIOL","4"
"1902","DOM VIOL R/O","10"
"2136","DOM VIOL SUSP NOW","1"
"0504","242 POSS DOM VIOL","1"
"1325","DOM VIOL R/O","3"
"0151","AMB CUTTING","4"
"1414","POSS DOM VIOL","2"
"0455","242 BATTERY","1"
"0395","242 DOM VIOL","13"
"1371","DOM VIOL R/O","2"
"1529","242 DOM VIOL","3"
"1479","DOM VIOL R/O","1"
"0834","BATTERY INVEST","2"
"1921","DOM VIOL","31"
"1044","242 BATTERY INVEST","4"
"1259","FIGHT","11"
"0627","242 DOM VIOL","2"
"1633","242 BATTERY DOMESTIC","1"
"0645","918 VIOLENT MALE","2"
"0468","245 DOM VIOL SUSP","1"
"2111","DOM VIOL","5"
"1657","POSS DOM VIOL","3"
"0649","BATTERY INVEST","2"
"1687","FIGHT","10"
"1985","242 DOM VIOL","10"
"1151","DOM VIOL J/O","1"
"1139","DOM VIOL R/O","1"
"0141","AMB CUTTING","3"
"0506","242 DOM VIOL INVESTI","1"
"0291","POSS DOM VIOL","3"
"1642","245 AMB CUTTING","1"
"1433","242 DOM VIOL","2"
"1241","245 DOM VIOL","5"
"1181","BATTERY INVEST","2"
"0801","242 DOM VIOL","2"
"1832","DOM VIOL SUSP J/L","2"
"0316","245 DOM VIOL SUSP J/","1"
"0269","242 DOM VIOL INVESTI","1"
"1924","918 VIOLENT MALE","1"
"2049","AMB FIGHT","1"
"1363","POSS DOM VIOL","1"
"1205","245 AMB CUTTING","1"
"1488","242 BATTERY INVEST","2"
"0356","DOM VIOL R/O","3"
"1805","242 DOM VIOL","6"
"1777","GROUP FIGHT","1"
"0715","FIGHT","3"
"2138","245 DOM VIOL","1"
"0415","BATTERY","1"
"0408","242 DOM VIOL SUSP","3"
"0564","GROUP FIGHT","2"
"0321","242 DOM VIOL SUSP","1"
"1367","918 VIOLENT FEM","1"
"0157","DOM VIOL INVESTIGATI","1"
"1363","415 FIGHT","1"
"1925","DOM VIOL SUSP","2"
"1821","AMB DOM VIOL","3"
"1861","620 DOM VIOL R/O","9"
"1849","242 POSS DOM VIOL","1"
"0334","245 DOM VIOL","2"
"0459","POSS DOM VIOL","2"
"0465","GROUP FIGHT","2"
"0557","AMB DOM VIOL","1"
"0374","242 POSS DOM VIOL","1"
"1663","DOM VIOL IN PROGRESS","1"
"2146","620 DOM VIOL","6"
"1363","245 DOM VIOL","1"
"1839","DOM VIOL SUSP J/L","1"
"2076","245 DOM VIOL","1"
"2155","DOM VIOL SUSP","2"
"1993","620 DOM VIOL","1"
"0663","415 FIGHT","5"
"2027","ADW","1"
"1849","DOM VIOL SUSP","3"
"1266","DOM VIOL","96"
"0429","245 DOM VIOL","1"
"0836","BATTERY INVEST","1"
"1801","GROUP FIGHT","2"
"0453","DOM VIOL INVEST","1"
"1183","242 BATTERY INVEST","1"
"2041","415 AMB FIGHT","1"
"0378","242 BATTERY INVEST","1"
"1407","FIGHT","16"
"0328","BATTERY","1"
"1266","FIGHT","11"
"0161","AMB DOM VIOL","2"
"0775","242 DOM VIOL","7"
"1117","620 DOM VIOL R/O","1"
"0336","415 FIGHT","1"
"2002","AMB DOM VIOL","1"
"0755","245 DOM VIOL","1"
"0448","620 DOM VIOL R/O","3"
"0705","620 DOM VIOL","2"
"1821","POSS DOM VIOL","1"
"0649","242 POSS DOM VIOL","1"
"2029","242 DOM VIOL","8"
"1954","AMB CUTTING","1"
"1063","BATTERY DOMESTIC VIO","2"
"2113","BATTERY DOMESTIC VIO","1"
"0201","BATTERY INVEST","4"
"1781","245 AMB DOM VIOL","1"
"1235","242 AMB DOM VIOL","2"
"1273","415 FIGHT","3"
"2015","245 DOM VIOL IN PROG","1"
"0238","BATTERY INVEST","1"
"1612","DOM VIOL SUSP J/L","1"
"0969","620 DOM VIOL","1"
"0935","DOM VIOL","51"
"0531","DOM VIOL SUSP","1"
"0192","245 ADW POSS DOM VIO","1"
"0901","242 POSS DOM VIOL","1"
"1952","VIOLENT FEM","1"
"0407","FIGHT","4"
"1913","DOM VIOL R/O","1"
"0857","242 BATTERY DOMESTIC","1"
"1394","POSS DOM VIOL","2"
"1253","245 DOM VIOL SUSP NO","1"
"0515","DOM VIOL","24"
"0375","DOM VIOL R/O","11"
"1842","DOM VIOL SUSP J/L","1"
"0647","242 AMB DOM VIOL","1"
"0914","AMB DOM VIOL","1"
"1132","GROUP FIGHT","1"
"0581","415 GROUP FIGHT","1"
"0185","DOM VIOL R/O VIOLATI","1"
"0784","VIOLENT MALE","1"
"1309","242 DOM VIOL","5"
"0204","VIOLENT MALE","2"
"1915","415 FIGHT","1"
"2055","242 DOM VIOL","5"
"1003","245 DOM VIOL","2"
"0656","FIGHT","8"
"2185","620 DOM VIOL","5"
"1757","DOM VIOL IN PROGRESS","1"
"1256","VIOLENT FEM","2"
"0376","242 BATTERY INVEST","2"
"2001","FIGHT","1"
"0904","DOM VIOL SUSP J/L","1"
"0269","242 BATTERY INVEST","1"
"0241","DOM VIOL","24"
"0157","BATTERY","1"
"1822","245 DOM VIOL","6"
"1204","DOM VIOL","30"
"0422","POSS DOM VIOL","4"
"1354","POSS DOM VIOL","2"
"1362","DOM VIOL SUSP NOW","2"
"2017","FIGHT","4"
"1362","620 DOM VIOL","13"
"1018","415 FIGHT","2"
"0567","242 DOM VIOL SUSP","1"
"1377","242 POSS DOM VIOL","1"
"0411","AMB CUTTING","2"
"0315","DOM VIOL","15"
"0391","415 GROUP FIGHT","1"
"2076","DOM VIOL R/O","3"
"0161","BATTERY INVEST","4"
"1984","CUTTING INV","2"
"1268","242 DOM VIOL SUSP","3"
"0275","415 FIGHT","1"
"0265","242 DOM VIOL","9"
"0835","242 BATTERY DOMESTIC","1"
"0331","620 DOM VIOL R/O","1"
"2143","245 DOM VIOL SUSP J/","1"
"0734","BATTERY INVEST","3"
"1253","AMB CUTTING","1"
"1511","242 DOM VIOL","2"
"1972","242 BATTERY DOMESTIC","2"
"1004","245 AMB CUTTING","2"
"1483","BATTERY INVEST","5"
"0357","DOM VIOL","32"
"0923","245 DOM VIOL SUSP J/","1"
"1663","DOM VIOL INVEST","1"
"0858","918 VIOLENT MALE","1"
"1921","BATTERY INVEST","1"
"0418","620 DOM VIOL","2"
"1621","DOM VIOL J/O","1"
"1129","DOM VIOL","24"
"1241","DOM VIOL SUSP","14"
"0466","620 DOM VIOL R/O","5"
"2044","DOM VIOL SUSP NOW","3"
"0656","DOM VIOL SUSP","2"
"0764","242 BATTERY INVEST","3"
"1539","242 BATTERY INVEST","1"
"2036","DOM VIOL R/O","4"
"1621","DOM VIOL SUSP","4"
"1324","DOM VIOL","10"
"0849","VIOLENT FEM","1"
"1785","245 AMB DOM VIOL","1"
"1638","VIOLENT FEM","1"
,"AMB DOM VIOL","1"
"0898","415 FIGHT","3"
"1029","DOM VIOL","21"
"0859","GROUP FIGHT","1"
"0464","AMB CUTTING","2"
"1971","DOM VIOL","27"
"1067","242 DOM VIOL SUSP","1"
"1985","DOM VIOL IN PROGRESS","1"
"1373","918 VIOLENT MALE","1"
"2081","245 DOM VIOL SUSP","1"
"1977","VIOLENT MALE","1"
"0895","CUTTING INV","1"
"0408","FIGHT","1"
"1513","DOM VIOL","19"
"2005","DOM VIOL SUSP NOW","1"
"1346","245 DOM VIOL","1"
"0774","VIOLENT MALE","1"
"1006","DOM VIOL SUSP NOW","1"
"1459","DOM VIOL","5"
"0153","AMB CUTTING","14"
"2136","245 AMB DOM VIOL","2"
"0805","DOM VIOL","9"
"1781","415 GROUP FIGHT","3"
"1802","242 BATTERY INVEST","2"
"1912","GROUP FIGHT","1"
"0513","DOM VIOL R/O","9"
"0625","242 POSS DOM VIOL","1"
"1001","245 DOM VIOL SUSP NO","1"
"1395","DOM VIOL R/O VIOLATI","2"
"1034","DOM VIOL SUSP","1"
"0701","FIGHT","8"
"1963","DOM VIOL J/O","2"
"1657","620 DOM VIOL","5"
"1653","620 DOM VIOL R/O","2"
"2147","620 DOM VIOL","1"
"0638","POSS DOM VIOL","2"
"1025","FIGHT","6"
"0969","GROUP FIGHT","2"
"0449","GROUP FIGHT","1"
"1352","BATTERY DOMESTIC VIO","2"
"1863","BATTERY INVEST","3"
"0315","AMB DOM VIOL","1"
"0706","BATTERY DOMESTIC VIO","1"
"0422","DOM VIOL R/O","3"
"1243","245 ADW POSS DOM VIO","1"
"1745","242 DOM VIOL","4"
"1491","MAJ GRP FIGHT","2"
"1684","245 DOM VIOL","4"
"0585","POSS DOM VIOL","2"
"1385","BATTERY INVEST","2"
"1906","DOM VIOL SUSP","2"
"0289","DOM VIOL","17"
"1363","AMB DOM VIOL","1"
"1215","ADW POSS DOM VIOL","2"
"1195","242 BATTERY INVEST","2"
"0396","DOM VIOL SUSP","2"
"0643","245 ADW POSS DOM VIO","1"
"0233","245 DOM VIOL","3"
"0764","DOM VIOL R/O","2"
"0782","BATTERY INVEST","22"
"0883","242 BATTERY","1"
"1967","620 DOM VIOL","5"
"0221","620 DOM VIOL R/O","1"
"0663","DOM VIOL J/O","1"
"0507","DOM VIOL","24"
"1462","DOM VIOL","1"
"0361","VIOLENT MALE","1"
"2133","BATTERY","1"
"0851","242 DOM VIOL","1"
"0933","DOM VIOL IN PROGRESS","1"
"1838","242 AMB DOM VIOL","1"
"1687","DOM VIOL INVESTIGATI","2"
"1006","BATTERY INVEST","3"
"1127","415 FIGHT","1"
"1954","415 FIGHT","1"
"2056","CUTTING INV","1"
"1393","242 BATTERY INVEST","3"
"1611","245 DOM VIOL IN PROG","1"
"2079","620 DOM VIOL","4"
"1549","AMB DOM VIOL","1"
"1717","DOM VIOL","3"
"0155","DOM VIOL SUSP","1"
"2027","DOM VIOL R/O","3"
"2146","242 BATTERY DOMESTIC","1"
"0558","VIOLENT MALE","1"
"1467","DOM VIOL","12"
"0909","POSS DOM VIOL","1"
"0923","620 DOM VIOL R/O","4"
"0853","DOM VIOL INVESTIGATI","1"
"1802","DOM VIOL SUSP NOW","3"
"0526","242 BATTERY INVEST","1"
"1663","415 GROUP FIGHT","1"
"1489","AMB FIGHT","1"
"0901","242 DOM VIOL INVESTI","1"
"0911","245 DOM VIOL R/O","1"
"2129","DOM VIOL","14"
"1005","FIGHT","1"
"0737","620 DOM VIOL","6"
"1903","242 DOM VIOL INVESTI","1"
"0329","DOM VIOL SUSP","2"
"0632","415 GROUP FIGHT","1"
"0964","DOM VIOL","27"
"1109","245 DOM VIOL R/O","1"
"1021","DOM VIOL","18"
"0363","242 BATTERY DOMESTIC","2"
"1033","620 DOM VIOL","4"
"1822","DOM VIOL INVEST","2"
"0522","242 DOM VIOL SUSP","1"
"2038","POSS DOM VIOL","1"
"1371","242 BATTERY DOMESTIC","2"
"2197","FIGHT","1"
"1781","620 DOM VIOL R/O","12"
"0759","242 DOM VIOL SUSP","3"
"1925","242 DOM VIOL","1"
"1517","DOM VIOL SUSP","3"
"2138","242 DOM VIOL SUSP","1"
"0218","415 FIGHT","4"
"1208","AMB DOM VIOL","2"
"0237","AMB DOM VIOL","5"
"0941","VIOLENT MALE","1"
"0152","CUTTING INV","1"
"1959","AMB DOM VIOL","1"
"1331","620 DOM VIOL","12"
"0557","AMB CUTTING","1"
"0192","620 DOM VIOL","4"
"1041","DOM VIOL SUSP","2"
"1987","620 DOM VIOL R/O","1"
"0501","242 DOM VIOL","3"
"1835","DOM VIOL INVESTIGATI","1"
"0148","415 FIGHT","1"
"1116","620 DOM VIOL","2"
"0566","242 DOM VIOL SUSP","1"
"1824","AMB DOM VIOL","2"
"1612","620 DOM VIOL R/O","5"
"0782","242 BATTERY INVEST","8"
"0727","415 FIGHT","3"
"1969","FIGHT","4"
"1452","FIGHT","3"
"1864","245 AMB CUTTING","1"
"2069","620 DOM VIOL R/O","4"
"1352","GROUP FIGHT","2"
"1324","AMB CUTTING","1"
"0971","415 FIGHT","2"
"0513","GROUP FIGHT","1"
"0804","242 DOM VIOL","1"
"1008","VIOLENT JUV","2"
"1248","AMB CUTTING","3"
"0155","BATTERY","1"
"1017","918 VIOLENT MALE","1"
"0354","DOM VIOL INVEST","1"
"0857","DOM VIOL R/O","5"
"0521","DOM VIOL R/O","9"
"1211","VIOLENT JUV","2"
"0269","DOM VIOL IN PROGRESS","1"
"0361","AMB DOM VIOL","2"
"2144","DOM VIOL SUSP","1"
"0138","918 VIOLENT MALE","1"
"0204","BATTERY INVEST","2"
"1589","415 FIGHT","1"
"0162","245 DOM VIOL","1"
"0473","DOM VIOL R/O","3"
"0305","FIGHT","1"
"1323","DOM VIOL J/O","1"
"0734","242 DOM VIOL","5"
"1557","918 VIOLENT FEM","1"
"0914","918 VIOLENT MALE","2"
"0858","DOM VIOL","5"
"0467","BATTERY INVEST","1"
"0701","POSS DOM VIOL","1"
"1821","DOM VIOL R/O","13"
"0305","DOM VIOL R/O","5"
"2019","242 POSS DOM VIOL","2"
"0528","620 DOM VIOL R/O","2"
"2177","242 BATTERY INVEST","9"
"1831","620 DOM VIOL R/O","1"
"1025","620 DOM VIOL R/O","4"
"0639","GROUP FIGHT","1"
"0233","DOM VIOL INVESTIGATI","1"
"1283","245 DOM VIOL","2"
"1235","620 DOM VIOL","9"
"1849","DOM VIOL R/O","9"
"1011","VIOLENT JUV","2"
"0437","VIOLENT MALE","1"
"0111","DOM VIOL","43"
"0648","620 DOM VIOL","10"
"0528","BATTERY DOMESTIC VIO","2"
"1622","BATTERY INVEST","1"
"1821","AMB CUTTING","2"
"0153","DOM VIOL J/O","1"
"1077","242 DOM VIOL","2"
"1043","DOM VIOL INVESTIGATI","1"
"0166","DOM VIOL R/O","5"
"1474","DOM VIOL SUSP","2"
"1532","242 DOM VIOL","4"
"0643","DOM VIOL J/O","1"
"1208","242 DOM VIOL","7"
"0926","415 GROUP FIGHT","1"
"0406","242 DOM VIOL","4"
"1718","BATTERY INVEST","2"
"0858","620 DOM VIOL","2"
"2185","GROUP FIGHT","1"
"1134","POSS DOM VIOL","1"
"0904","918 VIOLENT MALE","1"
"1802","DOM VIOL","74"
"0271","415 GROUP FIGHT","1"
"1124","DOM VIOL R/O","26"
"1935","VIOLENT FEM","1"
"0645","DOM VIOL INVESTIGATI","2"
"1035","FIGHT","1"
"1618","620 DOM VIOL","1"
"1141","245 ADW POSS DOM VIO","1"
"0313","VIOLENT MALE","1"
"0427","DOM VIOL","20"
"0523","DOM VIOL R/O","2"
"0124","242 DOM VIOL R/O VIO","1"
"1407","DOM VIOL SUSP","1"
"1797","DOM VIOL","4"
"0783","620 DOM VIOL","3"
"0914","DOM VIOL SUSP J/L","1"
"2016","BATTERY DOMESTIC VIO","2"
"1257","AMB CUTTING","2"
"0238","DOM VIOL IN PROGRESS","1"
"1218","620 DOM VIOL R/O","1"
"0397","BATTERY DOMESTIC VIO","2"
"0722","AMB DOM VIOL","1"
"0233","415 FIGHT","4"
"0355","AMB CUTTING","1"
"1134","242 DOM VIOL","1"
"0456","VIOLENT FEM","2"
"1599","BATTERY INVEST","1"
"1255","AMB CUTTING","2"
"0462","242 DOM VIOL","1"
"1654","DOM VIOL J/O","1"
"0408","415 FIGHT","1"
"0521","GROUP FIGHT","1"
"1027","242 DOM VIOL","4"
"1981","BATTERY DOMESTIC VIO","3"
"1021","BATTERY INVEST","9"
"0163","FIGHT","8"
"1144","DOM VIOL","3"
"1822","DOM VIOL IN PROGRESS","1"
"0507","BATTERY INVEST","1"
"1891","620 DOM VIOL","3"
"1021","415 FIGHT","1"
"1801","620 DOM VIOL R/O","6"
"1958","242 BATTERY","1"
"1761","620 DOM VIOL R/O","3"
"0904","DOM VIOL IN PROGRESS","1"
"1762","DOM VIOL R/O","2"
"1599","FIGHT","2"
"1684","DOM VIOL","28"
"1984","VIOLENT MALE","4"
"2113","DOM VIOL SUSP","2"
"1622","ADW POSS DOM VIOL","1"
"0162","AMB DOM VIOL","2"
"0326","242 BATTERY DOMESTIC","1"
"2033","DOM VIOL INVESTIGATI","1"
"2035","DOM VIOL SUSP","1"
"1902","415 FIGHT","2"
"0375","245 DOM VIOL","6"
"1764","242 BATTERY INVEST","1"
"1211","AMB DOM VIOL","6"
"1827","245 DOM VIOL","3"
"1001","245 DOM VIOL","1"
"1602","DOM VIOL R/O","4"
"1313","415 GROUP FIGHT","1"
"2125","242 AMB DOM VIOL","1"
"1109","DOM VIOL SUSP","1"
"1043","242 BATTERY DOMESTIC","2"
"1917","242 BATTERY INVEST","3"
"0507","POSS DOM VIOL","1"
"0407","242 BATTERY INVEST","2"
"0528","DOM VIOL","16"
"1122","FIGHT","1"
"0337","245 DOM VIOL INVEST","1"
"1181","620 DOM VIOL","3"
"0711","415 FIGHT","5"
"0558","242 AMB DOM VIOL","1"
"0279","620 DOM VIOL R/O","1"
"1983","DOM VIOL INVESTIGATI","1"
"2081","AMB CUTTING","1"
"1526","GROUP FIGHT","1"
"0639","242 DOM VIOL","3"
"0135","DOM VIOL","13"
"0426","DOM VIOL SUSP","1"
"1412","415 FIGHT","5"
"1139","DOM VIOL","6"
"0396","242 AMB DOM VIOL","1"
"1012","FIGHT","1"
"0265","GROUP FIGHT","3"
"0195","DOM VIOL SUSP J/L","1"
"1079","245 ADW POSS DOM VIO","1"
"1563","245 DOM VIOL INVEST","1"
"0153","FIGHT","10"
"1827","242 AMB DOM VIOL","2"
"1846","AMB DOM VIOL","1"
"1665","620 DOM VIOL","3"
"1267","DOM VIOL SUSP NOW","2"
"1258","918 VIOLENT MALE","1"
"1383","DOM VIOL R/O VIOLATI","1"
"1826","DOM VIOL SUSP","5"
"0721","415 GROUP FIGHT","1"
"2021","DOM VIOL J/O","1"
"2022","415 FIGHT","6"
"0892","DOM VIOL","1"
"0163","415 FIGHT","5"
"0645","242 AMB DOM VIOL","2"
"0144","AMB DOM VIOL","1"
"1827","245 AMB CUTTING","1"
"1162","245 ADW POSS DOM VIO","1"
"2074","415 FIGHT","1"
"1004","242 DOM VIOL","10"
"0251","AMB DOM VIOL SUSP","1"
"1684","VIOLENT FEM","1"
"0357","AMB CUTTING","1"
"1162","245 DOM VIOL SUSP NO","1"
"1511","242 BATTERY INVEST","2"
"1596","FIGHT","1"
"0946","DOM VIOL","20"
"0884","242 BATTERY INVEST","1"
"0241","242 DOM VIOL","7"
"0759","DOM VIOL","34"
"1207","AMB CUTTING","1"
"0176","620 DOM VIOL R/O","3"
"2177","DOM VIOL R/O","5"
"1999","918 VIOLENT MALE","2"
"2053","242 DOM VIOL","1"
"2101","620 DOM VIOL R/O","1"
"0499","620 DOM VIOL R/O","3"
"0312","620 DOM VIOL R/O","8"
"0584","BATTERY","1"
"1177","245 ADW POSS DOM VIO","2"
"1367","242 BATTERY INVEST","1"
"0937","918 VIOLENT MALE","1"
"0285","245 DOM VIOL SUSP NO","1"
"1612","242 POSS DOM VIOL","1"
"1025","VIOLENT MALE","1"
"0363","245 AMB DOM VIOL","1"
"1834","AMB DOM VIOL","1"
"0645","242 DOM VIOL J/O","1"
"2071","DOM VIOL SUSP","2"
"0438","VIOLENT JUV","1"
"0857","VIOLENT FEM","2"
"0448","DOM VIOL INVESTIGATI","1"
"0236","918 VIOLENT FEM","1"
"0131","242 POSS DOM VIOL","1"
"1655","DOM VIOL","3"
"1341","242 DOM VIOL","2"
"1753","DOM VIOL","3"
"1255","DOM VIOL SUSP","2"
"0979","BATTERY DOMESTIC VIO","1"
"1569","DOM VIOL R/O","5"
"1251","AMB CUTTING","2"
"1821","DOM VIOL R/O VIOLATI","1"
"2026","DOM VIOL SUSP J/L","1"
"2139","242 DOM VIOL","3"
"1756","FIGHT","3"
"0522","DOM VIOL SUSP J/L","1"
"0166","DOM VIOL","45"
"0138","620 DOM VIOL","3"
"1463","620 DOM VIOL","3"
"1591","918 VIOLENT MALE","1"
"1313","DOM VIOL SUSP","2"
"1767","245 POSS DOM VIOL I/","1"
"1385","DOM VIOL J/O","1"
"1529","620 DOM VIOL R/O","3"
"1563","620 DOM VIOL","1"
"0376","620 DOM VIOL R/O","3"
"0375","VIOLENT FEM","1"
"0989","415 FIGHT","1"
"1463","620 DOM VIOL R/O","1"
"0257","245 DOM VIOL","2"
"1836","DOM VIOL INVESTIGATI","2"
"0181","BATTERY INVEST","2"
"0622","242 AMB DOM VIOL","1"
"1687","DOM VIOL SUSP NOW","1"
"1065","POSS DOM VIOL","1"
"1747","620 DOM VIOL","2"
"0669","918 VIOLENT MALE","4"
"0363","AMB CUTTING","2"
"0101","DOM VIOL","27"
"1581","245 DOM VIOL SUSP J/","1"
"1842","245 AMB DOM VIOL","2"
"0408","BATTERY INVEST","1"
"1445","DOM VIOL SUSP NOW","1"
"0636","FIGHT","27"
"0647","620 DOM VIOL R/O","2"
"1612","415 FIGHT","2"
"1747","VIOLENT MALE","1"
"1435","BATTERY DOMESTIC VIO","1"
"0809","FIGHT","1"
"0261","FIGHT","8"
"0775","DOM VIOL SUSP","3"
"1519","DOM VIOL R/O","5"
"0151","245 AMB CUTTING","1"
"1455","DOM VIOL SUSP","1"
"0231","242 BATTERY INVEST","1"
"0646","AMB FIGHT","1"
"2076","DOM VIOL SUSP","1"
"0742","620 DOM VIOL","1"
"0204","DOM VIOL R/O","2"
"1465","DOM VIOL","9"
"0362","242 POSS DOM VIOL","2"
"1152","DOM VIOL IN PROGRESS","1"
"1915","415 GROUP FIGHT","1"
"0758","VIOLENT JUV","1"
"1233","620 DOM VIOL R/O","3"
"1612","AMB CUTTING","1"
"1773","FIGHT","2"
"2054","FIGHT","1"
"0464","DOM VIOL","28"
"0363","245 ADW POSS DOM VIO","2"
"0148","AMB DOM VIOL SUSP","1"
"0377","242 AMB DOM VIOL","1"
"0774","242 AMB DOM VIOL","1"
"0941","BATTERY DOMESTIC VIO","1"
"1791","242 BATTERY DOMESTIC","3"
"2034","245 AMB CUTTING","1"
"2158","245 DOM VIOL","1"
"1983","242 DOM VIOL SUSP","1"
"0775","VIOLENT JUV","1"
"1864","FIGHT","4"
"2033","415 GROUP FIGHT","4"
"1543","DOM VIOL SUSP","4"
"0363","242 DOM VIOL","16"
"1915","620 DOM VIOL R/O","7"
"0775","242 BATTERY INVEST","1"
"2126","245 DOM VIOL R/O","1"
"0933","AMB CUTTING","2"
"1001","242 DOM VIOL","4"
"0895","620 DOM VIOL R/O","1"
"0822","DOM VIOL","5"
"0449","242 DOM VIOL J/O","1"
"0269","242 DOM VIOL SUSP","1"
"1658","918 VIOLENT FEM","1"
"1802","620 DOM VIOL","19"
"0373","DOM VIOL J/O","1"
"0678","BATTERY DOMESTIC VIO","1"
"1007","242 BATTERY DOMESTIC","1"
"1539","VIOLENT MALE","3"
"0336","DOM VIOL R/O","3"
"0679","POSS DOM VIOL I/P","1"
"1469","415 GROUP FIGHT","1"
"0354","242 DOM VIOL J/O","1"
"0905","620 DOM VIOL R/O","6"
"2083","FIGHT","1"
"0911","DOM VIOL SUSP NOW","1"
"1486","AMB CUTTING","1"
"1945","DOM VIOL J/O","1"
"1723","415 FIGHT","2"
"1585","VIOLENT FEM","1"
"2058","DOM VIOL R/O","4"
"0851","242 BATTERY INVEST","1"
"0946","242 DOM VIOL","2"
"1912","620 DOM VIOL","4"
"1549","AMB CUTTING","1"
"0817","242 DOM VIOL","2"
"0931","918 VIOLENT MALE","1"
"1465","242 DOM VIOL","2"
"0359","DOM VIOL","6"
"1293","242 DOM VIOL","2"
"1163","918 VIOLENT MALE","1"
"1785","415 GROUP FIGHT","1"
"1821","415 FIGHT","6"
"1015","245 ADW POSS DOM VIO","1"
"0914","242 BATTERY INVEST","14"
"0583","DOM VIOL","2"
"1963","DOM VIOL R/O","2"
"2177","VIOLENT MALE","5"
"1612","242 DOM VIOL","3"
"1063","620 DOM VIOL","1"
"0147","DOM VIOL R/O","2"
"1353","DOM VIOL SUSP NOW","1"
"0835","242 DOM VIOL","1"
"1341","245 CUTTING INV","1"
"1837","DOM VIOL SUSP","4"
"1599","415 FIGHT","1"
"1795","242 POSS DOM VIOL","1"
"1691","DOM VIOL SUSP","1"
"0566","242 DOM VIOL","5"
"0505","DOM VIOL R/O","1"
"0292","DOM VIOL","4"
"1005","DOM VIOL SUSP NOW","1"
"0465","DOM VIOL","5"
"0411","DOM VIOL J/O","1"
"1653","DOM VIOL SUSP","2"
"1822","620 DOM VIOL","18"
"0363","245 DOM VIOL SUSP NO","1"
"1034","918 VIOLENT FEM","1"
"1934","620 DOM VIOL R/O","1"
"1034","242 BATTERY DOMESTIC","1"
"0456","FIGHT","1"
"0363","415 FIGHT","4"
"1004","ADW POSS DOM VIOL","1"
"2029","245 DOM VIOL IN PROG","1"
"0526","242 DOM VIOL","5"
"0361","ADW POSS DOM VIOL","3"
"1322","620 DOM VIOL R/O","1"
"0454","245 DOM VIOL","1"
"0518","DOM VIOL","17"
"1235","BATTERY INVEST","1"
"1027","415 FIGHT","3"
"1523","AMB DOM VIOL","1"
"0147","BATTERY INVEST","1"
"0989","620 DOM VIOL R/O","1"
"1521","DOM VIOL INVESTIGATI","1"
"0353","415 FIGHT","1"
"1623","FIGHT","3"
"1025","DOM VIOL R/O","6"
"1124","415 FIGHT","1"
"0439","620 DOM VIOL","9"
"1613","415 FIGHT","2"
"0678","DOM VIOL R/O","2"
"2177","DOM VIOL SUSP","2"
"1148","415 FIGHT","2"
"0426","242 BATTERY DOMESTIC","1"
"2022","AMB CUTTING","4"
"1109","BATTERY INVEST","1"
"0943","245 DOM VIOL SUSP J/","1"
"2139","620 DOM VIOL","8"
"0702","415 FIGHT","4"
"0251","DOM VIOL R/O","2"
"0201","DOM VIOL","53"
"0379","VIOLENT FEM","2"
"0325","FIGHT","1"
"1119","DOM VIOL SUSP","1"
"0817","FIGHT","8"
"1842","DOM VIOL R/O","21"
"0705","DOM VIOL","5"
"1618","DOM VIOL SUSP","1"
"2149","POSS DOM VIOL","1"
"2083","620 DOM VIOL","2"
"0438","918 VIOLENT FEM","1"
"0734","ADW POSS DOM VIOL","1"
"0981","POSS DOM VIOL","4"
"0752","415 FIGHT","2"
"1147","AMB CUTTING","1"
"1009","DOM VIOL","2"
"1691","620 DOM VIOL","3"
"1849","620 DOM VIOL R/O","2"
"1333","GROUP FIGHT","5"
"1935","DOM VIOL R/O","10"
"0706","GROUP FIGHT","1"
"1958","DOM VIOL R/O","2"
"2147","DOM VIOL R/O","5"
"0648","242 BATTERY DOMESTIC","1"
"1268","DOM VIOL IN PROGRESS","1"
"1801","245 ADW POSS DOM VIO","1"
"0448","VIOLENT MALE","1"
"1969","242 POSS DOM VIOL","1"
"1563","DOM VIOL INVEST","1"
"1525","918 VIOLENT MALE","1"
"0256","245 ADW","1"
"1581","620 DOM VIOL","4"
"1871","242 DOM VIOL","4"
"2125","242 BATTERY INVEST","3"
"1102","415 FIGHT","1"
"1063","DOM VIOL R/O","7"
"1415","DOM VIOL SUSP","1"
"0379","918 VIOLENT FEM","1"
"0646","242 BATTERY DOMESTIC","1"
"1801","620 DOM VIOL","15"
"0753","620 DOM VIOL","3"
"0541","415 FIGHT","3"
"1213","242 DOM VIOL J/O","2"
"1681","FIGHT","4"
"1663","AMB DOM VIOL","1"
"1255","AMB DOM VIOL","2"
"1682","DOM VIOL SUSP","1"
"2146","DOM VIOL SUSP","4"
"0361","245 AMB CUTTING","2"
"1585","242 DOM VIOL","5"
"0504","FIGHT","5"
"0171","245 AMB CUTTING","2"
"1097","VIOLENT JUV","1"
"1994","620 DOM VIOL","5"
"1906","DOM VIOL","12"
"1365","VIOLENT FEM","1"
"1824","VIOLENT FEM","1"
"1836","242 BATTERY DOMESTIC","1"
"0742","POSS DOM VIOL","1"
"1253","AMB DOM VIOL","2"
"0127","620 DOM VIOL","2"
"0393","245 DOM VIOL","4"
"1921","918 VIOLENT FEM","1"
"1529","245 DOM VIOL SUSP NO","1"
"1707","ADW POSS DOM VIOL","1"
"0332","620 DOM VIOL","3"
"2187","DOM VIOL SUSP","2"
"1563","DOM VIOL INVESTIGATI","1"
"0964","BATTERY DOMESTIC VIO","2"
"1248","620 DOM VIOL","12"
"1517","DOM VIOL R/O","1"
"2185","BATTERY INVEST","1"
"1827","DOM VIOL IN PROGRESS","1"
"1497","DOM VIOL R/O VIOLATI","1"
"1344","245 ADW POSS DOM VIO","1"
"1406","415 FIGHT","5"
"1367","242 DOM VIOL","7"
"1543","620 DOM VIOL R/O","3"
"0353","242 BATTERY DOMESTIC","1"
"1841","242 POSS DOM VIOL","1"
"1641","242 BATTERY DOMESTIC","1"
"2115","BATTERY DOMESTIC VIO","1"
"0437","620 DOM VIOL R/O","1"
"1141","FIGHT","5"
"1617","DOM VIOL","18"
"2114","POSS DOM VIOL","1"
"0985","245 DOM VIOL","1"
"0335","DOM VIOL R/O","4"
"0361","DOM VIOL SUSP","2"
"1041","BATTERY DOMESTIC VIO","1"
"1994","242 BATTERY INVEST","4"
"1346","DOM VIOL SUSP","1"
"1728","AMB DOM VIOL","1"
"1906","415 FIGHT","2"
,"245 DOM VIOL","1"
"1045","VIOLENT FEM","2"
"0404","DOM VIOL","10"
"1543","918 VIOLENT FEM","1"
"2017","DOM VIOL","18"
"0892","DOM VIOL R/O","1"
"1752","415 FIGHT","2"
"0557","DOM VIOL SUSP","5"
"1322","AMB DOM VIOL","2"
"0923","POSS DOM VIOL","1"
"0448","242 DOM VIOL","5"
"0334","AMB CUTTING","3"
"1141","POSS DOM VIOL","1"
"0138","242 BATTERY INVEST","2"
"0909","415 FIGHT","1"
"1352","VIOLENT FEM","1"
"1749","VIOLENT FEM","4"
"1211","620 DOM VIOL","17"
"1962","DOM VIOL","23"
"0235","DOM VIOL SUSP NOW","1"
"0248","DOM VIOL SUSP","3"
"1535","242 DOM VIOL","4"
"1117","242 POSS DOM VIOL","1"
"1371","415 GROUP FIGHT","2"
"0163","DOM VIOL R/O","1"
"1838","DOM VIOL SUSP NOW","1"
"0467","DOM VIOL","20"
"1333","620 DOM VIOL","11"
"0551","620 DOM VIOL","3"
"0363","CUTTING INV","1"
"1516","242 DOM VIOL","1"
"1003","DOM VIOL R/O","7"
"0897","242 BATTERY INVEST","1"
"0901","BATTERY INVEST","4"
"1233","415 FIGHT","3"
"0241","245 DOM VIOL","2"
"1258","242 DOM VIOL SUSP","5"
"1851","242 POSS DOM VIOL","1"
"1521","AMB CUTTING","1"
"0417","620 DOM VIOL R/O","1"
"1256","ADW POSS DOM VIOL","1"
"1863","FIGHT","8"
"0541","DOM VIOL J/O","1"
"1047","POSS DOM VIOL","1"
"0891","242 BATTERY INVEST","1"
"1484","FIGHT","1"
"0362","242 DOM VIOL","11"
"1367","245 DOM VIOL","4"
"2136","AMB CUTTING","1"
"0809","DOM VIOL R/O","3"
"0742","415 FIGHT","1"
"0563","DOM VIOL INVEST","1"
"1414","245 ADW","1"
"2019","DOM VIOL IN PROGRESS","1"
"1322","DOM VIOL","16"
"2042","245 DOM VIOL SUSP","1"
"0929","BATTERY DOMESTIC VIO","1"
"0555","242 DOM VIOL","5"
"1496","242 DOM VIOL SUSP","1"
"1862","VIOLENT FEM","1"
"2004","AMB DOM VIOL","1"
"1443","242 DOM VIOL SUSP","1"
"2157","242 DOM VIOL INVESTI","2"
"0755","242 BATTERY INVEST","1"
"1728","620 DOM VIOL","1"
"0375","BATTERY DOMESTIC VIO","2"
"1023","DOM VIOL INVESTIGATI","1"
"0469","DOM VIOL","8"
"1268","245 CUTTING INV","2"
"0557","245 DOM VIOL","1"
"1028","DOM VIOL SUSP","2"
"0363","918 VIOLENT MALE","2"
"2038","DOM VIOL INVESTIGATI","1"
"1269","FIGHT","8"
"1849","242 DOM VIOL","10"
"1456","242 POSS DOM VIOL","1"
"0644","POSS DOM VIOL","3"
"1003","242 POSS DOM VIOL","2"
,"242 BATTERY INVEST","31"
"1864","BATTERY INVEST","1"
"0158","415 GROUP FIGHT","2"
"0247","POSS DOM VIOL","1"
"1642","620 DOM VIOL","2"
"1532","242 POSS DOM VIOL","1"
"0398","DOM VIOL SUSP","1"
"2139","POSS DOM VIOL","1"
"0963","GROUP FIGHT","1"
"0668","245 AMB CUTTING","2"
"2016","242 BATTERY INVEST","2"
"2054","DOM VIOL SUSP NOW","2"
"1596","242 DOM VIOL","1"
"0905","BATTERY DOMESTIC VIO","1"
"1373","VIOLENT FEM","1"
"0392","VIOLENT JUV","1"
"0509","DOM VIOL SUSP","3"
"0769","BATTERY INVEST","1"
"1248","GROUP FIGHT","1"
"1505","415 GROUP FIGHT","1"
"1969","242 DOM VIOL SUSP","3"
"0139","245 DOM VIOL SUSP J/","1"
"1966","VIOLENT MALE","2"
"1006","GROUP FIGHT","2"
"1663","FIGHT","4"
"0939","VIOLENT FEM","1"
"2033","VIOLENT JUV","1"
"1345","DOM VIOL INVEST","1"
"1323","DOM VIOL SUSP","4"
"1844","DOM VIOL SUSP","3"
"1088","DOM VIOL","2"
"2147","FIGHT","4"
"0134","AMB CUTTING","1"
"1215","918 VIOLENT MALE","4"
"0463","GROUP FIGHT","1"
"0249","DOM VIOL SUSP NOW","1"
"0566","245 AMB CUTTING","1"
"0932","918 VIOLENT MALE","1"
"1347","AMB DOM VIOL","1"
"1752","POSS DOM VIOL","1"
"0735","AMB CUTTING","2"
"0399","DOM VIOL SUSP","4"
"1133","DOM VIOL","12"
"1918","245 DOM VIOL SUSP J/","2"
"1612","DOM VIOL INVESTIGATI","1"
"1089","FIGHT","1"
"0429","VIOLENT MALE","2"
"0701","242 AMB DOM VIOL","2"
"0585","DOM VIOL SUSP","3"
"1257","DOM VIOL INVESTIGATI","1"
"1804","AMB DOM VIOL","4"
"1871","620 DOM VIOL","6"
"1701","FIGHT","2"
"1118","620 DOM VIOL R/O","1"
"0307","620 DOM VIOL","2"
"0466","242 DOM VIOL","8"
"1283","245 ADW POSS DOM VIO","1"
"1762","AMB CUTTING","1"
"0511","245 DOM VIOL SUSP NO","1"
"1844","242 POSS DOM VIOL","2"
"0647","DOM VIOL SUSP","4"
"1173","242 DOM VIOL","1"
"0164","DOM VIOL","40"
"0265","245 DOM VIOL SUSP NO","1"
"2118","620 DOM VIOL","4"
"2029","BATTERY","1"
"1444","415 FIGHT","1"
"2149","DOM VIOL","12"
"1777","BATTERY DOMESTIC VIO","1"
"1008","242 BATTERY DOMESTIC","1"
"0763","242 DOM VIOL","1"
"1637","918 VIOLENT MALE","1"
"1473","DOM VIOL R/O","8"
"1548","415 FIGHT","8"
"0146","620 DOM VIOL","1"
"1525","FIGHT","4"
"0363","620 DOM VIOL","16"
"1583","245 AMB DOM VIOL","1"
"0473","DOM VIOL SUSP NOW","2"
"1749","ADW POSS DOM VIOL","1"
"0459","242 BATTERY DOMESTIC","1"
"2158","DOM VIOL R/O","4"
"1484","GROUP FIGHT","1"
"0851","VIOLENT FEM","1"
"1821","245 DOM VIOL SUSP J/","1"
"0715","DOM VIOL","1"
"1269","242 DOM VIOL SUSP","2"
"1065","BATTERY INVEST","1"
"1143","FIGHT","2"
"0118","FIGHT","3"
"0785","242 DOM VIOL SUSP","1"
"0203","DOM VIOL SUSP","1"
"1203","VIOLENT FEM","2"
"0459","DOM VIOL SUSP","2"
"1252","AMB DOM VIOL","1"
"1391","DOM VIOL R/O","3"
"0271","415 FIGHT","1"
"2011","415 FIGHT","4"
"0261","242 DOM VIOL SUSP","1"
"1842","VIOLENT MALE","3"
"0142","GROUP FIGHT","1"
"0399","415 FIGHT","1"
"0766","415 FIGHT","1"
"1863","DOM VIOL INVEST","1"
"0212","DOM VIOL INVEST","1"
"1117","DOM VIOL R/O","1"
"1555","VIOLENT MALE","2"
"1565","FIGHT","2"
"1548","245 AMB DOM VIOL","1"
"2104","242 AMB DOM VIOL","1"
"2019","245 DOM VIOL","1"
"1441","245 DOM VIOL SUSP J/","1"
"0122","FIGHT","3"
"0557","BATTERY","1"
"1249","POSS DOM VIOL","2"
"1698","415 FIGHT","1"
"0853","AMB CUTTING","2"
"1622","GROUP FIGHT","3"
"0648","DOM VIOL INVESTIGATI","1"
"0249","DOM VIOL SUSP","4"
"1232","242 DOM VIOL SUSP","1"
"1916","415 FIGHT","2"
"0202","DOM VIOL R/O","18"
"0753","245 DOM VIOL SUSP","1"
"2025","245 DOM VIOL","3"
"0101","AMB CUTTING","1"
"1391","415 GROUP FIGHT","2"
"1464","VIOLENT FEM","1"
"2129","BATTERY INVEST","1"
"1241","VIOLENT MALE","1"
"1829","AMB DOM VIOL","3"
"1373","DOM VIOL IN PROGRESS","1"
"0706","BATTERY INVEST","1"
"1003","CUTTING INV","1"
"0111","DOM VIOL R/O","8"
"1944","242 DOM VIOL INVESTI","1"
"0241","245 DOM VIOL IN PROG","1"
"0463","620 DOM VIOL R/O","4"
"1431","918 VIOLENT MALE","1"
"1583","FIGHT","3"
"0145","DOM VIOL J/O","2"
"1218","FIGHT","6"
"1585","GROUP FIGHT","2"
"1764","242 POSS DOM VIOL","1"
"2134","242 BATTERY INVEST","1"
"1703","415 FIGHT","2"
"0529","BATTERY INVEST","3"
"1327","GROUP FIGHT","2"
"1863","AMB CUTTING","4"
"2053","FIGHT","2"
"1555","AMB DOM VIOL","1"
"0375","620 DOM VIOL R/O","2"
"1641","VIOLENT FEM","1"
"0513","242 POSS DOM VIOL","1"
"1018","242 DOM VIOL","3"
"0656","620 DOM VIOL","7"
"0974","242 DOM VIOL INVESTI","1"
"1257","242 BATTERY DOMESTIC","1"
"0399","POSS DOM VIOL","1"
"1438","VIOLENT MALE","1"
"1792","245 DOM VIOL","1"
"2088","DOM VIOL","12"
"0361","DOM VIOL","59"
"1363","VIOLENT MALE","1"
"1394","VIOLENT MALE","2"
"1676","POSS DOM VIOL","1"
,"242 POSS DOM VIOL","1"
"1385","VIOLENT FEM","2"
"0299","620 DOM VIOL","7"
"1635","242 BATTERY DOMESTIC","1"
"1585","FIGHT","7"
"1826","242 BATTERY DOMESTIC","2"
"1407","BATTERY INVEST","3"
"2157","BATTERY DOMESTIC VIO","1"
"0564","VIOLENT MALE","1"
"1516","AMB CUTTING","1"
"1354","GROUP FIGHT","3"
"1208","POSS DOM VIOL","3"
"0528","245 AMB CUTTING","1"
"0201","245 AMB CUTTING","1"
"2099","DOM VIOL R/O","2"
"0555","GROUP FIGHT","3"
"2187","FIGHT","6"
"1767","VIOLENT FEM","1"
"0219","242 DOM VIOL","5"
"1259","DOM VIOL SUSP","6"
"0308","620 DOM VIOL","1"
"2147","415 FIGHT","1"
"2035","AMB CUTTING","1"
"1322","BATTERY DOMESTIC VIO","1"
"0448","DOM VIOL R/O","3"
"1912","DOM VIOL","9"
"1364","BATTERY INVEST","1"
"0509","242 DOM VIOL","3"
"0257","POSS DOM VIOL","4"
"0782","242 DOM VIOL INVESTI","2"
"1362","FIGHT","7"
"1061","DOM VIOL","5"
"0911","DOM VIOL R/O","4"
"0914","DOM VIOL SUSP NOW","2"
"0915","BATTERY INVEST","4"
"0627","DOM VIOL SUSP","1"
"1266","918 VIOLENT MALE","2"
"0881","DOM VIOL R/O","3"
"1263","245 AMB CUTTING","1"
"2016","AMB DOM VIOL","1"
"0412","DOM VIOL","26"
"1426","DOM VIOL","6"
"0289","620 DOM VIOL R/O","1"
"1243","ADW POSS DOM VIOL","1"
,"BATTERY INVEST","71"
"0469","DOM VIOL IN PROGRESS","1"
"1181","DOM VIOL","16"
"0478","VIOLENT MALE","1"
"1075","FIGHT","1"
"1385","AMB DOM VIOL","1"
"1842","245 ADW POSS DOM VIO","1"
"1703","DOM VIOL","2"
"1967","VIOLENT MALE","1"
"1699","620 DOM VIOL","1"
"1916","DOM VIOL","5"
"0943","918 VIOLENT MALE","1"
"0811","BATTERY INVEST","3"
"0329","DOM VIOL R/O","1"
"1657","245 ADW POSS DOM VIO","1"
"1756","DOM VIOL SUSP","1"
"1827","AMB CUTTING","5"
"0487","415 FIGHT","2"
"1257","DOM VIOL SUSP J/L","1"
"0705","415 FIGHT","1"
"0645","242 BATTERY INVEST","3"
"1119","VIOLENT JUV","1"
"1151","918 VIOLENT MALE","1"
"1745","POSS DOM VIOL","2"
"0118","245 CUTTING INV","1"
"1023","ADW","1"
"0299","POSS DOM VIOL","2"
"0469","DOM VIOL R/O","1"
"1622","VIOLENT JUV","2"
"0464","620 DOM VIOL","11"
"0935","242 DOM VIOL INVESTI","2"
"1178","288 ASSAULT INVEST","1"
"1841","620 DOM VIOL","15"
"0394","FIGHT","3"
"1094","242 DOM VIOL","2"
"1831","FIGHT","2"
"0904","288 ASSAULT INVEST","1"
"1846","GROUP FIGHT","1"
"0301","DOM VIOL SUSP","1"
"0327","DOM VIOL R/O","1"
"0779","AMB CUTTING","1"
"0557","BATTERY INVEST","3"
"0303","DOM VIOL R/O","1"
"1977","DOM VIOL SUSP","3"
"0301","242 DOM VIOL SUSP","1"
"1841","245 AMB DOM VIOL","2"
"2011","620 DOM VIOL","4"
"1701","620 DOM VIOL","8"
"1268","BATTERY INVEST","4"
"1721","242 DOM VIOL INVESTI","1"
"1243","918 VIOLENT FEM","5"
"0804","245 DOM VIOL","1"
"0251","245 DOM VIOL SUSP NO","1"
"0161","245 AMB DOM VIOL","1"
"1539","DOM VIOL","10"
"0166","620 DOM VIOL R/O","3"
"1525","DOM VIOL SUSP","1"
"2196","DOM VIOL R/O","1"
"0852","620 DOM VIOL","1"
"0397","DOM VIOL R/O","8"
"0511","242 DOM VIOL INVESTI","1"
"1695","620 DOM VIOL R/O","3"
"0723","245 DOM VIOL SUSP","1"
"1218","ADW POSS DOM VIOL","1"
"2023","CUTTING INV","1"
"0915","245 AMB CUTTING","2"
"1011","242 DOM VIOL","5"
"1433","DOM VIOL R/O","2"
"2187","VIOLENT MALE","2"
"1621","415 FIGHT","3"
"1138","FIGHT","2"
"1414","VIOLENT MALE","1"
"2145","415 FIGHT","1"
"1267","415 GROUP FIGHT","2"
"2041","242 DOM VIOL","2"
"1908","BATTERY INVEST","5"
"0763","VIOLENT MALE","1"
"1637","FIGHT","3"
"1139","415 GROUP FIGHT","1"
"0488","245 AMB CUTTING","1"
"1465","DOM VIOL SUSP","1"
"1675","242 DOM VIOL","5"
"1456","918 VIOLENT MALE","1"
"1258","GROUP FIGHT","2"
"0448","BATTERY INVEST","1"
"0625","AMB CUTTING","2"
"1307","242 POSS DOM VIOL","1"
"0478","DOM VIOL J/O","1"
"0529","415 FIGHT","3"
"0159","DOM VIOL SUSP","1"
"1633","620 DOM VIOL R/O","2"
"2039","DOM VIOL R/O VIOLATI","1"
"0541","DOM VIOL SUSP J/L","2"
"0501","FIGHT","4"
"2021","FIGHT","2"
"2027","AMB DOM VIOL","1"
"1045","DOM VIOL INVESTIGATI","2"
"0457","242 DOM VIOL","2"
"0455","AMB CUTTING","3"
"1342","POSS DOM VIOL","1"
"0551","FIGHT","3"
"1591","FIGHT","1"
"0714","620 DOM VIOL","1"
"0459","DOM VIOL SUSP J/L","1"
"0625","DOM VIOL SUSP","1"
"0774","VIOLENT JUV","1"
"0487","620 DOM VIOL","2"
"1693","242 DOM VIOL","1"
"0375","DOM VIOL INVESTIGATI","1"
"1983","BATTERY DOMESTIC VIO","2"
"1834","FIGHT","4"
"0251","BATTERY","1"
"0377","242 DOM VIOL SUSP","1"
"2027","DOM VIOL J/O","3"
"1469","DOM VIOL","44"
"0479","FIGHT","2"
"0503","BATTERY DOMESTIC VIO","1"
"1326","242 DOM VIOL","3"
"1129","DOM VIOL R/O","1"
"1795","BATTERY INVEST","2"
"2155","AMB DOM VIOL","1"
"0246","VIOLENT MALE","1"
"1795","620 DOM VIOL R/O","3"
"1832","AMB DOM VIOL","2"
"1249","DOM VIOL R/O","9"
"0398","DOM VIOL INVEST","1"
"2046","620 DOM VIOL","4"
"1441","BATTERY INVEST","3"
"1532","BATTERY INVEST","1"
"1566","245 DOM VIOL","1"
"1008","BATTERY DOMESTIC VIO","2"
"1729","VIOLENT FEM","1"
"1163","DOM VIOL SUSP","1"
"0247","620 DOM VIOL R/O","8"
"0156","GROUP FIGHT","2"
"0373","DOM VIOL","7"
"1917","FIGHT","3"
"0417","FIGHT","3"
"2039","918 VIOLENT MALE","1"
"2027","GROUP FIGHT","2"
"0969","415 GROUP FIGHT","1"
"1984","620 DOM VIOL R/O","10"
"1709","242 DOM VIOL","1"
"0497","415 GROUP FIGHT","1"
"1273","AMB DOM VIOL","4"
"1785","242 DOM VIOL","7"
"1791","GROUP FIGHT","1"
"0914","GROUP FIGHT","5"
"0398","DOM VIOL","30"
"0235","FIGHT","7"
"0909","620 DOM VIOL","5"
"1218","DOM VIOL R/O","3"
"2107","DOM VIOL","18"
"0497","AMB CUTTING","3"
"0135","BATTERY INVEST","2"
"0216","DOM VIOL","9"
"1063","415 FIGHT","1"
"1842","ADW POSS DOM VIOL","2"
"1431","FIGHT","12"
"2128","FIGHT","4"
"1008","DOM VIOL SUSP","5"
"0299","ADW POSS DOM VIOL","1"
"1233","DOM VIOL SUSP","3"
"1653","AMB CUTTING","1"
"0727","POSS DOM VIOL","1"
"2044","242 POSS DOM VIOL","1"
"0291","620 DOM VIOL","2"
"1838","245 DOM VIOL SUSP NO","2"
"1585","AMB CUTTING","2"
"0742","DOM VIOL","6"
"0428","DOM VIOL SUSP","2"
"2016","245 DOM VIOL","1"
"1208","620 DOM VIOL R/O","8"
"1864","DOM VIOL SUSP","4"
"0397","DOM VIOL J/O","1"
"2161","DOM VIOL R/O","1"
"2161","DOM VIOL INVEST","1"
"1343","415 GROUP FIGHT","1"
"1804","DOM VIOL J/O","1"
"2049","POSS DOM VIOL","2"
"0558","620 DOM VIOL","4"
"1024","AMB DOM VIOL","1"
"1794","245 AMB CUTTING","2"
"1431","620 DOM VIOL","2"
"1966","918 VIOLENT MALE","1"
"0217","FIGHT","1"
"2157","DOM VIOL SUSP","4"
"1684","245 DOM VIOL R/O","1"
"1844","245 DOM VIOL","1"
"0333","245 ADW POSS DOM VIO","1"
"0217","GROUP FIGHT","1"
"2088","415 FIGHT","1"
"0468","620 DOM VIOL R/O","1"
"1003","DOM VIOL J/O","1"
"0392","GROUP FIGHT","4"
"0393","242 DOM VIOL J/O","1"
"0782","620 DOM VIOL","6"
"1258","BATTERY DOMESTIC VIO","2"
"0315","415 FIGHT","3"
"1018","FIGHT","4"
"0656","GROUP FIGHT","1"
"0443","242 DOM VIOL","2"
"0477","AMB DOM VIOL SUSP","1"
"2024","AMB CUTTING","2"
"1079","DOM VIOL","11"
"1921","DOM VIOL SUSP","3"
"2058","620 DOM VIOL R/O","2"
"1233","DOM VIOL R/O VIOLATI","1"
"0935","AMB DOM VIOL","2"
"0362","DOM VIOL R/O","10"
"0759","415 FIGHT","1"
"0261","242 BATTERY INVEST","4"
"1767","DOM VIOL SUSP","2"
"0251","620 DOM VIOL R/O","1"
"1178","VIOLENT FEM","1"
"1881","DOM VIOL J/O","1"
"1303","245 AMB CUTTING","3"
"1753","POSS DOM VIOL","1"
"0656","242 DOM VIOL","4"
"1365","FIGHT","3"
"0437","245 DOM VIOL IN PROG","1"
"1506","AMB DOM VIOL","1"
"0464","VIOLENT FEM","1"
"0783","AMB CUTTING","1"
"1906","242 DOM VIOL","1"
"0785","620 DOM VIOL","8"
"0668","415 FIGHT","2"
"0314","242 BATTERY INVEST","1"
"1951","918 VIOLENT MALE","1"
"1257","620 DOM VIOL","11"
"2073","242 DOM VIOL J/O","1"
"1333","ASSAULT INVEST","1"
"1905","242 POSS DOM VIOL","1"
"0269","DOM VIOL SUSP J/L","1"
"1171","242 DOM VIOL","1"
"1621","415 GROUP FIGHT","1"
"1218","242 DOM VIOL","3"
"1902","242 DOM VIOL INVESTI","1"
"0881","POSS DOM VIOL","1"
"1243","245 DOM VIOL SUSP NO","2"
"1341","FIGHT","2"
"1767","FIGHT","3"
"0238","415 FIGHT","1"
"0439","415 FIGHT","1"
"0308","245 DOM VIOL","1"
"1782","242 DOM VIOL SUSP","1"
"0808","620 DOM VIOL","2"
"0507","620 DOM VIOL","8"
"1659","242 DOM VIOL","1"
"0156","AMB CUTTING","6"
"0889","BATTERY INVEST","2"
"1705","CUTTING INV","1"
"0467","245 DOM VIOL SUSP","1"
"0245","245 DOM VIOL SUSP","1"
"0765","DOM VIOL R/O","10"
"1977","FIGHT","2"
"1983","BATTERY INVEST","1"
"0135","BATTERY DOMESTIC VIO","2"
"0124","620 DOM VIOL","1"
"1333","CUTTING INV","1"
"0926","245 DOM VIOL SUSP","1"
"0153","242 AMB DOM VIOL","1"
"1566","242 DOM VIOL","2"
"0466","DOM VIOL R/O","1"
"1701","DOM VIOL SUSP J/L","1"
"2138","DOM VIOL INVEST","1"
"1612","245 DOM VIOL","1"
"0266","DOM VIOL","14"
"2129","245 DOM VIOL","2"
"0557","242 BATTERY INVEST","2"
"0423","918 VIOLENT JUV","1"
"1535","DOM VIOL R/O","7"
"1836","242 DOM VIOL R/O VIO","1"
"0647","242 DOM VIOL SUSP","1"
"1326","AMB CUTTING","1"
"0359","DOM VIOL J/O","1"
"1464","POSS DOM VIOL","1"
"2049","DOM VIOL","31"
"0424","BATTERY DOMESTIC VIO","1"
"1033","POSS DOM VIOL","2"
"0459","FIGHT","3"
"0403","GROUP FIGHT","1"
"2155","620 DOM VIOL R/O","8"
"1117","AMB CUTTING","1"
"0101","VIOLENT JUV","1"
"1695","242 BATTERY DOMESTIC","1"
"1258","245 DOM VIOL","2"
"1523","AMB DOM VIOL SUSP","1"
"1621","245 DOM VIOL","1"
"2114","VIOLENT MALE","1"
"0622","POSS DOM VIOL","1"
"2019","VIOLENT FEM","1"
"0765","AMB CUTTING","3"
"0914","DOM VIOL SUSP","3"
"2015","242 DOM VIOL","3"
"1728","FIGHT","1"
"0361","242 DOM VIOL INVESTI","1"
"1863","620 DOM VIOL R/O","3"
"1353","242 POSS DOM VIOL","2"
"1239","DOM VIOL R/O","12"
"1793","VIOLENT JUV","2"
"0769","FIGHT","4"
"0926","245 DOM VIOL","2"
"1566","AMB CUTTING","1"
"1241","245 DOM VIOL SUSP NO","2"
"0905","AMB CUTTING","2"
"0477","DOM VIOL SUSP","2"
"0567","415 GROUP FIGHT","1"
"0911","242 DOM VIOL","13"
"1427","918 VIOLENT MALE","1"
"0111","620 DOM VIOL","17"
"1891","245 AMB CUTTING","1"
"1668","918 VIOLENT JUV","1"
"1861","DOM VIOL R/O VIOLATI","2"
"1371","620 DOM VIOL R/O","1"
"0236","FIGHT","8"
"2101","242 DOM VIOL","2"
"1754","620 DOM VIOL","2"
"1985","DOM VIOL SUSP NOW","1"
"0377","POSS DOM VIOL","1"
"0464","GROUP FIGHT","2"
"0734","DOM VIOL R/O","3"
"1545","242 BATTERY INVEST","2"
"1377","245 AMB CUTTING","1"
"1413","DOM VIOL R/O","2"
"0412","AMB CUTTING","1"
"0378","DOM VIOL J/O","1"
"0841","BATTERY INVEST","2"
"1129","245 DOM VIOL","2"
"1998","415 FIGHT","1"
"0236","242 DOM VIOL","8"
"1152","GROUP FIGHT","1"
"0499","415 GROUP FIGHT","1"
"1656","VIOLENT MALE","1"
"0333","BATTERY INVEST","1"
"1517","VIOLENT MALE","1"
"0195","DOM VIOL","13"
"1805","GROUP FIGHT","2"
"1371","BATTERY INVEST","2"
"0151","242 DOM VIOL","1"
"0301","242 DOM VIOL J/O","1"
"1585","DOM VIOL","24"
"1918","FIGHT","5"
"1956","245 DOM VIOL","1"
"1764","242 BATTERY","1"
"1458","GROUP FIGHT","1"
"1515","620 DOM VIOL","3"
"0311","620 DOM VIOL R/O","2"
"0531","BATTERY DOMESTIC VIO","1"
"1457","DOM VIOL R/O","3"
"2049","FIGHT","1"
"1159","FIGHT","1"
"2021","DOM VIOL SUSP","1"
"0101","242 POSS DOM VIOL","1"
"2187","242 DOM VIOL","5"
"1383","620 DOM VIOL R/O","7"
"0516","FIGHT","2"
"2126","POSS DOM VIOL","1"
"1321","DOM VIOL R/O","5"
"0646","DOM VIOL","46"
"1998","FIGHT","2"
"0354","DOM VIOL INVESTIGATI","1"
"0566","AMB DOM VIOL","3"
"0248","242 POSS DOM VIOL","2"
"1835","DOM VIOL","9"
"1643","VIOLENT FEM","1"
"0202","242 BATTERY INVEST","1"
"0524","DOM VIOL SUSP","2"
"1539","DOM VIOL IN PROGRESS","1"
"1434","620 DOM VIOL R/O","8"
"1385","620 DOM VIOL","7"
"1823","DOM VIOL SUSP","5"
"1027","GROUP FIGHT","2"
"1252","242 BATTERY INVEST","4"
"0785","242 DOM VIOL","4"
"0355","242 AMB DOM VIOL","2"
"1102","DOM VIOL J/O","1"
"1171","BATTERY INVEST","1"
"1144","918 VIOLENT FEM","1"
"1208","AMB DOM VIOL SUSP","1"
"1905","POSS DOM VIOL","1"
"1215","DOM VIOL SUSP","2"
"0281","FIGHT","2"
"1767","DOM VIOL R/O","4"
"1751","245 DOM VIOL","1"
"1538","DOM VIOL IN PROGRESS","1"
"0392","DOM VIOL R/O","8"
"0257","DOM VIOL","37"
"1101","620 DOM VIOL","2"
"0163","AMB CUTTING","3"
"2103","242 DOM VIOL SUSP","1"
"0841","415 FIGHT","3"
"1371","VIOLENT MALE","2"
"1463","DOM VIOL","11"
"1485","POSS DOM VIOL","1"
"2125","620 DOM VIOL R/O","1"
"1622","POSS DOM VIOL","1"
"0362","620 DOM VIOL R/O","8"
"1841","AMB DOM VIOL","3"
"1983","415 FIGHT","2"
"1049","AMB DOM VIOL","1"
"1367","AMB DOM VIOL","1"
"0449","620 DOM VIOL R/O","3"
"1764","VIOLENT MALE","1"
"0779","620 DOM VIOL","3"
"2189","242 DOM VIOL SUSP","1"
"0155","BATTERY INVEST","2"
"1611","620 DOM VIOL","2"
"1999","POSS DOM VIOL","1"
"1141","ADW POSS DOM VIOL","1"
"2155","242 POSS DOM VIOL","2"
"1794","VIOLENT FEM","1"
"1437","GROUP FIGHT","1"
"1516","FIGHT","3"
"0335","DOM VIOL SUSP","2"
"2185","620 DOM VIOL R/O","1"
"0361","AMB CUTTING","1"
"1088","FIGHT","3"
"0904","AMB DOM VIOL","1"
"2017","242 DOM VIOL","7"
"1954","242 DOM VIOL","3"
"1178","FIGHT","1"
"2162","620 DOM VIOL","5"
"0417","CUTTING INV","1"
"0327","242 DOM VIOL SUSP","1"
"0396","VIOLENT MALE","4"
"0776","415 FIGHT","4"
"0398","DOM VIOL R/O","9"
"1849","DOM VIOL","73"
"0195","BATTERY INVEST","1"
"1591","245 ADW POSS DOM VIO","1"
"2027","620 DOM VIOL","2"
"1175","GROUP FIGHT","1"
"1232","BATTERY DOMESTIC VIO","1"
"1472","FIGHT","4"
"1361","242 DOM VIOL SUSP","2"
"1781","242 AMB DOM VIOL","1"
"0881","242 DOM VIOL","1"
"1412","POSS DOM VIOL","1"
"0337","245 AMB CUTTING","1"
"0246","918 VIOLENT FEM","1"
"0212","242 AMB DOM VIOL","1"
"1248","FIGHT","6"
"0943","245 DOM VIOL","1"
"0738","918 VIOLENT FEM","1"
"0667","DOM VIOL R/O","4"
"0412","245 AMB CUTTING","1"
"1617","DOM VIOL R/O","2"
"2039","415 GROUP FIGHT","1"
"0802","FIGHT","1"
"1195","DOM VIOL","6"
"1972","242 DOM VIOL J/O","1"
"1347","GROUP FIGHT","4"
"1974","242 DOM VIOL","6"
"1974","DOM VIOL INVESTIGATI","1"
"1685","AMB CUTTING","1"
"0788","242 DOM VIOL","2"
"1841","DOM VIOL R/O VIOLATI","1"
"1039","BATTERY DOMESTIC VIO","2"
"0897","DOM VIOL","14"
"1995","AMB CUTTING","3"
"2076","415 FIGHT","1"
"1936","DOM VIOL R/O","1"
"1151","CUTTING INV","4"
"0162","AMB CUTTING","6"
"1323","242 DOM VIOL","2"
"0246","GROUP FIGHT","1"
"2074","BATTERY INVEST","1"
"0357","918 VIOLENT MALE","1"
"2155","415 FIGHT","1"
"0557","242 BATTERY DOMESTIC","1"
"2139","242 DOM VIOL INVESTI","1"
"0541","242 AMB DOM VIOL","1"
"1806","245 DOM VIOL SUSP NO","1"
"0833","620 DOM VIOL R/O","3"
"1456","DOM VIOL R/O","1"
"0827","FIGHT","3"
"1011","POSS DOM VIOL","3"
"1835","DOM VIOL SUSP","1"
"0532","DOM VIOL SUSP","2"
"1842","POSS DOM VIOL","3"
"1538","FIGHT","5"
"1749","918 VIOLENT MALE","2"
"0702","FIGHT","11"
"0124","FIGHT","1"
"0148","DOM VIOL SUSP NOW","1"
"0644","620 DOM VIOL R/O","3"
"1547","620 DOM VIOL","4"
"0337","415 FIGHT","3"
"0522","415 FIGHT","1"
"0245","245 AMB DOM VIOL","1"
"0514","415 GROUP FIGHT","1"
"1745","DOM VIOL","20"
"1653","415 FIGHT","1"
"0412","VIOLENT JUV","1"
"1459","918 VIOLENT FEM","1"
"1473","GROUP FIGHT","1"
"1863","DOM VIOL R/O VIOLATI","1"
"1526","242 BATTERY DOMESTIC","1"
"0531","242 DOM VIOL","3"
"1841","CUTTING INV","1"
"0646","242 POSS DOM VIOL","2"
"0935","242 DOM VIOL","10"
"0514","242 DOM VIOL SUSP","2"
"1251","242 DOM VIOL SUSP","2"
"0269","918 VIOLENT FEM","1"
"1372","242 BATTERY DOMESTIC","2"
"1831","DOM VIOL R/O","5"
"0706","415 GROUP FIGHT","1"
"1213","242 DOM VIOL","9"
"0525","AMB DOM VIOL","1"
"1395","FIGHT","2"
"0566","BATTERY DOMESTIC VIO","1"
"0507","DOM VIOL R/O","11"
"1256","242 POSS DOM VIOL","1"
"0314","242 DOM VIOL","4"
"1371","GROUP FIGHT","3"
"1124","POSS DOM VIOL","2"
"0779","DOM VIOL","4"
"0989","BATTERY DOMESTIC VIO","1"
"0158","AMB FIGHT","1"
"1633","245 DOM VIOL","2"
"1433","DOM VIOL","3"
"0984","POSS DOM VIOL","1"
"1025","242 DOM VIOL SUSP","1"
"0849","BATTERY DOMESTIC VIO","1"
"1406","DOM VIOL INVESTIGATI","1"
"1135","242 DOM VIOL","2"
"0838","620 DOM VIOL","1"
"2069","DOM VIOL R/O","3"
"2189","VIOLENT MALE","1"
"0679","DOM VIOL R/O","8"
"1215","207 DOM VIOL INVEST","1"
"1757","DOM VIOL SUSP","1"
"0906","245 ADW POSS DOM VIO","1"
"0858","FIGHT","1"
"1483","415 GROUP FIGHT","2"
"0909","242 POSS DOM VIOL","1"
"0801","620 DOM VIOL R/O","1"
"1365","620 DOM VIOL","4"
"1259","BATTERY DOMESTIC VIO","1"
"1307","DOM VIOL R/O","7"
"2091","DOM VIOL","2"
"1567","FIGHT","2"
"0663","AMB FIGHT","1"
"0646","VIOLENT FEM","1"
"1682","VIOLENT FEM","4"
"0853","FIGHT","8"
"1546","242 POSS DOM VIOL","1"
"1841","DOM VIOL R/O","25"
"0233","245 DOM VIOL IN PROG","2"
"2137","245 ADW POSS DOM VIO","1"
"1129","VIOLENT MALE","1"
"0233","CUTTING INV","1"
"0464","AMB DOM VIOL J/O","1"
"1161","415 GROUP FIGHT","1"
"1473","242 DOM VIOL SUSP","1"
"0457","DOM VIOL","25"
"1963","DOM VIOL SUSP","1"
"0201","242 POSS DOM VIOL","1"
"1105","ASSAULT INVEST","1"
"1268","245 DOM VIOL SUSP NO","1"
"1701","415 FIGHT","4"
"0764","VIOLENT JUV","1"
"0361","DOM VIOL IN PROGRESS","2"
"1232","245 DOM VIOL","2"
"1979","ADW POSS DOM VIOL","1"
"0379","AMB DOM VIOL","1"
"1011","DOM VIOL SUSP NOW","1"
"1391","GROUP FIGHT","1"
"0266","BATTERY INVEST","2"
"1979","DOM VIOL R/O","1"
"1861","DOM VIOL J/O","3"
"0676","AMB CUTTING","1"
"0438","245 DOM VIOL SUSP","1"
"0157","242 DOM VIOL","4"
"1891","DOM VIOL SUSP","4"
"0564","BATTERY INVEST","2"
"0453","DOM VIOL","9"
"0678","620 DOM VIOL","4"
"1774","242 DOM VIOL","1"
"1351","245 AMB CUTTING","1"
"1344","DOM VIOL R/O","3"
"1263","242 POSS DOM VIOL","1"
"0882","242 POSS DOM VIOL","1"
"1245","245 DOM VIOL","2"
"1443","245 DOM VIOL","1"
"1545","DOM VIOL SUSP","1"
"1031","415 FIGHT","3"
"0625","242 DOM VIOL SUSP","1"
"0836","242 BATTERY INVEST","1"
"1256","242 DOM VIOL","14"
"0738","FIGHT","2"
"1972","DOM VIOL R/O","5"
"1257","245 DOM VIOL","5"
"0964","AMB DOM VIOL","1"
"0636","245 AMB CUTTING","8"
"1263","620 DOM VIOL R/O","2"
"1531","DOM VIOL R/O","4"
"0525","DOM VIOL SUSP","3"
"0424","245 AMB CUTTING","2"
"1952","BATTERY INVEST","1"
"1963","242 DOM VIOL","2"
"1317","DOM VIOL R/O","1"
"1583","BATTERY INVEST","9"
"1149","AMB CUTTING","2"
"1255","BATTERY DOMESTIC VIO","1"
"1203","AMB DOM VIOL","3"
"2002","AMB CUTTING","1"
"0666","DOM VIOL INVEST","3"
"1531","DOM VIOL","5"
"1265","620 DOM VIOL R/O","6"
"1762","918 VIOLENT MALE","1"
"1944","620 DOM VIOL","3"
"0644","245 DOM VIOL","2"
"0152","AMB CUTTING","10"
"0204","POSS DOM VIOL","1"
"1265","DOM VIOL SUSP","4"
"0521","DOM VIOL","18"
"0245","415 AMB FIGHT","1"
"1999","245 DOM VIOL","1"
"2136","DOM VIOL SUSP","7"
"1842","918 VIOLENT JUV","1"
"0914","FIGHT","6"
"0315","415 GROUP FIGHT","1"
"1079","FIGHT","1"
"1832","245 ADW POSS DOM VIO","1"
"1345","DOM VIOL","35"
"1826","MAJ GRP FIGHT","1"
"1065","DOM VIOL INVEST","1"
"0501","245 DOM VIOL","1"
"0144","BATTERY INVEST","1"
"0637","242 AMB DOM VIOL","1"
"0134","DOM VIOL R/O","2"
"1444","242 DOM VIOL","2"
"2071","918 VIOLENT MALE","1"
"1414","415 FIGHT","3"
"1325","918 VIOLENT FEM","1"
"0626","DOM VIOL","6"
"1713","DOM VIOL","2"
"0514","DOM VIOL R/O","7"
"0823","DOM VIOL","4"
"1266","242 AMB DOM VIOL","1"
"0404","DOM VIOL R/O","1"
"1372","AMB CUTTING","2"
"1767","242 BATTERY DOMESTIC","2"
"1566","POSS DOM VIOL","2"
"1822","242 DOM VIOL SUSP","6"
"1606","DOM VIOL","8"
"0195","242 DOM VIOL","3"
"1351","242 BATTERY INVEST","2"
"1241","242 DOM VIOL","26"
"0763","DOM VIOL INVEST","1"
"0236","ADW POSS DOM VIOL","1"
"0176","AMB DOM VIOL","1"
"0451","DOM VIOL","1"
"0909","DOM VIOL IN PROGRESS","1"
"0147","245 DOM VIOL SUSP NO","1"
"1215","245 AMB CUTTING","1"
"1548","VIOLENT FEM","1"
"1231","DOM VIOL SUSP","2"
"1983","242 POSS DOM VIOL","1"
"0819","DOM VIOL INVESTIGATI","1"
"1826","GROUP FIGHT","5"
"0883","DOM VIOL R/O","2"
"0404","415 GROUP FIGHT","1"
"0974","620 DOM VIOL R/O","3"
"1788","AMB CUTTING","1"
"2081","242 AMB DOM VIOL","1"
"1251","AMB DOM VIOL","2"
"1079","620 DOM VIOL","2"
"0777","DOM VIOL","6"
"0994","918 VIOLENT JUV","1"
"0396","242 DOM VIOL","8"
"0898","VIOLENT MALE","1"
"0438","242 DOM VIOL INVESTI","1"
"1113","DOM VIOL SUSP NOW","1"
"1747","245 DOM VIOL SUSP","1"
"1385","242 DOM VIOL","4"
"1699","918 VIOLENT MALE","1"
"0775","918 VIOLENT JUV","2"
"1535","AMB DOM VIOL","1"
"0231","DOM VIOL J/O","2"
"2175","BATTERY INVEST","1"
"2146","VIOLENT MALE","1"
"2146","DOM VIOL SUSP NOW","1"
"0269","BATTERY DOMESTIC VIO","2"
"1651","FIGHT","3"
"0853","415 FIGHT","4"
"0158","DOM VIOL SUSP NOW","1"
"0166","FIGHT","6"
"0397","DOM VIOL","41"
"1967","415 GROUP FIGHT","1"
"1383","DOM VIOL SUSP NOW","1"
"0985","620 DOM VIOL","6"
"1235","DOM VIOL INVESTIGATI","1"
"0638","242 POSS DOM VIOL","1"
"1822","245 AMB DOM VIOL","1"
"0247","BATTERY INVEST","1"
"1952","242 BATTERY DOMESTIC","1"
"1453","FIGHT","1"
"0632","415 FIGHT","2"
"1722","FIGHT","4"
"1162","CUTTING INV","4"
"1793","620 DOM VIOL","2"
"1346","AMB DOM VIOL","2"
"0937","242 DOM VIOL","2"
"1921","FIGHT","3"
"1672","245 AMB CUTTING","1"
"1207","FIGHT","5"
"1615","242 BATTERY DOMESTIC","1"
"1505","918 VIOLENT FEM","1"
"1313","620 DOM VIOL","6"
"1211","AMB FIGHT","1"
"1761","620 DOM VIOL","7"
"0245","FIGHT","11"
"0935","DOM VIOL SUSP","5"
"0176","DOM VIOL R/O","11"
"1091","VIOLENT FEM","1"
"2104","620 DOM VIOL","3"
"1409","620 DOM VIOL R/O","1"
"1406","VIOLENT FEM","1"
"0361","415 GROUP FIGHT","1"
"0192","DOM VIOL SUSP","2"
"2097","DOM VIOL R/O","3"
"1136","GROUP FIGHT","1"
"0422","242 BATTERY DOMESTIC","1"
"1905","FIGHT","1"
"1443","918 VIOLENT FEM","2"
"0361","242 BATTERY INVEST","1"
"1268","DOM VIOL SUSP J/L","3"
"1504","242 DOM VIOL SUSP","1"
"1981","DOM VIOL IN PROGRESS","1"
"2102","245 ADW POSS DOM VIO","1"
"1657","DOM VIOL SUSP","6"
"1377","242 BATTERY DOMESTIC","1"
"1075","VIOLENT JUV","1"
"0899","FIGHT","5"
"1018","242 AMB DOM VIOL","1"
"1916","DOM VIOL R/O","1"
"0847","242 POSS DOM VIOL","1"
"2058","620 DOM VIOL","2"
"1837","245 CUTTING INV","1"
"1044","AMB DOM VIOL","1"
"1402","242 DOM VIOL","1"
"0398","918 VIOLENT FEM","1"
"0765","DOM VIOL SUSP","3"
"1307","AMB CUTTING","8"
"1687","AMB CUTTING","1"
"0331","242 DOM VIOL","2"
"0456","245 AMB DOM VIOL","1"
"0937","AMB CUTTING","2"
"1747","BATTERY INVEST","1"
"0166","DOM VIOL R/O VIOLATI","1"
"0659","242 DOM VIOL","2"
"2044","415 GROUP FIGHT","1"
"1231","245 DOM VIOL","1"
"1747","620 DOM VIOL R/O","3"
"0256","FIGHT","4"
"0395","AMB DOM VIOL","2"
"1881","AMB DOM VIOL","1"
"1101","GROUP FIGHT","1"
"2076","BATTERY INVEST","3"
"1717","242 BATTERY INVEST","1"
"1695","POSS DOM VIOL","3"
"0897","620 DOM VIOL R/O","3"
"2125","DOM VIOL","19"
"0463","620 DOM VIOL","4"
"1347","DOM VIOL SUSP NOW","2"
"0413","242 DOM VIOL","1"
"1728","VIOLENT MALE","1"
"1466","FIGHT","2"
"0519","DOM VIOL R/O","1"
"1689","AMB CUTTING","1"
"0319","AMB CUTTING","1"
"1911","DOM VIOL IN PROGRESS","1"
"0406","918 VIOLENT JUV","1"
"1139","245 DOM VIOL","2"
"1455","245 ADW POSS DOM VIO","1"
"1367","AMB CUTTING","2"
"0923","245 DOM VIOL","1"
"1585","POSS DOM VIOL","4"
"0506","415 GROUP FIGHT","1"
"0853","VIOLENT MALE","2"
"1956","620 DOM VIOL R/O","1"
"0359","245 AMB CUTTING","1"
"1345","POSS DOM VIOL","1"
"1709","DOM VIOL SUSP NOW","1"
"0396","242 BATTERY DOMESTIC","1"
"1791","242 AMB DOM VIOL","3"
"1207","DOM VIOL SUSP NOW","1"
"1844","BATTERY DOMESTIC VIO","2"
"1842","415 FIGHT","6"
"1239","918 VIOLENT MALE","1"
"0782","DOM VIOL INVEST","5"
"1283","DOM VIOL INVEST","2"
"0929","242 DOM VIOL","3"
"0522","FIGHT","5"
"0931","DOM VIOL R/O","1"
"1979","DOM VIOL","1"
"1794","245 DOM VIOL INVEST","1"
"1913","242 DOM VIOL SUSP","1"
"0628","POSS DOM VIOL","1"
"1717","918 VIOLENT MALE","1"
"2138","245 AMB CUTTING","1"
"1353","GROUP FIGHT","2"
"0238","AMB CUTTING","1"
"1367","GROUP FIGHT","1"
"1669","FIGHT","1"
"0939","DOM VIOL SUSP","2"
"0985","FIGHT","5"
"1804","VIOLENT MALE","1"
"1657","242 DOM VIOL","2"
"1283","DOM VIOL R/O VIOLATI","1"
"1623","DOM VIOL INVESTIGATI","2"
"0726","FIGHT","1"
"2126","242 BATTERY DOMESTIC","1"
"1248","DOM VIOL SUSP J/L","1"
"0192","245 CUTTING INV","8"
"0429","242 AMB DOM VIOL","1"
"1414","242 POSS DOM VIOL","3"
"0285","BATTERY INVEST","2"
"1698","BATTERY DOMESTIC VIO","3"
"1438","245 DOM VIOL","1"
"0964","242 DOM VIOL INVESTI","3"
"0233","242 BATTERY DOMESTIC","1"
"0511","620 DOM VIOL","2"
"0164","918 VIOLENT MALE","1"
"0946","415 FIGHT","4"
"0734","DOM VIOL","34"
"0819","VIOLENT MALE","4"
"1904","415 FIGHT","1"
"1324","DOM VIOL R/O","3"
"0722","242 BATTERY INVEST","2"
"1469","VIOLENT JUV","1"
"0645","242 DOM VIOL SUSP","1"
"0763","DOM VIOL","11"
"1693","620 DOM VIOL R/O","3"
"1709","620 DOM VIOL","4"
"0657","AMB CUTTING","2"
"0201","242 BATTERY INVEST","3"
"0789","620 DOM VIOL","1"
"0528","AMB DOM VIOL","1"
"0157","620 DOM VIOL R/O","1"
,"242 DOM VIOL SUSP","1"
"1963","AMB CUTTING","1"
"1838","415 FIGHT","2"
"1826","245 DOM VIOL INVEST","1"
"2058","242 DOM VIOL SUSP","1"
"1149","242 DOM VIOL","2"
"0964","DOM VIOL SUSP","2"
"1832","FIGHT","5"
"1623","620 DOM VIOL R/O","1"
"1654","GROUP FIGHT","1"
"0295","242 BATTERY INVEST","1"
"0461","245 DOM VIOL","1"
"0363","DOM VIOL R/O","5"
"1321","CUTTING INV","1"
"1519","415 GROUP FIGHT","1"
"1638","415 GROUP FIGHT","1"
"0245","VIOLENT MALE","1"
"0499","GROUP FIGHT","2"
"1459","DOM VIOL INVESTIGATI","1"
"1313","918 VIOLENT MALE","1"
"1566","BATTERY DOMESTIC VIO","1"
"2029","DOM VIOL SUSP","2"
"0424","BATTERY INVEST","3"
"1591","DOM VIOL INVEST","1"
"0667","AMB CUTTING","1"
"1362","BATTERY INVEST","4"
"1021","242 BATTERY INVEST","2"
"1794","AMB CUTTING","3"
"0111","242 BATTERY DOMESTIC","1"
"1459","620 DOM VIOL","1"
"0727","DOM VIOL","1"
"0639","620 DOM VIOL","3"
"0271","242 BATTERY INVEST","2"
"0915","VIOLENT JUV","1"
"1829","288 ASSAULTING","1"
"1044","415 GROUP FIGHT","1"
"1633","BATTERY DOMESTIC VIO","1"
"2069","415 FIGHT","3"
"2157","BATTERY INVEST","5"
"0162","242 DOM VIOL INVESTI","1"
"2014","242 POSS DOM VIOL","1"
"1908","620 DOM VIOL","5"
"1822","245 AMB CUTTING","3"
"0955","242 DOM VIOL","1"
"0752","620 DOM VIOL R/O","1"
"1846","242 POSS DOM VIOL","1"
"1622","242 DOM VIOL","2"
"0676","242 DOM VIOL","5"
"1799","620 DOM VIOL","3"
"1501","620 DOM VIOL R/O","2"
"0442","DOM VIOL R/O","3"
"1403","DOM VIOL INVESTIGATI","1"
,"DOM VIOL R/O","3"
"0424","DOM VIOL","12"
"1452","DOM VIOL INVEST","1"
"2035","FIGHT","1"
"1364","DOM VIOL SUSP J/L","1"
"1327","620 DOM VIOL R/O","4"
"0377","DOM VIOL SUSP NOW","1"
"0509","FIGHT","4"
"0529","ADW POSS DOM VIOL","1"
"1321","BATTERY INVEST","3"
"0354","918 VIOLENT FEM","1"
"0522","620 DOM VIOL R/O","1"
"0628","DOM VIOL J/O","1"
"2187","DOM VIOL INVESTIGATI","1"
"2088","242 DOM VIOL","1"
"2093","242 DOM VIOL","1"
"1925","BATTERY DOMESTIC VIO","1"
"1078","DOM VIOL R/O","1"
"0396","DOM VIOL J/O","1"
"0453","ADW POSS DOM VIOL","1"
"0489","620 DOM VIOL R/O","2"
"1242","242 DOM VIOL","4"
"1496","FIGHT","1"
"1931","DOM VIOL INVESTIGATI","8"
"0319","242 POSS DOM VIOL","1"
"0111","242 DOM VIOL INVESTI","2"
"0946","245 DOM VIOL SUSP NO","1"
"2132","620 DOM VIOL","1"
"1469","DOM VIOL SUSP NOW","2"
"1802","245 DOM VIOL SUSP J/","1"
"1445","AMB CUTTING","1"
"0148","VIOLENT FEM","1"
"0628","242 DOM VIOL","3"
"2025","AMB CUTTING","2"
"1253","POSS DOM VIOL","2"
"1663","245 DOM VIOL SUSP NO","1"
"0636","DOM VIOL INVESTIGATI","2"
"0341","245 DOM VIOL","1"
"0514","918 VIOLENT FEM","1"
"0147","AMB DOM VIOL","1"
"1864","415 GROUP FIGHT","1"
"0202","620 DOM VIOL","1"
"1802","245 CUTTING INV","1"
"1018","245 DOM VIOL SUSP NO","1"
"0935","DOM VIOL R/O","14"
"0422","BATTERY INVEST","1"
"0397","VIOLENT MALE","2"
"0396","245 DOM VIOL SUSP","1"
"1637","DOM VIOL R/O VIOLATI","1"
"0702","POSS DOM VIOL","1"
"1909","POSS DOM VIOL","1"
"0212","245 DOM VIOL SUSP","1"
"0312","BATTERY INVEST","2"
"0823","DOM VIOL R/O","1"
"1612","DOM VIOL J/O","1"
"2189","POSS DOM VIOL SUSP","1"
"0517","DOM VIOL","28"
"0503","BATTERY INVEST","2"
"0147","242 DOM VIOL","8"
"1127","POSS DOM VIOL","1"
"0911","AMB DOM VIOL","1"
"0788","242 DOM VIOL SUSP","1"
"1345","620 DOM VIOL","12"
"0853","242 DOM VIOL","2"
"2132","BATTERY DOMESTIC VIO","2"
"0789","245 DOM VIOL","2"
"0463","VIOLENT MALE","1"
"0449","AMB DOM VIOL","1"
"1841","GROUP FIGHT","2"
"0764","242 DOM VIOL","2"
"1776","FIGHT","1"
"0392","VIOLENT MALE","2"
"0676","242 POSS DOM VIOL","3"
"2041","BATTERY INVEST","1"
"0301","242 DOM VIOL","2"
"2041","DOM VIOL","3"
"0212","VIOLENT MALE","2"
"1749","DOM VIOL INVESTIGATI","1"
"1391","918 VIOLENT FEM","2"
"1737","620 DOM VIOL R/O","3"
"0363","FIGHT","9"
"0909","DOM VIOL J/O","1"
"1128","415 FIGHT","5"
"2114","DOM VIOL R/O","4"
"1283","BATTERY","1"
"0706","245 DOM VIOL","1"
"1548","VIOLENT MALE","1"
"1375","242 BATTERY INVEST","1"
"1737","DOM VIOL SUSP","1"
"1235","POSS DOM VIOL","2"
"1529","245 DOM VIOL SUSP","1"
"1211","245 DOM VIOL IN PROG","2"
"1831","DOM VIOL SUSP NOW","2"
"1829","245 DOM VIOL","2"
"1656","AMB DOM VIOL","1"
"1474","VIOLENT FEM","1"
"0219","ADW POSS DOM VIOL","1"
"0451","242 BATTERY DOMESTIC","1"
"1245","242 DOM VIOL J/O","1"
"1239","245 DOM VIOL SUSP NO","1"
"1958","POSS DOM VIOL","1"
"1125","AMB CUTTING","1"
"1265","BATTERY INVEST","4"
"1623","245 DOM VIOL IN PROG","1"
"0256","620 DOM VIOL","5"
"1788","FIGHT","1"
"0524","DOM VIOL INVESTIGATI","1"
"0901","620 DOM VIOL R/O","8"
"2134","GROUP FIGHT","2"
"1233","DOM VIOL","20"
"1562","620 DOM VIOL","1"
"0765","GROUP FIGHT","3"
"1477","245 DOM VIOL","1"
"1863","CUTTING INV","1"
"0832","AMB DOM VIOL","1"
"1781","415 FIGHT","4"
"0511","AMB CUTTING","1"
"0245","242 AMB DOM VIOL","1"
"1559","620 DOM VIOL","2"
"1383","620 DOM VIOL","4"
"1912","620 DOM VIOL R/O","5"
"0415","POSS DOM VIOL","1"
"2033","242 BATTERY INVEST","1"
"1252","BATTERY","1"
"1031","AMB DOM VIOL","1"
"1935","415 GROUP FIGHT","1"
"0135","620 DOM VIOL","3"
"0564","POSS DOM VIOL","4"
"2198","DOM VIOL","1"
"0201","DOM VIOL R/O","10"
"1208","DOM VIOL","61"
"0984","FIGHT","1"
"1749","620 DOM VIOL R/O","3"
"1019","DOM VIOL R/O","1"
"0854","DOM VIOL SUSP NOW","1"
"0266","245 DOM VIOL SUSP","1"
"1215","918 VIOLENT FEM","1"
"1181","245 AMB CUTTING","1"
"1643","DOM VIOL SUSP","1"
"2133","245 CUTTING INV","2"
"1754","415 FIGHT","1"
"2144","DOM VIOL","20"
"2129","918 VIOLENT JUV","1"
"1025","DOM VIOL INVEST","1"
"0285","DOM VIOL R/O","4"
"1427","DOM VIOL","6"
"0156","ADW POSS DOM VIOL","1"
"1964","DOM VIOL","16"
"0119","DOM VIOL R/O","2"
"0233","620 DOM VIOL","16"
"0271","242 BATTERY DOMESTIC","2"
"0783","242 DOM VIOL","2"
"0377","DOM VIOL SUSP","2"
"1918","620 DOM VIOL R/O","7"
"2185","245 DOM VIOL","1"
"1548","DOM VIOL","40"
"0396","242 BATTERY INVEST","1"
"0815","DOM VIOL","3"
"0678","242 POSS DOM VIOL","1"
"1653","242 DOM VIOL INVESTI","1"
"0625","242 DOM VIOL","3"
"1117","DOM VIOL","12"
"0525","245 ADW POSS DOM VIO","1"
"1015","DOM VIOL R/O","5"
"0357","ASSAULT INVEST","1"
"1641","415 FIGHT","1"
"0414","DOM VIOL SUSP","2"
"1931","DOM VIOL R/O","2"
"0926","DOM VIOL SUSP NOW","1"
"0141","620 DOM VIOL R/O","1"
"0943","415 FIGHT","1"
"0396","DOM VIOL","30"
"1508","AMB DOM VIOL","1"
"0245","415 FIGHT","6"
"0666","242 BATTERY INVEST","1"
"1467","415 FIGHT","1"
"2118","245 DOM VIOL SUSP","1"
"1983","242 BATTERY DOMESTIC","2"
"1241","DOM VIOL SUSP NOW","5"
"1205","918 VIOLENT MALE","1"
"2071","CUTTING INV","1"
"2046","242 DOM VIOL","3"
"1233","DOM VIOL INVEST","1"
"1148","VIOLENT MALE","1"
"0901","242 DOM VIOL R/O VIO","1"
"1944","DOM VIOL R/O","1"
"1414","245 AMB CUTTING","1"
"1795","242 BATTERY INVEST","1"
"1126","DOM VIOL","10"
"0357","DOM VIOL SUSP NOW","1"
"0506","620 DOM VIOL","4"
"0205","DOM VIOL R/O","4"
"1136","415 FIGHT","3"
"2001","DOM VIOL R/O","1"
"0401","DOM VIOL INVESTIGATI","2"
"1323","VIOLENT FEM","2"
"1117","242 BATTERY INVEST","1"
"0645","DOM VIOL R/O","9"
"1049","242 DOM VIOL","1"
"1283","620 DOM VIOL R/O","7"
"1307","415 FIGHT","2"
"1258","620 DOM VIOL R/O","7"
"0354","415 GROUP FIGHT","1"
"1118","415 GROUP FIGHT","1"
"2041","415 FIGHT","2"
"1041","918 VIOLENT FEM","1"
"1984","242 BATTERY DOMESTIC","4"
"1353","415 FIGHT","4"
"1727","BATTERY DOMESTIC VIO","1"
"1717","DOM VIOL SUSP J/L","2"
"2128","620 DOM VIOL","4"
"1966","242 POSS DOM VIOL","1"
"0923","AMB CUTTING","4"
"2039","242 DOM VIOL","6"
"2021","DOM VIOL","8"
"2093","BATTERY DOMESTIC VIO","2"
"0448","DOM VIOL SUSP","1"
"0356","VIOLENT MALE","2"
"0329","415 FIGHT","1"
"0122","DOM VIOL R/O","2"
"1781","POSS DOM VIOL","2"
"1123","FIGHT","1"
"0636","DOM VIOL R/O","5"
"1479","DOM VIOL","2"
"1034","242 POSS DOM VIOL","1"
"0964","DOM VIOL INVESTIGATI","2"
"2039","245 AMB DOM VIOL","2"
"1821","242 BATTERY DOMESTIC","1"
"0938","DOM VIOL R/O","3"
"0706","DOM VIOL R/O","18"
"0464","245 DOM VIOL SUSP","1"
"0906","VIOLENT FEM","1"
"0923","415 GROUP FIGHT","1"
"2162","242 POSS DOM VIOL","1"
"0261","BATTERY INVEST","5"
"1453","620 DOM VIOL","2"
"0901","DOM VIOL SUSP J/L","1"
"1547","DOM VIOL INVESTIGATI","1"
"0667","DOM VIOL SUSP","1"
"0247","AMB DOM VIOL","1"
"2079","242 AMB DOM VIOL","1"
"1747","242 DOM VIOL","1"
"0779","DOM VIOL SUSP NOW","1"
"1243","FIGHT","4"
"1998","POSS DOM VIOL","1"
"1415","415 FIGHT","3"
"0424","620 DOM VIOL","3"
"0721","242 POSS DOM VIOL","2"
"1241","415 FIGHT","4"
"0943","DOM VIOL","15"
"0815","245 DOM VIOL","1"
"1846","415 GROUP FIGHT","1"
"0829","FIGHT","6"
"1921","GROUP FIGHT","1"
"1718","245 AMB CUTTING","1"
"1524","BATTERY INVEST","1"
"0749","POSS DOM VIOL","1"
"1363","245 DOM VIOL SUSP","2"
"1268","415 FIGHT","8"
"0161","VIOLENT MALE","1"
"0157","GROUP FIGHT","1"
"2141","620 DOM VIOL R/O","2"
"0839","620 DOM VIOL R/O","1"
"1352","AMB CUTTING","5"
"1794","GROUP FIGHT","1"
"0269","245 DOM VIOL","2"
"1787","DOM VIOL SUSP","1"
"0646","AMB CUTTING","4"
"1959","620 DOM VIOL","3"
"1078","242 DOM VIOL","2"
"2115","VIOLENT JUV","1"
"0669","VIOLENT MALE","2"
"0895","242 BATTERY INVEST","2"
"1252","BATTERY INVEST","4"
"1028","DOM VIOL","18"
"1913","DOM VIOL INVEST","1"
"1137","DOM VIOL R/O","2"
"1591","242 BATTERY","1"
"1485","DOM VIOL","7"
"0195","GROUP FIGHT","1"
"1749","242 POSS DOM VIOL","1"
"0511","242 AMB DOM VIOL","2"
"1263","POSS DOM VIOL","1"
"0776","VIOLENT FEM","1"
"1385","POSS DOM VIOL","1"
"1341","245 ADW POSS DOM VIO","1"
"0101","918 VIOLENT MALE","1"
"1994","245 CUTTING INV","2"
"0118","242 DOM VIOL","3"
"0118","GROUP FIGHT","1"
"0354","DOM VIOL","17"
"1881","POSS DOM VIOL","2"
"0815","DOM VIOL SUSP","1"
"0133","245 AMB CUTTING","1"
"2144","GROUP FIGHT","1"
"0202","BATTERY DOMESTIC VIO","1"
"1112","620 DOM VIOL","2"
"0355","VIOLENT MALE","2"
"0919","DOM VIOL R/O","2"
"1508","DOM VIOL","6"
"1612","POSS DOM VIOL","1"
"0195","VIOLENT MALE","1"
"1527","DOM VIOL SUSP","1"
"1445","POSS DOM VIOL","2"
"1829","DOM VIOL INVESTIGATI","1"
"0135","FIGHT","7"
"1241","242 AMB DOM VIOL","2"
"1496","AMB CUTTING","2"
"1459","242 BATTERY DOMESTIC","1"
"0938","BATTERY INVEST","1"
"0762","DOM VIOL IN PROGRESS","1"
"1606","242 DOM VIOL INVESTI","1"
"1801","DOM VIOL INVESTIGATI","2"
"1401","BATTERY INVEST","1"
"0453","AMB CUTTING","2"
"0889","DOM VIOL R/O","7"
"2054","DOM VIOL R/O","2"
"1958","FIGHT","2"
"0477","BATTERY DOMESTIC VIO","1"
"1018","VIOLENT JUV","1"
"1134","DOM VIOL R/O","3"
"1445","DOM VIOL","22"
"0905","POSS DOM VIOL","1"
"1283","DOM VIOL SUSP J/L","2"
"1454","AMB DOM VIOL","1"
"1049","620 DOM VIOL R/O","1"
"0257","620 DOM VIOL R/O","8"
"0248","245 DOM VIOL","2"
"1701","242 POSS DOM VIOL","2"
"0135","415 FIGHT","2"
"1488","DOM VIOL SUSP","2"
"2055","VIOLENT MALE","1"
"1685","620 DOM VIOL R/O","1"
"0501","AMB DOM VIOL","1"
"1372","BATTERY INVEST","1"
"2189","GROUP FIGHT","2"
"0517","AMB DOM VIOL","2"
"0328","242 AMB DOM VIOL","1"
"0417","AMB CUTTING","1"
"0256","DOM VIOL","14"
"1684","ADW POSS DOM VIOL","1"
"0906","242 BATTERY INVEST","1"
"1602","GROUP FIGHT","2"
"1543","DOM VIOL R/O","4"
"0562","CUTTING INV","1"
"1485","DOM VIOL SUSP","1"
"0132","DOM VIOL","10"
"1787","245 DOM VIOL","1"
"1343","620 DOM VIOL","7"
"1067","242 DOM VIOL","5"
"1453","DOM VIOL","4"
"1259","620 DOM VIOL","10"
"1585","415 FIGHT","2"
"0138","DOM VIOL SUSP","6"
"1548","FIGHT","20"
"0742","AMB CUTTING","1"
"0551","245 POSS DOM VIOL I/","1"
"0932","242 AMB DOM VIOL","1"
"0645","245 DOM VIOL SUSP NO","1"
"1075","DOM VIOL R/O","1"
"1596","VIOLENT JUV","1"
"1836","GROUP FIGHT","2"
"1003","620 DOM VIOL","5"
"1974","620 DOM VIOL","7"
"2137","DOM VIOL R/O","4"
"1043","415 GROUP FIGHT","2"
"1891","242 POSS DOM VIOL","1"
"0555","DOM VIOL R/O","20"
"1714","DOM VIOL R/O","4"
"2033","DOM VIOL R/O","8"
"1944","VIOLENT MALE","1"
"1367","DOM VIOL IN PROGRESS","1"
"1065","DOM VIOL R/O","3"
"0497","415 FIGHT","3"
"1377","242 DOM VIOL","3"
"1126","POSS DOM VIOL","1"
"0929","DOM VIOL","6"
"0745","620 DOM VIOL","8"
"1988","620 DOM VIOL","1"
"1783","FIGHT","2"
"1801","242 BATTERY DOMESTIC","1"
"2034","DOM VIOL R/O","1"
"2105","AMB DOM VIOL","2"
"1088","245 DOM VIOL SUSP NO","1"
"1994","DOM VIOL SUSP","3"
"1333","AMB CUTTING","2"
"1474","242 DOM VIOL","1"
"0363","242 DOM VIOL J/O","1"
"1267","DOM VIOL","67"
"1331","242 BATTERY INVEST","4"
"1211","242 BATTERY INVEST","2"
"1317","DOM VIOL","18"
"1249","245 DOM VIOL SUSP NO","2"
"1802","GROUP FIGHT","3"
"1822","POSS DOM VIOL","3"
"0311","242 DOM VIOL","6"
"0429","242 DOM VIOL","4"
"0334","DOM VIOL","17"
"1546","DOM VIOL SUSP","2"
"1714","620 DOM VIOL","3"
"1149","620 DOM VIOL R/O","1"
"1823","GROUP FIGHT","1"
"1265","242 BATTERY DOMESTIC","1"
"0711","242 DOM VIOL SUSP","1"
"1362","BATTERY DOMESTIC VIO","1"
"1804","242 DOM VIOL SUSP","2"
"1905","620 DOM VIOL","2"
"1263","242 DOM VIOL J/O","1"
"0805","GROUP FIGHT","1"
"0525","VIOLENT FEM","2"
"0163","242 POSS DOM VIOL","1"
"1393","DOM VIOL SUSP","4"
"1917","242 POSS DOM VIOL","2"
"1703","DOM VIOL R/O","1"
"0465","DOM VIOL SUSP NOW","2"
"1427","BATTERY INVEST","1"
"0887","620 DOM VIOL R/O","1"
"0723","242 DOM VIOL J/O","1"
"1322","242 DOM VIOL","2"
"0203","DOM VIOL INVEST","1"
"1127","DOM VIOL R/O","20"
"1033","620 DOM VIOL R/O","7"
"1049","415 GROUP FIGHT","1"
"1097","FIGHT","1"
"2128","DOM VIOL","21"
"2189","245 ADW POSS DOM VIO","1"
"2088","GROUP FIGHT","1"
"1001","BATTERY INVEST","1"
"1175","POSS DOM VIOL","1"
"0303","620 DOM VIOL","1"
"1043","FIGHT","6"
,"620 DOM VIOL","3"
"1097","DOM VIOL INVESTIGATI","1"
"1259","242 DOM VIOL INVESTI","3"
"1152","ASSAULT INVEST","1"
"1242","AMB DOM VIOL","1"
"1827","DOM VIOL INVEST","1"
"1039","VIOLENT MALE","5"
"0504","DOM VIOL INVESTIGATI","2"
"0393","POSS DOM VIOL","1"
"1827","620 DOM VIOL","26"
"1909","VIOLENT JUV","1"
"2023","POSS DOM VIOL","1"
"1004","242 BATTERY DOMESTIC","1"
"0142","415 FIGHT","1"
"1233","242 AMB DOM VIOL","2"
"0465","POSS DOM VIOL","1"
"0914","242 BATTERY DOMESTIC","1"
"0145","VIOLENT MALE","1"
"1972","415 GROUP FIGHT","1"
"0319","AMB DOM VIOL","1"
"0192","242 DOM VIOL INVESTI","6"
"0437","DOM VIOL","20"
"1917","DOM VIOL INVESTIGATI","1"
"0164","FIGHT","6"
"0525","242 DOM VIOL R/O VIO","2"
"1668","DOM VIOL","5"
"1373","242 DOM VIOL","3"
"1506","242 DOM VIOL SUSP","1"
"1158","242 DOM VIOL SUSP","1"
"0519","POSS DOM VIOL","1"
"1443","DOM VIOL R/O","3"
"1548","BATTERY DOMESTIC VIO","3"
"0926","AMB FIGHT","1"
"0377","AMB FIGHT","1"
"0819","AMB DOM VIOL","1"
"1846","ADW POSS DOM VIOL","2"
"1441","415 GROUP FIGHT","2"
"1638","DOM VIOL J/O","1"
"1181","620 DOM VIOL R/O","2"
"0479","242 DOM VIOL","4"
"0128","FIGHT","8"
"1454","BATTERY DOMESTIC VIO","2"
"1777","620 DOM VIOL","1"
"1959","245 DOM VIOL","1"
"1035","BATTERY DOMESTIC VIO","1"
"0203","DOM VIOL SUSP NOW","1"
"1995","242 DOM VIOL","5"
"1941","BATTERY INVEST","1"
"1832","VIOLENT MALE","1"
"1559","DOM VIOL R/O","1"
"0914","415 GROUP FIGHT","2"
"0426","242 BATTERY INVEST","2"
"0443","245 DOM VIOL","2"
"1362","POSS DOM VIOL","1"
"0233","DOM VIOL","32"
"2145","AMB DOM VIOL","1"
"1881","245 AMB CUTTING","1"
"1907","918 VIOLENT MALE","1"
"1585","620 DOM VIOL","13"
"2137","DOM VIOL R/O VIOLATI","1"
"1967","415 FIGHT","1"
"0932","245 DOM VIOL","1"
"0946","620 DOM VIOL","7"
"1209","FIGHT","1"
"0628","FIGHT","5"
"2131","DOM VIOL","1"
"0522","POSS DOM VIOL","2"
"0516","POSS DOM VIOL","1"
"0622","ADW POSS DOM VIOL","1"
"2139","245 DOM VIOL SUSP NO","1"
"1555","242 BATTERY INVEST","4"
"0392","POSS DOM VIOL","2"
"0541","242 POSS DOM VIOL","2"
"0628","DOM VIOL SUSP","3"
"2132","VIOLENT MALE","1"
"1134","BATTERY INVEST","1"
"1981","DOM VIOL SUSP","3"
"0218","242 BATTERY DOMESTIC","1"
"1409","245 DOM VIOL","2"
"1758","FIGHT","2"
"0541","BATTERY INVEST","2"
"0622","FIGHT","4"
"1851","AMB CUTTING","1"
"1362","ADW","1"
"1804","GROUP FIGHT","2"
"0808","242 DOM VIOL","2"
"1913","GROUP FIGHT","2"
"0659","620 DOM VIOL","1"
"1113","918 VIOLENT FEM","1"
"1538","VIOLENT MALE","1"
"1981","DOM VIOL R/O","4"
"1752","AMB DOM VIOL","1"
"1925","620 DOM VIOL","4"
"0504","BATTERY INVEST","2"
"0937","620 DOM VIOL R/O","2"
"0148","VIOLENT MALE","2"
"0195","620 DOM VIOL","4"
"0915","242 BATTERY INVEST","9"
"1239","AMB CUTTING","1"
"1039","415 FIGHT","2"
"1538","AMB DOM VIOL","3"
"0217","620 DOM VIOL","5"
"1794","415 AMB FIGHT","1"
"1842","DOM VIOL INVESTIGATI","4"
"0881","FIGHT","4"
"0981","DOM VIOL","12"
"2015","DOM VIOL SUSP","2"
"0148","GROUP FIGHT","1"
"1781","245 DOM VIOL","4"
"1984","BATTERY INVEST","5"
"1241","242 BATTERY INVEST","2"
"0246","415 GROUP FIGHT","1"
"2144","242 DOM VIOL SUSP","1"
"1676","FIGHT","8"
"1612","242 DOM VIOL INVESTI","1"
"2137","918 VIOLENT MALE","1"
"0416","620 DOM VIOL R/O","1"
"1265","242 DOM VIOL","10"
"2074","GROUP FIGHT","1"
"1438","GROUP FIGHT","1"
"0646","415 GROUP FIGHT","2"
"0135","VIOLENT FEM","1"
"0835","FIGHT","6"
"2069","242 AMB DOM VIOL","1"
"1727","DOM VIOL","2"
"1849","242 DOM VIOL INVESTI","1"
"1961","POSS DOM VIOL","2"
"0146","245 DOM VIOL SUSP NO","1"
"0467","242 BATTERY INVEST","2"
"0631","GROUP FIGHT","2"
"1383","DOM VIOL IN PROGRESS","1"
"0732","BATTERY DOMESTIC VIO","1"
"0394","DOM VIOL R/O","3"
"0636","242 DOM VIOL INVESTI","2"
"0732","415 GROUP FIGHT","1"
"1513","BATTERY INVEST","1"
"1735","VIOLENT MALE","1"
"1549","GROUP FIGHT","3"
"1215","DOM VIOL R/O","6"
"1838","242 POSS DOM VIOL","1"
"0153","DOM VIOL SUSP","2"
"1526","245 DOM VIOL SUSP NO","1"
"0881","VIOLENT MALE","1"
"2079","620 DOM VIOL R/O","1"
"1974","AMB DOM VIOL","1"
"1622","CUTTING INV","1"
"0507","242 BATTERY","1"
"2118","GROUP FIGHT","2"
"0174","DOM VIOL","21"
"0256","DOM VIOL R/O","1"
"0241","242 DOM VIOL J/O","1"
"1189","DOM VIOL R/O","2"
"0819","FIGHT","1"
"1458","VIOLENT JUV","1"
"1011","FIGHT","1"
"2158","FIGHT","4"
"0677","245 AMB CUTTING","1"
"2093","620 DOM VIOL","2"
"1637","242 DOM VIOL R/O VIO","1"
"0237","415 FIGHT","2"
"0911","620 DOM VIOL","14"
"1762","242 DOM VIOL","4"
"0192","FIGHT","16"
"1745","FIGHT","2"
"1454","242 DOM VIOL INVESTI","1"
"0505","BATTERY INVEST","1"
"2105","POSS DOM VIOL","2"
"2144","415 FIGHT","1"
"1839","242 DOM VIOL SUSP","1"
"1134","415 FIGHT","3"
"0915","DOM VIOL R/O","7"
"1343","DOM VIOL R/O","9"
"1464","245 AMB CUTTING","1"
"0396","620 DOM VIOL","11"
"0974","242 POSS DOM VIOL","1"
"1065","AMB CUTTING","2"
"1343","VIOLENT MALE","2"
"1145","AMB CUTTING","1"
"0101","245 DOM VIOL","2"
"1273","DOM VIOL SUSP NOW","1"
"1837","DOM VIOL R/O","6"
"1982","DOM VIOL J/O","2"
"1473","242 DOM VIOL","1"
"0473","245 AMB CUTTING","1"
"0426","918 VIOLENT MALE","1"
"1063","BATTERY","1"
"2148","245 DOM VIOL IN PROG","1"
"1567","POSS DOM VIOL","1"
"2049","242 POSS DOM VIOL","1"
"1766","VIOLENT MALE","2"
"1824","DOM VIOL R/O","14"
"1476","VIOLENT MALE","1"
"0889","VIOLENT FEM","3"
"1824","GROUP FIGHT","2"
"0312","620 DOM VIOL","7"
"1657","415 GROUP FIGHT","3"
"1028","VIOLENT MALE","1"
"1043","DOM VIOL","43"
"0701","620 DOM VIOL R/O","1"
"0732","AMB CUTTING","1"
"1943","620 DOM VIOL R/O","3"
"1529","245 DOM VIOL","1"
"1381","415 FIGHT","1"
"0165","DOM VIOL IN PROGRESS","1"
"0153","245 AMB CUTTING","4"
"1406","GROUP FIGHT","2"
"1559","BATTERY INVEST","1"
"1028","DOM VIOL SUSP NOW","1"
"0416","BATTERY DOMESTIC VIO","2"
"0555","FIGHT","5"
"2196","620 DOM VIOL R/O","1"
"0941","620 DOM VIOL","9"
"0831","DOM VIOL INVESTIGATI","1"
"0509","242 AMB DOM VIOL","1"
"0583","242 BATTERY INVEST","1"
"1045","BATTERY INVEST","2"
"0514","242 DOM VIOL R/O VIO","1"
"0204","VIOLENT FEM","1"
"1985","242 AMB DOM VIOL","1"
"1712","918 VIOLENT MALE","2"
"1365","415 FIGHT","1"
"0152","FIGHT","16"
"0147","242 BATTERY INVEST","3"
"0519","BATTERY DOMESTIC VIO","1"
"0963","242 BATTERY INVEST","2"
"1454","CUTTING INV","3"
"1233","245 ADW POSS DOM VIO","1"
"0769","620 DOM VIOL R/O","1"
"1161","620 DOM VIOL","3"
"1184","BATTERY DOMESTIC VIO","1"
"1253","242 BATTERY DOMESTIC","1"
"1253","DOM VIOL R/O","8"
"2016","DOM VIOL","13"
"1691","DOM VIOL","1"
"1372","BATTERY DOMESTIC VIO","1"
"2024","BATTERY DOMESTIC VIO","1"
"0353","245 DOM VIOL","2"
"2126","620 DOM VIOL","3"
"1987","DOM VIOL","14"
"1118","918 VIOLENT MALE","1"
"0441","GROUP FIGHT","1"
"0785","AMB DOM VIOL","1"
"0642","VIOLENT MALE","1"
"0378","FIGHT","6"
"1065","DOM VIOL","27"
"0315","BATTERY INVEST","7"
"1241","FIGHT","11"
"1924","AMB DOM VIOL","1"
"1141","242 DOM VIOL","1"
"1661","620 DOM VIOL R/O","2"
"1405","DOM VIOL","6"
"1668","DOM VIOL R/O","5"
"0361","GROUP FIGHT","4"
"1861","DOM VIOL SUSP","4"
"0701","VIOLENT FEM","1"
"1248","415 FIGHT","3"
"1468","VIOLENT FEM","1"
"1362","415 GROUP FIGHT","1"
"1309","245 AMB CUTTING","2"
"1147","242 DOM VIOL","2"
"0338","415 FIGHT","1"
"0413","620 DOM VIOL R/O","1"
"1657","GROUP FIGHT","1"
"1915","242 AMB DOM VIOL","1"
"0182","FIGHT","19"
"0667","620 DOM VIOL R/O","3"
"1849","245 DOM VIOL SUSP NO","1"
"0531","415 FIGHT","1"
"0501","BATTERY INVEST","1"
"0295","POSS DOM VIOL","3"
"0147","DOM VIOL","15"
"0182","620 DOM VIOL","16"
"1215","245 DOM VIOL INVEST","2"
"0514","620 DOM VIOL","6"
"1829","BATTERY DOMESTIC VIO","1"
"0935","FIGHT","2"
"0295","DOM VIOL SUSP J/L","1"
"0246","AMB CUTTING","5"
"1641","DOM VIOL R/O","4"
"0646","VIOLENT JUV","1"
"0408","AMB DOM VIOL SUSP","1"
"0668","415 GROUP FIGHT","1"
"0247","245 DOM VIOL SUSP","1"
"1479","VIOLENT FEM","1"
"2136","242 AMB DOM VIOL","1"
"2001","DOM VIOL","6"
"2024","DOM VIOL R/O","8"
"0802","AMB DOM VIOL","1"
"1636","DOM VIOL R/O","1"
"0702","DOM VIOL INVESTIGATI","1"
"2156","415 GROUP FIGHT","3"
"1681","VIOLENT FEM","1"
"1676","DOM VIOL R/O VIOLATI","1"
"1375","BATTERY DOMESTIC VIO","2"
"1581","FIGHT","1"
"0245","BATTERY INVEST","7"
"0395","DOM VIOL INVESTIGATI","1"
"0122","DOM VIOL SUSP NOW","1"
"1283","DOM VIOL SUSP","5"
"1001","DOM VIOL","25"
"0159","DOM VIOL","19"
"2139","DOM VIOL","13"
"0185","AMB DOM VIOL","1"
"0335","245 DOM VIOL SUSP NO","1"
"0565","620 DOM VIOL R/O","1"
"1839","DOM VIOL SUSP NOW","1"
"1323","DOM VIOL R/O","5"
"1524","245 DOM VIOL","1"
"2029","POSS DOM VIOL","2"
"1633","VIOLENT FEM","1"
"1243","DOM VIOL INVESTIGATI","2"
"0377","GROUP FIGHT","1"
"1591","GROUP FIGHT","1"
"0251","620 DOM VIOL","9"
"0567","AMB CUTTING","1"
"1842","245 DOM VIOL","3"
"1381","DOM VIOL","13"
"1653","620 DOM VIOL","4"
"1863","AMB DOM VIOL","2"
"0182","245 DOM VIOL","3"
"2069","245 AMB CUTTING","1"
"1352","DOM VIOL","44"
"1909","242 BATTERY DOMESTIC","1"
"0357","245 AMB DOM VIOL","1"
"0393","245 AMB CUTTING","3"
"0523","DOM VIOL","4"
"0397","242 DOM VIOL INVESTI","1"
"1553","VIOLENT MALE","1"
"1331","242 DOM VIOL","12"
"2027","242 BATTERY INVEST","1"
"0392","245 AMB CUTTING","2"
"1842","242 BATTERY","1"
"0677","DOM VIOL SUSP","1"
"0156","245 DOM VIOL","2"
"1435","AMB CUTTING","2"
"1822","DOM VIOL SUSP J/L","1"
"2011","VIOLENT FEM","2"
"1008","620 DOM VIOL","1"
"0501","DOM VIOL","14"
"0909","207 DOM VIOL INVEST","1"
"1511","VIOLENT MALE","1"
"1623","620 DOM VIOL","3"
"2157","DOM VIOL INVESTIGATI","1"
"0182","GROUP FIGHT","4"
"0785","DOM VIOL","14"
"1128","BATTERY INVEST","1"
"0395","BATTERY INVEST","1"
"1283","242 DOM VIOL SUSP","1"
"1829","FIGHT","5"
"0558","242 DOM VIOL J/O","1"
"0174","245 DOM VIOL","1"
"1117","POSS DOM VIOL","1"
"1822","242 DOM VIOL","18"
"1373","245 DOM VIOL","2"
"1743","415 FIGHT","1"
"1881","415 FIGHT","3"
"0163","620 DOM VIOL","2"
"1806","245 DOM VIOL","2"
"1805","AMB DOM VIOL","1"
"1951","620 DOM VIOL R/O","1"
"1118","DOM VIOL SUSP","1"
"0333","FIGHT","5"
"0563","245 AMB CUTTING","1"
"1924","918 VIOLENT FEM","1"
"1643","620 DOM VIOL R/O","1"
"2076","DOM VIOL INVESTIGATI","1"
"1919","BATTERY INVEST","1"
"0379","242 POSS DOM VIOL","1"
"1921","242 DOM VIOL INVESTI","1"
"0926","245 AMB CUTTING","3"
"0395","ADW POSS DOM VIOL","1"
"0804","FIGHT","1"
"0666","GROUP FIGHT","5"
"0377","242 DOM VIOL","4"
"1333","242 DOM VIOL","4"
"1171","620 DOM VIOL","1"
"1821","DOM VIOL SUSP J/L","1"
"0132","242 POSS DOM VIOL","1"
"0331","AMB CUTTING","1"
"1253","242 BATTERY INVEST","2"
"1955","DOM VIOL R/O","1"
"1871","AMB CUTTING","5"
"0516","GROUP FIGHT","2"
"0822","242 BATTERY INVEST","1"
"1043","GROUP FIGHT","2"
"2022","DOM VIOL","28"
"1132","242 DOM VIOL","1"
"2118","620 DOM VIOL R/O","2"
"2198","DOM VIOL R/O","1"
"2155","242 DOM VIOL","7"
"2175","POSS DOM VIOL","2"
"1235","620 DOM VIOL R/O","3"
"1351","DOM VIOL SUSP J/L","1"
"0202","620 DOM VIOL R/O","10"
"0124","245 DOM VIOL","1"
"0376","242 DOM VIOL","4"
"2034","DOM VIOL INVESTIGATI","1"
"1169","AMB DOM VIOL","1"
"0721","DOM VIOL SUSP","3"
"1936","620 DOM VIOL","2"
"1267","620 DOM VIOL","18"
"2103","FIGHT","2"
"0521","VIOLENT FEM","1"
"1987","AMB DOM VIOL INVEST","1"
"1409","415 AMB FIGHT","1"
"1752","242 DOM VIOL INVESTI","1"
"1028","AMB CUTTING","1"
"1745","DOM VIOL SUSP NOW","1"
"0937","ADW POSS DOM VIOL","1"
"1954","DOM VIOL INVESTIGATI","1"
"1788","242 DOM VIOL","1"
"0881","242 POSS DOM VIOL","1"
"2033","DOM VIOL R/O VIOLATI","1"
"2053","AMB CUTTING","1"
"1601","242 DOM VIOL","7"
"0506","DOM VIOL INVESTIGATI","1"
"2042","242 DOM VIOL","3"
"0295","242 DOM VIOL","4"
"1623","242 DOM VIOL","5"
"0246","FIGHT","10"
"0285","GROUP FIGHT","1"
"0245","245 DOM VIOL INVEST","2"
"1698","242 DOM VIOL","4"
"1012","415 FIGHT","1"
"1545","415 FIGHT","2"
"1248","415 GROUP FIGHT","1"
"0154","620 DOM VIOL","6"
"1504","242 BATTERY DOMESTIC","1"
"1017","DOM VIOL SUSP","1"
"1999","DOM VIOL SUSP","1"
"0622","242 BATTERY INVEST","1"
"1657","BATTERY INVEST","1"
"1147","245 ADW POSS DOM VIO","1"
"1912","DOM VIOL IN PROGRESS","1"
"1309","245 CUTTING INV","1"
"0143","242 DOM VIOL","1"
"0459","DOM VIOL SUSP NOW","1"
"0269","245 AMB DOM VIOL","2"
"1794","DOM VIOL R/O","11"
"1589","620 DOM VIOL R/O","3"
"0504","AMB CUTTING","1"
"0248","245 DOM VIOL SUSP","1"
"0676","DOM VIOL SUSP","1"
"1515","BATTERY DOMESTIC VIO","1"
"1147","DOM VIOL R/O","1"
"0406","242 AMB DOM VIOL","1"
"1503","VIOLENT MALE","1"
"0421","415 FIGHT","1"
"1776","415 GROUP FIGHT","1"
"1313","242 DOM VIOL","8"
"1522","AMB CUTTING","1"
"1406","DOM VIOL INVEST","1"
"0739","DOM VIOL","1"
"0153","242 DOM VIOL","9"
"1343","DOM VIOL SUSP NOW","1"
"1791","245 DOM VIOL SUSP NO","1"
"1805","AMB CUTTING","2"
"1469","918 VIOLENT JUV","1"
"0375","245 AMB CUTTING","1"
"0291","GROUP FIGHT","1"
"1381","GROUP FIGHT","1"
"0395","245 ADW","1"
"1455","BATTERY INVEST","1"
"0541","POSS DOM VIOL","4"
"0636","918 VIOLENT MALE","1"
"0148","DOM VIOL","21"
"0337","242 BATTERY DOMESTIC","1"
"1391","242 DOM VIOL SUSP","1"
"1841","BATTERY INVEST","1"
"1004","VIOLENT MALE","5"
"1994","DOM VIOL R/O","2"
"0424","620 DOM VIOL R/O","1"
"1958","245 DOM VIOL SUSP","1"
"0269","VIOLENT MALE","2"
"1251","DOM VIOL SUSP NOW","1"
"1173","DOM VIOL","1"
"0564","620 DOM VIOL","11"
"0906","AMB CUTTING","1"
"0119","CUTTING INV","1"
"1619","DOM VIOL","1"
"1134","DOM VIOL INVESTIGATI","1"
"0396","245 DOM VIOL","3"
"2105","DOM VIOL","30"
"1373","DOM VIOL SUSP","2"
"0211","GROUP FIGHT","1"
"0901","DOM VIOL SUSP","1"
"1821","GROUP FIGHT","1"
"1745","620 DOM VIOL R/O","1"
"0587","POSS DOM VIOL","1"
"0478","288 ASSAULT INVEST","1"
"1322","POSS DOM VIOL","1"
"1361","245 AMB CUTTING","3"
"1443","AMB CUTTING","2"
"0212","242 DOM VIOL","3"
"1024","620 DOM VIOL","1"
"1721","DOM VIOL","4"
"0164","242 BATTERY DOMESTIC","1"
"1083","BATTERY DOMESTIC VIO","1"
"1256","DOM VIOL SUSP NOW","1"
"0135","AMB DOM VIOL","1"
"1344","242 BATTERY INVEST","5"
"2187","AMB FIGHT","1"
"0501","AMB CUTTING","2"
"0231","415 GROUP FIGHT","1"
"0501","620 DOM VIOL","4"
"1128","242 DOM VIOL","2"
"1823","415 FIGHT","6"
"0275","ASSAULT INVEST","1"
"1912","AMB DOM VIOL","2"
"0585","415 FIGHT","7"
"0701","DOM VIOL R/O","7"
"1231","918 VIOLENT JUV","1"
"1656","GROUP FIGHT","1"
"1802","245 DOM VIOL SUSP NO","4"
"1352","FIGHT","8"
"1605","245 DOM VIOL IN PROG","1"
"0585","242 DOM VIOL SUSP","1"
"1735","VIOLENT FEM","2"
"1566","DOM VIOL SUSP","1"
"0909","AMB DOM VIOL","1"
"0721","POSS DOM VIOL","1"
"0963","245 ADW POSS DOM VIO","1"
"1527","620 DOM VIOL R/O","3"
"0147","VIOLENT FEM","1"
"1494","AMB CUTTING","1"
"1245","245 AMB CUTTING","1"
"2148","AMB DOM VIOL","1"
"0901","242 DOM VIOL","7"
"1951","DOM VIOL R/O","2"
"1601","DOM VIOL R/O","4"
"2074","FIGHT","2"
"0971","242 DOM VIOL SUSP","2"
"0974","918 VIOLENT MALE","2"
"0337","ADW POSS DOM VIOL","2"
"0711","918 VIOLENT FEM","1"
"1974","FIGHT","4"
"1504","DOM VIOL SUSP NOW","4"
"1613","245 ADW POSS DOM VIO","1"
"1133","918 VIOLENT MALE","1"
"1483","242 BATTERY INVEST","3"
"1362","245 DOM VIOL","3"
"0316","242 DOM VIOL","9"
"0176","BATTERY DOMESTIC VIO","1"
"2011","242 DOM VIOL SUSP","1"
"0119","242 DOM VIOL SUSP","1"
"1921","DOM VIOL J/O","2"
"1532","GROUP FIGHT","2"
"1785","242 DOM VIOL INVESTI","1"
"1375","242 AMB DOM VIOL","1"
"1313","GROUP FIGHT","3"
"1043","620 DOM VIOL","2"
"2038","245 AMB CUTTING","1"
"1123","DOM VIOL R/O","1"
"0204","620 DOM VIOL","5"
"0587","620 DOM VIOL R/O","9"
"1826","242 BATTERY INVEST","1"
"1321","AMB CUTTING","1"
"1331","POSS DOM VIOL","1"
"1826","245 AMB CUTTING","1"
"0646","GROUP FIGHT","3"
"1152","242 DOM VIOL","3"
"1351","VIOLENT MALE","1"
"0643","415 GROUP FIGHT","4"
"1533","245 DOM VIOL IN PROG","1"
"0518","BATTERY INVEST","1"
"1424","242 BATTERY INVEST","1"
"0185","415 FIGHT","3"
"1645","242 DOM VIOL","1"
"0941","AMB CUTTING","1"
"1176","620 DOM VIOL","2"
"1796","DOM VIOL","6"
"1142","242 BATTERY INVEST","1"
"1004","245 DOM VIOL INVEST","1"
"0776","FIGHT","1"
"1659","DOM VIOL R/O","13"
"1129","620 DOM VIOL","5"
"0275","FIGHT","1"
"1508","620 DOM VIOL R/O","2"
"1205","245 DOM VIOL SUSP","1"
"1849","620 DOM VIOL","5"
"0849","242 POSS DOM VIOL","1"
"1377","242 AMB DOM VIOL","2"
"2024","245 DOM VIOL SUSP","1"
"1162","415 FIGHT","2"
"1455","245 DOM VIOL","1"
"1362","415 FIGHT","3"
"0724","415 FIGHT","1"
"1008","GROUP FIGHT","1"
"1436","242 DOM VIOL","1"
"1759","242 DOM VIOL","1"
"0939","AMB CUTTING","1"
"0376","AMB CUTTING","1"
"1327","DOM VIOL","8"
"0648","VIOLENT MALE","1"
"1283","415 FIGHT","3"
"0119","DOM VIOL INVESTIGATI","1"
"0395","DOM VIOL SUSP","4"
"1936","242 DOM VIOL","1"
"1161","620 DOM VIOL R/O","2"
"1842","BATTERY DOMESTIC VIO","2"
"1097","BATTERY INVEST","1"
"0325","BATTERY DOMESTIC VIO","1"
"1981","242 DOM VIOL INVESTI","1"
"0636","BATTERY INVEST","8"
"2013","DOM VIOL INVEST","2"
"2155","BATTERY DOMESTIC VIO","2"
"1327","242 DOM VIOL SUSP","1"
"0129","AMB DOM VIOL","1"
"0438","DOM VIOL R/O","12"
"1251","918 VIOLENT MALE","2"
"1795","BATTERY DOMESTIC VIO","3"
"1323","FIGHT","6"
"0563","CUTTING INV","1"
"0827","620 DOM VIOL R/O","1"
"1962","DOM VIOL SUSP","1"
"1745","242 BATTERY INVEST","1"
"2143","415 FIGHT","1"
"0645","BATTERY","1"
"1806","GROUP FIGHT","2"
"0823","415 FIGHT","1"
"1803","288 ASSAULTING","1"
"1257","DOM VIOL","37"
"0237","245 AMB CUTTING","2"
"0622","BATTERY INVEST","1"
"0377","DOM VIOL R/O","9"
"2045","242 DOM VIOL","6"
"2099","DOM VIOL","3"
"1443","245 AMB DOM VIOL","1"
"1043","245 AMB CUTTING","1"
"1189","AMB CUTTING","1"
"1463","POSS DOM VIOL","2"
"0413","DOM VIOL","4"
"0317","AMB CUTTING","2"
"1263","242 DOM VIOL","5"
"1991","DOM VIOL SUSP","3"
"0455","620 DOM VIOL","2"
"2044","POSS DOM VIOL","1"
"0469","620 DOM VIOL","3"
"1012","VIOLENT MALE","1"
"1982","AMB DOM VIOL","2"
"1142","620 DOM VIOL","1"
"0905","VIOLENT MALE","1"
"1993","242 POSS DOM VIOL","1"
"0914","VIOLENT MALE","1"
"0392","242 DOM VIOL SUSP","2"
"1656","245 AMB DOM VIOL","1"
"2041","DOM VIOL J/O","1"
"1372","FIGHT","3"
"0853","DOM VIOL J/O","1"
"0246","245 ADW POSS DOM VIO","1"
"0957","DOM VIOL","1"
"1823","620 DOM VIOL R/O","7"
"0964","VIOLENT MALE","1"
"0153","242 DOM VIOL SUSP","3"
"0249","242 BATTERY INVEST","1"
"0459","242 DOM VIOL SUSP","1"
"1729","242 DOM VIOL","2"
"1377","245 ADW POSS DOM VIO","1"
"2039","DOM VIOL SUSP","4"
"0677","AMB CUTTING","2"
"1841","BATTERY DOMESTIC VIO","2"
"0174","245 DOM VIOL SUSP","1"
"1205","DOM VIOL SUSP NOW","1"
"1251","POSS DOM VIOL","3"
"1373","DOM VIOL INVESTIGATI","1"
"0155","620 DOM VIOL R/O","1"
"0316","DOM VIOL SUSP","2"
"0233","GROUP FIGHT","3"
"0266","242 BATTERY INVEST","1"
"0733","ASSAULTING","1"
"0563","BATTERY DOMESTIC VIO","1"
"1151","415 GROUP FIGHT","2"
"0528","DOM VIOL SUSP","4"
"1169","BATTERY DOMESTIC VIO","1"
"1524","245 AMB CUTTING","1"
"1944","GROUP FIGHT","1"
"1488","DOM VIOL","27"
"0994","620 DOM VIOL R/O","1"
"1364","DOM VIOL","15"
"0399","AMB DOM VIOL","1"
"0642","BATTERY INVEST","1"
"1444","DOM VIOL","23"
"1993","FIGHT","1"
"1137","242 BATTERY DOMESTIC","1"
"2126","242 DOM VIOL","8"
"0217","242 DOM VIOL INVESTI","2"
"1934","DOM VIOL","9"
"1269","VIOLENT MALE","3"
"1665","DOM VIOL","5"
"1504","DOM VIOL SUSP","3"
"1249","DOM VIOL INVESTIGATI","1"
"0375","VIOLENT MALE","1"
"2148","242 DOM VIOL","2"
"0778","AMB DOM VIOL SUSP","1"
"0817","245 DOM VIOL SUSP NO","1"
"0124","DOM VIOL INVESTIGATI","1"
"0182","BATTERY INVEST","8"
"0353","620 DOM VIOL","1"
"1972","POSS DOM VIOL","1"
"1864","415 FIGHT","1"
"0847","AMB DOM VIOL","1"
"1413","FIGHT","3"
"0507","415 GROUP FIGHT","1"
"0905","242 AMB DOM VIOL","2"
"1821","DOM VIOL SUSP","5"
"0646","242 DOM VIOL","4"
"1211","VIOLENT FEM","1"
"0437","DOM VIOL R/O","4"
"0118","620 DOM VIOL R/O","2"
"0154","415 GROUP FIGHT","1"
"2161","DOM VIOL","2"
"1273","242 DOM VIOL R/O VIO","1"
"2074","DOM VIOL J/O","1"
"1391","245 DOM VIOL SUSP NO","2"
"1525","620 DOM VIOL R/O","1"
"1253","DOM VIOL INVESTIGATI","1"
"1162","242 DOM VIOL SUSP","1"
"0466","242 DOM VIOL SUSP","2"
"1921","POSS DOM VIOL","2"
"1829","DOM VIOL SUSP NOW","2"
"1546","242 BATTERY INVEST","1"
"0154","242 DOM VIOL","2"
"1836","BATTERY INVEST","1"
"1321","242 DOM VIOL J/O","1"
"1445","918 VIOLENT MALE","1"
"0853","DOM VIOL R/O","9"
"1822","DOM VIOL SUSP NOW","1"
"0541","245 DOM VIOL","2"
"1401","245 DOM VIOL SUSP J/","1"
"0174","245 AMB CUTTING","5"
"0524","242 DOM VIOL","4"
"1962","242 BATTERY DOMESTIC","1"
"0236","AMB DOM VIOL","2"
"0758","DOM VIOL","7"
"0646","BATTERY INVEST","6"
"1163","242 BATTERY DOMESTIC","1"
"1827","918 VIOLENT JUV","1"
"1651","245 DOM VIOL SUSP NO","1"
"0165","DOM VIOL R/O","4"
"0111","242 DOM VIOL","8"
"0373","VIOLENT MALE","1"
"1029","620 DOM VIOL R/O","2"
"0628","DOM VIOL R/O","2"
"1268","245 AMB CUTTING","3"
"1602","VIOLENT JUV","2"
"1411","FIGHT","4"
"1268","242 BATTERY DOMESTIC","2"
"1994","415 GROUP FIGHT","3"
"1532","245 DOM VIOL","2"
"0508","620 DOM VIOL","1"
"2029","FIGHT","7"
"0409","BATTERY INVEST","1"
"0361","DOM VIOL SUSP J/L","3"
"0441","242 AMB DOM VIOL","1"
"0118","DOM VIOL R/O","8"
"0164","245 AMB CUTTING","1"
"1739","242 DOM VIOL SUSP","1"
"0668","FIGHT","3"
"0584","918 VIOLENT FEM","1"
"1341","GROUP FIGHT","1"
"2115","DOM VIOL J/O","1"
"1956","BATTERY INVEST","1"
"1792","DOM VIOL","9"
"2005","DOM VIOL SUSP","1"
"1902","245 ADW POSS DOM VIO","1"
"1218","DOM VIOL","39"
"0491","415 GROUP FIGHT","1"
"1823","918 VIOLENT FEM","1"
"0778","GROUP FIGHT","1"
"1985","415 AMB FIGHT","1"
"1861","620 DOM VIOL","11"
"0376","DOM VIOL SUSP NOW","3"
"0439","242 DOM VIOL SUSP","1"
"2036","GROUP FIGHT","2"
"1799","415 FIGHT","2"
"0285","DOM VIOL J/O","1"
"1834","415 FIGHT","2"
"1414","CUTTING INV","1"
"0974","242 BATTERY DOMESTIC","1"
"0628","620 DOM VIOL R/O","1"
"1158","DOM VIOL","7"
"1545","620 DOM VIOL","6"
"0392","415 GROUP FIGHT","2"
"0499","DOM VIOL R/O","5"
"1532","DOM VIOL INVESTIGATI","1"
"1149","BATTERY DOMESTIC VIO","1"
"0834","POSS DOM VIOL","1"
"1941","415 FIGHT","1"
"2029","DOM VIOL SUSP J/L","1"
"1623","415 GROUP FIGHT","1"
"1794","245 AMB DOM VIOL","1"
"1061","FIGHT","1"
"0331","DOM VIOL","12"
"0443","415 FIGHT","2"
"0247","242 AMB DOM VIOL","1"
"1391","AMB CUTTING","2"
"1908","DOM VIOL","13"
"1756","242 DOM VIOL","2"
"1307","VIOLENT FEM","2"
"0266","620 DOM VIOL R/O","2"
"0647","242 BATTERY DOMESTIC","2"
"1219","DOM VIOL SUSP","1"
"1851","AMB DOM VIOL","1"
"1416","242 DOM VIOL","1"
"2022","VIOLENT MALE","2"
"1657","DOM VIOL","24"
"1362","242 BATTERY DOMESTIC","1"
"1181","242 DOM VIOL","3"
"1916","DOM VIOL SUSP J/L","1"
"1362","245 DOM VIOL SUSP NO","3"
"1377","BATTERY INVEST","2"
"0195","FIGHT","2"
"1999","620 DOM VIOL R/O","10"
"0233","242 DOM VIOL","11"
"1266","620 DOM VIOL","26"
"1132","DOM VIOL SUSP","2"
"0515","DOM VIOL SUSP","3"
"1664","242 AMB DOM VIOL","1"
"1716","245 ADW POSS DOM VIO","1"
"1253","245 DOM VIOL IN PROG","1"
"2074","242 DOM VIOL","3"
"0455","242 BATTERY INVEST","1"
"1324","DOM VIOL J/O","1"
"2156","FIGHT","7"
"0424","415 FIGHT","2"
"0711","DOM VIOL","11"
"1245","DOM VIOL SUSP","5"
"1219","VIOLENT MALE/FEM","1"
"2011","620 DOM VIOL R/O","3"
"0904","620 DOM VIOL","5"
"0162","620 DOM VIOL","3"
"0478","DOM VIOL","31"
"1343","242 DOM VIOL SUSP","2"
"1925","DOM VIOL","16"
"1351","245 DOM VIOL SUSP NO","2"
"1133","415 FIGHT","1"
"1962","DOM VIOL INVEST","1"
"0153","BATTERY INVEST","10"
"1988","415 FIGHT","1"
"0926","245 ADW POSS DOM VIO","1"
"0162","620 DOM VIOL R/O","1"
"1256","245 DOM VIOL","4"
"2024","AMB DOM VIOL","1"
"1525","AMB CUTTING","1"
"0939","DOM VIOL R/O","3"
"1846","DOM VIOL INVESTIGATI","1"
"1362","DOM VIOL","37"
"1205","BATTERY DOMESTIC VIO","2"
"0881","415 FIGHT","3"
"1762","VIOLENT MALE","1"
"1566","242 DOM VIOL SUSP","1"
"0966","242 DOM VIOL","1"
"0645","242 BATTERY DOMESTIC","2"
"2114","DOM VIOL SUSP","1"
"1669","DOM VIOL","3"
"0158","620 DOM VIOL","2"
"1327","620 DOM VIOL","2"
"0669","BATTERY INVEST","1"
"1802","VIOLENT MALE","4"
"0215","DOM VIOL","5"
"0832","245 DOM VIOL","1"
"0135","242 BATTERY INVEST","1"
"0379","FIGHT","5"
"1505","242 DOM VIOL","4"
"0952","FIGHT","4"
"0111","POSS DOM VIOL I/P","1"
"1231","POSS DOM VIOL","1"
"1049","FIGHT","3"
"0362","BATTERY INVEST","8"
"1033","DOM VIOL SUSP","1"
"0477","GROUP FIGHT","1"
"2107","620 DOM VIOL","6"
"0171","415 FIGHT","1"
"0275","245 AMB CUTTING","1"
"0131","242 BATTERY INVEST","1"
"1409","DOM VIOL INVESTIGATI","1"
"0261","VIOLENT FEM","1"
"1918","620 DOM VIOL","8"
"0164","POSS DOM VIOL","4"
"1265","DOM VIOL SUSP NOW","3"
"2053","VIOLENT JUV","1"
"0424","GROUP FIGHT","3"
"1821","VIOLENT MALE","1"
"1414","DOM VIOL SUSP","2"
"0233","BATTERY DOMESTIC VIO","1"
"0649","620 DOM VIOL R/O","3"
"0513","BATTERY INVEST","10"
"0393","AMB CUTTING","3"
"1555","GROUP FIGHT","2"
"0416","415 GROUP FIGHT","1"
"1521","620 DOM VIOL R/O","3"
"1987","DOM VIOL SUSP","1"
"0328","242 POSS DOM VIOL","1"
"1511","BATTERY INVEST","1"
"0622","918 VIOLENT FEM","1"
"0514","620 DOM VIOL R/O","2"
"1517","GROUP FIGHT","1"
"0279","620 DOM VIOL","5"
"0515","620 DOM VIOL R/O","6"
"0478","DOM VIOL SUSP","1"
"2049","ASSAULT INVEST","1"
"1829","VIOLENT MALE","2"
"1208","DOM VIOL R/O","20"
"1433","BATTERY DOMESTIC VIO","1"
"2024","BATTERY INVEST","1"
"0646","DOM VIOL R/O","8"
"0356","620 DOM VIOL","7"
"0713","DOM VIOL","12"
"1788","VIOLENT MALE","1"
"1273","245 AMB CUTTING","2"
"0422","415 GROUP FIGHT","1"
"0245","DOM VIOL","47"
"2104","DOM VIOL SUSP","1"
"1231","DOM VIOL","16"
"0935","AMB DOM VIOL SUSP","1"
"0851","FIGHT","3"
"1344","620 DOM VIOL R/O","1"
"1984","245 ADW POSS DOM VIO","1"
"0124","245 AMB CUTTING","1"
"0998","620 DOM VIOL","1"
"0363","GROUP FIGHT","5"
"0379","DOM VIOL SUSP","1"
"0448","DOM VIOL","15"
"1503","242 DOM VIOL","4"
"1915","DOM VIOL SUSP","1"
"0929","918 VIOLENT MALE","1"
"1011","DOM VIOL SUSP J/L","1"
"1979","242 DOM VIOL","2"
"1116","DOM VIOL SUSP NOW","1"
"1681","BATTERY DOMESTIC VIO","1"
"1684","AMB DOM VIOL","2"
"0752","DOM VIOL SUSP","1"
"1235","245 DOM VIOL","2"
"2058","242 AMB DOM VIOL","1"
"1181","DOM VIOL R/O","5"
"0256","415 FIGHT","2"
"0678","242 DOM VIOL","6"
"0477","245 DOM VIOL","1"
"1017","DOM VIOL","4"
"1832","620 DOM VIOL","12"
"1523","FIGHT","3"
"0356","245 DOM VIOL SUSP J/","1"
"1321","GROUP FIGHT","1"
"1323","242 BATTERY INVEST","1"
"2058","BATTERY DOMESTIC VIO","1"
"1211","DOM VIOL","53"
"1715","DOM VIOL R/O VIOLATI","1"
"1203","POSS DOM VIOL","1"
"0626","242 DOM VIOL SUSP","1"
"1443","620 DOM VIOL","2"
"2132","242 DOM VIOL J/O","1"
"1119","242 DOM VIOL","1"
"2056","415 FIGHT","2"
"2138","DOM VIOL R/O","5"
"2046","POSS DOM VIOL","2"
"0657","VIOLENT FEM","1"
"1642","242 DOM VIOL","2"
"0269","620 DOM VIOL","9"
"2145","245 DOM VIOL SUSP NO","1"
"0237","FIGHT","11"
"1803","ADW POSS DOM VIOL","1"
"0461","POSS DOM VIOL","1"
"0362","DOM VIOL IN PROGRESS","4"
"1105","DOM VIOL R/O","1"
"0952","VIOLENT FEM","2"
"1251","DOM VIOL SUSP J/L","4"
"0156","FIGHT","10"
"1971","FIGHT","2"
"0625","DOM VIOL R/O","3"
"1456","FIGHT","2"
"1685","DOM VIOL","23"
"2081","DOM VIOL R/O","3"
"1257","242 AMB DOM VIOL","1"
"1001","POSS DOM VIOL","1"
"0415","FIGHT","3"
"0726","415 GROUP FIGHT","1"
"1159","242 DOM VIOL INVESTI","1"
"1613","DOM VIOL","16"
"1205","415 GROUP FIGHT","2"
"2147","DOM VIOL","6"
"0159","242 AMB DOM VIOL","1"
"0636","242 BATTERY DOMESTIC","2"
"0395","VIOLENT JUV","2"
"1479","415 FIGHT","1"
"1521","FIGHT","3"
"1864","918 VIOLENT JUV","1"
"1027","AMB CUTTING","1"
"0932","245 AMB CUTTING","2"
"1798","DOM VIOL","4"
"0192","415 GROUP FIGHT","1"
"0743","242 DOM VIOL INVESTI","1"
"2175","DOM VIOL INVESTIGATI","1"
"0203","BATTERY INVEST","1"
"1543","620 DOM VIOL","6"
"0833","AMB DOM VIOL","1"
"1256","AMB DOM VIOL","2"
"1504","245 DOM VIOL","1"
"0128","245 DOM VIOL SUSP NO","1"
"1063","DOM VIOL INVESTIGATI","6"
"1985","620 DOM VIOL","19"
"1435","242 DOM VIOL","3"
"0338","DOM VIOL SUSP NOW","1"
"2185","VIOLENT JUV","1"
"2146","245 DOM VIOL SUSP NO","1"
"0725","620 DOM VIOL","1"
"1273","242 DOM VIOL","6"
"1751","CUTTING INV","1"
"1921","620 DOM VIOL R/O","3"
"2157","242 DOM VIOL","14"
"0182","AMB DOM VIOL","4"
"1585","245 ADW","1"
"0551","DOM VIOL","8"
"0632","242 DOM VIOL J/O","1"
"1203","DOM VIOL INVESTIGATI","1"
"0335","245 AMB CUTTING","1"
"0246","242 DOM VIOL SUSP","3"
"0311","242 POSS DOM VIOL","2"
"2161","620 DOM VIOL R/O","1"
"1749","DOM VIOL","14"
"0525","VIOLENT MALE","1"
"1132","918 VIOLENT FEM","1"
"1365","242 AMB DOM VIOL","1"
"1313","DOM VIOL SUSP J/L","2"
"1723","DOM VIOL","8"
"0701","242 DOM VIOL INVESTI","2"
"2033","415 FIGHT","4"
"2134","245 DOM VIOL SUSP NO","1"
"0357","245 CUTTING INV","1"
"1915","BATTERY INVEST","2"
"1393","FIGHT","3"
"0238","242 BATTERY INVEST","1"
"1687","DOM VIOL R/O","10"
"1253","415 FIGHT","3"
"1545","DOM VIOL R/O","4"
"0152","242 DOM VIOL","6"
"0762","DOM VIOL SUSP","2"
"1248","242 DOM VIOL","14"
"0343","DOM VIOL","4"
"1909","242 POSS DOM VIOL","1"
"1215","DOM VIOL","57"
"0131","415 FIGHT","1"
"1375","DOM VIOL R/O","7"
"0563","245 DOM VIOL SUSP NO","3"
"1566","BATTERY INVEST","1"
"1249","242 DOM VIOL SUSP","2"
"1612","FIGHT","7"
"0893","415 FIGHT","1"
"0901","VIOLENT FEM","1"
"1136","DOM VIOL R/O","6"
"1008","AMB CUTTING","2"
"0499","FIGHT","2"
"0448","DOM VIOL IN PROGRESS","1"
"0755","AMB DOM VIOL","1"
"1256","GROUP FIGHT","3"
"0714","DOM VIOL","1"
"2183","620 DOM VIOL","2"
"1024","GROUP FIGHT","2"
"0906","245 DOM VIOL","1"
"1446","FIGHT","4"
"1635","620 DOM VIOL","2"
"0271","DOM VIOL","12"
"0148","BATTERY","1"
"1591","DOM VIOL","10"
"1751","242 DOM VIOL","2"
"1463","242 BATTERY INVEST","1"
"0201","DOM VIOL SUSP","7"
"0314","AMB DOM VIOL","1"
"1267","DOM VIOL INVESTIGATI","1"
"1681","DOM VIOL","15"
"0362","GROUP FIGHT","3"
"0587","242 DOM VIOL","5"
"0151","BATTERY INVEST","3"
"0524","245 DOM VIOL","1"
"1643","BATTERY INVEST","1"
"1485","AMB DOM VIOL","1"
"0266","BATTERY DOMESTIC VIO","3"
"0724","DOM VIOL R/O","2"
"0882","POSS DOM VIOL","2"
"1792","242 AMB DOM VIOL","2"
"0898","918 VIOLENT MALE","1"
"0566","245 AMB DOM VIOL","1"
"0679","DOM VIOL SUSP","2"
"1245","BATTERY","1"
"1479","BATTERY DOMESTIC VIO","1"
"0759","DOM VIOL R/O","2"
"1846","245 DOM VIOL INVEST","1"
"1687","245 AMB CUTTING","1"
"0152","242 BATTERY","1"
"2033","242 DOM VIOL","12"
"0628","242 BATTERY DOMESTIC","1"
"0412","242 DOM VIOL INVESTI","1"
"1951","AMB CUTTING","3"
"1242","DOM VIOL","20"
"1806","DOM VIOL R/O","3"
"1232","BATTERY INVEST","1"
"0852","AMB CUTTING","1"
"1496","DOM VIOL","10"
"0587","BATTERY DOMESTIC VIO","1"
"1844","POSS DOM VIOL","1"
"0762","242 AMB DOM VIOL","1"
"0637","CUTTING INV","1"
"0212","242 BATTERY DOMESTIC","1"
"0467","GROUP FIGHT","2"
"1473","242 AMB DOM VIOL","1"
"1269","DOM VIOL","81"
"0513","AMB CUTTING","1"
"1553","415 FIGHT","1"
"1033","DOM VIOL","22"
"1324","242 POSS DOM VIOL","1"
"1496","620 DOM VIOL","1"
"1861","242 BATTERY INVEST","1"
"1838","242 BATTERY INVEST","3"
"1522","242 DOM VIOL","3"
"2071","BATTERY INVEST","1"
"1414","DOM VIOL","17"
"1491","DOM VIOL R/O","1"
"1333","DOM VIOL SUSP NOW","1"
"1239","VIOLENT JUV","1"
"1215","DOM VIOL SUSP J/L","1"
"0398","BATTERY INVEST","4"
"0174","BATTERY INVEST","2"
"1135","620 DOM VIOL","1"
"1653","242 BATTERY","1"
"0805","242 POSS DOM VIOL","1"
"1794","620 DOM VIOL","7"
"0438","245 CUTTING INV","2"
"2005","242 DOM VIOL","11"
"1682","BATTERY DOMESTIC VIO","1"
"0551","BATTERY DOMESTIC VIO","1"
"0211","FIGHT","1"
"0105","DOM VIOL","2"
"0358","242 BATTERY INVEST","1"
"0946","FIGHT","7"
"0517","620 DOM VIOL R/O","3"
"1771","DOM VIOL","2"
"1762","415 FIGHT","2"
"0666","BATTERY INVEST","7"
"1343","BATTERY INVEST","2"
"0763","DOM VIOL SUSP","2"
"1124","DOM VIOL","24"
"0785","245 DOM VIOL","1"
"0424","AMB CUTTING","1"
"0326","DOM VIOL INVEST","1"
"0355","245 AMB CUTTING","1"
"2031","242 DOM VIOL","7"
"1881","VIOLENT MALE","2"
"0479","BATTERY INVEST","1"
"1347","DOM VIOL","23"
"0783","GROUP FIGHT","1"
"0524","620 DOM VIOL","8"
"0551","GROUP FIGHT","3"
"1347","AMB CUTTING","1"
"1251","620 DOM VIOL R/O","2"
"1405","DOM VIOL SUSP","1"
"1834","245 DOM VIOL SUSP NO","1"
"1235","242 BATTERY DOMESTIC","1"
"0935","242 BATTERY INVEST","1"
"1862","DOM VIOL SUSP NOW","2"
"0952","242 POSS DOM VIOL","2"
"1479","620 DOM VIOL","2"
"0785","415 GROUP FIGHT","2"
"1172","DOM VIOL SUSP","1"
"1145","FIGHT","3"
"2136","DOM VIOL","41"
"0363","245 DOM VIOL IN PROG","1"
"1343","620 DOM VIOL R/O","1"
"1698","DOM VIOL SUSP J/L","1"
"0733","242 DOM VIOL","1"
"1716","DOM VIOL","5"
"1801","AMB DOM VIOL","1"
"1063","242 BATTERY INVEST","4"
"0455","620 DOM VIOL R/O","3"
"1785","620 DOM VIOL R/O","2"
"1764","DOM VIOL J/O","1"
"1618","DOM VIOL R/O","2"
"1959","620 DOM VIOL R/O","2"
"1972","FIGHT","5"
"2029","DOM VIOL R/O","4"
"1918","CUTTING INV","1"
"1831","VIOLENT MALE","2"
"0564","620 DOM VIOL R/O","6"
"1681","VIOLENT MALE","2"
"2069","DOM VIOL SUSP NOW","1"
"1213","242 DOM VIOL SUSP","2"
"0565","FIGHT","4"
"1516","415 GROUP FIGHT","2"
"0428","620 DOM VIOL R/O","2"
"1322","VIOLENT FEM","1"
"1343","BATTERY DOMESTIC VIO","1"
"1003","DOM VIOL","30"
"1031","245 DOM VIOL","1"
"0789","BATTERY","1"
"0528","ADW","1"
"0854","FIGHT","1"
"1793","DOM VIOL R/O","1"
"2071","415 FIGHT","3"
"1258","DOM VIOL SUSP","2"
"1549","DOM VIOL","32"
"1918","DOM VIOL SUSP","2"
"2088","DOM VIOL INVESTIGATI","1"
"1412","415 GROUP FIGHT","2"
"0427","FIGHT","2"
"0161","415 FIGHT","3"
"1801","245 DOM VIOL SUSP","3"
"0774","FIGHT","9"
"0906","245 AMB CUTTING","1"
"0212","AMB DOM VIOL","2"
"1428","242 DOM VIOL","1"
"1676","DOM VIOL INVESTIGATI","1"
"0233","242 DOM VIOL SUSP","3"
"2016","BATTERY INVEST","1"
"0666","415 FIGHT","8"
"1208","DOM VIOL J/O","2"
"1307","DOM VIOL R/O VIOLATI","1"
"0153","AMB DOM VIOL","2"
"0632","245 DOM VIOL","1"
"1838","FIGHT","8"
"0378","DOM VIOL","3"
"1204","245 AMB CUTTING","1"
"1792","242 DOM VIOL","4"
"0501","242 AMB DOM VIOL","1"
"1161","AMB CUTTING","1"
"0914","AMB DOM VIOL SUSP","1"
"0676","DOM VIOL R/O","2"
"0158","DOM VIOL SUSP","3"
"2069","245 DOM VIOL","1"
"0646","242 DOM VIOL SUSP","2"
"1827","242 BATTERY INVEST","1"
"0421","AMB DOM VIOL","1"
"0176","ADW","1"
"1527","245 DOM VIOL SUSP","1"
"1544","415 GROUP FIGHT","1"
"1849","DOM VIOL SUSP NOW","2"
"1487","BATTERY INVEST","2"
"1838","AMB DOM VIOL","4"
"1754","DOM VIOL","13"
"2074","DOM VIOL","21"
"0587","AMB DOM VIOL","1"
"1265","DOM VIOL","64"
"0735","DOM VIOL R/O","1"
"1412","BATTERY INVEST","2"
"0135","ADW POSS DOM VIOL","1"
"1691","242 DOM VIOL","1"
"1172","620 DOM VIOL","3"
"0906","FIGHT","2"
"0468","DOM VIOL R/O","3"
"1008","245 DOM VIOL","1"
"0424","ADW POSS DOM VIOL","1"
"0407","918 VIOLENT MALE","1"
"1458","FIGHT","1"
"0516","DOM VIOL INVESTIGATI","2"
"1353","ADW POSS DOM VIOL","1"
"0141","AMB DOM VIOL","1"
"1268","242 AMB DOM VIOL","3"
"1684","BATTERY INVEST","1"
"0775","620 DOM VIOL R/O","1"
"1526","BATTERY INVEST","1"
"1205","DOM VIOL R/O","13"
"0139","ADW POSS DOM VIOL","1"
"0636","245 DOM VIOL SUSP NO","1"
"2147","245 AMB CUTTING","2"
"1385","415 FIGHT","3"
"2157","FIGHT","5"
"1441","AMB DOM VIOL","1"
"1775","VIOLENT MALE","1"
"1177","VIOLENT MALE","1"
"1925","FIGHT","3"
"0964","CUTTING INV","2"
"0646","242 DOM VIOL J/O","1"
"0565","BATTERY INVEST","2"
"1426","BATTERY INVEST","1"
"1021","VIOLENT JUV","1"
"1653","245 DOM VIOL","2"
"1043","245 DOM VIOL","1"
"1231","242 BATTERY INVEST","1"
"0935","245 DOM VIOL","1"
"2111","918 VIOLENT FEM","1"
"1569","242 BATTERY DOMESTIC","1"
"1248","POSS DOM VIOL","3"
"0905","BATTERY INVEST","3"
"1115","FIGHT","2"
"2031","245 DOM VIOL","3"
"1844","245 DOM VIOL SUSP NO","3"
"0147","415 FIGHT","2"
"2097","242 DOM VIOL","3"
"0747","POSS DOM VIOL","1"
"0265","242 BATTERY DOMESTIC","1"
"2133","DOM VIOL INVEST","1"
"0139","BATTERY INVEST","1"
"0669","620 DOM VIOL","6"
"0303","GROUP FIGHT","1"
"0488","FIGHT","3"
"0564","DOM VIOL J/O","1"
"1977","620 DOM VIOL","6"
"0853","245 AMB CUTTING","2"
"1832","DOM VIOL INVESTIGATI","2"
"1842","BATTERY INVEST","2"
"0627","620 DOM VIOL","1"
"1529","620 DOM VIOL","2"
"1039","245 DOM VIOL","2"
"0758","242 DOM VIOL SUSP","1"
"0392","245 DOM VIOL SUSP","1"
"0627","DOM VIOL R/O","3"
"0407","620 DOM VIOL","2"
"2027","AMB CUTTING","9"
"1775","242 BATTERY INVEST","2"
"1591","VIOLENT FEM","1"
"1364","POSS DOM VIOL","1"
"1788","BATTERY INVEST","1"
"1798","VIOLENT JUV","1"
"1804","242 DOM VIOL","11"
"1601","DOM VIOL","26"
"0356","242 DOM VIOL","7"
"1851","POSS DOM VIOL","2"
"0625","DOM VIOL","10"
"0524","DOM VIOL","33"
"1204","242 DOM VIOL SUSP","1"
"1179","245 AMB CUTTING","1"
"0564","242 DOM VIOL SUSP","1"
"1539","DOM VIOL SUSP NOW","1"
"1144","DOM VIOL SUSP","1"
"0407","242 DOM VIOL SUSP","1"
"2143","AMB DOM VIOL","1"
"1591","VIOLENT MALE","2"
"0853","BATTERY DOMESTIC VIO","3"
"0362","BATTERY DOMESTIC VIO","2"
"0721","620 DOM VIOL","6"
"1547","DOM VIOL SUSP NOW","1"
"0782","GROUP FIGHT","1"
"1516","415 FIGHT","2"
"2128","BATTERY INVEST","2"
"1995","VIOLENT JUV","2"
"1079","GROUP FIGHT","1"
"0441","245 AMB CUTTING","1"
"0974","BATTERY INVEST","1"
"0723","DOM VIOL","2"
"0442","242 DOM VIOL J/O","1"
"0449","242 DOM VIOL INVESTI","1"
"1259","245 DOM VIOL IN PROG","3"
"1643","DOM VIOL R/O","1"
"2126","620 DOM VIOL R/O","1"
"2143","620 DOM VIOL","1"
"2114","620 DOM VIOL R/O","3"
"1001","FIGHT","7"
"1118","BATTERY INVEST","2"
"0438","242 DOM VIOL SUSP","1"
"1684","POSS DOM VIOL","1"
"0842","242 POSS DOM VIOL","1"
"0266","DOM VIOL SUSP NOW","1"
"0152","DOM VIOL","24"
"1959","242 BATTERY INVEST","1"
"0426","242 DOM VIOL","3"
"2189","DOM VIOL R/O","2"
"1925","VIOLENT JUV","1"
"1728","AMB CUTTING","1"
"0129","CUTTING INV","1"
"0647","AMB FIGHT","1"
"1752","245 ADW POSS DOM VIO","1"
"0998","242 DOM VIOL","1"
"2115","415 GROUP FIGHT","1"
"0153","242 BATTERY INVEST","2"
"1151","242 BATTERY INVEST","19"
"0337","POSS DOM VIOL","1"
"1844","DOM VIOL R/O","14"
"1737","AMB DOM VIOL","1"
"1985","415 GROUP FIGHT","1"
"1961","DOM VIOL IN PROGRESS","2"
"2004","DOM VIOL","23"
"1269","918 VIOLENT MALE","1"
"1033","VIOLENT MALE","1"
"1798","620 DOM VIOL","2"
"1984","BATTERY DOMESTIC VIO","2"
"0158","918 VIOLENT FEM","1"
"1029","AMB CUTTING","1"
"1523","DOM VIOL INVESTIGATI","1"
"0219","DOM VIOL R/O","5"
"1543","242 POSS DOM VIOL","1"
"1351","DOM VIOL","49"
"0314","918 VIOLENT FEM","1"
"0319","DOM VIOL R/O","4"
"1961","242 POSS DOM VIOL","2"
"0363","DOM VIOL SUSP NOW","2"
"1205","242 POSS DOM VIOL","1"
"1004","245 CUTTING INV","1"
"2128","242 DOM VIOL","4"
"1243","AMB CUTTING","3"
"1454","620 DOM VIOL","3"
"1988","620 DOM VIOL R/O","1"
"0231","DOM VIOL SUSP","5"
"0829","620 DOM VIOL R/O","1"
"0395","DOM VIOL R/O","33"
"2144","POSS DOM VIOL","2"
"1881","242 DOM VIOL R/O VIO","1"
"0415","242 DOM VIOL","4"
"0395","242 POSS DOM VIOL","3"
"1263","VIOLENT FEM","1"
"0245","VIOLENT FEM","1"
"1205","620 DOM VIOL R/O","2"
"0398","245 AMB CUTTING","1"
"1317","242 BATTERY INVEST","2"
"2183","VIOLENT FEM","1"
"0128","415 GROUP FIGHT","1"
"0362","620 DOM VIOL","18"
"0941","FIGHT","5"
"1822","DOM VIOL J/O","1"
"2013","620 DOM VIOL","1"
"1008","DOM VIOL R/O","3"
"0355","POSS DOM VIOL","2"
"2155","242 AMB DOM VIOL","1"
"0517","GROUP FIGHT","3"
"1983","DOM VIOL R/O","12"
"0638","DOM VIOL","33"
"0529","DOM VIOL SUSP","2"
"1549","415 GROUP FIGHT","1"
"0379","245 AMB CUTTING","4"
"1952","POSS DOM VIOL","2"
"1162","620 DOM VIOL","5"
"1723","DOM VIOL R/O","2"
"0397","242 POSS DOM VIOL","1"
"1984","242 DOM VIOL","16"
"0313","AMB CUTTING","1"
"1959","DOM VIOL SUSP","3"
"1183","242 DOM VIOL","4"
"0379","242 DOM VIOL SUSP","2"
"0459","VIOLENT FEM","1"
"1989","ASSAULT INVEST","1"
"1267","VIOLENT JUV","1"
"0269","918 VIOLENT JUV","1"
"0524","242 DOM VIOL SUSP","3"
"1985","DOM VIOL INVESTIGATI","1"
"0736","245 AMB CUTTING","1"
"1497","DOM VIOL","3"
"0506","242 DOM VIOL","5"
"1257","620 DOM VIOL R/O","1"
"0551","BATTERY INVEST","3"
"0897","415 GROUP FIGHT","1"
"1487","415 FIGHT","1"
"1208","415 FIGHT","2"
"0914","242 AMB DOM VIOL","1"
"0159","FIGHT","1"
"0162","242 AMB DOM VIOL","2"
"0354","VIOLENT FEM","2"
"0779","242 DOM VIOL","1"
"0316","FIGHT","2"
"1351","242 BATTERY DOMESTIC","1"
"1549","POSS DOM VIOL SUSP","1"
"1515","415 GROUP FIGHT","1"
"0395","918 VIOLENT FEM","1"
"0455","242 BATTERY DOMESTIC","1"
"0326","DOM VIOL","22"
"1011","DOM VIOL INVESTIGATI","2"
"0121","DOM VIOL","5"
"0127","DOM VIOL R/O","1"
"0836","FIGHT","2"
"0134","242 DOM VIOL SUSP","1"
"0887","415 FIGHT","1"
"0721","VIOLENT FEM","2"
"2148","DOM VIOL SUSP","1"
"1665","242 DOM VIOL","1"
"2056","620 DOM VIOL R/O","1"
"1463","415 FIGHT","1"
"1684","245 DOM VIOL SUSP","1"
"0834","FIGHT","1"
"1832","BATTERY DOMESTIC VIO","2"
"0811","918 VIOLENT MALE","1"
"0923","BATTERY DOMESTIC VIO","1"
"0105","242 BATTERY INVEST","1"
"2055","415 GROUP FIGHT","2"
"0638","BATTERY INVEST","2"
"0412","620 DOM VIOL","5"
"0394","DOM VIOL","12"
"1532","DOM VIOL SUSP NOW","1"
"1273","918 VIOLENT MALE","1"
"1265","GROUP FIGHT","1"
"1891","DOM VIOL SUSP NOW","1"
"0517","AMB CUTTING","2"
"1842","GROUP FIGHT","4"
"2103","DOM VIOL R/O VIOLATI","1"
"2074","620 DOM VIOL R/O","2"
"1259","242 BATTERY DOMESTIC","1"
"0932","VIOLENT MALE","1"
"0904","245 DOM VIOL","3"
"2173","DOM VIOL","6"
"0247","242 DOM VIOL","5"
"0124","AMB CUTTING","2"
"0752","245 DOM VIOL","1"
"1065","245 AMB DOM VIOL SUS","1"
"0638","DOM VIOL R/O","5"
"1351","245 DOM VIOL","1"
"1685","242 POSS DOM VIOL","2"
"1526","DOM VIOL SUSP NOW","1"
"0911","DOM VIOL SUSP","5"
"1822","ADW POSS DOM VIOL","1"
"1479","DOM VIOL SUSP","3"
"1015","620 DOM VIOL","5"
"1707","BATTERY INVEST","2"
"0933","DOM VIOL R/O","3"
"1263","918 VIOLENT FEM","2"
"2158","POSS DOM VIOL","4"
"1846","918 VIOLENT MALE","2"
"1521","POSS AMB DOM VIOL","1"
"0156","AMB DOM VIOL","3"
"0426","245 CUTTING INV","1"
"1775","242 DOM VIOL","1"
"0857","DOM VIOL","4"
"1805","VIOLENT FEM","1"
"1677","BATTERY INVEST","3"
"1944","BATTERY INVEST","1"
"0357","918 VIOLENT FEM","1"
"1491","FIGHT","8"
"1171","242 POSS DOM VIOL","1"
"0396","FIGHT","11"
"1698","DOM VIOL R/O","1"
"2141","GROUP FIGHT","1"
"0587","245 AMB DOM VIOL","2"
"0505","DOM VIOL","7"
"1351","BATTERY INVEST","2"
"1245","DOM VIOL","65"
"0236","DOM VIOL SUSP","5"
"1265","242 BATTERY INVEST","2"
"0702","DOM VIOL","12"
"1434","DOM VIOL","8"
"0551","242 BATTERY INVEST","1"
"0985","DOM VIOL SUSP J/L","1"
"0135","DOM VIOL SUSP","1"
"2157","AMB FIGHT","1"
"1118","GROUP FIGHT","2"
"1655","FIGHT","1"
"0971","DOM VIOL","10"
"0668","620 DOM VIOL","3"
"0291","620 DOM VIOL R/O","1"
"1821","DOM VIOL","49"
"0726","DOM VIOL","3"
"0376","DOM VIOL J/O","1"
"0637","242 DOM VIOL INVESTI","1"
,"DOM VIOL INVEST","10"
"1141","620 DOM VIOL","1"
"0899","620 DOM VIOL","3"
"1475","BATTERY INVEST","1"
"1135","245 DOM VIOL","1"
"2024","288 ASSAULT INVEST","1"
"1836","242 DOM VIOL J/O","1"
"1795","245 POSS DOM VIOL I/","1"
"2014","BATTERY INVEST","1"
"0238","VIOLENT MALE","1"
"0233","VIOLENT MALE","5"
"0111","FIGHT","12"
"0841","POSS DOM VIOL","1"
"0584","POSS DOM VIOL","2"
"1365","DOM VIOL R/O","8"
"2033","POSS DOM VIOL","1"
"1028","245 DOM VIOL","3"
"1323","AMB CUTTING","2"
"1512","242 DOM VIOL","5"
"1802","245 AMB CUTTING","1"
"1146","620 DOM VIOL","4"
"0402","BATTERY INVEST","1"
"0248","245 AMB CUTTING","2"
"1687","242 POSS DOM VIOL","1"
"0663","BATTERY","1"
"1562","620 DOM VIOL R/O","1"
"0738","620 DOM VIOL R/O","2"
"1545","245 AMB CUTTING","1"
"1406","FIGHT","10"
"0377","245 DOM VIOL SUSP NO","1"
"0134","FIGHT","4"
"1508","242 POSS DOM VIOL","1"
"0312","FIGHT","5"
"2017","242 AMB DOM VIOL","1"
"1045","620 DOM VIOL","3"
"1028","DOM VIOL INVEST","1"
"0249","918 VIOLENT JUV","1"
"0328","CUTTING INV","1"
"0211","242 DOM VIOL INVESTI","1"
"1963","DOM VIOL","15"
"0118","VIOLENT MALE","2"
"2039","620 DOM VIOL R/O","3"
"2063","620 DOM VIOL","4"
"1952","415 FIGHT","2"
"2155","AMB DOM VIOL SUSP","1"
"1169","DOM VIOL IN PROGRESS","1"
"0463","DOM VIOL SUSP J/L","1"
"0926","242 POSS DOM VIOL","3"
"1313","AMB CUTTING","3"
"1801","CUTTING INV","2"
"0638","VIOLENT JUV","1"
"1512","620 DOM VIOL","3"
"0123","AMB DOM VIOL","1"
"1352","DOM VIOL R/O","11"
"1849","415 FIGHT","3"
"0363","242 DOM VIOL SUSP","2"
"1951","DOM VIOL","6"
"2035","242 DOM VIOL","8"
"0524","620 DOM VIOL R/O","1"
"1495","DOM VIOL","1"
"1522","DOM VIOL R/O VIOLATI","1"
"1654","245 DOM VIOL SUSP","1"
"2034","DOM VIOL INVEST","1"
"0645","918 VIOLENT JUV","1"
"1383","AMB CUTTING","4"
"1767","245 ADW POSS DOM VIO","1"
"1901","DOM VIOL","11"
"1862","DOM VIOL R/O","9"
"0428","AMB CUTTING","1"
"0317","DOM VIOL R/O","1"
"1496","DOM VIOL SUSP","1"
"0305","DOM VIOL INVESTIGATI","1"
"0171","620 DOM VIOL","1"
,"245 ADW","1"
"0901","918 VIOLENT JUV","1"
"0963","245 CUTTING INV","1"
"1428","918 VIOLENT FEM","1"
"1133","242 AMB DOM VIOL","1"
"1846","245 DOM VIOL","4"
"0265","620 DOM VIOL","12"
"1693","415 FIGHT","1"
"1615","DOM VIOL","7"
"1994","415 FIGHT","1"
"1406","AMB CUTTING","1"
"1203","DOM VIOL I/P","1"
"0923","242 POSS DOM VIOL","1"
"1205","DOM VIOL","23"
"0191","242 DOM VIOL SUSP","2"
"0397","242 BATTERY INVEST","3"
"1782","FIGHT","3"
"1044","DOM VIOL SUSP NOW","1"
"0119","415 GROUP FIGHT","1"
"2104","242 DOM VIOL","4"
"1617","415 FIGHT","2"
"1881","DOM VIOL","20"
"0919","VIOLENT FEM","1"
"1931","242 DOM VIOL INVESTI","6"
"0155","FIGHT","1"
"2101","AMB DOM VIOL","1"
"2031","415 GROUP FIGHT","1"
"1352","620 DOM VIOL R/O","5"
"1395","245 CUTTING INV","1"
"0182","POSS DOM VIOL","8"
"0238","245 DOM VIOL","2"
"1005","GROUP FIGHT","1"
"1963","FIGHT","6"
"0359","BATTERY INVEST","2"
"0737","POSS DOM VIOL SUSP","1"
"1636","242 DOM VIOL","1"
"0943","POSS DOM VIOL","2"
"0753","DOM VIOL J/O","2"
"1599","BATTERY DOMESTIC VIO","1"
"1065","245 DOM VIOL","1"
"1343","DOM VIOL SUSP","3"
"1966","AMB DOM VIOL","1"
"0979","242 DOM VIOL","2"
"0202","245 DOM VIOL","1"
"1964","DOM VIOL R/O","9"
"1431","AMB CUTTING","1"
"0632","VIOLENT MALE","1"
"1464","242 POSS DOM VIOL","1"
"0802","620 DOM VIOL","2"
"2064","VIOLENT MALE","1"
"1027","VIOLENT MALE","1"
"0585","BATTERY DOMESTIC VIO","1"
"0762","DOM VIOL R/O","19"
"1824","VIOLENT MALE","3"
"1209","620 DOM VIOL R/O","2"
"1473","DOM VIOL","12"
"0335","AMB CUTTING","1"
"0775","DOM VIOL","23"
"0615","VIOLENT FEM","1"
"1257","VIOLENT MALE","2"
"1787","245 DOM VIOL SUSP","1"
"1367","245 DOM VIOL INVEST","1"
"1707","DOM VIOL SUSP","1"
"1468","BATTERY INVEST","1"
"0421","BATTERY DOMESTIC VIO","1"
"1995","DOM VIOL","13"
"1067","DOM VIOL","11"
"0678","POSS DOM VIOL","2"
"0128","DOM VIOL","6"
"0396","245 DOM VIOL SUSP NO","1"
"1829","918 VIOLENT MALE","2"
"1675","242 POSS DOM VIOL","1"
"0669","GROUP FIGHT","2"
"1985","ADW POSS DOM VIOL","1"
"0205","415 FIGHT","1"
"1211","CUTTING INV","1"
"0581","242 DOM VIOL","1"
"2126","BATTERY INVEST","2"
"0645","620 DOM VIOL R/O","10"
"0839","BATTERY DOMESTIC VIO","1"
"1841","242 BATTERY DOMESTIC","1"
"1902","918 VIOLENT MALE","1"
"2019","242 BATTERY INVEST","2"
"1416","DOM VIOL","5"
"2035","242 DOM VIOL SUSP","1"
"1695","DOM VIOL R/O","5"
"0676","GROUP FIGHT","1"
"2055","620 DOM VIOL","5"
"1793","GROUP FIGHT","1"
"1317","245 DOM VIOL","4"
"0736","620 DOM VIOL R/O","1"
"1998","242 DOM VIOL","7"
"1483","DOM VIOL R/O","4"
"1669","DOM VIOL J/O","1"
"0257","DOM VIOL R/O VIOLATI","1"
"0212","620 DOM VIOL","4"
"0308","BATTERY INVEST","3"
"0161","DOM VIOL R/O","2"
"1239","GROUP FIGHT","7"
"2139","FIGHT","7"
"1351","AMB CUTTING","2"
"1088","DOM VIOL SUSP","1"
"0839","242 DOM VIOL SUSP","1"
"0142","245 AMB CUTTING","2"
"1105","620 DOM VIOL","2"
"1519","FIGHT","3"
"2049","DOM VIOL SUSP","2"
"0889","GROUP FIGHT","2"
"1351","DOM VIOL INVESTIGATI","1"
"2011","DOM VIOL J/O","1"
"0929","245 DOM VIOL","1"
"0966","242 DOM VIOL SUSP","1"
"0479","415 FIGHT","2"
"0511","DOM VIOL R/O","8"
"1267","242 BATTERY DOMESTIC","1"
"1331","BATTERY INVEST","2"
"0466","620 DOM VIOL","7"
"2099","242 DOM VIOL","1"
"0299","DOM VIOL R/O","9"
"0736","620 DOM VIOL","1"
"1831","242 DOM VIOL INVESTI","1"
"0466","242 DOM VIOL INVESTI","1"
"1043","242 DOM VIOL","7"
"0111","POSS DOM VIOL SUSP","1"
"1801","FIGHT","9"
"0957","242 AMB DOM VIOL SUS","1"
"1351","ADW POSS DOM VIOL","1"
"0884","242 DOM VIOL","1"
"1838","VIOLENT FEM","2"
"1837","AMB DOM VIOL","2"
"0766","DOM VIOL","5"
"2149","620 DOM VIOL","3"
"1532","620 DOM VIOL","3"
"0525","BATTERY INVEST","2"
"1553","DOM VIOL SUSP","1"
"0849","DOM VIOL SUSP","1"
"1158","BATTERY INVEST","1"
"0666","AMB DOM VIOL","1"
"2133","245 DOM VIOL SUSP","1"
"1904","VIOLENT MALE","2"
"1457","242 DOM VIOL SUSP","1"
"1881","DOM VIOL SUSP","1"
"0321","POSS DOM VIOL","1"
"0622","245 DOM VIOL SUSP NO","1"
"0397","415 FIGHT","3"
"1172","DOM VIOL J/O","1"
"0895","242 DOM VIOL","2"
"0638","245 DOM VIOL IN PROG","1"
"1802","POSS DOM VIOL","5"
"1795","FIGHT","2"
"0192","BATTERY DOMESTIC VIO","1"
"2187","AMB DOM VIOL J/O","1"
"1538","AMB CUTTING","1"
"0391","DOM VIOL","16"
"2023","DOM VIOL R/O","7"
"0271","POSS DOM VIOL","1"
"1909","242 DOM VIOL","1"
"0317","FIGHT","6"
"1462","FIGHT","1"
"0471","242 DOM VIOL","2"
"1411","AMB CUTTING","2"
"0734","620 DOM VIOL R/O","1"
"0257","242 BATTERY INVEST","17"
"1805","DOM VIOL","22"
"2054","AMB DOM VIOL","1"
"0217","VIOLENT MALE","1"
"0165","AMB DOM VIOL","1"
"1126","AMB CUTTING","1"
"0526","GROUP FIGHT","1"
"0236","DOM VIOL R/O","8"
"1345","AMB DOM VIOL","1"
"1755","245 DOM VIOL IN PROG","1"
"1521","GROUP FIGHT","2"
"0317","DOM VIOL SUSP","1"
"2093","DOM VIOL SUSP","2"
"0566","FIGHT","4"
"1346","AMB CUTTING","3"
"1141","245 DOM VIOL IN PROG","1"
"1515","245 DOM VIOL","1"
"0423","245 ADW POSS DOM VIO","2"
"1834","620 DOM VIOL R/O","9"
"2173","FIGHT","1"
"0649","242 DOM VIOL SUSP","2"
"0356","245 DOM VIOL SUSP NO","2"
"0182","620 DOM VIOL R/O","5"
"1961","AMB DOM VIOL","5"
"1826","DOM VIOL INVEST","1"
"1115","DOM VIOL","11"
"0926","918 VIOLENT MALE","2"
"0529","DOM VIOL SUSP J/L","1"
"1738","918 VIOLENT MALE","2"
"2137","242 BATTERY INVEST","3"
"0517","FIGHT","4"
"0733","415 FIGHT","1"
"1783","918 VIOLENT JUV","1"
"0314","GROUP FIGHT","2"
"0668","620 DOM VIOL R/O","1"
"1775","DOM VIOL INVESTIGATI","1"
"1831","245 DOM VIOL IN PROG","1"
"0789","242 BATTERY INVEST","1"
"1547","BATTERY INVEST","2"
"0736","DOM VIOL","2"
"0138","AMB CUTTING","8"
"0332","DOM VIOL R/O","1"
"0904","DOM VIOL INVESTIGATI","1"
"1251","BATTERY INVEST","4"
"2069","AMB CUTTING","3"
"1698","620 DOM VIOL","5"
"0334","BATTERY DOMESTIC VIO","1"
"1738","ADW POSS DOM VIOL","1"
"1979","BATTERY INVEST","1"
"0249","FIGHT","8"
"1035","415 FIGHT","2"
"2136","DOM VIOL INVEST","1"
"0723","CUTTING INV","1"
"0721","245 DOM VIOL","2"
"2157","DOM VIOL SUSP NOW","1"
"0421","DOM VIOL","19"
"0162","242 POSS DOM VIOL","1"
"1539","242 AMB DOM VIOL","1"
"1531","GROUP FIGHT","1"
"1712","DOM VIOL","5"
"0241","242 DOM VIOL SUSP","2"
"1207","620 DOM VIOL","8"
"0773","242 BATTERY DOMESTIC","2"
"1003","242 AMB DOM VIOL","2"
"0235","DOM VIOL SUSP","5"
"1483","242 BATTERY","1"
"1394","AMB CUTTING","4"
"1068","DOM VIOL R/O","1"
"0963","918 VIOLENT FEM","1"
"1555","AMB CUTTING","2"
"0216","620 DOM VIOL R/O","3"
"1119","DOM VIOL","5"
"0646","DOM VIOL J/O","1"
"1722","242 DOM VIOL","3"
"1107","AMB CUTTING","1"
"1987","415 FIGHT","1"
"0142","BATTERY INVEST","1"
"1044","620 DOM VIOL","7"
"0408","AMB DOM VIOL","1"
"1972","AMB DOM VIOL","2"
"2026","245 DOM VIOL","1"
"1515","918 VIOLENT FEM","1"
"1982","245 DOM VIOL SUSP J/","1"
"0376","242 BATTERY DOMESTIC","1"
"2035","245 DOM VIOL SUSP J/","1"
"1803","918 VIOLENT FEM","1"
"1008","415 GROUP FIGHT","3"
"0721","242 DOM VIOL","1"
"0423","245 AMB DOM VIOL","1"
"1826","415 AMB FIGHT","1"
"1761","POSS DOM VIOL","1"
"0836","918 VIOLENT MALE","1"
"1135","620 DOM VIOL R/O","1"
"1283","POSS DOM VIOL","2"
"2076","242 DOM VIOL SUSP","1"
"1208","BATTERY DOMESTIC VIO","2"
"0767","620 DOM VIOL R/O","1"
"0622","415 GROUP FIGHT","1"
"1102","BATTERY INVEST","1"
"1203","242 DOM VIOL J/O","1"
"1658","620 DOM VIOL R/O","1"
"0646","245 AMB CUTTING","3"
"1259","242 DOM VIOL SUSP","2"
"0162","DOM VIOL R/O","9"
"0145","415 FIGHT","1"
"0357","AMB DOM VIOL","1"
"1235","GROUP FIGHT","1"
"1701","AMB DOM VIOL","1"
"1962","620 DOM VIOL","9"
"0901","DOM VIOL INVEST","1"
"1902","242 POSS DOM VIOL","1"
"0442","620 DOM VIOL","3"
"0285","620 DOM VIOL R/O","4"
"1211","242 BATTERY DOMESTIC","1"
"0212","245 ADW POSS DOM VIO","1"
"0825","918 VIOLENT MALE","1"
"1829","620 DOM VIOL R/O","5"
"0313","AMB DOM VIOL","1"
"0279","242 DOM VIOL SUSP","1"
"0666","FIGHT","17"
"2105","242 BATTERY DOMESTIC","1"
"2093","620 DOM VIOL R/O","1"
"1641","245 ADW POSS DOM VIO","1"
"0926","620 DOM VIOL","6"
"0363","DOM VIOL J/O","1"
"2187","918 VIOLENT FEM","1"
"0735","245 DOM VIOL","1"
"1431","DOM VIOL SUSP","2"
"1437","918 VIOLENT MALE","1"
"1961","DOM VIOL INVEST","1"
"1215","AMB CUTTING","5"
"1467","918 VIOLENT FEM","1"
"2157","415 FIGHT","1"
"2107","BATTERY INVEST","1"
"0668","POSS DOM VIOL","2"
"0503","VIOLENT FEM","1"
"1834","AMB CUTTING","1"
,"242 BATTERY","1"
"2038","415 FIGHT","1"
"0914","POSS DOM VIOL","1"
"0201","620 DOM VIOL","9"
"0473","DOM VIOL SUSP","2"
"1656","BATTERY DOMESTIC VIO","1"
"1008","DOM VIOL SUSP NOW","1"
"0295","620 DOM VIOL R/O","1"
"0192","POSS DOM VIOL","2"
"1687","620 DOM VIOL","6"
"0392","918 VIOLENT JUV","1"
"2049","BATTERY DOMESTIC VIO","1"
"1612","DOM VIOL SUSP","4"
"2041","FIGHT","1"
"0181","415 FIGHT","1"
"1924","VIOLENT MALE","1"
"0909","FIGHT","2"
"0969","DOM VIOL","8"
"1799","242 DOM VIOL","1"
"2039","242 DOM VIOL INVESTI","1"
"1463","245 AMB CUTTING","1"
"1936","DOM VIOL","3"
"1832","245 DOM VIOL SUSP J/","1"
"2031","AMB DOM VIOL","1"
"1041","DOM VIOL","11"
"2105","620 DOM VIOL","9"
"1829","620 DOM VIOL","4"
"0399","620 DOM VIOL R/O","1"
"1781","AMB DOM VIOL","1"
"0562","BATTERY INVEST","3"
"1801","242 POSS DOM VIOL","1"
"1361","242 POSS DOM VIOL","2"
"1915","DOM VIOL R/O","2"
"0855","VIOLENT JUV","1"
"0166","DOM VIOL SUSP","1"
"1109","FIGHT","3"
"1533","620 DOM VIOL","2"
"1273","AMB CUTTING","5"
"1911","620 DOM VIOL","1"
"1176","918 VIOLENT FEM","1"
"1151","245 DOM VIOL INVEST","1"
"1832","BATTERY INVEST","3"
"0905","FIGHT","2"
"0246","DOM VIOL J/O","1"
"1538","ADW POSS DOM VIOL","1"
"2145","GROUP FIGHT","2"
"2115","FIGHT","2"
"1538","242 BATTERY INVEST","1"
"0195","DOM VIOL SUSP","1"
"0512","242 DOM VIOL","1"
"0139","FIGHT","6"
"1543","POSS DOM VIOL","1"
"1401","FIGHT","3"
"0391","245 DOM VIOL","1"
"2093","242 AMB DOM VIOL","1"
"0517","242 BATTERY DOMESTIC","1"
"0202","415 FIGHT","1"
"1983","DOM VIOL J/O","1"
"0356","DOM VIOL SUSP NOW","2"
"1153","DOM VIOL","1"
"0406","242 BATTERY DOMESTIC","1"
"1249","415 FIGHT","12"
"0755","DOM VIOL SUSP NOW","1"
"0154","ADW POSS DOM VIOL","1"
"1077","DOM VIOL","1"
"1044","415 FIGHT","1"
"0285","POSS DOM VIOL","2"
"0457","AMB DOM VIOL","1"
"0335","DOM VIOL","5"
"0407","DOM VIOL","13"
"1455","918 VIOLENT MALE","1"
"0541","DOM VIOL SUSP","2"
"1453","242 BATTERY INVEST","1"
"0719","620 DOM VIOL R/O","1"
"2126","DOM VIOL","10"
"0307","620 DOM VIOL R/O","1"
"0515","415 FIGHT","3"
"1753","AMB CUTTING","1"
"0249","242 BATTERY","1"
"1755","DOM VIOL R/O","1"
"1971","AMB DOM VIOL","2"
"1242","BATTERY INVEST","1"
"2177","620 DOM VIOL R/O","2"
"0397","DOM VIOL SUSP","3"
"1454","DOM VIOL R/O","4"
"1972","DOM VIOL INVESTIGATI","1"
"1435","415 FIGHT","2"
"1061","AMB CUTTING","1"
"1525","245 ADW POSS DOM VIO","1"
"0101","242 DOM VIOL INVESTI","1"
"1047","BATTERY","1"
"0706","POSS DOM VIOL I/P","1"
"1479","VIOLENT MALE","2"
"1215","POSS DOM VIOL","2"
"0702","242 BATTERY","1"
"0361","245 DOM VIOL","4"
"0119","BATTERY INVEST","13"
"0702","AMB CUTTING","2"
"1634","415 FIGHT","1"
"0261","AMB CUTTING","3"
"1269","CUTTING INV","2"
"0154","242 BATTERY","1"
"1412","ADW POSS DOM VIOL","1"
"1269","DOM VIOL J/O","1"
"1383","918 VIOLENT JUV","1"
"2022","DOM VIOL SUSP","4"
"0245","DOM VIOL R/O","6"
"0156","AMB FIGHT","1"
"1023","FIGHT","3"
"1512","DOM VIOL IN PROGRESS","1"
"0659","DOM VIOL R/O","1"
"0334","DOM VIOL R/O","4"
"0251","245 DOM VIOL SUSP","1"
"1258","620 DOM VIOL","12"
"1981","620 DOM VIOL","1"
"1831","BATTERY DOMESTIC VIO","2"
"1241","ADW POSS DOM VIOL","2"
"0156","BATTERY INVEST","8"
"0636","GROUP FIGHT","13"
"1841","VIOLENT MALE","1"
"0632","242 DOM VIOL INVESTI","1"
"1531","FIGHT","1"
"0732","DOM VIOL","7"
"1917","242 DOM VIOL","6"
"0567","BATTERY INVEST","1"
"0524","AMB DOM VIOL","1"
"0257","DOM VIOL R/O","18"
"1173","DOM VIOL R/O","1"
"1477","DOM VIOL","4"
"1766","918 VIOLENT JUV","1"
"1513","242 DOM VIOL SUSP","3"
"1477","620 DOM VIOL","1"
"0855","POSS DOM VIOL","1"
"0567","620 DOM VIOL R/O","2"
"1766","415 FIGHT","2"
"0842","242 DOM VIOL SUSP","1"
"0295","BATTERY INVEST","1"
"0154","242 BATTERY INVEST","1"
"0736","FIGHT","2"
"0966","DOM VIOL J/O","1"
"0776","AMB DOM VIOL","1"
"1331","620 DOM VIOL R/O","2"
"0143","620 DOM VIOL","3"
"1078","620 DOM VIOL","1"
"1243","245 DOM VIOL IN PROG","1"
"0261","242 BATTERY DOMESTIC","1"
"0636","245 DOM VIOL","1"
"2156","BATTERY INVEST","2"
"1555","ADW","1"
"1449","VIOLENT MALE","1"
"0111","POSS DOM VIOL","2"
"0238","620 DOM VIOL R/O","2"
"0461","FIGHT","3"
"0338","DOM VIOL","3"
"0463","242 AMB DOM VIOL","1"
"1352","BATTERY INVEST","2"
"0119","VIOLENT MALE","1"
"0964","245 DOM VIOL","1"
"1162","DOM VIOL INVEST","3"
"1322","242 POSS DOM VIOL","1"
"0357","DOM VIOL R/O","6"
"1752","620 DOM VIOL R/O","1"
"0646","415 FIGHT","7"
"1251","ADW POSS DOM VIOL","1"
"0154","245 ADW","1"
"0238","FIGHT","1"
"0532","245 DOM VIOL SUSP J/","1"
"1539","620 DOM VIOL","1"
"1163","620 DOM VIOL","3"
"0646","BATTERY","2"
"0332","207 DOM VIOL J/O","1"
"1964","DOM VIOL SUSP","1"
"1549","DOM VIOL IN PROGRESS","2"
"0859","DOM VIOL SUSP","1"
"1259","242 POSS DOM VIOL","1"
"0487","620 DOM VIOL R/O","1"
"0649","918 VIOLENT FEM","1"
"2031","DOM VIOL SUSP NOW","1"
"1346","242 DOM VIOL","4"
"1754","242 DOM VIOL SUSP","2"
"0473","242 POSS DOM VIOL","1"
"0829","620 DOM VIOL","1"
"0257","ADW POSS DOM VIOL","1"
"0257","BATTERY INVEST","28"
"1028","415 FIGHT","3"
"0163","242 DOM VIOL","4"
"1557","242 AMB DOM VIOL","1"
"1796","FIGHT","2"
"0762","620 DOM VIOL","4"
"1243","BATTERY DOMESTIC VIO","3"
"0565","DOM VIOL SUSP","3"
"1791","BATTERY INVEST","3"
"1657","AMB DOM VIOL","1"
"1146","DOM VIOL INVESTIGATI","1"
"1322","DOM VIOL R/O","16"
"0144","242 DOM VIOL","3"
"0989","AMB CUTTING","1"
"1162","DOM VIOL R/O","4"
"0849","415 FIGHT","2"
"0397","242 DOM VIOL SUSP","1"
"0776","620 DOM VIOL","4"
"0144","DOM VIOL SUSP","1"
"1822","FIGHT","15"
"1152","415 FIGHT","1"
"1581","DOM VIOL","3"
"1684","FIGHT","3"
"1651","DOM VIOL","24"
"0835","620 DOM VIOL","5"
"1307","620 DOM VIOL R/O","3"
"1331","245 DOM VIOL SUSP","1"
"0245","242 DOM VIOL","12"
"0857","245 DOM VIOL","1"
"0375","AMB CUTTING","4"
"1346","620 DOM VIOL R/O","4"
"1169","VIOLENT MALE","2"
"0216","242 BATTERY DOMESTIC","1"
"0646","DOM VIOL INVESTIGATI","1"
"0231","242 DOM VIOL","3"
"1322","245 DOM VIOL","2"
"1841","242 DOM VIOL","12"
"0504","DOM VIOL J/O","1"
"1333","BATTERY DOMESTIC VIO","1"
"1487","GROUP FIGHT","1"
"1689","620 DOM VIOL R/O","1"
"1203","DOM VIOL SUSP NOW","3"
"0331","GROUP FIGHT","2"
"1375","POSS DOM VIOL","2"
"1438","620 DOM VIOL","3"
"0522","620 DOM VIOL","7"
"1313","DOM VIOL R/O","11"
"0659","CUTTING INV","1"
"0317","AMB DOM VIOL","3"
"0489","415 GROUP FIGHT","1"
"1151","242 DOM VIOL","4"
"1844","242 BATTERY INVEST","1"
"1544","DOM VIOL","2"
"0159","DOM VIOL J/O","1"
"0906","AMB DOM VIOL","1"
"1267","FIGHT","10"
"1804","DOM VIOL SUSP","3"
"0256","BATTERY INVEST","3"
"0776","GROUP FIGHT","2"
"1432","620 DOM VIOL R/O","1"
"1864","AMB DOM VIOL","1"
"0407","VIOLENT MALE","1"
"0402","415 FIGHT","1"
"1967","242 DOM VIOL SUSP","1"
"0666","VIOLENT FEM","1"
"0518","242 DOM VIOL","1"
"1267","245 DOM VIOL SUSP NO","5"
"0257","FIGHT","12"
"1902","BATTERY DOMESTIC VIO","1"
"0525","BATTERY DOMESTIC VIO","2"
"0154","DOM VIOL INVEST","1"
"2014","FIGHT","4"
"1149","GROUP FIGHT","1"
"1147","DOM VIOL J/O","1"
"1112","ADW POSS DOM VIOL","1"
"1067","918 VIOLENT FEM","1"
"2016","242 DOM VIOL","6"
"1805","POSS DOM VIOL","2"
"2106","DOM VIOL R/O","14"
"1749","620 DOM VIOL","4"
"1538","245 AMB CUTTING","3"
"2169","DOM VIOL","2"
"1945","242 POSS DOM VIOL","1"
"0429","DOM VIOL SUSP J/L","1"
"1001","620 DOM VIOL R/O","1"
"0185","242 BATTERY DOMESTIC","1"
"0316","AMB CUTTING","3"
"2026","VIOLENT FEM","1"
"0238","VIOLENT FEM","1"
"0564","245 DOM VIOL INVEST","1"
"0776","VIOLENT MALE","1"
"0404","AMB DOM VIOL","1"
"0585","DOM VIOL INVESTIGATI","2"
"2015","242 DOM VIOL INVESTI","1"
"1541","FIGHT","1"
"1657","242 BATTERY INVEST","1"
"1293","AMB CUTTING","1"
"1393","DOM VIOL","30"
"0473","245 DOM VIOL","1"
"1891","245 DOM VIOL","1"
"1698","FIGHT","3"
"0499","242 DOM VIOL","1"
"0336","AMB CUTTING","3"
"2173","245 DOM VIOL SUSP","1"
"1249","242 DOM VIOL","7"
"1665","POSS DOM VIOL","1"
"2019","620 DOM VIOL R/O","1"
"1837","BATTERY INVEST","2"
"1836","BATTERY","1"
"1283","GROUP FIGHT","2"
"1677","415 GROUP FIGHT","1"
"1433","FIGHT","2"
"0285","242 DOM VIOL","7"
"1994","DOM VIOL INVEST","1"
"1151","245 CUTTING INV","2"
"1522","245 CUTTING INV","1"
"0219","DOM VIOL","10"
"0806","620 DOM VIOL","1"
"1158","FIGHT","1"
"0231","BATTERY INVEST","1"
"1934","FIGHT","1"
"1519","620 DOM VIOL","6"
"0765","242 AMB DOM VIOL","1"
"1029","FIGHT","4"
"0246","245 AMB CUTTING","4"
"1283","242 DOM VIOL J/O","2"
"1525","415 FIGHT","2"
"1555","245 DOM VIOL","1"
"1921","VIOLENT JUV","1"
"1245","918 VIOLENT FEM","1"
"0663","DOM VIOL INVESTIGATI","1"
"0656","242 AMB DOM VIOL","1"
"0835","POSS DOM VIOL","1"
"0329","AMB DOM VIOL","1"
"0161","AMB CUTTING","1"
"1995","DOM VIOL R/O VIOLATI","1"
"0133","CUTTING INV","1"
"0489","242 BATTERY INVEST","1"
"1971","415 FIGHT","1"
"2071","AMB DOM VIOL","1"
"1004","DOM VIOL R/O","6"
"0453","DOM VIOL R/O","5"
"1322","620 DOM VIOL","7"
"0327","245 DOM VIOL SUSP","1"
"2055","DOM VIOL J/O","1"
"2103","DOM VIOL SUSP J/L","1"
"1543","242 DOM VIOL","4"
"0121","DOM VIOL SUSP NOW","1"
"1249","242 DOM VIOL J/O","1"
"0759","242 BATTERY DOMESTIC","2"
"2024","DOM VIOL","25"
"0316","BATTERY DOMESTIC VIO","2"
"0645","DOM VIOL SUSP NOW","2"
"1514","620 DOM VIOL","4"
"0615","242 DOM VIOL","4"
"1485","245 DOM VIOL","1"
"2026","242 DOM VIOL SUSP","1"
"1918","242 BATTERY DOMESTIC","1"
"0759","DOM VIOL J/O","1"
"1685","BATTERY DOMESTIC VIO","1"
"1911","DOM VIOL SUSP","1"
"1751","242 BATTERY DOMESTIC","1"
"0914","AMB CUTTING","1"
"2132","DOM VIOL","5"
"1177","415 GROUP FIGHT","1"
"0257","GROUP FIGHT","1"
"1128","242 POSS DOM VIOL","2"
"0784","415 GROUP FIGHT","1"
"2022","620 DOM VIOL R/O","2"
"0245","245 ADW","1"
"1521","620 DOM VIOL","4"
"2015","DOM VIOL INVESTIGATI","1"
"1959","918 VIOLENT MALE","1"
"1539","DOM VIOL R/O","3"
"1067","CUTTING INV","1"
"0963","DOM VIOL R/O","5"
"0237","242 BATTERY INVEST","1"
"1443","207 DOM VIOL SUSP J/","1"
"2155","620 DOM VIOL","12"
"1901","620 DOM VIOL","2"
"1663","242 DOM VIOL","6"
"0336","620 DOM VIOL","2"
"1256","BATTERY DOMESTIC VIO","1"
"0755","620 DOM VIOL","1"
"1619","VIOLENT MALE","3"
"1352","245 DOM VIOL","3"
"1233","DOM VIOL R/O","3"
"0295","245 CUTTING INV","1"
"0468","245 AMB CUTTING","1"
"0357","415 GROUP FIGHT","2"
"1105","DOM VIOL SUSP","1"
"0165","AMB DOM VIOL J/O","1"
"0217","242 DOM VIOL","1"
"1373","415 FIGHT","1"
"1361","VIOLENT MALE","1"
"2139","ADW POSS DOM VIOL","1"
"1918","242 BATTERY INVEST","2"
"1157","620 DOM VIOL","1"
"1982","415 GROUP FIGHT","1"
"2145","620 DOM VIOL","3"
"1393","DOM VIOL IN PROGRESS","1"
"1015","415 FIGHT","2"
"1207","BATTERY INVEST","4"
"1001","918 VIOLENT MALE","1"
"1049","DOM VIOL","3"
"1007","242 DOM VIOL","1"
"1265","245 DOM VIOL","3"
"1354","AMB CUTTING","1"
"0515","DOM VIOL SUSP NOW","1"
"1761","DOM VIOL R/O","2"
"1377","DOM VIOL","14"
"1343","FIGHT","5"
"1204","AMB CUTTING","4"
"0943","FIGHT","1"
"1431","415 GROUP FIGHT","2"
"1347","DOM VIOL R/O","8"
"1489","242 DOM VIOL","1"
"2177","VIOLENT FEM","2"
"1323","415 FIGHT","2"
"1431","245 DOM VIOL","2"
"1245","620 DOM VIOL","17"
"1433","620 DOM VIOL","3"
"1309","FIGHT","8"
"0356","415 FIGHT","3"
"1375","DOM VIOL INVESTIGATI","1"
"2024","245 DOM VIOL","2"
"0497","DOM VIOL R/O","5"
"2004","POSS DOM VIOL","1"
"1587","VIOLENT FEM","1"
"0734","620 DOM VIOL","3"
"1779","620 DOM VIOL","1"
"0157","245 DOM VIOL SUSP NO","1"
"1838","VIOLENT MALE","2"
"2189","245 DOM VIOL","1"
"0541","GROUP FIGHT","3"
"0118","DOM VIOL INVEST","1"
"0398","AMB DOM VIOL","2"
"0145","FIGHT","6"
"1911","DOM VIOL R/O","1"
"0857","BATTERY INVEST","1"
"0632","242 DOM VIOL","3"
"2128","AMB DOM VIOL","1"
"1472","245 AMB CUTTING","1"
"0906","415 FIGHT","1"
"0941","245 AMB CUTTING","1"
"0437","242 AMB DOM VIOL","1"
"2132","BATTERY INVEST","1"
"0457","DOM VIOL SUSP J/L","1"
"0851","918 VIOLENT MALE","1"
"1881","BATTERY INVEST","1"
"0663","BATTERY INVEST","2"
"0722","BATTERY INVEST","2"
"1902","VIOLENT MALE","2"
"2107","242 AMB DOM VIOL","1"
"0914","ADW POSS DOM VIOL","2"
"0216","242 DOM VIOL SUSP","1"
"0182","242 DOM VIOL SUSP","3"
"0289","245 DOM VIOL","1"
"1146","DOM VIOL","8"
"0464","620 DOM VIOL R/O","8"
"0677","DOM VIOL SUSP NOW","1"
"0807","242 BATTERY INVEST","1"
"0622","DOM VIOL SUSP","2"
"1142","245 CUTTING INV","1"
"1502","DOM VIOL","10"
"0632","620 DOM VIOL","7"
"1132","POSS DOM VIOL","1"
"2145","242 DOM VIOL","4"
"2103","DOM VIOL R/O","4"
"1006","DOM VIOL R/O","4"
"2138","918 VIOLENT JUV","1"
"0166","245 DOM VIOL","1"
"0281","620 DOM VIOL","2"
"0497","207 DOM VIOL","1"
"0152","245 AMB CUTTING","2"
"2076","245 ADW POSS DOM VIO","1"
"1834","DOM VIOL SUSP","1"
"0649","FIGHT","1"
"2041","620 DOM VIOL","1"
"0848","DOM VIOL","2"
"1782","AMB CUTTING","2"
"0159","BATTERY DOMESTIC VIO","1"
"1529","AMB CUTTING","1"
"0131","620 DOM VIOL","2"
"1665","FIGHT","1"
"0421","242 DOM VIOL SUSP","1"
"1251","FIGHT","12"
"2139","DOM VIOL R/O","3"
"1211","VIOLENT MALE","5"
"0424","AMB DOM VIOL","1"
"0782","AMB CUTTING","1"
"1219","GROUP FIGHT","1"
"0163","BATTERY INVEST","2"
"1414","DOM VIOL R/O","4"
"1248","DOM VIOL J/O","1"
"2158","242 DOM VIOL","13"
"1354","BATTERY INVEST","1"
"0119","620 DOM VIOL","4"
"1989","245 DOM VIOL","1"
"1021","918 VIOLENT MALE","5"
"1822","245 DOM VIOL SUSP J/","2"
"1792","DOM VIOL SUSP","1"
"0331","FIGHT","3"
"0317","242 BATTERY INVEST","2"
"0355","VIOLENT FEM","1"
"2103","242 DOM VIOL","3"
"0489","DOM VIOL SUSP","1"
"0321","242 BATTERY DOMESTIC","1"
"1039","620 DOM VIOL","9"
"1735","BATTERY DOMESTIC VIO","1"
"1453","242 DOM VIOL","4"
"1406","DOM VIOL SUSP","1"
"0153","VIOLENT MALE","2"
"1551","VIOLENT FEM","1"
"0752","BATTERY INVEST","1"
"1699","DOM VIOL","6"
"1637","242 DOM VIOL","1"
"0395","245 DOM VIOL SUSP J/","2"
"2126","918 VIOLENT MALE","2"
"1516","918 VIOLENT MALE","1"
"2025","POSS DOM VIOL","4"
"0752","AMB DOM VIOL","1"
"1516","BATTERY INVEST","4"
"0899","620 DOM VIOL R/O","2"
"0275","242 BATTERY DOMESTIC","1"
"0257","242 POSS DOM VIOL","3"
"2125","620 DOM VIOL","5"
"1138","GROUP FIGHT","1"
"2081","BATTERY","1"
"0724","AMB CUTTING","2"
"0166","AMB DOM VIOL","4"
"0937","242 AMB DOM VIOL","1"
"1999","242 BATTERY INVEST","12"
"2118","242 DOM VIOL","2"
"1705","DOM VIOL R/O","1"
"0158","POSS DOM VIOL","2"
"2029","DOM VIOL INVESTIGATI","1"
"1438","DOM VIOL","4"
"0644","VIOLENT JUV","1"
"1862","242 BATTERY INVEST","2"
"1333","415 FIGHT","1"
"0517","DOM VIOL SUSP","1"
"0192","DOM VIOL INVESTIGATI","15"
"2196","DOM VIOL","11"
"1752","242 DOM VIOL","3"
"1125","DOM VIOL","5"
"1991","VIOLENT MALE","1"
"2053","242 DOM VIOL SUSP","1"
"0782","ADW POSS DOM VIOL","1"
"1213","BATTERY INVEST","2"
"1934","242 DOM VIOL INVESTI","1"
"1522","245 DOM VIOL SUSP NO","1"
"0378","415 FIGHT","2"
"1538","415 GROUP FIGHT","2"
"0985","620 DOM VIOL R/O","2"
"1842","DOM VIOL J/O","1"
"0392","BATTERY DOMESTIC VIO","1"
"0375","620 DOM VIOL","9"
"0743","DOM VIOL","4"
"1347","DOM VIOL SUSP","3"
"1521","242 POSS DOM VIOL","1"
"1832","242 DOM VIOL","12"
"1133","DOM VIOL R/O","2"
"2196","DOM VIOL J/O","1"
"1161","DOM VIOL","12"
"0627","245 DOM VIOL","1"
"1268","ADW","1"
"1931","DOM VIOL","1"
"0363","AMB DOM VIOL","4"
"0182","245 DOM VIOL SUSP","2"
"0564","245 DOM VIOL SUSP","1"
"1321","POSS DOM VIOL","2"
"1267","245 DOM VIOL SUSP J/","1"
"1119","DOM VIOL INVESTIGATI","1"
"1526","AMB DOM VIOL","1"
"0335","242 BATTERY DOMESTIC","2"
"1782","415 GROUP FIGHT","1"
"1645","242 BATTERY DOMESTIC","1"
"0334","620 DOM VIOL R/O","3"
"0532","DOM VIOL R/O VIOLATI","1"
"1309","DOM VIOL R/O","3"
"1529","DOM VIOL INVESTIGATI","1"
"0946","245 DOM VIOL","1"
"0459","AMB CUTTING","1"
"2183","620 DOM VIOL R/O","2"
"1472","DOM VIOL","5"
"0705","DOM VIOL R/O","2"
"0914","242 DOM VIOL INVESTI","3"
"1362","DOM VIOL SUSP","1"
"1209","DOM VIOL","8"
"2071","242 AMB DOM VIOL","1"
"1269","ADW POSS DOM VIOL","2"
"1322","415 FIGHT","1"
"2029","DOM VIOL SUSP NOW","1"
"2001","VIOLENT MALE","1"
"1132","AMB DOM VIOL","1"
"1037","FIGHT","3"
"1235","DOM VIOL R/O","3"
"1024","DOM VIOL","23"
"1178","GROUP FIGHT","1"
"0964","242 DOM VIOL SUSP","1"
"1476","DOM VIOL","2"
"0359","GROUP FIGHT","1"
"1841","415 FIGHT","4"
"0478","620 DOM VIOL","8"
"0353","DOM VIOL","8"
"1718","DOM VIOL","7"
"1249","242 AMB DOM VIOL","1"
"0919","DOM VIOL J/O","2"
"1003","BATTERY INVEST","2"
"0567","MAJ GRP FIGHT","1"
"1434","VIOLENT MALE","1"
"1011","918 VIOLENT MALE","1"
"1137","DOM VIOL R/O VIOLATI","1"
"2187","415 FIGHT","2"
"0299","DOM VIOL INVEST","1"
"1969","DOM VIOL SUSP","1"
"0355","BATTERY INVEST","3"
"2076","620 DOM VIOL","7"
"0929","620 DOM VIOL R/O","3"
"0393","DOM VIOL R/O","2"
"0397","AMB FIGHT","1"
"1794","DOM VIOL","30"
"0935","242 BATTERY DOMESTIC","1"
"1005","918 VIOLENT FEM","1"
"0985","DOM VIOL","26"
"1004","245 DOM VIOL","2"
"1555","242 DOM VIOL","9"
"0713","AMB FIGHT","1"
"1827","VIOLENT JUV","2"
"1344","415 GROUP FIGHT","1"
"1043","242 DOM VIOL SUSP","1"
"0266","GROUP FIGHT","2"
"1834","242 DOM VIOL SUSP","1"
"2069","DOM VIOL INVESTIGATI","1"
"0423","620 DOM VIOL R/O","2"
"0257","242 DOM VIOL","11"
"1431","POSS DOM VIOL","1"
"0849","BATTERY INVEST","6"
"1043","620 DOM VIOL R/O","5"
"1001","245 DOM VIOL SUSP","1"
"1995","620 DOM VIOL","3"
"0461","415 FIGHT","1"
"2139","BATTERY INVEST","1"
"1267","DOM VIOL R/O","9"
"1991","DOM VIOL SUSP NOW","1"
"0941","DOM VIOL INVESTIGATI","1"
"1654","415 FIGHT","4"
"1124","242 DOM VIOL","2"
"1313","BATTERY INVEST","2"
"0905","GROUP FIGHT","2"
"0939","242 DOM VIOL","1"
"0847","GROUP FIGHT","1"
"0303","DOM VIOL SUSP","1"
"0415","DOM VIOL R/O","2"
"0132","245 AMB CUTTING","1"
"0393","ADW POSS DOM VIOL","1"
"0165","AMB CUTTING","6"
"0439","AMB DOM VIOL","1"
"1309","242 DOM VIOL SUSP","1"
"0257","BATTERY","1"
"0329","FIGHT","1"
"1555","FIGHT","18"
"1905","620 DOM VIOL R/O","1"
"1075","242 DOM VIOL","3"
"1094","DOM VIOL J/O","1"
"1258","415 GROUP FIGHT","1"
"0749","BATTERY DOMESTIC VIO","1"
"1494","DOM VIOL","2"
"0851","242 DOM VIOL SUSP","1"
"0723","FIGHT","5"
"0784","620 DOM VIOL","3"
"1548","AMB CUTTING","2"
"2022","620 DOM VIOL","9"
"1642","GROUP FIGHT","1"
"1267","242 AMB DOM VIOL","1"
"1383","DOM VIOL","44"
"2079","AMB CUTTING","1"
"1641","620 DOM VIOL R/O","1"
"0563","245 DOM VIOL SUSP","1"
"0647","BATTERY DOMESTIC VIO","1"
"1849","242 DOM VIOL SUSP","1"
"1351","245 ADW POSS DOM VIO","1"
"1656","DOM VIOL","8"
"2134","242 DOM VIOL SUSP","1"
"1793","242 DOM VIOL SUSP","1"
"1322","GROUP FIGHT","2"
"1123","VIOLENT MALE","2"
"2083","DOM VIOL","6"
"2126","DOM VIOL R/O","5"
"1846","245 AMB CUTTING","3"
"0929","BATTERY","1"
"1515","620 DOM VIOL R/O","3"
"1745","620 DOM VIOL","3"
"1687","AMB DOM VIOL SUSP","1"
"1589","DOM VIOL R/O","2"
"0734","242 POSS DOM VIOL","1"
"1248","BATTERY INVEST","2"
"0765","BATTERY INVEST","2"
"0332","245 DOM VIOL SUSP J/","1"
"1837","245 AMB DOM VIOL","1"
"2033","242 DOM VIOL INVESTI","1"
"1342","242 POSS DOM VIOL","1"
"1991","242 DOM VIOL","14"
"1805","620 DOM VIOL","5"
"2104","DOM VIOL SUSP NOW","1"
"1365","DOM VIOL","35"
"1721","BATTERY DOMESTIC VIO","1"
"0519","415 FIGHT","1"
"1039","242 DOM VIOL SUSP","2"
"0135","245 DOM VIOL SUSP","1"
"0314","AMB CUTTING","1"
"2014","620 DOM VIOL R/O","3"
"0566","DOM VIOL IN PROGRESS","1"
"0637","918 VIOLENT FEM","1"
"0312","AMB DOM VIOL","2"
"1039","245 AMB CUTTING","1"
"1039","DOM VIOL R/O","6"
"1351","242 DOM VIOL","3"
"1476","242 DOM VIOL","1"
"1031","DOM VIOL","10"
"1767","242 DOM VIOL","4"
"0459","ASSAULT INVEST","1"
"0919","242 DOM VIOL SUSP","2"
"1215","AMB DOM VIOL","4"
"0237","GROUP FIGHT","1"
"1768","620 DOM VIOL","4"
"0159","DOM VIOL R/O","2"
"0933","AMB DOM VIOL","1"
"1682","245 ADW","1"
"1041","DOM VIOL SUSP NOW","1"
"1831","VIOLENT FEM","3"
"1737","918 VIOLENT FEM","1"
"1519","242 BATTERY DOMESTIC","1"
"1517","242 DOM VIOL J/O","1"
"1047","BATTERY INVEST","1"
"1468","DOM VIOL R/O VIOLATI","1"
"1137","DOM VIOL","3"
"0488","BATTERY INVEST","1"
"1681","DOM VIOL INVESTIGATI","1"
"1966","DOM VIOL R/O","6"
"1794","DOM VIOL SUSP","2"
"1757","DOM VIOL R/O","3"
"1047","620 DOM VIOL","5"
"1991","415 FIGHT","1"
"1256","620 DOM VIOL","10"
"1147","242 BATTERY DOMESTIC","1"
"0192","AMB CUTTING","9"
"1511","DOM VIOL R/O","1"
"1449","BATTERY INVEST","2"
"2187","918 VIOLENT JUV","2"
"2033","620 DOM VIOL","8"
"1548","620 DOM VIOL R/O","12"
"0584","FIGHT","2"
"0727","BATTERY INVEST","2"
"0929","FIGHT","3"
"0426","918 VIOLENT FEM","1"
"0529","620 DOM VIOL R/O","2"
"1958","620 DOM VIOL R/O","2"
"0285","415 GROUP FIGHT","1"
"0319","GROUP FIGHT","1"
"0717","VIOLENT MALE","1"
"1837","620 DOM VIOL","11"
"2107","242 DOM VIOL J/O","1"
"0437","DOM VIOL SUSP NOW","1"
"2019","245 DOM VIOL SUSP J/","2"
"1269","242 DOM VIOL INVESTI","1"
"2136","FIGHT","6"
"2014","242 DOM VIOL","3"
"1178","242 DOM VIOL","2"
"1266","415 GROUP FIGHT","1"
"1024","FIGHT","2"
"1003","GROUP FIGHT","2"
"0128","AMB CUTTING","2"
"0376","242 DOM VIOL INVESTI","2"
"1495","FIGHT","1"
"1621","DOM VIOL R/O","9"
"1503","AMB CUTTING","1"
"1881","DOM VIOL R/O","5"
"0955","242 BATTERY INVEST","1"
"1441","415 FIGHT","2"
"0246","245 DOM VIOL SUSP NO","2"
"1345","BATTERY INVEST","1"
"0701","242 DOM VIOL","5"
"0517","242 DOM VIOL SUSP","1"
"1353","242 DOM VIOL","14"
"1463","242 DOM VIOL","2"
"0393","415 FIGHT","3"
"0509","DOM VIOL R/O","7"
"1701","VIOLENT FEM","1"
"2033","245 DOM VIOL","2"
"1243","CUTTING INV","1"
"1027","620 DOM VIOL","4"
"2058","415 GROUP FIGHT","1"
"1919","FIGHT","1"
"0415","918 VIOLENT MALE","1"
"0338","620 DOM VIOL R/O","2"
"0269","DOM VIOL","36"
"0414","FIGHT","2"
"1802","AMB DOM VIOL","4"
"0636","242 DOM VIOL","14"
"1523","DOM VIOL INVEST","1"
"0625","242 DOM VIOL J/O","1"
"1515","415 FIGHT","6"
"1268","918 VIOLENT JUV","1"
"1945","620 DOM VIOL R/O","1"
"1903","DOM VIOL INVEST","1"
"0765","415 FIGHT","3"
"0622","DOM VIOL SUSP NOW","1"
"0413","242 POSS DOM VIOL","1"
"1134","DOM VIOL SUSP","1"
"2017","GROUP FIGHT","1"
"1158","620 DOM VIOL R/O","1"
"0669","BATTERY DOMESTIC VIO","1"
"1827","VIOLENT FEM","1"
"2005","DOM VIOL R/O","5"
"1426","FIGHT","1"
"1047","245 DOM VIOL SUSP NO","1"
"1505","DOM VIOL","10"
"1327","BATTERY INVEST","1"
"0154","245 AMB CUTTING","2"
"1791","BATTERY DOMESTIC VIO","1"
"0361","620 DOM VIOL","23"
"1019","245 DOM VIOL","1"
"0631","DOM VIOL","6"
"0315","242 DOM VIOL SUSP","1"
"1259","POSS DOM VIOL","4"
"1361","620 DOM VIOL R/O","4"
"1756","242 AMB DOM VIOL","1"
"1862","AMB CUTTING","4"
"1983","620 DOM VIOL R/O","5"
"0147","245 AMB CUTTING","5"
"1496","BATTERY INVEST","1"
"0663","VIOLENT FEM","1"
"0648","DOM VIOL J/O","1"
"1849","POSS DOM VIOL","2"
"0515","918 VIOLENT FEM","1"
"0249","AMB DOM VIOL","4"
"2016","245 DOM VIOL SUSP","1"
"1412","AMB CUTTING","6"
"2175","242 DOM VIOL","7"
"1851","245 ADW POSS DOM VIO","1"
"1975","415 FIGHT","1"
"1801","ADW POSS DOM VIOL","1"
"1759","620 DOM VIOL R/O","1"
"0916","620 DOM VIOL","1"
"0266","DOM VIOL R/O","5"
"1523","DOM VIOL SUSP","2"
"1782","DOM VIOL","12"
"1657","VIOLENT FEM","1"
"0507","242 POSS DOM VIOL","2"
"1414","BATTERY INVEST","3"
"1172","BATTERY DOMESTIC VIO","1"
"1109","DOM VIOL","10"
"1043","415 FIGHT","3"
"2136","415 GROUP FIGHT","1"
"0788","245 DOM VIOL SUSP NO","1"
"0437","620 DOM VIOL","4"
"2133","DOM VIOL SUSP","1"
"0898","242 POSS DOM VIOL","1"
"1024","242 DOM VIOL","4"
"0398","VIOLENT FEM","1"
"0581","AMB CUTTING","1"
"1134","620 DOM VIOL","1"
"1239","242 DOM VIOL","11"
"1633","AMB CUTTING","1"
"0981","VIOLENT FEM","1"
"0566","DOM VIOL SUSP","2"
"0467","245 AMB CUTTING","3"
"0628","VIOLENT MALE","1"
"1256","DOM VIOL SUSP J/L","2"
"1904","620 DOM VIOL","1"
"1172","620 DOM VIOL R/O","1"
"1045","DOM VIOL SUSP","1"
"1821","245 AMB CUTTING","2"
"1431","BATTERY INVEST","4"
"0529","245 AMB DOM VIOL","1"
"1307","245 DOM VIOL","2"
"1757","415 FIGHT","1"
"0245","245 AMB CUTTING","4"
"0407","BATTERY INVEST","1"
"1067","DOM VIOL INVESTIGATI","1"
"1764","620 DOM VIOL R/O","4"
"1409","FIGHT","7"
"1999","DOM VIOL INVEST","3"
"0219","245 DOM VIOL R/O","1"
"1931","GROUP FIGHT","1"
"2183","DOM VIOL","6"
"1345","245 DOM VIOL SUSP","1"
"0529","VIOLENT MALE","1"
"0532","245 CUTTING INV","1"
"1257","DOM VIOL J/O","1"
"1595","DOM VIOL SUSP","1"
"0471","DOM VIOL INVESTIGATI","1"
"1031","918 VIOLENT JUV","1"
"1599","CUTTING INV","1"
"1788","620 DOM VIOL","1"
"1459","DOM VIOL R/O","1"
"0462","DOM VIOL","4"
"0648","245 AMB CUTTING","1"
"1756","620 DOM VIOL","4"
"1752","VIOLENT FEM","1"
"0789","DOM VIOL R/O","3"
"1346","VIOLENT MALE","1"
"0525","POSS DOM VIOL SUSP","1"
"2157","245 DOM VIOL","1"
"1532","ADW POSS DOM VIOL","2"
"0261","918 VIOLENT MALE","2"
"1806","DOM VIOL","28"
"1354","242 DOM VIOL","2"
"1017","245 AMB CUTTING","1"
"1176","245 DOM VIOL INVEST","1"
"1361","620 DOM VIOL","9"
"2042","AMB DOM VIOL","1"
"0135","VIOLENT MALE","1"
"0164","242 DOM VIOL R/O VIO","1"
"0473","AMB CUTTING","3"
"1283","242 DOM VIOL","10"
"1864","DOM VIOL J/O","1"
"1958","620 DOM VIOL","2"
"1239","DOM VIOL","50"
"1383","AMB DOM VIOL","1"
"1747","DOM VIOL","12"
"1654","DOM VIOL R/O","7"
"0164","415 FIGHT","5"
"0752","242 DOM VIOL","1"
"2005","242 DOM VIOL J/O","1"
"2083","242 DOM VIOL","1"
"1747","245 DOM VIOL","1"
"0943","BATTERY DOMESTIC VIO","1"
"0648","242 DOM VIOL INVESTI","1"
"1496","AMB FIGHT","1"
"0631","415 FIGHT","1"
"1265","DOM VIOL INVESTIGATI","1"
"0806","FIGHT","1"
"0849","DOM VIOL","16"
"0755","DOM VIOL","12"
"1995","FIGHT","2"
"1695","AMB DOM VIOL","2"
"0471","245 AMB CUTTING","1"
"1503","242 DOM VIOL SUSP","1"
"1641","DOM VIOL INVESTIGATI","2"
"1959","BATTERY DOMESTIC VIO","1"
"1654","242 BATTERY DOMESTIC","2"
"1041","242 DOM VIOL","3"
"0231","242 DOM VIOL SUSP","1"
"0505","GROUP FIGHT","1"
"0885","FIGHT","2"
"2159","620 DOM VIOL R/O","1"
"2005","POSS DOM VIOL","3"
"0909","620 DOM VIOL R/O","2"
"1145","242 BATTERY DOMESTIC","1"
"1162","242 DOM VIOL","5"
"1675","DOM VIOL R/O","1"
"0946","AMB CUTTING","1"
"1677","242 DOM VIOL SUSP","1"
"1012","245 DOM VIOL","1"
"1009","415 FIGHT","1"
"0158","DOM VIOL","26"
"1047","415 FIGHT","1"
"2024","620 DOM VIOL","7"
"1621","245 DOM VIOL SUSP NO","1"
"2102","DOM VIOL","2"
"1839","VIOLENT FEM","1"
"0668","DOM VIOL SUSP","2"
"0642","620 DOM VIOL","1"
"1557","415 FIGHT","3"
"2105","DOM VIOL INVESTIGATI","1"
"1273","POSS DOM VIOL","2"
"0174","245 DOM VIOL SUSP NO","1"
"2113","620 DOM VIOL","4"
"2039","DOM VIOL","40"
"1531","620 DOM VIOL","1"
"0762","BATTERY INVEST","3"
"1958","BATTERY DOMESTIC VIO","1"
"1005","DOM VIOL R/O","3"
"0328","AMB CUTTING","1"
"1024","BATTERY INVEST","1"
"1263","DOM VIOL SUSP NOW","2"
"1987","DOM VIOL R/O","6"
"1824","918 VIOLENT FEM","1"
"1322","BATTERY INVEST","1"
"0776","242 DOM VIOL","3"
"0359","620 DOM VIOL","1"
"0914","DOM VIOL IN PROGRESS","1"
"2132","DOM VIOL R/O","1"
"1846","242 BATTERY INVEST","1"
"0524","242 AMB DOM VIOL","1"
"1533","DOM VIOL R/O","1"
"1548","242 DOM VIOL","12"
"1827","242 DOM VIOL INVESTI","1"
"1385","242 DOM VIOL SUSP","1"
"0237","242 DOM VIOL SUSP","2"
"1031","242 DOM VIOL","1"
"0783","415 FIGHT","2"
"1309","245 DOM VIOL INVEST","1"
"1557","620 DOM VIOL","4"
"0158","242 DOM VIOL SUSP","1"
"0249","GROUP FIGHT","2"
"1371","918 VIOLENT MALE","2"
"1721","245 DOM VIOL","1"
"0221","242 DOM VIOL","3"
"0158","415 FIGHT","3"
"0834","DOM VIOL R/O","3"
"1668","242 POSS DOM VIOL","1"
"0622","VIOLENT JUV","1"
"0643","245 DOM VIOL","1"
"1842","AMB DOM VIOL","3"
"1458","415 FIGHT","1"
"0778","DOM VIOL","7"
"0937","FIGHT","1"
"2158","BATTERY DOMESTIC VIO","2"
"0638","DOM VIOL IN PROGRESS","1"
"0454","DOM VIOL","7"
"1596","242 DOM VIOL INVESTI","1"
"1599","242 BATTERY INVEST","1"
"1753","DOM VIOL R/O","1"
"0644","242 DOM VIOL INVESTI","1"
"0935","620 DOM VIOL R/O","2"
"1961","620 DOM VIOL","5"
"2045","620 DOM VIOL","3"
"1972","BATTERY DOMESTIC VIO","1"
"1844","620 DOM VIOL R/O","4"
"1864","ADW POSS DOM VIOL","1"
"0501","DOM VIOL R/O","2"
"0583","ADW POSS DOM VIOL","1"
"0111","BATTERY","1"
"1539","415 FIGHT","8"
"1209","BATTERY DOMESTIC VIO","1"
"1795","245 DOM VIOL INVEST","1"
"0585","AMB CUTTING","2"
"1588","415 FIGHT","1"
"2058","VIOLENT MALE","1"
"0479","620 DOM VIOL","2"
"1823","DOM VIOL","53"
"1975","DOM VIOL","8"
"1484","BATTERY INVEST","1"
"0142","DOM VIOL J/O","1"
"1409","MAJ JUV GRP FIGHT","1"
"1259","242 DOM VIOL","20"
"0964","620 DOM VIOL","8"
"0649","DOM VIOL R/O","2"
"0515","VIOLENT MALE","5"
"0563","918 VIOLENT MALE","1"
"0202","GROUP FIGHT","2"
"1823","AMB DOM VIOL","3"
"1266","AMB CUTTING","6"
"1521","POSS DOM VIOL","1"
"2063","245 AMB DOM VIOL","1"
"1801","918 VIOLENT FEM","1"
"0466","245 DOM VIOL SUSP NO","1"
"1011","620 DOM VIOL R/O","3"
"0491","AMB DOM VIOL","1"
"2155","GROUP FIGHT","4"
"1801","DOM VIOL SUSP","7"
"1371","620 DOM VIOL","10"
"0916","DOM VIOL INVESTIGATI","1"
"1522","620 DOM VIOL","3"
"1586","DOM VIOL SUSP","1"
"1606","DOM VIOL R/O","2"
"1414","620 DOM VIOL R/O","3"
"0398","620 DOM VIOL","6"
"2044","242 DOM VIOL","5"
"1323","245 AMB CUTTING","2"
"1901","242 BATTERY INVEST","1"
"0112","AMB CUTTING","1"
"2104","POSS DOM VIOL","2"
"0636","620 DOM VIOL R/O","1"
"0839","BATTERY INVEST","2"
"1148","DOM VIOL R/O","1"
"0732","POSS DOM VIOL","1"
"1023","242 DOM VIOL INVESTI","1"
"2022","242 DOM VIOL SUSP","1"
"0883","245 AMB CUTTING","1"
"0645","415 FIGHT","5"
"1756","DOM VIOL","15"
"1664","620 DOM VIOL R/O","3"
"0321","VIOLENT MALE","3"
"0935","BATTERY INVEST","2"
"0157","BATTERY INVEST","4"
"1983","620 DOM VIOL","5"
"1255","918 VIOLENT MALE","1"
"1267","AMB DOM VIOL SUSP","1"
"1959","242 DOM VIOL","3"
"0163","242 BATTERY INVEST","1"
"0191","245 AMB CUTTING","2"
"2093","DOM VIOL","15"
"1517","DOM VIOL","21"
"0882","620 DOM VIOL","1"
"0182","242 DOM VIOL INVESTI","2"
"1015","242 DOM VIOL SUSP","1"
"0245","242 POSS DOM VIOL","2"
"0426","245 DOM VIOL","1"
"2103","415 FIGHT","5"
"0701","AMB CUTTING","2"
"0143","620 DOM VIOL R/O","1"
"1047","DOM VIOL R/O","5"
"0201","DOM VIOL J/O","2"
"1962","DOM VIOL J/O","1"
"1729","620 DOM VIOL","1"
"1043","VIOLENT FEM","3"
"1656","620 DOM VIOL R/O","1"
"1452","242 DOM VIOL","3"
"1241","AMB DOM VIOL J/O","1"
"0911","VIOLENT MALE","1"
"0985","DOM VIOL INVESTIGATI","2"
"0442","415 FIGHT","1"
"1801","245 DOM VIOL","3"
"0439","242 AMB DOM VIOL","2"
"0133","242 DOM VIOL","1"
"1531","918 VIOLENT MALE","1"
"0317","VIOLENT FEM","2"
"1017","242 BATTERY INVEST","1"
"0749","DOM VIOL SUSP","2"
"1543","DOM VIOL","28"
"0881","245 DOM VIOL SUSP NO","1"
"0915","242 DOM VIOL","5"
"0457","AMB CUTTING","2"
"0724","620 DOM VIOL","4"
"0889","FIGHT","7"
"1758","242 BATTERY DOMESTIC","1"
"1777","AMB DOM VIOL","1"
"1685","FIGHT","1"
"0337","DOM VIOL J/O","1"
"1317","DOM VIOL SUSP","6"
"0412","BATTERY INVEST","1"
"1151","BATTERY INVEST","22"
"0765","DOM VIOL J/O","1"
"0889","620 DOM VIOL R/O","2"
"1838","DOM VIOL INVESTIGATI","1"
"0926","FIGHT","9"
"1065","CUTTING INV","1"
"2083","VIOLENT MALE","1"
"2015","DOM VIOL","19"
"1322","DOM VIOL SUSP","2"
"1984","AMB DOM VIOL","1"
"2189","DOM VIOL J/O","1"
"1241","245 POSS DOM VIOL I/","1"
"0933","BATTERY DOMESTIC VIO","2"
"1266","DOM VIOL SUSP","8"
"0154","620 DOM VIOL R/O","3"
"1998","DOM VIOL R/O","2"
"0808","VIOLENT MALE","1"
"1583","VIOLENT FEM","1"
"1394","918 VIOLENT JUV","1"
"1605","ADW POSS DOM VIOL","2"
"1269","245 DOM VIOL SUSP","2"
"1415","CUTTING INV","1"
"1775","DOM VIOL","6"
"0931","VIOLENT MALE","1"
"0649","245 DOM VIOL","1"
"1181","AMB DOM VIOL","1"
"2017","DOM VIOL INVESTIGATI","1"
"2145","POSS DOM VIOL","1"
"1913","242 DOM VIOL","2"
"1915","242 DOM VIOL","3"
"1144","245 DOM VIOL","1"
"1621","242 BATTERY DOMESTIC","1"
"0677","FIGHT","3"
"0317","VIOLENT MALE","3"
"1903","DOM VIOL R/O","1"
"2129","245 ADW POSS DOM VIO","1"
"0853","242 POSS DOM VIOL","1"
"1128","415 GROUP FIGHT","2"
"0233","242 POSS DOM VIOL","3"
"0558","DOM VIOL J/O","1"
"1252","DOM VIOL R/O","3"
"1416","242 DOM VIOL SUSP","1"
"0656","242 POSS DOM VIOL","1"
"2011","DOM VIOL","16"
"1723","918 VIOLENT MALE","1"
"1599","620 DOM VIOL","5"
"2111","242 DOM VIOL","1"
"0331","415 FIGHT","3"
"1033","415 FIGHT","1"
"0801","DOM VIOL R/O","1"
"1764","DOM VIOL INVESTIGATI","1"
"0119","245 AMB CUTTING","1"
"1502","242 DOM VIOL","3"
"1972","245 DOM VIOL","2"
"1826","245 DOM VIOL SUSP J/","1"
"1255","DOM VIOL R/O","4"
"1761","415 FIGHT","1"
"2039","VIOLENT MALE","1"
"2158","DOM VIOL SUSP","2"
"2141","VIOLENT JUV","1"
"1821","242 BATTERY INVEST","1"
"1437","FIGHT","3"
"1456","BATTERY INVEST","1"
"0933","245 AMB CUTTING","1"
"0964","415 FIGHT","1"
"1381","245 DOM VIOL SUSP J/","1"
"0563","415 FIGHT","4"
"1519","245 DOM VIOL","1"
"0471","DOM VIOL SUSP","1"
"1177","DOM VIOL R/O","3"
"0191","415 AMB FIGHT","2"
"2137","DOM VIOL","27"
"2033","VIOLENT MALE","1"
"0134","242 DOM VIOL INVESTI","1"
"1985","620 DOM VIOL R/O","5"
"2107","FIGHT","2"
"2158","620 DOM VIOL R/O","1"
"1599","DOM VIOL SUSP","1"
"0923","DOM VIOL J/O","2"
"2033","242 POSS DOM VIOL","1"
"1651","242 DOM VIOL","6"
"1656","FIGHT","3"
"1569","245 ADW POSS DOM VIO","1"
"0416","415 FIGHT","1"
"1881","620 DOM VIOL","3"
"1158","DOM VIOL R/O","6"
"0231","AMB DOM VIOL","1"
"1352","242 POSS DOM VIOL","1"
"1469","VIOLENT MALE","1"
"0782","POSS DOM VIOL","1"
"1203","DOM VIOL SUSP","3"
"1115","620 DOM VIOL R/O","1"
"0587","415 FIGHT","2"
"1342","DOM VIOL SUSP","2"
"0354","DOM VIOL SUSP","1"
"1003","620 DOM VIOL R/O","1"
"0666","620 DOM VIOL","14"
"1963","DOM VIOL SUSP NOW","1"
"1488","DOM VIOL J/O","3"
"2133","CUTTING INV","3"
"0157","245 DOM VIOL SUSP","1"
"0919","415 FIGHT","1"
"0363","VIOLENT FEM","1"
"0182","DOM VIOL INVEST","1"
"0464","VIOLENT MALE","1"
"0138","ADW POSS DOM VIOL","1"
"2189","DOM VIOL SUSP","3"
"1449","620 DOM VIOL R/O","1"
"0644","DOM VIOL R/O","4"
"1622","FIGHT","2"
"1708","620 DOM VIOL","2"
"1514","DOM VIOL R/O","3"
"1479","918 VIOLENT FEM","1"
"0393","DOM VIOL INVESTIGATI","1"
"0926","DOM VIOL J/O","1"
"1268","245 DOM VIOL R/O","1"
"0396","415 MAJ GRP FIGHT","1"
"1684","245 CUTTING INV","1"
"1846","DOM VIOL","56"
"0261","DOM VIOL SUSP J/L","1"
"0471","415 FIGHT","1"
"0508","FIGHT","2"
"1172","DOM VIOL","9"
"1019","620 DOM VIOL","4"
"0427","918 VIOLENT MALE","1"
"0317","415 FIGHT","2"
"0519","FIGHT","2"
"0216","VIOLENT MALE","2"
"0915","415 FIGHT","2"
"1186","DOM VIOL","1"
"0558","POSS DOM VIOL","1"
"0438","620 DOM VIOL","4"
"1133","AMB CUTTING","1"
"2019","242 DOM VIOL","8"
"0461","DOM VIOL SUSP","3"
"1904","DOM VIOL SUSP","1"
"1097","242 BATTERY INVEST","1"
"1934","242 DOM VIOL","2"
"1269","AMB DOM VIOL","4"
"2071","242 DOM VIOL SUSP","2"
"0399","DOM VIOL R/O","2"
"1751","DOM VIOL R/O","1"
"1849","245 ADW","1"
"2091","245 DOM VIOL SUSP J/","1"
"1039","VIOLENT JUV","1"
"0421","242 POSS DOM VIOL","1"
"1179","620 DOM VIOL","2"
"1995","BATTERY INVEST","1"
"0454","FIGHT","7"
"2005","FIGHT","2"
"0398","ADW POSS DOM VIOL","1"
"1735","415 FIGHT","1"
"0914","DOM VIOL INVEST","2"
"1501","FIGHT","2"
"0557","DOM VIOL R/O","13"
"0154","FIGHT","8"
"1504","DOM VIOL R/O","4"
"1827","FIGHT","5"
"0248","620 DOM VIOL","7"
"1001","918 VIOLENT FEM","1"
"1183","FIGHT","1"
"0457","DOM VIOL R/O","5"
"0121","242 DOM VIOL","2"
"1268","242 DOM VIOL","16"
"0357","415 FIGHT","2"
"0946","VIOLENT JUV","2"
"0171","DOM VIOL","11"
"1767","620 DOM VIOL","7"
"1977","DOM VIOL R/O","4"
"1617","VIOLENT MALE","3"
"0735","242 DOM VIOL","3"
"0308","AMB DOM VIOL","1"
"0789","GROUP FIGHT","1"
"1409","VIOLENT FEM","1"
"1443","242 DOM VIOL","3"
"1149","620 DOM VIOL","4"
"2175","620 DOM VIOL","5"
"1455","242 AMB DOM VIOL","1"
"1466","620 DOM VIOL","3"
"2189","FIGHT","12"
"0311","620 DOM VIOL","4"
"1107","AMB DOM VIOL","2"
"0839","FIGHT","1"
"0147","620 DOM VIOL","8"
"0723","242 BATTERY INVEST","1"
"1475","FIGHT","1"
"0351","BATTERY INVEST","1"
"0152","DOM VIOL R/O VIOLATI","1"
"2055","BATTERY DOMESTIC VIO","1"
"1553","242 DOM VIOL","1"
"1027","BATTERY INVEST","1"
"1107","VIOLENT MALE","2"
"1346","415 FIGHT","3"
"0205","DOM VIOL","9"
"1207","AMB DOM VIOL","1"
"0733","DOM VIOL SUSP NOW","1"
"0375","245 DOM VIOL SUSP","1"
"0752","242 DOM VIOL SUSP","1"
"0489","DOM VIOL INVESTIGATI","1"
"0192","GROUP FIGHT","1"
"0424","DOM VIOL R/O","2"
"1967","GROUP FIGHT","1"
"1745","DOM VIOL IN PROGRESS","1"
"0762","FIGHT","9"
"1762","FIGHT","5"
"0701","BATTERY DOMESTIC VIO","1"
"0818","242 BATTERY INVEST","2"
"0529","245 DOM VIOL","1"
"2073","ADW POSS DOM VIOL","1"
"1548","BATTERY INVEST","5"
"0806","VIOLENT MALE","1"
"1267","245 DOM VIOL IN PROG","1"
"1021","AMB FIGHT","1"
"1583","POSS DOM VIOL","2"
"0853","GROUP FIGHT","1"
"1918","242 AMB DOM VIOL","3"
"1654","BATTERY INVEST","2"
"1102","DOM VIOL SUSP","1"
"1506","620 DOM VIOL","2"
"1959","DOM VIOL","15"
"2175","242 DOM VIOL SUSP","1"
"1687","242 DOM VIOL","3"
"1684","242 BATTERY DOMESTIC","1"
"2004","DOM VIOL INVEST","1"
"1268","POSS DOM VIOL","2"
"0123","242 DOM VIOL SUSP","1"
"0245","620 DOM VIOL","16"
"0938","242 DOM VIOL J/O","1"
"1881","620 DOM VIOL R/O","2"
"0585","GROUP FIGHT","3"
"2189","DOM VIOL","30"
"0337","DOM VIOL","12"
"0676","245 DOM VIOL SUSP NO","1"
"1543","VIOLENT JUV","1"
"1995","BATTERY DOMESTIC VIO","3"
"1695","DOM VIOL J/O","1"
"1802","DOM VIOL J/O","1"
"0551","245 CUTTING INV","2"
"1743","FIGHT","2"
"0211","918 VIOLENT FEM","1"
"0182","DOM VIOL SUSP NOW","2"
"0248","242 DOM VIOL SUSP","1"
"1654","DOM VIOL SUSP","6"
"0643","VIOLENT JUV","1"
"0139","242 DOM VIOL","1"
"0299","918 VIOLENT MALE","1"
"0649","DOM VIOL","14"
"0379","BATTERY INVEST","2"
"0146","FIGHT","2"
"0789","DOM VIOL","12"
"1078","DOM VIOL SUSP","1"
"1633","918 VIOLENT FEM","1"
"0336","918 VIOLENT MALE","1"
"1979","620 DOM VIOL","1"
"0205","242 DOM VIOL J/O","1"
"1303","AMB DOM VIOL","1"
"1377","DOM VIOL SUSP NOW","2"
"1151","AMB CUTTING","2"
"1352","242 DOM VIOL SUSP","2"
"0144","242 DOM VIOL SUSP","2"
"1469","242 BATTERY DOMESTIC","1"
"1331","242 DOM VIOL SUSP","2"
"1373","245 AMB CUTTING","3"
"1754","242 BATTERY DOMESTIC","1"
"1782","620 DOM VIOL","3"
"0851","620 DOM VIOL","4"
"1393","242 POSS DOM VIOL","2"
"1952","242 DOM VIOL","4"
"0948","620 DOM VIOL R/O","1"
"0235","242 BATTERY INVEST","2"
"1351","DOM VIOL R/O VIOLATI","2"
"0802","620 DOM VIOL R/O","2"
"1958","415 FIGHT","2"
"2146","242 POSS DOM VIOL","1"
"1657","245 DOM VIOL R/O","1"
"0176","620 DOM VIOL","4"
"1317","242 DOM VIOL INVESTI","1"
"1415","DOM VIOL INVESTIGATI","1"
"1913","DOM VIOL SUSP","2"
"0966","415 FIGHT","2"
"1019","242 DOM VIOL","2"
"1273","245 AMB DOM VIOL INV","1"
"0923","FIGHT","9"
"1675","415 FIGHT","1"
"0437","242 DOM VIOL","7"
"1367","620 DOM VIOL R/O","2"
"0437","AMB CUTTING","1"
"0932","FIGHT","4"
"0338","245 DOM VIOL SUSP J/","1"
"2157","242 DOM VIOL R/O VIO","1"
"1248","BATTERY DOMESTIC VIO","1"
"0803","918 VIOLENT JUV","1"
"0459","DOM VIOL","20"
"1611","245 DOM VIOL","1"
"0885","DOM VIOL","2"
"0489","POSS DOM VIOL","2"
"1024","VIOLENT MALE","1"
"1633","620 DOM VIOL","4"
"2064","DOM VIOL R/O","3"
"1862","AMB DOM VIOL","3"
"0943","DOM VIOL R/O","2"
"2027","918 VIOLENT MALE","1"
"2125","FIGHT","1"
"0245","AMB DOM VIOL SUSP","1"
"1675","620 DOM VIOL","2"
"2136","VIOLENT FEM","3"
"1831","242 BATTERY INVEST","3"
"0221","GROUP FIGHT","1"
"0666","DOM VIOL R/O","11"
"0426","FIGHT","1"
"0331","DOM VIOL R/O","2"
"2125","242 DOM VIOL SUSP","1"
"0666","AMB CUTTING","3"
"1801","BATTERY INVEST","3"
"1325","242 DOM VIOL","1"
"1003","242 DOM VIOL","12"
"0404","DOM VIOL SUSP","1"
"1838","DOM VIOL R/O","1"
"0357","VIOLENT MALE","5"
"2069","BATTERY INVEST","2"
"1101","415 FIGHT","2"
"0733","242 POSS DOM VIOL","1"
"2039","242 BATTERY INVEST","1"
"0459","BATTERY DOMESTIC VIO","1"
"0644","245 AMB DOM VIOL","1"
"1258","242 DOM VIOL INVESTI","2"
"1523","245 DOM VIOL","1"
"0943","242 BATTERY INVEST","2"
"1012","242 DOM VIOL SUSP","2"
"1183","VIOLENT MALE","1"
"0491","DOM VIOL","12"
"0334","DOM VIOL INVESTIGATI","3"
"0159","242 DOM VIOL","2"
"1273","DOM VIOL SUSP","1"
"1533","242 DOM VIOL","2"
"1751","VIOLENT MALE","2"
"2146","POSS DOM VIOL","2"
"0361","242 DOM VIOL SUSP","2"
"1514","DOM VIOL SUSP","2"
"1565","620 DOM VIOL","1"
"2045","DOM VIOL","25"
"0723","415 FIGHT","2"
"0247","245 DOM VIOL R/O","1"
"0583","620 DOM VIOL","3"
"1557","FIGHT","7"
"1977","620 DOM VIOL R/O","1"
"2141","AMB CUTTING","1"
"0648","BATTERY INVEST","3"
"1232","DOM VIOL INVESTIGATI","1"
"1028","DOM VIOL INVESTIGATI","1"
"1406","242 DOM VIOL","4"
"1367","620 DOM VIOL","9"
"0773","415 FIGHT","1"
"1361","FIGHT","8"
"1504","242 DOM VIOL","6"
"2002","DOM VIOL","16"
"0853","BATTERY INVEST","3"
"0235","ADW POSS DOM VIOL","2"
"2183","FIGHT","1"
"1432","245 AMB CUTTING","1"
"0933","DOM VIOL SUSP","3"
"0201","FIGHT","7"
"1139","620 DOM VIOL R/O","2"
"1962","DOM VIOL R/O","2"
"1243","GROUP FIGHT","2"
"1351","BATTERY DOMESTIC VIO","3"
"0479","DOM VIOL","17"
"1758","245 DOM VIOL","2"
"1477","FIGHT","1"
"1425","620 DOM VIOL","1"
"1409","415 FIGHT","2"
"1954","DOM VIOL R/O","6"
"1839","DOM VIOL","13"
"1767","245 DOM VIOL SUSP NO","1"
"1232","DOM VIOL SUSP","1"
"0257","AMB CUTTING","8"
"1203","245 DOM VIOL SUSP","1"
"1795","415 GROUP FIGHT","1"
"1269","BATTERY INVEST","1"
"1352","415 GROUP FIGHT","1"
"0753","VIOLENT MALE","4"
"0313","245 DOM VIOL","1"
"1684","242 DOM VIOL","5"
"1795","AMB DOM VIOL","1"
"0392","BATTERY INVEST","8"
"0438","ADW POSS DOM VIOL","1"
"1127","245 DOM VIOL","1"
"1283","FIGHT","8"
"1602","242 DOM VIOL INVESTI","1"
"2023","620 DOM VIOL","5"
"0551","242 POSS DOM VIOL","1"
"1268","245 DOM VIOL","3"
"1781","DOM VIOL","44"
"1409","BATTERY INVEST","7"
"0621","DOM VIOL","1"
"0636","POSS DOM VIOL","8"
"1752","ADW POSS DOM VIOL","1"
"1991","DOM VIOL INVESTIGATI","1"
"0701","DOM VIOL","15"
"0935","415 GROUP FIGHT","2"
"0343","BATTERY INVEST","2"
"0145","245 AMB CUTTING","1"
"0526","620 DOM VIOL R/O","4"
"0833","242 DOM VIOL","3"
"0204","DOM VIOL","7"
"1964","BATTERY DOMESTIC VIO","1"
"1619","918 VIOLENT MALE","2"
"2015","415 FIGHT","2"
"0941","242 AMB DOM VIOL","2"
"2035","620 DOM VIOL","3"
"1677","DOM VIOL","2"
"0403","415 FIGHT","1"
"1913","620 DOM VIOL","2"
"0456","DOM VIOL R/O","2"
"1352","DOM VIOL SUSP J/L","3"
"0773","245 ADW POSS DOM VIO","1"
"1782","VIOLENT MALE","1"
"0406","242 DOM VIOL SUSP","1"
"1765","DOM VIOL R/O","1"
"0857","AMB CUTTING","1"
"0834","DOM VIOL","8"
"1834","DOM VIOL SUSP NOW","2"
"1526","BATTERY DOMESTIC VIO","2"
"0134","415 GROUP FIGHT","1"
"0157","242 AMB DOM VIOL","1"
"0522","245 ADW POSS DOM VIO","1"
"2111","DOM VIOL R/O","1"
"0943","BATTERY INVEST","8"
"1181","FIGHT","6"
"0335","242 DOM VIOL SUSP","1"
"0216","DOM VIOL SUSP NOW","1"
"1728","415 FIGHT","1"
"1995","DOM VIOL R/O","8"
"1543","DOM VIOL SUSP NOW","1"
"0779","FIGHT","1"
"1823","ADW","1"
"1207","620 DOM VIOL R/O","1"
"0356","245 DOM VIOL SUSP","1"
"1243","415 GROUP FIGHT","2"
"1021","245 DOM VIOL IN PROG","1"
"1977","DOM VIOL","11"
"0759","POSS DOM VIOL","1"
"1952","245 DOM VIOL SUSP NO","1"
"1659","620 DOM VIOL","2"
"0233","245 AMB CUTTING","2"
"1445","DOM VIOL R/O","2"
"1962","DOM VIOL INVESTIGATI","1"
"2118","DOM VIOL","13"
"0141","BATTERY INVEST","2"
"1975","242 DOM VIOL","3"
"1307","245 AMB CUTTING","1"
"1113","242 DOM VIOL","1"
"1142","AMB CUTTING","1"
"1823","AMB CUTTING","2"
"0158","245 DOM VIOL SUSP NO","2"
"0326","BATTERY","1"
"1821","245 DOM VIOL SUSP","2"
"0359","242 DOM VIOL","4"
"1361","242 DOM VIOL","7"
"1842","DOM VIOL IN PROGRESS","1"
"0645","POSS DOM VIOL","1"
"0249","415 GROUP FIGHT","1"
"1241","BATTERY INVEST","2"
"0774","DOM VIOL","14"
"2189","415 FIGHT","3"
"0702","BATTERY INVEST","2"
"0164","DOM VIOL SUSP","4"
"1745","918 VIOLENT MALE","1"
"0162","POSS DOM VIOL","1"
"1987","AMB FIGHT","1"
"1267","BATTERY","1"
"0507","GROUP FIGHT","2"
"0281","AMB DOM VIOL","1"
"0148","BATTERY INVEST","3"
"1588","DOM VIOL","1"
"0182","ADW POSS DOM VIOL","3"
"0467","DOM VIOL R/O VIOLATI","1"
"2118","FIGHT","2"
"0146","DOM VIOL","7"
"1453","620 DOM VIOL R/O","1"
"1849","DOM VIOL INVEST","1"
"1256","245 DOM VIOL IN PROG","1"
"1994","CUTTING INV","5"
"0776","DOM VIOL","12"
"0561","DOM VIOL SUSP NOW","1"
"0148","245 AMB CUTTING","1"
"1172","242 BATTERY INVEST","1"
"1371","AMB DOM VIOL","2"
"0926","GROUP FIGHT","3"
"1409","DOM VIOL","21"
"1445","242 POSS DOM VIOL","2"
"1829","DOM VIOL R/O","5"
"0249","AMB CUTTING","1"
"1394","245 AMB CUTTING","1"
"0379","VIOLENT MALE","1"
"1838","245 DOM VIOL SUSP","1"
"1453","DOM VIOL SUSP","1"
"0454","DOM VIOL SUSP NOW","1"
"1219","245 DOM VIOL","1"
"0438","FIGHT","3"
"1438","ADW POSS DOM VIOL","1"
"2158","415 AMB FIGHT","1"
"0265","DOM VIOL R/O","6"
"0783","DOM VIOL","17"
"1333","245 DOM VIOL SUSP J/","1"
"1831","DOM VIOL SUSP","2"
"0448","918 VIOLENT FEM","1"
"1024","918 VIOLENT JUV","1"
"0142","242 DOM VIOL","4"
"0555","POSS DOM VIOL","2"
"1313","415 FIGHT","5"
"0807","DOM VIOL","3"
"1351","DOM VIOL SUSP NOW","2"
"1985","GROUP FIGHT","5"
"1822","415 GROUP FIGHT","2"
"1243","VIOLENT MALE","2"
"1801","BATTERY DOMESTIC VIO","2"
"0915","GROUP FIGHT","1"
"1239","FIGHT","9"
"1961","AMB CUTTING","1"
"1361","GROUP FIGHT","2"
"1756","415 FIGHT","3"
"1147","245 AMB CUTTING","1"
"0525","242 DOM VIOL","7"
"0233","BATTERY INVEST","1"
"1351","ASSAULT INVEST","1"
"1521","DOM VIOL SUSP","2"
"0514","DOM VIOL J/O","2"
"2036","245 DOM VIOL","2"
"0773","DOM VIOL","6"
"2125","BATTERY DOMESTIC VIO","2"
"1245","AMB CUTTING","6"
"0933","FIGHT","6"
"0916","245 DOM VIOL","1"
"0833","415 FIGHT","2"
"0789","AMB CUTTING","1"
"1129","DOM VIOL SUSP J/L","1"
"0163","DOM VIOL","8"
"0161","245 AMB CUTTING","4"
"0857","620 DOM VIOL","3"
"1045","DOM VIOL R/O","4"
"1331","DOM VIOL R/O","6"
"2161","242 DOM VIOL","1"
"0398","245 CUTTING INV","1"
"1175","DOM VIOL INVESTIGATI","1"
"1313","FIGHT","9"
"1588","245 AMB CUTTING","1"
"1713","620 DOM VIOL","1"
"0489","620 DOM VIOL","6"
"0762","415 FIGHT","2"
"1151","DOM VIOL","23"
"0245","VIOLENT JUV","1"
"0231","620 DOM VIOL","6"
"0408","GROUP FIGHT","1"
"1496","415 AMB FIGHT","1"
"1805","FIGHT","6"
"0516","ADW","1"
"1189","FIGHT","5"
"0134","242 BATTERY","1"
"1735","BATTERY INVEST","1"
"0204","242 BATTERY INVEST","1"
,"FIGHT","1"
"0642","FIGHT","1"
"1138","DOM VIOL SUSP","2"
"0305","DOM VIOL INVEST","1"
"1722","620 DOM VIOL","3"
"1844","DOM VIOL SUSP NOW","1"
"1385","FIGHT","5"
"1259","245 AMB CUTTING","3"
"1174","415 FIGHT","1"
"0406","FIGHT","2"
"1342","620 DOM VIOL","5"
"1437","620 DOM VIOL","6"
"1684","918 VIOLENT MALE","3"
"0507","DOM VIOL SUSP NOW","1"
"0245","DOM VIOL SUSP NOW","1"
"0636","BATTERY DOMESTIC VIO","3"
"2102","242 AMB DOM VIOL","1"
"1327","245 ADW POSS DOM VIO","1"
"0205","DOM VIOL SUSP NOW","1"
"1249","620 DOM VIOL R/O","3"
"1266","BATTERY INVEST","3"
"0439","245 DOM VIOL","1"
"1844","415 GROUP FIGHT","4"
"0311","DOM VIOL SUSP","1"
"0119","242 DOM VIOL","3"
"1902","AMB DOM VIOL","1"
"1372","415 FIGHT","2"
"1504","242 POSS DOM VIOL","2"
"0236","VIOLENT MALE","1"
"1924","242 DOM VIOL SUSP","1"
"1832","245 AMB CUTTING","3"
"1383","ADW POSS DOM VIOL","2"
"1961","620 DOM VIOL R/O","3"
"1912","DOM VIOL R/O","1"
"2148","242 DOM VIOL J/O","1"
"1241","620 DOM VIOL R/O","19"
"2137","VIOLENT FEM","2"
"1678","DOM VIOL","2"
"0563","DOM VIOL R/O","26"
"1023","245 POSS DOM VIOL I/","1"
"1152","DOM VIOL","9"
"0327","DOM VIOL","3"
"0427","415 GROUP FIGHT","1"
"0914","245 AMB DOM VIOL","1"
"1918","DOM VIOL","32"
"1128","AMB CUTTING","2"
"0397","245 DOM VIOL","2"
"0649","DOM VIOL INVESTIGATI","1"
"1984","DOM VIOL R/O","13"
"0185","DOM VIOL SUSP","2"
"2002","VIOLENT FEM","1"
"1107","DOM VIOL","20"
"0657","AMB DOM VIOL","1"
"0455","245 DOM VIOL","1"
"0362","POSS DOM VIOL","3"
"1325","242 DOM VIOL SUSP","1"
"0732","620 DOM VIOL R/O","1"
"1449","FIGHT","1"
"0558","242 DOM VIOL","4"
"2076","415 GROUP FIGHT","3"
"0337","DOM VIOL SUSP","1"
"1454","AMB CUTTING","2"
"1999","DOM VIOL","29"
"1532","POSS DOM VIOL","2"
"1958","918 VIOLENT JUV","1"
"1538","620 DOM VIOL","7"
"1519","242 DOM VIOL SUSP","1"
"1565","245 DOM VIOL","1"
"0632","POSS DOM VIOL","1"
"2097","VIOLENT MALE","1"
"0839","GROUP FIGHT","2"
"1204","DOM VIOL R/O","7"
"0246","242 DOM VIOL","11"
"2073","242 DOM VIOL","4"
"1005","245 DOM VIOL","1"
"0355","DOM VIOL SUSP NOW","1"
"0147","AMB DOM VIOL SUSP","1"
"1988","DOM VIOL SUSP J/L","1"
"0899","DOM VIOL J/O","1"
"1268","FIGHT","10"
"0563","VIOLENT MALE","5"
"0415","620 DOM VIOL R/O","2"
"1802","918 VIOLENT MALE","2"
"2042","VIOLENT JUV","1"
"0774","415 FIGHT","1"
"0235","AMB DOM VIOL","2"
"0807","GROUP FIGHT","1"
"0203","DOM VIOL SUSP J/L","1"
"0667","242 BATTERY","1"
"2136","BATTERY DOMESTIC VIO","1"
"0946","245 ADW POSS DOM VIO","1"
"1559","GROUP FIGHT","1"
"1737","620 DOM VIOL","2"
"0491","DOM VIOL R/O","3"
"0192","BATTERY INVEST","46"
"2093","415 FIGHT","2"
"1125","415 FIGHT","1"
"0506","DOM VIOL SUSP","1"
"0145","242 BATTERY INVEST","3"
"1163","415 FIGHT","2"
"1213","DOM VIOL SUSP","1"
"2172","VIOLENT MALE","1"
"1464","DOM VIOL SUSP","1"
"1183","ASSAULTING","1"
"1555","DOM VIOL SUSP","2"
"1258","DOM VIOL INVESTIGATI","1"
"0156","CUTTING INV","2"
"1004","FIGHT","4"
"0566","242 POSS DOM VIOL","1"
"0427","245 ADW POSS DOM VIO","1"
"0989","620 DOM VIOL","4"
"0892","620 DOM VIOL R/O","1"
"0765","DOM VIOL","22"
"1563","DOM VIOL J/O","1"
"0499","620 DOM VIOL","3"
"1772","FIGHT","2"
"1602","620 DOM VIOL","8"
"1488","BATTERY INVEST","5"
"1829","CUTTING INV","2"
"0497","242 DOM VIOL SUSP","2"
"1654","242 DOM VIOL","7"
"1824","242 DOM VIOL J/O","1"
"0418","DOM VIOL","1"
"0265","POSS DOM VIOL","1"
"0204","415 FIGHT","2"
"0375","BATTERY INVEST","1"
"0144","ADW","1"
"1232","VIOLENT JUV","1"
"2019","AMB CUTTING","3"
"0391","242 DOM VIOL","2"
"2099","AMB CUTTING","1"
"0245","245 AMB DOM VIOL INV","1"
"0893","AMB DOM VIOL","1"
"0442","242 BATTERY INVEST","1"
"1476","242 BATTERY INVEST","1"
"1695","242 DOM VIOL","1"
"0247","FIGHT","4"
"1871","245 CUTTING INV","1"
"0849","DOM VIOL R/O","4"
"0285","DOM VIOL INVESTIGATI","1"
"0464","BATTERY INVEST","2"
"0555","DOM VIOL SUSP","1"
"1406","620 DOM VIOL R/O","1"
"0839","DOM VIOL","5"
"0438","242 DOM VIOL","4"
"1785","242 BATTERY INVEST","1"
"0438","DOM VIOL J/O","1"
"0409","242 DOM VIOL INVESTI","1"
"0787","DOM VIOL","1"
"1831","918 VIOLENT JUV","1"
"1034","242 DOM VIOL","1"
"1011","242 AMB DOM VIOL","1"
"1362","DOM VIOL R/O","16"
"1265","245 DOM VIOL SUSP NO","2"
"1665","AMB DOM VIOL","1"
"1179","DOM VIOL R/O","4"
"1768","242 DOM VIOL","1"
"0938","BATTERY DOMESTIC VIO","1"
"0265","AMB CUTTING","6"
"1531","AMB CUTTING","1"
"0466","DOM VIOL","24"
"0152","620 DOM VIOL","4"
"2021","AMB CUTTING","1"
"1391","242 AMB DOM VIOL","1"
"1367","FIGHT","6"
"1331","245 DOM VIOL","1"
"1841","DOM VIOL INVESTIGATI","1"
"1242","245 DOM VIOL IN PROG","1"
"0357","VIOLENT FEM","1"
"1527","620 DOM VIOL","3"
"1842","245 DOM VIOL SUSP NO","3"
"0473","620 DOM VIOL","9"
"0457","242 BATTERY DOMESTIC","1"
"2183","207 DOM VIOL","1"
"0396","DOM VIOL IN PROGRESS","1"
"1263","AMB DOM VIOL","1"
"0299","245 AMB CUTTING","1"
"0518","242 DOM VIOL SUSP","1"
"1824","415 MAJ GRP FIGHT","1"
"1125","242 AMB DOM VIOL","1"
"0319","VIOLENT MALE/FEM","1"
"0489","DOM VIOL","27"
"1031","DOM VIOL SUSP NOW","1"
"0236","242 BATTERY DOMESTIC","1"
"0164","DOM VIOL J/O","1"
"1612","GROUP FIGHT","2"
"1871","DOM VIOL","20"
"1982","245 DOM VIOL SUSP NO","1"
"0416","242 DOM VIOL","2"
"0669","DOM VIOL","11"
"0562","DOM VIOL","17"
"1849","ADW POSS DOM VIOL","1"
"0625","242 AMB DOM VIOL","1"
"1801","415 GROUP FIGHT","2"
"1841","245 DOM VIOL SUSP NO","3"
"0926","BATTERY DOMESTIC VIO","4"
"1169","245 ADW POSS DOM VIO","1"
"0154","918 VIOLENT FEM","3"
"1241","245 AMB CUTTING","1"
"1454","242 DOM VIOL SUSP","1"
"2175","918 VIOLENT FEM","2"
"0715","DOM VIOL R/O","1"
"1213","FIGHT","10"
"1377","242 DOM VIOL SUSP","4"
"1431","245 AMB CUTTING","2"
"1371","415 FIGHT","1"
"0649","242 BATTERY DOMESTIC","1"
"0165","DOM VIOL SUSP","2"
"1346","620 DOM VIOL","5"
"1385","DOM VIOL SUSP","2"
"1823","245 DOM VIOL","4"
"1714","620 DOM VIOL R/O","1"
"0375","DOM VIOL","43"
"1535","620 DOM VIOL","5"
"0211","242 DOM VIOL","6"
"0763","DOM VIOL R/O","5"
"0516","AMB CUTTING","1"
"1241","AMB CUTTING","5"
"0202","DOM VIOL SUSP J/L","1"
"0774","VIOLENT FEM","1"
"2025","620 DOM VIOL","7"
"1538","245 DOM VIOL SUSP","1"
"0269","FIGHT","10"
"1361","918 VIOLENT MALE","1"
"0584","AMB CUTTING","1"
"2022","BATTERY DOMESTIC VIO","1"
"0804","DOM VIOL R/O","1"
"1134","245 DOM VIOL SUSP","1"
"2189","242 DOM VIOL","4"
"1529","BATTERY INVEST","7"
"0558","BATTERY INVEST","2"
"1208","GROUP FIGHT","4"
"0645","DOM VIOL","59"
"0656","DOM VIOL","23"
"0663","242 DOM VIOL","3"
"2113","VIOLENT MALE","1"
"1068","VIOLENT FEM","1"
"1829","415 GROUP FIGHT","1"
"0737","242 DOM VIOL SUSP","2"
"0467","242 DOM VIOL","1"
"1208","BATTERY INVEST","1"
"1373","245 ADW POSS DOM VIO","1"
"2129","DOM VIOL INVESTIGATI","1"
"1313","245 DOM VIOL","3"
"1365","242 DOM VIOL SUSP","1"
"0663","245 DOM VIOL","1"
"1488","242 AMB DOM VIOL","1"
"0998","DOM VIOL INVESTIGATI","1"
"1029","242 DOM VIOL J/O","1"
"2137","ADW POSS DOM VIOL","1"
"1517","POSS DOM VIOL","1"
"0755","AMB CUTTING","3"
"1163","242 DOM VIOL INVESTI","1"
"0462","AMB CUTTING","1"
"1984","245 DOM VIOL SUSP NO","1"
"1513","245 AMB DOM VIOL","1"
"0567","242 BATTERY DOMESTIC","1"
"0919","242 DOM VIOL","5"
"1617","242 BATTERY INVEST","1"
"0155","DOM VIOL","13"
"1519","245 AMB CUTTING","1"
"1555","DOM VIOL R/O","25"
"0325","BATTERY INVEST","1"
"0246","DOM VIOL","33"
"0111","242 BATTERY","1"
"0271","245 AMB CUTTING","1"
"0251","DOM VIOL SUSP","3"
"1496","AMB DOM VIOL","1"
"1722","VIOLENT MALE","1"
"1449","VIOLENT JUV","1"
"0251","DOM VIOL","31"
"1381","620 DOM VIOL","6"
"1995","620 DOM VIOL R/O","1"
"1538","DOM VIOL","31"
"1721","242 DOM VIOL","2"
"1172","918 VIOLENT MALE","1"
"0454","245 DOM VIOL INVEST","1"
"1989","DOM VIOL SUSP NOW","1"
"0753","AMB CUTTING","1"
"1139","918 VIOLENT MALE","1"
"0499","VIOLENT MALE","3"
"0489","918 VIOLENT FEM","1"
"0147","242 BATTERY","1"
"0249","620 DOM VIOL","4"
"1931","242 DOM VIOL","3"
"2134","918 VIOLENT FEM","2"
"1409","242 BATTERY INVEST","3"
"1602","245 DOM VIOL","1"
"0158","FIGHT","6"
"1211","ASSAULT INVEST","1"
"1999","BATTERY INVEST","17"
"1269","BATTERY DOMESTIC VIO","5"
"0241","DOM VIOL J/O","1"
"1189","DOM VIOL J/O","2"
"1514","BATTERY INVEST","1"
"1331","DOM VIOL SUSP","2"
"1402","DOM VIOL","3"
"0144","245 DOM VIOL SUSP","1"
"1269","245 DOM VIOL IN PROG","1"
"1465","CUTTING INV","1"
"0506","415 FIGHT","3"
"1682","FIGHT","1"
"1241","DOM VIOL R/O","15"
"0456","VIOLENT MALE","2"
"0248","918 VIOLENT FEM","1"
"1638","FIGHT","4"
"0811","620 DOM VIOL","2"
"0753","242 BATTERY INVEST","2"
"0265","DOM VIOL","42"
"0889","DOM VIOL SUSP NOW","3"
"0636","415 FIGHT","9"
"1434","415 FIGHT","1"
"1525","242 DOM VIOL SUSP","1"
"0488","242 DOM VIOL","1"
"0734","BATTERY DOMESTIC VIO","3"
"1239","BATTERY DOMESTIC VIO","2"
"0466","VIOLENT MALE","2"
"0285","DOM VIOL R/O VIOLATI","1"
"1333","DOM VIOL INVEST","1"
"0459","245 DOM VIOL SUSP","1"
"1681","620 DOM VIOL","1"
"1636","FIGHT","1"
"1563","VIOLENT FEM","1"
"2033","242 BATTERY DOMESTIC","1"
"0562","242 BATTERY INVEST","2"
"1441","245 AMB CUTTING","1"
"0246","620 DOM VIOL R/O","5"
"0363","245 AMB CUTTING","4"
"0526","POSS DOM VIOL","1"
"0424","918 VIOLENT MALE","1"
"1346","DOM VIOL R/O","6"
"1003","FIGHT","3"
"0857","918 VIOLENT MALE","1"
"0378","620 DOM VIOL","2"
"2023","242 POSS DOM VIOL","1"
"1541","DOM VIOL","5"
"0164","AMB CUTTING","1"
"1544","242 DOM VIOL","2"
"0558","FIGHT","4"
"1994","DOM VIOL","29"
"1701","242 DOM VIOL","5"
"0236","AMB CUTTING","3"
"1993","DOM VIOL SUSP NOW","2"
"1413","242 DOM VIOL","2"
"1621","620 DOM VIOL R/O","4"
"1283","620 DOM VIOL","10"
"0415","242 POSS DOM VIOL","1"
"0979","620 DOM VIOL R/O","1"
"1239","POSS DOM VIOL SUSP","1"
"1004","BATTERY INVEST","19"
"1313","242 BATTERY INVEST","2"
"1342","DOM VIOL R/O","5"
"2055","620 DOM VIOL R/O","1"
"0659","POSS DOM VIOL","1"
"1792","VIOLENT FEM","1"
"0221","242 POSS DOM VIOL","1"
"1209","245 DOM VIOL SUSP","1"
"1255","DOM VIOL INVESTIGATI","1"
"0237","245 DOM VIOL IN PROG","1"
"2169","242 BATTERY DOMESTIC","1"
"1372","242 DOM VIOL SUSP","5"
"0932","DOM VIOL SUSP","3"
"0632","BATTERY DOMESTIC VIO","1"
"1526","415 FIGHT","5"
"1211","DOM VIOL J/O","1"
"0176","AMB CUTTING","4"
"0154","BATTERY INVEST","1"
"1088","POSS DOM VIOL","1"
"1785","POSS DOM VIOL","1"
"1243","DOM VIOL R/O","15"
"0497","DOM VIOL","39"
"1317","415 GROUP FIGHT","1"
"0923","DOM VIOL R/O","14"
"0832","415 GROUP FIGHT","1"
"1921","VIOLENT FEM","1"
"1479","FIGHT","1"
"0393","MAJ GRP FIGHT","1"
"0663","242 BATTERY DOMESTIC","2"
"1342","ADW POSS DOM VIOL","1"
"0211","DOM VIOL R/O","3"
"0896","BATTERY INVEST","1"
"1249","415 GROUP FIGHT","1"
"1393","BATTERY DOMESTIC VIO","3"
"1943","FIGHT","3"
"0251","BATTERY DOMESTIC VIO","3"
"0326","FIGHT","4"
"1267","GROUP FIGHT","1"
"1982","620 DOM VIOL","2"
"0152","620 DOM VIOL R/O","1"
"2053","415 FIGHT","1"
"0832","DOM VIOL","4"
"2133","620 DOM VIOL","4"
"1675","DOM VIOL","15"
"0567","415 FIGHT","2"
"0883","415 FIGHT","1"
"1549","DOM VIOL SUSP J/L","1"
"2023","BATTERY INVEST","2"
"1371","242 DOM VIOL","8"
"1385","242 POSS DOM VIOL","1"
"1821","BATTERY DOMESTIC VIO","6"
"0721","DOM VIOL","13"
"1375","415 FIGHT","2"
"1621","DOM VIOL IN PROGRESS","1"
"1047","DOM VIOL","9"
"1637","DOM VIOL R/O","2"
"1612","245 AMB CUTTING","1"
"0319","242 BATTERY DOMESTIC","2"
"1258","VIOLENT MALE","3"
"1994","242 DOM VIOL","5"
"1351","DOM VIOL SUSP","4"
"0409","620 DOM VIOL R/O","1"
"1452","DOM VIOL","9"
"2128","DOM VIOL SUSP","1"
"1782","242 DOM VIOL","2"
"1749","FIGHT","1"
"0156","DOM VIOL SUSP","2"
"1839","DOM VIOL R/O","3"
"0511","918 VIOLENT MALE","1"
"0439","DOM VIOL SUSP NOW","1"
"0131","DOM VIOL","16"
"0643","245 AMB DOM VIOL","1"
"1681","415 FIGHT","1"
"0659","AMB CUTTING","1"
"2076","AMB CUTTING","2"
"0454","DOM VIOL INVESTIGATI","1"
"0906","242 DOM VIOL INVESTI","2"
"1615","BATTERY INVEST","1"
"1989","620 DOM VIOL","1"
"0637","DOM VIOL","27"
"1617","415 GROUP FIGHT","1"
"1263","BATTERY INVEST","2"
"1414","DOM VIOL INVESTIGATI","1"
"1342","242 DOM VIOL","9"
"0678","242 DOM VIOL SUSP","1"
"1263","245 DOM VIOL SUSP J/","1"
"1373","DOM VIOL SUSP NOW","3"
"0356","242 POSS DOM VIOL","2"
"0897","BATTERY INVEST","1"
"1361","415 GROUP FIGHT","2"
"1513","DOM VIOL R/O","2"
"0307","242 POSS DOM VIOL","1"
"1684","AMB CUTTING","4"
"1078","VIOLENT FEM","1"
"1245","DOM VIOL R/O","8"
"1935","242 DOM VIOL","1"
"0565","918 VIOLENT JUV","1"
"2045","GROUP FIGHT","1"
"1465","918 VIOLENT JUV","1"
"1823","DOM VIOL R/O","9"
"1802","MAJ GRP FIGHT","1"
"0123","FIGHT","4"
"1959","VIOLENT FEM","1"
"1207","POSS DOM VIOL","1"
"2088","FIGHT","1"
"0443","DOM VIOL R/O","2"
"1471","415 FIGHT","1"
"0811","DOM VIOL R/O","1"
"1862","BATTERY INVEST","1"
"1107","245 DOM VIOL SUSP J/","1"
"1219","415 FIGHT","1"
"1984","DOM VIOL","62"
"0759","FIGHT","5"
"0679","BATTERY INVEST","5"
"1015","VIOLENT FEM","1"
"1179","VIOLENT MALE","1"
"1263","620 DOM VIOL","11"
"1519","242 DOM VIOL","6"
"1143","620 DOM VIOL","1"
"0645","242 POSS DOM VIOL","1"
"0374","VIOLENT MALE","1"
"0522","DOM VIOL","28"
"0989","242 DOM VIOL","3"
"1207","VIOLENT MALE","3"
"1638","BATTERY INVEST","4"
"1999","DOM VIOL SUSP J/L","1"
"0935","DOM VIOL J/O","1"
"0466","FIGHT","7"
"2062","FIGHT","5"
"0514","GROUP FIGHT","1"
"1793","242 DOM VIOL","5"
"1792","918 VIOLENT MALE","1"
"1503","AMB DOM VIOL","1"
"1835","620 DOM VIOL","2"
"0636","242 AMB DOM VIOL","3"
"0723","BATTERY INVEST","1"
"1527","242 AMB DOM VIOL","1"
"0479","VIOLENT FEM","1"
"1827","CUTTING INV","1"
"0802","DOM VIOL","3"
"1952","620 DOM VIOL R/O","1"
"1954","BATTERY INVEST","1"
"1983","415 GROUP FIGHT","1"
"0581","POSS DOM VIOL","1"
"1716","620 DOM VIOL","2"
"1998","245 DOM VIOL","1"
"1149","242 DOM VIOL SUSP","1"
"1021","245 DOM VIOL","3"
"1149","VIOLENT MALE","1"
"0526","DOM VIOL SUSP","6"
"1113","DOM VIOL R/O","3"
"1849","242 BATTERY DOMESTIC","3"
"1548","242 DOM VIOL R/O VIO","1"
"1994","242 DOM VIOL INVESTI","1"
"0657","620 DOM VIOL R/O","3"
"1935","620 DOM VIOL","2"
"2035","GROUP FIGHT","2"
"0218","415 GROUP FIGHT","1"
"0659","BATTERY INVEST","20"
"2025","DOM VIOL","31"
"1031","VIOLENT MALE","1"
"1213","DOM VIOL","56"
"2005","242 POSS DOM VIOL","2"
"0787","FIGHT","1"
"1441","620 DOM VIOL","10"
"1241","DOM VIOL","125"
"0622","245 ADW POSS DOM VIO","1"
"1105","242 DOM VIOL","1"
"0156","DOM VIOL SUSP J/L","2"
"0773","POSS DOM VIOL","1"
"0562","918 VIOLENT FEM","1"
"0587","242 BATTERY DOMESTIC","1"
"2046","DOM VIOL SUSP","1"
"0162","ADW","1"
"2138","620 DOM VIOL","5"
"0359","FIGHT","3"
"2014","GROUP FIGHT","2"
"1003","BATTERY DOMESTIC VIO","2"
"0765","242 DOM VIOL","3"
"0247","DOM VIOL","16"
"0212","415 FIGHT","1"
"1871","VIOLENT MALE","3"
"0111","VIOLENT FEM","1"
"0625","BATTERY INVEST","2"
"0142","AMB DOM VIOL","1"
"0334","415 FIGHT","4"
"0849","620 DOM VIOL","5"
"2148","242 DOM VIOL SUSP","1"
"0857","POSS DOM VIOL","4"
"1381","AMB DOM VIOL","1"
"0832","FIGHT","4"
"0299","DOM VIOL","16"
"1342","AMB DOM VIOL","1"
"1239","242 BATTERY DOMESTIC","2"
"0396","DOM VIOL R/O","5"
"0668","242 DOM VIOL","2"
"1651","POSS DOM VIOL","1"
"1904","918 VIOLENT JUV","1"
"0509","POSS DOM VIOL","1"
"1185","DOM VIOL","1"
"1428","242 POSS DOM VIOL","1"
"0221","242 AMB DOM VIOL","1"
"1169","DOM VIOL SUSP","2"
"0256","245 DOM VIOL SUSP","1"
"2027","BATTERY INVEST","4"
"1371","AMB FIGHT","1"
"0152","DOM VIOL SUSP NOW","1"
"0441","415 FIGHT","1"
"0749","DOM VIOL","7"
"1787","POSS DOM VIOL","1"
"1256","415 FIGHT","4"
"1781","FIGHT","1"
"0644","BATTERY INVEST","1"
"1394","620 DOM VIOL R/O","3"
"1331","DOM VIOL","31"
"1372","242 DOM VIOL","3"
"0926","415 FIGHT","2"
"1925","GROUP FIGHT","1"
"1601","620 DOM VIOL R/O","1"
"0421","620 DOM VIOL","3"
"1141","245 DOM VIOL","1"
"1449","POSS DOM VIOL","1"
"1755","242 DOM VIOL","1"
"0915","DOM VIOL J/O","1"
"1124","415 GROUP FIGHT","1"
"2023","DOM VIOL SUSP J/L","1"
"1207","DOM VIOL","40"
"1545","BATTERY INVEST","4"
"1663","DOM VIOL","28"
"1453","DOM VIOL SUSP J/L","1"
"0513","CUTTING INV","1"
"1367","415 GROUP FIGHT","2"
"0245","242 BATTERY DOMESTIC","2"
"1453","DOM VIOL R/O","1"
"1363","GROUP FIGHT","3"
"0964","DOM VIOL SUSP NOW","1"
"0833","242 BATTERY INVEST","1"
"1325","VIOLENT MALE","1"
"0823","BATTERY INVEST","1"
"1477","242 BATTERY INVEST","1"
"1401","GROUP FIGHT","1"
"1383","DOM VIOL R/O","11"
"0915","DOM VIOL","20"
"0147","245 DOM VIOL","1"
"1414","415 AMB FIGHT","1"
"2118","DOM VIOL R/O","2"
"0643","FIGHT","19"
"1488","VIOLENT FEM","1"
"0585","BATTERY INVEST","3"
"1107","DOM VIOL R/O","11"
"2034","620 DOM VIOL","4"
"1041","620 DOM VIOL","1"
"2049","DOM VIOL J/O","1"
"1259","AMB DOM VIOL","2"
"0328","242 AMB DOM VIOL SUS","1"
"1675","AMB DOM VIOL","1"
"0239","DOM VIOL","1"
"2035","DOM VIOL","14"
"0678","415 FIGHT","1"
"1313","DOM VIOL SUSP NOW","3"
"2038","FIGHT","5"
"1764","VIOLENT JUV","1"
"1749","415 GROUP FIGHT","1"
"0719","DOM VIOL SUSP","2"
"2083","AMB DOM VIOL","2"
"0191","AMB CUTTING","1"
"1713","DOM VIOL SUSP NOW","1"
"0497","245 DOM VIOL SUSP NO","1"
"1959","242 AMB DOM VIOL SUS","1"
"2074","DOM VIOL SUSP","1"
"1452","242 POSS DOM VIOL","2"
"0643","POSS DOM VIOL","2"
"0321","DOM VIOL SUSP","1"
"1001","AMB CUTTING","3"
"1205","242 DOM VIOL SUSP","1"
"0269","242 DOM VIOL","8"
"0308","POSS DOM VIOL","1"
"1213","242 BATTERY DOMESTIC","1"
"1781","242 DOM VIOL R/O VIO","1"
"0438","620 DOM VIOL R/O","4"
"0881","BATTERY INVEST","4"
"0428","FIGHT","2"
"2079","BATTERY INVEST","2"
"1113","FIGHT","1"
"1821","242 DOM VIOL","20"
"1475","DOM VIOL","1"
"1535","DOM VIOL SUSP","3"
"0974","AMB DOM VIOL","2"
"0362","DOM VIOL J/O","3"
"1761","242 DOM VIOL INVESTI","1"
"2044","AMB CUTTING","1"
"1115","242 BATTERY INVEST","1"
"0203","DOM VIOL R/O","1"
"1824","245 ADW POSS DOM VIO","1"
"0121","245 AMB CUTTING","1"
"0521","242 DOM VIOL","4"
"0985","242 BATTERY INVEST","1"
"1441","AMB CUTTING","2"
"0111","245 AMB CUTTING","2"
"2034","242 DOM VIOL SUSP","1"
"1258","AMB CUTTING","3"
"0377","245 DOM VIOL","2"
"0836","242 DOM VIOL","3"
"1545","415 GROUP FIGHT","1"
"1373","415 GROUP FIGHT","1"
"0516","415 FIGHT","1"
"1363","DOM VIOL SUSP NOW","1"
"1966","620 DOM VIOL","3"
"1488","FIGHT","6"
"0897","415 FIGHT","1"
"0192","ADW","1"
"1555","DOM VIOL","53"
"1943","POSS DOM VIOL","1"
"0333","BATTERY DOMESTIC VIO","1"
"1762","242 DOM VIOL J/O","1"
"0721","242 DOM VIOL INVESTI","1"
"1767","BATTERY INVEST","2"
"1524","FIGHT","2"
"1047","GROUP FIGHT","1"
"0192","415 FIGHT","4"
"1362","GROUP FIGHT","9"
"0963","AMB DOM VIOL","1"
"1343","415 FIGHT","3"
"0508","918 VIOLENT FEM","1"
"1966","FIGHT","3"
"0643","BATTERY INVEST","2"
"0566","POSS DOM VIOL","2"
"0315","620 DOM VIOL","12"
"0778","620 DOM VIOL R/O","2"
"1413","620 DOM VIOL R/O","1"
"1321","DOM VIOL","23"
"0393","DOM VIOL","31"
"1333","DOM VIOL","46"
"1801","415 FIGHT","4"
"1998","DOM VIOL SUSP","1"
"1651","BATTERY DOMESTIC VIO","1"
"0732","DOM VIOL INVESTIGATI","1"
"1509","POSS DOM VIOL","1"
"1792","FIGHT","4"
"1177","DOM VIOL IN PROGRESS","1"
"1242","FIGHT","1"
"1602","VIOLENT MALE","2"
"1205","AMB CUTTING","1"
"0489","BATTERY DOMESTIC VIO","1"
"0363","620 DOM VIOL R/O","9"
"1752","DOM VIOL INVESTIGATI","1"
"0842","VIOLENT FEM","1"
"0171","242 DOM VIOL SUSP","1"
"0478","GROUP FIGHT","2"
"0669","AMB CUTTING","1"
"0832","DOM VIOL J/O","1"
"2143","DOM VIOL SUSP","2"
,"AMB CUTTING","2"
"1539","242 POSS DOM VIOL","1"
"0717","620 DOM VIOL","3"
"1257","DOM VIOL SUSP","4"
"1925","415 FIGHT","2"
"1974","DOM VIOL SUSP","2"
"2031","DOM VIOL SUSP","1"
"1079","DOM VIOL INVEST","1"
"0643","918 VIOLENT FEM","1"
"0532","DOM VIOL R/O","7"
"0758","FIGHT","2"
"1516","POSS DOM VIOL","1"
"0461","DOM VIOL","12"
"0807","245 DOM VIOL INVEST","1"
"0557","GROUP FIGHT","6"
"1521","242 DOM VIOL","3"
"0312","DOM VIOL SUSP","2"
"1538","GROUP FIGHT","1"
"0969","FIGHT","3"
"1535","245 AMB CUTTING","1"
"1846","DOM VIOL SUSP","2"
"1757","242 DOM VIOL SUSP","1"
"1512","FIGHT","3"
"1115","DOM VIOL R/O","1"
"1248","242 AMB DOM VIOL","1"
"0513","242 DOM VIOL SUSP","2"
"0461","VIOLENT MALE","1"
"0666","VIOLENT MALE","1"
"1985","AMB CUTTING","1"
"1805","ADW POSS DOM VIOL","1"
"0529","620 DOM VIOL","8"
"0216","ASSAULT INVEST","1"
"1645","GROUP FIGHT","1"
"0743","620 DOM VIOL","3"
"1527","BATTERY INVEST","1"
"2105","242 DOM VIOL","4"
"0231","DOM VIOL SUSP J/L","1"
"1394","415 FIGHT","1"
"1801","242 DOM VIOL SUSP","2"
"0506","918 VIOLENT MALE","2"
"1063","AMB DOM VIOL","1"
"0487","242 DOM VIOL","2"
"0341","245 AMB CUTTING","1"
"0517","242 AMB DOM VIOL","1"
"1622","DOM VIOL R/O","1"
"1017","POSS DOM VIOL","1"
"0361","245 DOM VIOL SUSP NO","1"
"1383","BATTERY INVEST","1"
"1205","DOM VIOL INVESTIGATI","1"
"0182","BATTERY","1"
"1793","FIGHT","1"
"0235","DOM VIOL R/O","15"
"0146","415 GROUP FIGHT","1"
"1641","245 DOM VIOL","1"
"1263","VIOLENT JUV","1"
"2088","242 DOM VIOL SUSP","2"
"2063","620 DOM VIOL R/O","1"
"2146","FIGHT","8"
"1693","DOM VIOL","5"
"1231","VIOLENT MALE","2"
"1025","DOM VIOL SUSP NOW","2"
"1547","POSS DOM VIOL","1"
"1391","VIOLENT FEM","1"
"1802","AMB CUTTING","6"
"0524","918 VIOLENT MALE","1"
"0314","415 FIGHT","3"
"1738","AMB DOM VIOL","1"
"0269","242 BATTERY DOMESTIC","1"
"1944","FIGHT","5"
"1787","242 DOM VIOL","7"
"0248","BATTERY INVEST","3"
"1371","FIGHT","7"
"0236","POSS DOM VIOL","2"
"1798","918 VIOLENT JUV","1"
"1829","BATTERY INVEST","2"
"0328","620 DOM VIOL","5"
"1595","FIGHT","4"
"1377","620 DOM VIOL R/O","3"
"1566","415 GROUP FIGHT","1"
"2029","620 DOM VIOL","8"
"2107","GROUP FIGHT","3"
"0119","242 BATTERY INVEST","3"
"2156","242 DOM VIOL","1"
"0328","BATTERY INVEST","2"
"0749","DOM VIOL R/O","1"
"0657","242 DOM VIOL SUSP","2"
"0648","245 DOM VIOL IN PROG","1"
"0762","POSS DOM VIOL","1"
"0246","AMB DOM VIOL","3"
"0399","245 DOM VIOL","1"
"0666","918 VIOLENT MALE","2"
"0311","BATTERY INVEST","1"
"1532","245 DOM VIOL SUSP","2"
"0842","GROUP FIGHT","2"
"1326","620 DOM VIOL","3"
"1983","FIGHT","3"
"0906","GROUP FIGHT","3"
"0201","VIOLENT MALE","3"
"0453","242 DOM VIOL INVESTI","5"
"1793","VIOLENT MALE","1"
"2026","242 BATTERY INVEST","1"
"1902","620 DOM VIOL","4"
"0235","242 DOM VIOL","9"
"0823","VIOLENT FEM","1"
"0203","FIGHT","3"
"1268","242 POSS DOM VIOL","1"
"2197","DOM VIOL","2"
"1907","VIOLENT FEM","1"
"1642","DOM VIOL R/O","4"
"0514","FIGHT","5"
"2129","DOM VIOL SUSP","2"
"1353","DOM VIOL SUSP","5"
"1823","245 AMB CUTTING","1"
"0906","242 DOM VIOL SUSP","1"
"1776","BATTERY INVEST","1"
"1162","245 CUTTING INV","3"
"0305","DOM VIOL","8"
"1805","415 GROUP FIGHT","1"
"0362","245 CUTTING INV","1"
"0417","DOM VIOL R/O","1"
"2035","242 AMB DOM VIOL","2"
"1654","242 DOM VIOL SUSP","1"
"1972","288 ASSAULT INVEST","1"
"0752","FIGHT","1"
"1323","242 BATTERY DOMESTIC","1"
"1383","245 DOM VIOL","1"
"0153","245 DOM VIOL SUSP","1"
"1136","242 BATTERY INVEST","1"
"1267","AMB CUTTING","3"
"0905","918 VIOLENT FEM","1"
"0236","242 POSS DOM VIOL","1"
"1152","BATTERY INVEST","1"
"0881","242 AMB DOM VIOL","1"
"0142","DOM VIOL","12"
"0174","918 VIOLENT MALE","1"
"1211","245 DOM VIOL SUSP","1"
"0299","AMB FIGHT","1"
"1902","242 BATTERY INVEST","1"
"1424","ADW POSS DOM VIOL","1"
"0955","415 FIGHT","1"
"0835","GROUP FIGHT","1"
"0974","242 AMB DOM VIOL","1"
"2036","620 DOM VIOL","3"
"0334","VIOLENT FEM","1"
"1347","242 DOM VIOL R/O VIO","1"
"0636","245 ADW","2"
"0499","VIOLENT FEM","1"
"0775","VIOLENT MALE","4"
"1602","245 DOM VIOL SUSP","1"
"2034","DOM VIOL","19"
"1488","245 DOM VIOL","1"
"0822","DOM VIOL R/O","1"
"1252","DOM VIOL J/O","1"
"0265","AMB DOM VIOL","2"
"1861","245 CUTTING INV","1"
"1533","DOM VIOL","4"
"0491","415 FIGHT","1"
"0281","BATTERY DOMESTIC VIO","2"
"1151","242 DOM VIOL INVESTI","2"
"0587","DOM VIOL R/O","6"
"1826","620 DOM VIOL","18"
"1273","GROUP FIGHT","4"
"0524","242 BATTERY INVEST","1"
"0678","GROUP FIGHT","1"
"2146","620 DOM VIOL R/O","4"
"0377","DOM VIOL","37"
"1908","242 BATTERY INVEST","1"
"0889","POSS DOM VIOL","1"
"1684","242 BATTERY INVEST","1"
"1521","415 FIGHT","2"
"1983","DOM VIOL","38"
"1465","BATTERY INVEST","2"
"1352","415 FIGHT","2"
"1654","242 DOM VIOL INVESTI","1"
"0933","DOM VIOL","14"
"1585","DOM VIOL IN PROGRESS","1"
"1138","DOM VIOL","7"
"2056","DOM VIOL SUSP","3"
"0219","DOM VIOL INVESTIGATI","1"
"1991","242 DOM VIOL SUSP","1"
"1586","415 FIGHT","1"
"0851","415 FIGHT","4"
"2134","BATTERY INVEST","4"
"1257","415 FIGHT","3"
"0635","415 FIGHT","1"
"0859","918 VIOLENT MALE","1"
"2137","FIGHT","2"
"1245","415 FIGHT","5"
"0743","242 DOM VIOL SUSP","1"
"0439","DOM VIOL R/O","2"
"0782","242 DOM VIOL","6"
"0354","918 VIOLENT JUV","1"
"0391","GROUP FIGHT","2"
"0261","245 AMB CUTTING","1"
"0749","GROUP FIGHT","1"
"1676","DOM VIOL SUSP","1"
"1411","415 FIGHT","2"
"0762","DOM VIOL SUSP NOW","2"
"1651","VIOLENT FEM","1"
"0182","242 DOM VIOL J/O","1"
"1982","DOM VIOL INVESTIGATI","1"
"1008","FIGHT","7"
"0895","BATTERY DOMESTIC VIO","1"
"0706","245 AMB CUTTING","1"
"0749","242 DOM VIOL SUSP","1"
"0314","VIOLENT JUV","1"
"1267","620 DOM VIOL R/O","5"
"0929","245 DOM VIOL SUSP","1"
"1781","242 BATTERY DOMESTIC","1"
"1735","FIGHT","4"
"1257","245 DOM VIOL SUSP NO","1"
"0301","620 DOM VIOL","2"
"0218","GROUP FIGHT","2"
"1802","415 GROUP FIGHT","1"
"0249","BATTERY INVEST","5"
"0159","415 FIGHT","3"
"1962","FIGHT","2"
"1135","DOM VIOL R/O","3"
"1126","242 BATTERY DOMESTIC","1"
"2036","242 DOM VIOL SUSP","1"
"1557","POSS DOM VIOL","1"
"0994","DOM VIOL","2"
"1509","DOM VIOL","4"
"1795","DOM VIOL SUSP NOW","1"
"0403","242 DOM VIOL","1"
"1999","DOM VIOL SUSP NOW","1"
"1117","VIOLENT MALE","2"
"1915","918 VIOLENT MALE","1"
"0479","242 DOM VIOL SUSP","1"
"1438","DOM VIOL R/O","4"
"1116","DOM VIOL IN PROGRESS","1"
"0663","DOM VIOL SUSP","5"
"1803","GROUP FIGHT","1"
"0564","242 DOM VIOL","6"
"1248","245 DOM VIOL SUSP","1"
"1687","DOM VIOL","22"
"0644","DOM VIOL SUSP","2"
"1908","415 FIGHT","1"
"1362","242 POSS DOM VIOL","1"
"1526","DOM VIOL SUSP","5"
"1174","DOM VIOL","2"
"1088","245 DOM VIOL INVEST","1"
"0132","620 DOM VIOL","2"
"0886","DOM VIOL R/O","1"
"1664","415 FIGHT","1"
"1129","415 FIGHT","1"
"1391","620 DOM VIOL R/O","1"
"1532","FIGHT","7"
"1469","415 FIGHT","3"
"1317","242 DOM VIOL","3"
"0362","245 AMB CUTTING","2"
"0966","DOM VIOL","5"
"1846","BATTERY DOMESTIC VIO","1"
"1958","VIOLENT MALE","1"
"1251","242 DOM VIOL","10"
"0504","VIOLENT MALE","1"
"1041","DOM VIOL R/O","3"
"0513","DOM VIOL","25"
"1132","BATTERY INVEST","2"
"0976","620 DOM VIOL R/O","2"
"1394","242 POSS DOM VIOL","1"
"0787","GROUP FIGHT","1"
"2038","GROUP FIGHT","1"
"0261","DOM VIOL R/O","6"
"0532","242 DOM VIOL","6"
"0331","242 DOM VIOL INVESTI","2"
"1313","207 POSS DOM VIOL SU","1"
"2185","POSS DOM VIOL","1"
"1231","VIOLENT FEM","1"
"1413","BATTERY INVEST","2"
"1441","918 VIOLENT JUV","1"
"1982","620 DOM VIOL R/O","3"
"0585","245 CUTTING INV","1"
"1795","DOM VIOL R/O","2"
"0941","POSS DOM VIOL","2"
"1377","DOM VIOL SUSP","3"
"0643","DOM VIOL R/O","3"
"1548","242 BATTERY DOMESTIC","2"
"1383","VIOLENT JUV","3"
"0722","DOM VIOL","16"
"0362","ADW POSS DOM VIOL","2"
"1327","415 GROUP FIGHT","1"
"1925","242 DOM VIOL INVESTI","1"
"0679","FIGHT","2"
"1245","AMB FIGHT","1"
"0233","FIGHT","4"
"1765","DOM VIOL","2"
"0391","DOM VIOL SUSP NOW","1"
"0154","242 DOM VIOL SUSP","1"
"0789","DOM VIOL SUSP","1"
"2045","POSS DOM VIOL","1"
"0938","242 DOM VIOL","1"
"1543","BATTERY INVEST","2"
"0421","245 DOM VIOL","1"
"1881","AMB DOM VIOL SUSP","1"
"0511","415 FIGHT","2"
"1969","DOM VIOL","8"
"0904","242 BATTERY INVEST","2"
"1323","ADW POSS DOM VIOL","1"
"1179","620 DOM VIOL R/O","1"
"1128","620 DOM VIOL","3"
"1434","620 DOM VIOL","1"
"0153","245 DOM VIOL","1"
"2148","620 DOM VIOL","3"
"1842","245 AMB CUTTING","2"
"0901","AMB DOM VIOL","1"
"1842","DOM VIOL SUSP NOW","7"
"0676","FIGHT","1"
"0202","918 VIOLENT MALE","1"
"0118","AMB CUTTING","2"
"1362","245 DOM VIOL SUSP","1"
"0394","242 DOM VIOL","5"
"1527","415 FIGHT","1"
"2158","ADW POSS DOM VIOL","1"
"0842","415 FIGHT","3"
"1239","AMB DOM VIOL","2"
"1317","620 DOM VIOL","4"
"0402","AMB DOM VIOL","1"
"1999","245 CUTTING INV","1"
"1538","242 DOM VIOL SUSP","1"
"1964","245 DOM VIOL","1"
"1612","620 DOM VIOL","8"
"0182","DOM VIOL R/O","10"
"0497","AMB DOM VIOL","2"
"0562","242 BATTERY","1"
"0132","POSS DOM VIOL","1"
"0397","245 ADW POSS DOM VIO","1"
"0666","242 POSS DOM VIOL","2"
"0551","DOM VIOL INVEST","1"
"0361","245 DOM VIOL SUSP","2"
"1371","AMB CUTTING","9"
"1265","FIGHT","9"
"0308","DOM VIOL","17"
"0777","620 DOM VIOL","1"
"0395","AMB CUTTING","1"
"0935","918 VIOLENT MALE","1"
"1138","620 DOM VIOL","4"
"1241","918 VIOLENT FEM","4"
"0626","415 GROUP FIGHT","1"
"1331","AMB CUTTING","3"
"0808","BATTERY INVEST","3"
"1079","DOM VIOL R/O","1"
"0246","DOM VIOL SUSP","6"
"0312","242 DOM VIOL SUSP","1"
"1802","DOM VIOL R/O","8"
"0964","DOM VIOL R/O","3"
"1135","242 DOM VIOL SUSP","1"
"1266","POSS DOM VIOL","2"
"1441","DOM VIOL R/O","4"
"2063","242 DOM VIOL J/O","1"
"0644","242 POSS DOM VIOL","1"
"0414","620 DOM VIOL","2"
"0828","FIGHT","1"
"2158","DOM VIOL IN PROGRESS","1"
"2033","AMB DOM VIOL","1"
"0376","DOM VIOL","18"
"0154","GROUP FIGHT","1"
"0775","415 FIGHT","2"
"2056","620 DOM VIOL","1"
"2046","FIGHT","1"
"0305","245 DOM VIOL","1"
"1693","242 DOM VIOL SUSP","1"
"1163","FIGHT","3"
"1183","OFCR HLDG DOM VIOL","1"
"1514","415 FIGHT","1"
"0391","620 DOM VIOL","8"
"1413","415 FIGHT","2"
"1785","DOM VIOL INVEST","1"
"0923","620 DOM VIOL","15"
"1601","918 VIOLENT MALE","1"
"1907","GROUP FIGHT","1"
"0429","BATTERY INVEST","2"
"0948","DOM VIOL INVEST","1"
"2041","BATTERY DOMESTIC VIO","1"
"0316","DOM VIOL R/O","1"
"1269","DOM VIOL INVESTIGATI","4"
"1443","AMB DOM VIOL","2"
"0235","245 DOM VIOL","3"
"1218","245 AMB CUTTING","2"
"0356","245 DOM VIOL","1"
"1126","BATTERY DOMESTIC VIO","1"
"1904","918 VIOLENT MALE","2"
"0564","DOM VIOL INVESTIGATI","1"
"1008","POSS DOM VIOL","2"
"0668","DOM VIOL R/O","10"
"0777","245 DOM VIOL SUSP NO","1"
"1243","POSS DOM VIOL","1"
"0392","415 FIGHT","3"
"0231","VIOLENT MALE","3"
"2071","VIOLENT MALE","1"
"2005","GROUP FIGHT","1"
"1256","245 DOM VIOL SUSP NO","1"
"2069","242 DOM VIOL","5"
"0144","FIGHT","3"
"1112","FIGHT","2"
"0245","415 GROUP FIGHT","1"
"1962","242 DOM VIOL","1"
"1455","242 DOM VIOL SUSP","1"
"1787","FIGHT","3"
"0163","POSS DOM VIOL","1"
"1323","DOM VIOL","28"
"0464","415 FIGHT","3"
"1757","DOM VIOL","1"
"1613","AMB DOM VIOL","1"
"1931","242 DOM VIOL SUSP","1"
"0926","242 DOM VIOL SUSP","1"
"1267","245 AMB CUTTING","3"
"1822","242 BATTERY DOMESTIC","3"
"0415","620 DOM VIOL","5"
"0204","CUTTING INV","1"
"1211","242 POSS DOM VIOL","1"
"1307","DOM VIOL SUSP J/L","2"
"0966","620 DOM VIOL","2"
"1341","AMB CUTTING","4"
"0657","245 DOM VIOL","1"
"1035","VIOLENT MALE","4"
"0314","FIGHT","1"
"1613","242 DOM VIOL INVESTI","1"
"0932","620 DOM VIOL","3"
"1129","VIOLENT FEM","1"
"0453","CUTTING INV","3"
"0332","DOM VIOL","17"
"0393","620 DOM VIOL","21"
"1079","VIOLENT FEM","2"
"2036","620 DOM VIOL R/O","5"
"2145","415 GROUP FIGHT","3"
"1902","242 DOM VIOL","3"
"1588","FIGHT","2"
"2027","245 DOM VIOL SUSP","1"
"1455","620 DOM VIOL","5"
"1972","DOM VIOL SUSP","3"
"1529","DOM VIOL SUSP","1"
"1827","BATTERY INVEST","4"
"0111","245 DOM VIOL SUSP","1"
"0355","DOM VIOL","22"
"0174","620 DOM VIOL","4"
"0899","245 DOM VIOL","1"
"1822","415 FIGHT","7"
"0246","BATTERY INVEST","2"
"1633","AMB DOM VIOL","1"
"0507","245 DOM VIOL","1"
"0337","415 GROUP FIGHT","1"
"0895","918 VIOLENT JUV","1"
"1065","415 FIGHT","2"
"1471","245 AMB CUTTING","1"
"1924","620 DOM VIOL","9"
"0855","BATTERY INVEST","1"
"1126","242 DOM VIOL","3"
"0622","620 DOM VIOL","5"
"0362","VIOLENT FEM","1"
"1005","242 DOM VIOL","2"
"0393","620 DOM VIOL R/O","1"
"0158","GROUP FIGHT","3"
"0392","918 VIOLENT MALE","1"
"0518","242 BATTERY DOMESTIC","1"
"1018","620 DOM VIOL","8"
"0464","242 DOM VIOL SUSP","1"
"0507","DOM VIOL SUSP","5"
"1981","DOM VIOL","35"
"1468","415 GROUP FIGHT","2"
"0101","415 FIGHT","2"
"1918","DOM VIOL R/O","18"
"1393","242 DOM VIOL SUSP","1"
"2049","AMB CUTTING","1"
"0325","AMB DOM VIOL","1"
"1021","DOM VIOL SUSP","1"
"0248","AMB CUTTING","2"
"1445","242 DOM VIOL INVESTI","1"
"2019","DOM VIOL SUSP J/L","1"
"0131","DOM VIOL R/O","5"
"1163","BATTERY INVEST","1"
"0567","242 POSS DOM VIOL","1"
"2129","242 DOM VIOL","3"
"0477","AMB CUTTING","1"
"0733","ADW POSS DOM VIOL","1"
"1934","DOM VIOL R/O","2"
"0636","VIOLENT MALE","3"
"2013","DOM VIOL","11"
"2097","DOM VIOL","7"
"1107","620 DOM VIOL R/O","4"
"1527","DOM VIOL","11"
"2042","DOM VIOL R/O","2"
"1269","245 DOM VIOL","4"
"0513","620 DOM VIOL R/O","2"
"2133","242 DOM VIOL INVESTI","3"
"1208","DOM VIOL IN PROGRESS","1"
"1343","VIOLENT FEM","1"
"0466","415 FIGHT","4"
"0937","GROUP FIGHT","1"
"0512","DOM VIOL","5"
"0984","DOM VIOL","2"
"1545","DOM VIOL","17"
"2035","DOM VIOL SUSP J/L","1"
"1063","POSS DOM VIOL","1"
"0587","ADW POSS DOM VIOL","1"
"2022","242 BATTERY INVEST","1"
"0454","620 DOM VIOL","3"
"1979","DOM VIOL SUSP","2"
"0528","GROUP FIGHT","2"
"1664","BATTERY INVEST","1"
"0241","AMB CUTTING","1"
"0563","245 DOM VIOL","3"
"1787","DOM VIOL","11"
"0318","DOM VIOL","5"
"1795","DOM VIOL","15"
"0666","245 AMB DOM VIOL","1"
"1219","VIOLENT FEM","1"
"0182","245 DOM VIOL INVEST","1"
"1024","DOM VIOL SUSP","1"
"1034","BATTERY DOMESTIC VIO","1"
"0976","DOM VIOL","1"
"0157","FIGHT","6"
"1035","242 BATTERY DOMESTIC","1"
"1912","207 DOM VIOL","1"
"0827","242 DOM VIOL","3"
"2027","DOM VIOL SUSP","4"
"2137","620 DOM VIOL R/O","2"
"0312","242 BATTERY INVEST","1"
"2054","DOM VIOL","11"
"1553","245 DOM VIOL","1"
"0723","245 AMB CUTTING","1"
"0203","DOM VIOL","10"
"0859","POSS DOM VIOL I/P","1"
"1385","DOM VIOL R/O","6"
"0397","415 GROUP FIGHT","2"
"1794","918 VIOLENT MALE","1"
"1257","BATTERY INVEST","3"
"1521","242 DOM VIOL SUSP","1"
"1617","FIGHT","6"
"1999","DOM VIOL INVESTIGATI","5"
"1712","415 FIGHT","1"
"0964","245 DOM VIOL SUSP","1"
"0835","242 POSS DOM VIOL","1"
"1097","DOM VIOL R/O","6"
"1363","DOM VIOL INVESTIGATI","2"
"0585","620 DOM VIOL","12"
"1464","415 FIGHT","1"
"1479","242 DOM VIOL","2"
"0964","FIGHT","2"
"0505","FIGHT","2"
"0565","CUTTING INV","2"
"0376","POSS DOM VIOL","1"
"0248","242 DOM VIOL","4"
"1676","DOM VIOL R/O","3"
"1791","DOM VIOL SUSP","2"
"0127","AMB CUTTING","1"
"1257","AMB DOM VIOL","1"
"1353","918 VIOLENT FEM","1"
"1395","DOM VIOL SUSP J/L","1"
"0765","242 BATTERY INVEST","1"
"1345","245 DOM VIOL SUSP NO","1"
"0155","415 FIGHT","1"
"1515","242 AMB DOM VIOL","1"
"0192","242 DOM VIOL","3"
"0897","VIOLENT FEM","1"
"1981","242 DOM VIOL","5"
"0473","FIGHT","3"
"0915","FIGHT","4"
"1437","DOM VIOL R/O","1"
"2189","620 DOM VIOL","2"
"0491","POSS DOM VIOL","1"
"0132","245 DOM VIOL SUSP","1"
"0742","242 BATTERY INVEST","1"
"1342","DOM VIOL J/O","1"
"2022","BATTERY INVEST","3"
"1967","DOM VIOL R/O","8"
"1503","DOM VIOL SUSP","3"
"0248","BATTERY DOMESTIC VIO","1"
"0395","GROUP FIGHT","1"
"0904","CITZ HLDG DOM VIOL","1"
"2146","BATTERY INVEST","1"
"0237","242 DOM VIOL J/O","1"
"1255","242 BATTERY DOMESTIC","1"
"0164","242 DOM VIOL SUSP","2"
"1269","242 DOM VIOL","21"
"0241","242 POSS DOM VIOL","1"
"0271","AMB CUTTING","3"
"1446","620 DOM VIOL","4"
"1971","242 AMB DOM VIOL","1"
"1267","DOM VIOL J/O","2"
"1231","245 DOM VIOL SUSP","2"
"0969","CUTTING INV","1"
"0566","VIOLENT FEM","1"
"0275","620 DOM VIOL","7"
"0321","242 DOM VIOL","1"
"1601","620 DOM VIOL","3"
"1265","DOM VIOL R/O","21"
"0506","VIOLENT MALE","2"
"1982","242 DOM VIOL","2"
"1453","BATTERY INVEST","1"
"1023","245 DOM VIOL SUSP","1"
"0156","245 AMB CUTTING","9"
"0467","DOM VIOL SUSP NOW","1"
"0285","DOM VIOL","36"
"1245","242 DOM VIOL SUSP","1"
"0813","GROUP FIGHT","1"
"0406","DOM VIOL","6"
"0377","ADW POSS DOM VIOL","1"
"1924","620 DOM VIOL R/O","4"
"1383","242 BATTERY DOMESTIC","3"
"1343","CUTTING INV","1"
"0785","VIOLENT MALE","3"
"1176","242 DOM VIOL INVESTI","1"
"0966","245 DOM VIOL","2"
"1001","DOM VIOL SUSP","2"
"1251","415 GROUP FIGHT","1"
"1776","VIOLENT MALE","1"
"0261","242 AMB DOM VIOL","3"
"0911","242 BATTERY INVEST","1"
"1363","242 DOM VIOL SUSP","1"
"1505","BATTERY INVEST","1"
"0427","DOM VIOL SUSP","1"
"0513","242 BATTERY INVEST","4"
"1667","415 FIGHT","1"
"0724","415 GROUP FIGHT","1"
"0266","DOM VIOL INVEST","1"
"0238","POSS DOM VIOL","3"
"0563","DOM VIOL SUSP","2"
"0931","DOM VIOL","3"
"1515","POSS DOM VIOL","1"
"0566","620 DOM VIOL R/O","12"
"1428","242 DOM VIOL J/O","1"
"0782","DOM VIOL","14"
"1414","620 DOM VIOL","5"
"1735","AMB CUTTING","1"
"1253","242 DOM VIOL J/O","2"
"0181","BATTERY DOMESTIC VIO","1"
"1658","DOM VIOL","12"
"1509","242 DOM VIOL","1"
"0646","POSS DOM VIOL","1"
"1263","VIOLENT MALE","6"
"0933","242 POSS DOM VIOL","1"
"1761","DOM VIOL SUSP","3"
"2079","VIOLENT MALE","2"
"1841","VIOLENT JUV","1"
"1143","245 AMB CUTTING","2"
"1309","620 DOM VIOL","1"
"1918","918 VIOLENT MALE","1"
"0564","AMB CUTTING","3"
"1834","DOM VIOL","37"
"2022","AMB DOM VIOL","2"
"0393","AMB DOM VIOL","1"
"0426","GROUP FIGHT","1"
"0311","VIOLENT FEM","3"
"1777","242 DOM VIOL","1"
"0185","620 DOM VIOL","9"
"1253","245 AMB DOM VIOL J/O","1"
"0311","245 ADW POSS DOM VIO","1"
"1485","DOM VIOL R/O","1"
"1503","DOM VIOL R/O","1"
"1955","DOM VIOL SUSP","1"
"0581","DOM VIOL R/O","3"
"0656","415 FIGHT","4"
"0849","242 DOM VIOL INVESTI","1"
"1716","415 FIGHT","1"
"1915","620 DOM VIOL","2"
"1904","242 DOM VIOL","2"
"1864","GROUP FIGHT","1"
"0171","BATTERY DOMESTIC VIO","1"
"1801","VIOLENT MALE","2"
"0541","620 DOM VIOL","4"
"0881","620 DOM VIOL","4"
"1802","FIGHT","10"
"1415","POSS DOM VIOL","1"
"1146","415 FIGHT","2"
"2146","DOM VIOL R/O","8"
"1849","FIGHT","3"
"1109","242 DOM VIOL","2"
"0788","415 FIGHT","1"
"1591","245 AMB CUTTING","1"
"1658","242 DOM VIOL","1"
"1501","242 DOM VIOL","2"
"0237","415 AMB FIGHT","1"
"2128","DOM VIOL INVESTIGATI","1"
"1913","FIGHT","3"
"1259","245 ADW POSS DOM VIO","1"
"1735","242 BATTERY INVEST","1"
"1698","242 DOM VIOL SUSP","1"
"1555","245 CUTTING INV","1"
"1079","918 VIOLENT FEM","2"
"2017","DOM VIOL SUSP NOW","2"
"1169","FIGHT","3"
"1972","245 DOM VIOL SUSP","1"
"0156","DOM VIOL","39"
"1313","242 DOM VIOL INVESTI","1"
"2113","242 DOM VIOL SUSP","1"
"0174","ADW POSS DOM VIOL","3"
"2038","BATTERY INVEST","1"
"1781","BATTERY INVEST","1"
"1269","620 DOM VIOL R/O","14"
"0217","AMB DOM VIOL","1"
"1017","ASSAULT INVEST","1"
"0974","POSS DOM VIOL","1"
"1525","620 DOM VIOL","6"
"1215","DOM VIOL J/O","1"
"0526","AMB FIGHT","1"
"0467","242 POSS DOM VIOL","1"
"0855","DOM VIOL","6"
"1729","CUTTING INV","1"
"2022","DOM VIOL R/O","8"
"0666","242 DOM VIOL","13"
"2105","620 DOM VIOL R/O","4"
"1788","GROUP FIGHT","1"
"0303","FIGHT","1"
"1752","620 DOM VIOL","9"
"2017","245 DOM VIOL","2"
"0453","242 DOM VIOL","4"
"0513","245 DOM VIOL INVEST","1"
"1622","918 VIOLENT MALE","1"
"2136","BATTERY INVEST","1"
"0397","DOM VIOL INVESTIGATI","3"
"0157","242 BATTERY INVEST","1"
"1124","FIGHT","8"
"1203","918 VIOLENT MALE","5"
"2022","245 AMB CUTTING","2"
"0645","DOM VIOL IN PROGRESS","1"
"0138","242 BATTERY DOMESTIC","1"
"1024","245 DOM VIOL","1"
"1823","DOM VIOL INVESTIGATI","1"
"1268","DOM VIOL SUSP","11"
"2046","VIOLENT MALE","2"
"1283","DOM VIOL SUSP NOW","4"
"1178","620 DOM VIOL","3"
"0738","242 DOM VIOL SUSP","1"
"0358","DOM VIOL","2"
"1259","918 VIOLENT FEM","2"
"0218","FIGHT","12"
"1394","GROUP FIGHT","4"
"0473","POSS DOM VIOL","1"
"0531","DOM VIOL IN PROGRESS","1"
"1414","DOM VIOL SUSP NOW","1"
"1172","VIOLENT MALE","1"
"1259","VIOLENT FEM","5"
"1613","620 DOM VIOL","7"
"0563","POSS DOM VIOL","2"
"1548","DOM VIOL R/O","6"
"0637","AMB CUTTING","5"
"0307","DOM VIOL R/O","2"
"1522","DOM VIOL R/O","8"
"1452","AMB CUTTING","2"
"0145","620 DOM VIOL R/O","8"
"1916","242 DOM VIOL","4"
"0261","DOM VIOL SUSP","3"
"1112","DOM VIOL","14"
"2049","242 DOM VIOL","13"
"0479","VIOLENT MALE","1"
"1144","BATTERY INVEST","3"
"0638","415 GROUP FIGHT","1"
"1802","BATTERY DOMESTIC VIO","1"
"0233","DOM VIOL SUSP","2"
"0969","DOM VIOL INVESTIGATI","1"
"2045","245 AMB CUTTING","2"
"2185","DOM VIOL SUSP","1"
"1401","242 DOM VIOL","1"
"1595","242 DOM VIOL SUSP","1"
"1465","415 FIGHT","2"
"1525","245 AMB CUTTING","2"
"2023","DOM VIOL SUSP","4"
"1638","620 DOM VIOL","2"
"0505","620 DOM VIOL R/O","2"
"0647","242 DOM VIOL INVESTI","1"
"1715","BATTERY DOMESTIC VIO","1"
"0135","245 AMB CUTTING","1"
"0461","BATTERY INVEST","1"
"1203","VIOLENT MALE","5"
"1375","415 GROUP FIGHT","3"
"0964","620 DOM VIOL R/O","4"
"0513","POSS DOM VIOL","1"
"0154","918 VIOLENT MALE","1"
"0529","DOM VIOL","43"
"0409","GROUP FIGHT","1"
"1211","DOM VIOL SUSP NOW","2"
"1375","242 DOM VIOL","4"
"0395","620 DOM VIOL R/O","3"
"0897","FIGHT","2"
"1258","242 DOM VIOL","8"
"1232","415 FIGHT","1"
"1837","DOM VIOL INVEST","1"
"0333","245 CUTTING INV","1"
"1566","GROUP FIGHT","2"
"1755","620 DOM VIOL","1"
"0233","245 DOM VIOL SUSP NO","1"
"1005","620 DOM VIOL","2"
"1535","POSS DOM VIOL","3"
"0212","245 DOM VIOL","2"
"0817","DOM VIOL R/O","1"
"0478","242 DOM VIOL J/O","2"
"1623","DOM VIOL","19"
"1371","DOM VIOL","22"
"0937","DOM VIOL SUSP","1"
"0121","242 DOM VIOL SUSP","1"
"1749","245 DOM VIOL SUSP J/","1"
"0923","VIOLENT MALE","2"
"1023","242 BATTERY INVEST","3"
"0445","620 DOM VIOL","1"
"0249","POSS DOM VIOL","3"
"1465","620 DOM VIOL","1"
"1581","VIOLENT MALE","1"
"0819","POSS DOM VIOL","1"
"0439","918 VIOLENT MALE","1"
"1832","DOM VIOL J/O","1"
"1842","DOM VIOL","71"
"0775","BATTERY INVEST","1"
"1613","918 VIOLENT MALE","1"
"0335","VIOLENT MALE","1"
"1781","918 VIOLENT JUV","1"
"0269","242 AMB DOM VIOL","1"
"1325","DOM VIOL INVEST","1"
"1713","VIOLENT JUV","2"
"0468","DOM VIOL SUSP","2"
"0904","242 AMB DOM VIOL","2"
"1985","DOM VIOL SUSP","7"
"0463","ASSAULT INVEST","1"
"0396","415 FIGHT","8"
"0504","DOM VIOL R/O","4"
"2146","BATTERY","1"
"0138","242 DOM VIOL","3"
"0312","DOM VIOL SUSP NOW","2"
"0412","FIGHT","7"
"1004","DOM VIOL INVESTIGATI","4"
"2187","DOM VIOL","9"
"1259","620 DOM VIOL R/O","9"
"1823","245 DOM VIOL SUSP","2"
"0456","DOM VIOL","13"
"0504","620 DOM VIOL","4"
"1881","245 DOM VIOL SUSP","1"
"0514","AMB CUTTING","1"
"1963","620 DOM VIOL R/O","1"
"0308","VIOLENT MALE","1"
"1375","DOM VIOL","25"
"1851","245 DOM VIOL IN PROG","1"
"1343","245 AMB CUTTING","1"
"1541","415 FIGHT","2"
"1259","GROUP FIGHT","4"
"0375","245 DOM VIOL SUSP NO","2"
"1974","918 VIOLENT MALE","1"
"0565","BATTERY DOMESTIC VIO","1"
"1129","BATTERY DOMESTIC VIO","1"
"0629","620 DOM VIOL","2"
"1829","GROUP FIGHT","2"
"1138","AMB CUTTING","1"
"0237","242 BATTERY DOMESTIC","3"
"1253","ADW POSS DOM VIOL","1"
"1758","DOM VIOL","4"
"1407","242 DOM VIOL","4"
"2081","620 DOM VIOL","6"
"0456","620 DOM VIOL","2"
"1269","415 GROUP FIGHT","5"
"1113","AMB CUTTING","1"
"2155","VIOLENT MALE","1"
"1436","GROUP FIGHT","1"
"1003","415 FIGHT","4"
"0805","245 DOM VIOL","1"
"0165","DOM VIOL SUSP NOW","1"
"1267","245 DOM VIOL","6"
"1803","620 DOM VIOL","1"
"2143","DOM VIOL R/O","8"
"2113","242 DOM VIOL","3"
"0326","ADW POSS DOM VIOL","1"
"0212","DOM VIOL SUSP","3"
"0931","415 FIGHT","1"
"0678","DOM VIOL INVESTIGATI","1"
"1441","242 DOM VIOL INVESTI","1"
"2002","DOM VIOL INVESTIGATI","1"
"0375","GROUP FIGHT","3"
"1964","DOM VIOL IN PROGRESS","1"
"1924","GROUP FIGHT","1"
"1902","DOM VIOL INVESTIGATI","1"
"1618","VIOLENT FEM","1"
"0615","BATTERY INVEST","1"
"0407","620 DOM VIOL R/O","1"
"2144","245 DOM VIOL","1"
"1633","BATTERY INVEST","1"
"2088","AMB CUTTING","2"
"0466","918 VIOLENT MALE","1"
"1307","POSS AMB DOM VIOL","1"
"0817","BATTERY INVEST","1"
"0525","620 DOM VIOL","6"
"2021","245 AMB CUTTING","1"
"1705","DOM VIOL","6"
"0991","DOM VIOL SUSP","1"
"0333","VIOLENT MALE","1"
"1454","POSS DOM VIOL","3"
"0926","245 DOM VIOL R/O","1"
"1654","AMB CUTTING","2"
"1842","DOM VIOL SUSP","14"
"1751","BATTERY INVEST","7"
"0489","DOM VIOL J/O","1"
"1638","DOM VIOL INVESTIGATI","1"
"1025","AMB DOM VIOL","1"
"1977","242 BATTERY DOMESTIC","1"
"1257","242 BATTERY INVEST","1"
"1235","DOM VIOL SUSP NOW","2"
"1681","415 GROUP FIGHT","1"
"1916","GROUP FIGHT","2"
"1781","VIOLENT MALE","2"
"1901","FIGHT","1"
"1083","DOM VIOL SUSP","1"
"1716","242 DOM VIOL","2"
"2005","DOM VIOL","19"
"0859","245 AMB CUTTING","1"
"0374","DOM VIOL R/O","1"
"0326","242 BATTERY INVEST","1"
"1971","242 BATTERY DOMESTIC","1"
"0886","242 DOM VIOL","1"
"1924","BATTERY","1"
"2027","242 DOM VIOL INVESTI","1"
"1998","DOM VIOL","22"
"0919","FIGHT","2"
"0532","VIOLENT FEM","2"
"0235","AMB CUTTING","2"
"1483","POSS DOM VIOL","1"
"2001","620 DOM VIOL","3"
"1241","245 DOM VIOL SUSP","2"
"1469","POSS DOM VIOL","2"
"2026","VIOLENT MALE","2"
"1971","BATTERY INVEST","1"
"0853","DOM VIOL","14"
"1802","VIOLENT JUV","1"
"1067","620 DOM VIOL R/O","1"
"1403","FIGHT","5"
"2022","242 AMB DOM VIOL","1"
"1139","242 DOM VIOL SUSP","1"
"1802","242 DOM VIOL SUSP","5"
"1844","242 DOM VIOL INVESTI","1"
"1725","DOM VIOL","2"
"1831","620 DOM VIOL","9"
"0204","FIGHT","5"
"0247","242 DOM VIOL SUSP","1"
"0408","DOM VIOL","9"
"0265","DOM VIOL SUSP","5"
"1469","BATTERY INVEST","3"
"0946","245 CUTTING INV","1"
"1001","DOM VIOL SUSP NOW","1"
"2173","242 DOM VIOL","2"
"1375","BATTERY INVEST","1"
"1707","DOM VIOL INVEST","1"
"1039","242 POSS DOM VIOL","1"
"0669","DOM VIOL R/O","3"
"1668","GROUP FIGHT","1"
"1203","VIOLENT JUV","1"
"2143","VIOLENT MALE","1"
"0462","242 POSS DOM VIOL","1"
"2196","620 DOM VIOL","3"
"1881","GROUP FIGHT","2"
"0356","620 DOM VIOL R/O","7"
"1775","245 DOM VIOL","1"
"0833","DOM VIOL SUSP","1"
"1782","DOM VIOL SUSP J/L","1"
"0353","VIOLENT MALE","1"
"1218","242 BATTERY INVEST","1"
"0394","245 DOM VIOL","1"
"0202","242 DOM VIOL","8"
"1676","ASSAULT INVEST","1"
"0271","FIGHT","1"
"1764","DOM VIOL SUSP NOW","1"
"1162","DOM VIOL INVESTIGATI","5"
"0937","620 DOM VIOL","2"
"0192","VIOLENT MALE","2"
"1925","DOM VIOL SUSP J/L","1"
"1651","DOM VIOL R/O","2"
"1322","415 GROUP FIGHT","2"
"0256","CUTTING INV","2"
"0512","AMB CUTTING","2"
"0256","245 AMB CUTTING","6"
"0236","BATTERY DOMESTIC VIO","4"
"1562","FIGHT","1"
"0642","DOM VIOL SUSP","1"
"1767","POSS DOM VIOL","2"
"1657","245 AMB CUTTING","1"
"0215","DOM VIOL SUSP","1"
"0648","DOM VIOL SUSP","2"
"0408","242 DOM VIOL","1"
"0289","DOM VIOL R/O","1"
"2088","245 AMB CUTTING","1"
"1924","AMB CUTTING","2"
"0144","GROUP FIGHT","2"
"1161","POSS DOM VIOL","1"
"1361","BATTERY DOMESTIC VIO","1"
"1183","DOM VIOL J/O","1"
"1612","242 DOM VIOL SUSP","2"
"0468","242 DOM VIOL SUSP","2"
"0295","242 BATTERY DOMESTIC","1"
"0558","620 DOM VIOL R/O","2"
"1309","245 DOM VIOL IN PROG","1"
"0526","245 AMB CUTTING","2"
"0721","DOM VIOL R/O","1"
"0236","242 AMB DOM VIOL","1"
"2101","VIOLENT MALE","1"
"1413","DOM VIOL","8"
"0249","620 DOM VIOL R/O","1"
"1715","DOM VIOL SUSP J/L","1"
"1589","FIGHT","2"
"0587","245 ADW POSS DOM VIO","1"
"2187","620 DOM VIOL","1"
"1241","242 BATTERY DOMESTIC","2"
"1994","242 DOM VIOL SUSP","1"
"1761","242 AMB DOM VIOL","2"
"1549","FIGHT","10"
"1972","GROUP FIGHT","1"
"1107","242 DOM VIOL","1"
"1029","415 FIGHT","2"
"1207","242 DOM VIOL SUSP","1"
"1998","242 AMB DOM VIOL","1"
"0422","DOM VIOL","13"
"1454","DOM VIOL","15"
"2015","DOM VIOL R/O","10"
"0397","AMB DOM VIOL","1"
"1513","620 DOM VIOL","3"
"1248","DOM VIOL","29"
"1641","DOM VIOL SUSP","3"
"1708","620 DOM VIOL R/O","1"
"1033","242 BATTERY DOMESTIC","1"
"2024","242 BATTERY INVEST","2"
"0353","620 DOM VIOL R/O","1"
"1354","245 DOM VIOL SUSP","1"
"0269","245 AMB CUTTING","1"
"2079","FIGHT","7"
"0935","245 DOM VIOL SUSP NO","1"
"1663","242 BATTERY","1"
"2118","AMB DOM VIOL","1"
"0333","POSS DOM VIOL","2"
"0449","DOM VIOL SUSP","2"
"1268","620 DOM VIOL","12"
"0701","288 ASSAULT INVEST","1"
"1353","DOM VIOL SUSP J/L","1"
"0145","AMB DOM VIOL","1"
"1718","DOM VIOL INVESTIGATI","1"
"1531","DOM VIOL SUSP","1"
"0929","POSS DOM VIOL","2"
"0729","242 BATTERY INVEST","2"
"0245","242 DOM VIOL INVESTI","1"
"1255","242 DOM VIOL","7"
"0779","245 DOM VIOL","1"
"0669","CUTTING INV","1"
"0442","FIGHT","2"
"1643","620 DOM VIOL","1"
"1917","POSS DOM VIOL","2"
"1538","POSS DOM VIOL","2"
"1945","GROUP FIGHT","1"
"1117","BATTERY INVEST","1"
"1322","AMB CUTTING","2"
"0557","415 GROUP FIGHT","2"
"0909","242 DOM VIOL","10"
"0841","DOM VIOL","2"
"1796","DOM VIOL R/O","3"
"1077","415 FIGHT","1"
"1266","BATTERY DOMESTIC VIO","2"
"0271","620 DOM VIOL","5"
"1677","620 DOM VIOL R/O","2"
"2103","245 AMB CUTTING","1"
"0333","242 DOM VIOL","1"
"1385","620 DOM VIOL R/O","7"
"1145","ADW","1"
"1006","242 DOM VIOL","3"
"1839","242 BATTERY DOMESTIC","1"
"1018","242 DOM VIOL SUSP","1"
"2038","DOM VIOL","13"
"1759","620 DOM VIOL","1"
"1921","VIOLENT MALE","1"
"1134","CUTTING INV","1"
"0939","GROUP FIGHT","1"
"0764","DOM VIOL","9"
"1323","242 DOM VIOL SUSP","2"
"0504","DOM VIOL","26"
"1469","620 DOM VIOL R/O","3"
"0503","242 DOM VIOL","2"
"0583","DOM VIOL R/O","1"
"0241","DOM VIOL R/O","3"
"0399","242 DOM VIOL","1"
"1826","242 DOM VIOL","10"
"0201","415 GROUP FIGHT","2"
"1128","VIOLENT FEM","1"
"2033","FIGHT","13"
"0528","242 AMB DOM VIOL","1"
"0192","VIOLENT FEM","1"
"2139","DOM VIOL J/O","1"
"0378","AMB CUTTING","3"
"1664","DOM VIOL","6"
"1601","DOM VIOL SUSP","2"
"1265","AMB CUTTING","3"
"1323","BATTERY INVEST","1"
"1413","DOM VIOL SUSP","1"
"1801","DOM VIOL SUSP J/L","1"
"2155","AMB CUTTING","1"
"1545","FIGHT","6"
"2125","242 DOM VIOL","3"
"1346","POSS DOM VIOL","3"
"1982","DOM VIOL R/O","13"
"0501","GROUP FIGHT","2"
"0337","AMB DOM VIOL","1"
"1668","DOM VIOL INVESTIGATI","2"
"0911","DOM VIOL INVESTIGATI","1"
"0491","BATTERY","1"
"2091","918 VIOLENT MALE","1"
"0827","242 POSS DOM VIOL","1"
"1394","BATTERY INVEST","1"
"1667","DOM VIOL R/O","1"
"0911","FIGHT","11"
"1804","AMB CUTTING","4"
"1205","242 BATTERY","1"
"1641","BATTERY INVEST","1"
"2024","620 DOM VIOL R/O","3"
"0257","DOM VIOL INVESTIGATI","9"
"2158","AMB CUTTING","1"
"1543","DOM VIOL INVESTIGATI","1"
"1615","AMB CUTTING","1"
"0513","415 FIGHT","3"
"0825","DOM VIOL","2"
"1863","DOM VIOL R/O","11"
"1097","620 DOM VIOL","3"
"1921","245 DOM VIOL","1"
"0937","DOM VIOL INVESTIGATI","2"
"0233","242 AMB DOM VIOL","1"
"1601","245 AMB CUTTING","2"
"1981","415 GROUP FIGHT","1"
"0437","245 DOM VIOL","1"
"1826","VIOLENT FEM","3"
"0563","BATTERY INVEST","2"
"0669","245 AMB CUTTING","1"
"0466","CUTTING INV","1"
"0526","FIGHT","7"
"1532","DOM VIOL SUSP","1"
"0356","BATTERY DOMESTIC VIO","2"
"1245","ADW POSS DOM VIOL","1"
"2137","GROUP FIGHT","1"
"1862","FIGHT","10"
"0948","620 DOM VIOL","1"
"0735","DOM VIOL SUSP J/L","1"
"0507","242 BATTERY DOMESTIC","2"
"0829","DOM VIOL R/O","3"
"0943","620 DOM VIOL","7"
"0238","242 DOM VIOL INVESTI","1"
"1044","620 DOM VIOL R/O","1"
"0558","DOM VIOL SUSP NOW","2"
"2024","242 DOM VIOL","3"
"0158","DOM VIOL R/O","4"
"1129","DOM VIOL SUSP","2"
"1375","AMB CUTTING","1"
"1065","DOM VIOL IN PROGRESS","1"
"1143","415 FIGHT","3"
"0211","DOM VIOL INVESTIGATI","3"
"1836","245 AMB CUTTING","1"
"1141","DOM VIOL SUSP","1"
"1394","BATTERY DOMESTIC VIO","2"
"0635","620 DOM VIOL","2"
"1242","AMB CUTTING","1"
"1595","VIOLENT JUV","1"
"0952","DOM VIOL","18"
"1383","415 FIGHT","6"
"1245","AMB DOM VIOL","4"
"0899","BATTERY INVEST","1"
"0636","242 BATTERY INVEST","1"
"1454","DOM VIOL INVESTIGATI","4"
"1651","620 DOM VIOL","8"
"0514","415 FIGHT","6"
"1267","242 DOM VIOL J/O","1"
"0773","620 DOM VIOL R/O","3"
"0146","AMB CUTTING","4"
"0398","415 FIGHT","4"
"1101","POSS DOM VIOL","1"
"0292","242 BATTERY INVEST","1"
"0676","620 DOM VIOL R/O","2"
"0449","VIOLENT MALE","2"
"1124","242 DOM VIOL J/O","1"
"0823","242 DOM VIOL INVESTI","1"
"0966","620 DOM VIOL R/O","1"
"1025","242 DOM VIOL","4"
"1606","FIGHT","2"
"2045","245 AMB DOM VIOL","1"
"2134","242 DOM VIOL","1"
"1127","DOM VIOL","13"
"0964","918 VIOLENT MALE","1"
"2136","620 DOM VIOL R/O","2"
"1443","245 CUTTING INV","1"
"0358","415 FIGHT","1"
"2055","FIGHT","2"
"2134","AMB DOM VIOL","1"
"0522","DOM VIOL SUSP NOW","3"
"0457","620 DOM VIOL","5"
"1333","DOM VIOL R/O","1"
"0231","242 AMB DOM VIOL","1"
"1208","AMB CUTTING","2"
"1747","242 BATTERY DOMESTIC","2"
"1641","242 DOM VIOL SUSP","1"
"0948","DOM VIOL INVESTIGATI","1"
"0326","BATTERY DOMESTIC VIO","1"
"1637","415 FIGHT","1"
"2058","BATTERY INVEST","1"
"2056","AMB CUTTING","2"
"1966","DOM VIOL SUSP","4"
"2132","242 POSS DOM VIOL","1"
"0989","DOM VIOL","15"
"1138","DOM VIOL R/O","2"
"1707","FIGHT","1"
"1249","918 VIOLENT MALE","1"
"0635","AMB CUTTING","1"
"0185","242 DOM VIOL J/O","1"
"1849","AMB CUTTING","2"
"0247","VIOLENT JUV","1"
"0426","620 DOM VIOL R/O","3"
"0899","DOM VIOL","11"
"0443","GROUP FIGHT","1"
"0631","242 BATTERY INVEST","1"
"1044","DOM VIOL","11"
"1801","DOM VIOL R/O","15"
"1203","415 FIGHT","12"
"1499","FIGHT","2"
"0235","DOM VIOL SUSP J/L","2"
"1599","VIOLENT MALE","1"
"2046","DOM VIOL","15"
"1203","242 DOM VIOL","4"
"0422","620 DOM VIOL","5"
"1385","AMB CUTTING","2"
"2062","BATTERY INVEST","1"
"0248","DOM VIOL R/O","2"
"1827","620 DOM VIOL R/O","11"
"1824","BATTERY DOMESTIC VIO","1"
"1011","VIOLENT MALE","3"
"2056","245 POSS DOM VIOL I/","1"
"0822","620 DOM VIOL","1"
"0171","DOM VIOL IN PROGRESS","1"
"0706","AMB DOM VIOL","1"
"0904","918 VIOLENT JUV","1"
"1383","245 AMB CUTTING","1"
"1005","VIOLENT FEM","1"
"0521","242 DOM VIOL J/O","1"
"0966","FIGHT","1"
"1841","FIGHT","4"
"1078","AMB CUTTING","2"
"0415","DOM VIOL","17"
"1919","DOM VIOL","1"
"2148","FIGHT","2"
"0166","242 DOM VIOL SUSP","4"
"0246","415 FIGHT","2"
"1344","VIOLENT FEM","1"
"1589","DOM VIOL","30"
"0849","620 DOM VIOL R/O","1"
"1345","DOM VIOL SUSP NOW","2"
"0562","DOM VIOL R/O","5"
"1791","245 DOM VIOL","1"
"0392","AMB DOM VIOL","2"
"0836","DOM VIOL","6"
"1414","ADW POSS DOM VIOL","1"
"1162","FIGHT","8"
"0782","620 DOM VIOL R/O","3"
"0916","620 DOM VIOL R/O","2"
"1931","620 DOM VIOL","1"
"1372","AMB DOM VIOL","1"
"2101","DOM VIOL","1"
"1317","DOM VIOL INVEST","1"
"1581","POSS DOM VIOL","2"
"0939","DOM VIOL","12"
"0202","FIGHT","4"
"1245","BATTERY DOMESTIC VIO","1"
"1535","245 DOM VIOL","1"
"2049","ADW POSS DOM VIOL","1"
"0151","DOM VIOL","2"
"0456","DOM VIOL SUSP NOW","1"
"2002","DOM VIOL SUSP","2"
"1834","620 DOM VIOL","17"
"0406","DOM VIOL SUSP NOW","1"
"1943","620 DOM VIOL","2"
"1078","415 FIGHT","1"
"1756","DOM VIOL R/O","3"
"1994","620 DOM VIOL R/O","2"
"0414","242 DOM VIOL","1"
"1259","AMB CUTTING","3"
"1606","245 DOM VIOL","1"
"0231","DOM VIOL SUSP NOW","1"
"1832","245 CUTTING INV","1"
"1862","242 BATTERY DOMESTIC","1"
"0677","DOM VIOL R/O","3"
"1393","620 DOM VIOL R/O","3"
"0269","242 BATTERY","1"
"1851","415 FIGHT","1"
"1656","VIOLENT JUV","1"
"1623","AMB DOM VIOL","1"
"1414","242 DOM VIOL","1"
"0269","DOM VIOL J/O","1"
"1184","VIOLENT MALE","1"
"0532","620 DOM VIOL R/O","4"
"2141","DOM VIOL R/O","1"
"1849","GROUP FIGHT","1"
"0567","DOM VIOL SUSP","1"
"2024","415 FIGHT","1"
"0847","242 DOM VIOL","2"
"1738","FIGHT","2"
"1303","FIGHT","4"
"2144","245 DOM VIOL SUSP","1"
"0192","DOM VIOL SUSP NOW","1"
"1829","AMB CUTTING","1"
"1846","DOM VIOL R/O","6"
"1841","DOM VIOL","68"
"1177","242 BATTERY INVEST","2"
"0752","DOM VIOL R/O","2"
"0329","242 DOM VIOL","1"
"1954","BATTERY DOMESTIC VIO","1"
"1037","DOM VIOL R/O","3"
"0749","620 DOM VIOL R/O","1"
"1596","VIOLENT MALE","1"
"0589","DOM VIOL","1"
"0738","DOM VIOL","5"
"1838","DOM VIOL SUSP J/L","1"
"1331","242 BATTERY DOMESTIC","1"
"1147","245 DOM VIOL SUSP NO","1"
"0147","POSS DOM VIOL","1"
"0585","242 AMB DOM VIOL","1"
"1243","415 FIGHT","3"
"1752","245 ADW","1"
"0506","VIOLENT FEM","1"
"1918","BATTERY INVEST","3"
"1065","FIGHT","6"
"1984","DOM VIOL J/O","1"
"1006","620 DOM VIOL","2"
"0507","BATTERY DOMESTIC VIO","3"
"1792","DOM VIOL R/O","3"
"2196","VIOLENT MALE","2"
"0935","AMB FIGHT","1"
"0562","620 DOM VIOL","4"
"0932","AMB DOM VIOL","1"
"1362","242 AMB DOM VIOL","1"
"2069","620 DOM VIOL","14"
"1249","FIGHT","6"
"0376","245 DOM VIOL","3"
"0911","242 POSS DOM VIOL","1"
"0215","245 DOM VIOL SUSP NO","1"
"0465","415 GROUP FIGHT","1"
"2106","FIGHT","1"
"0333","DOM VIOL SUSP","1"
"1027","242 BATTERY INVEST","1"
"0998","DOM VIOL R/O","1"
"1215","245 DOM VIOL SUSP","1"
"1806","AMB CUTTING","1"
"0637","POSS DOM VIOL","1"
"0929","620 DOM VIOL","3"
"0818","BATTERY INVEST","3"
"0335","MAJ GRP FIGHT W/GUN","1"
"0802","BATTERY INVEST","1"
"1841","DOM VIOL SUSP","11"
"0932","AMB FIGHT","1"
"1613","620 DOM VIOL R/O","6"
"1352","AMB DOM VIOL","1"
"1502","FIGHT","2"
"1971","620 DOM VIOL","4"
"0646","620 DOM VIOL","5"
"0407","DOM VIOL INVEST","1"
"0216","BATTERY DOMESTIC VIO","1"
"1913","620 DOM VIOL R/O","3"
"0334","BATTERY INVEST","2"
"1862","245 DOM VIOL","2"
"0111","242 POSS DOM VIOL","1"
"0212","AMB CUTTING","2"
"1737","DOM VIOL R/O","1"
"0657","FIGHT","3"
"1829","242 DOM VIOL","5"
"1078","BATTERY INVEST","4"
"1118","VIOLENT JUV","1"
"0398","GROUP FIGHT","1"
"0541","245 ADW POSS DOM VIO","1"
"1698","620 DOM VIOL R/O","3"
"0514","BATTERY DOMESTIC VIO","3"
"1586","620 DOM VIOL R/O","1"
"1622","620 DOM VIOL","5"
"0401","DOM VIOL","3"
"0453","FIGHT","2"
"1601","GROUP FIGHT","1"
"1513","242 DOM VIOL","2"
"2029","245 AMB CUTTING","3"
"1241","242 POSS DOM VIOL","2"
"0144","DOM VIOL INVESTIGATI","1"
"0779","242 DOM VIOL J/O","1"
"1943","245 CUTTING INV","1"
"0319","FIGHT","3"
"1383","245 AMB DOM VIOL","1"
"0354","242 DOM VIOL","5"
"1179","242 DOM VIOL","3"
"2197","242 DOM VIOL","1"
"1346","245 AMB CUTTING","1"
"0932","DOM VIOL R/O","9"
"1142","VIOLENT MALE","1"
"1313","DOM VIOL","37"
"0526","AMB CUTTING","6"
"1844","AMB DOM VIOL SUSP","1"
"0443","DOM VIOL","4"
"1519","245 AMB DOM VIOL","1"
"1231","AMB CUTTING","1"
"1987","BATTERY INVEST","1"
"1864","CUTTING INV","1"
"1213","DOM VIOL SUSP NOW","2"
"1363","FIGHT","3"
"1354","620 DOM VIOL R/O","3"
"1988","DOM VIOL J/O","1"
"0423","DOM VIOL SUSP NOW","1"
"1189","POSS DOM VIOL","1"
"0464","242 BATTERY DOMESTIC","1"
"1708","DOM VIOL SUSP","1"
"0701","MAJ GRP FIGHT","1"
"0321","620 DOM VIOL R/O","5"
"1065","BATTERY DOMESTIC VIO","1"
"1395","620 DOM VIOL R/O","4"
"2137","DOM VIOL INVESTIGATI","1"
"0914","245 CUTTING INV","4"
"0156","DOM VIOL INVEST","1"
"1243","242 BATTERY INVEST","3"
"1256","415 GROUP FIGHT","1"
"1453","245 DOM VIOL","1"
"1258","ADW POSS DOM VIOL","1"
"1231","918 VIOLENT FEM","1"
"2149","VIOLENT JUV","1"
"1346","245 AMB DOM VIOL","1"
"1469","245 AMB CUTTING","1"
"0159","DOM VIOL INVESTIGATI","1"
"0499","ADW POSS DOM VIOL","1"
"0363","918 VIOLENT FEM","2"
"1393","VIOLENT MALE","1"
"0627","620 DOM VIOL R/O","2"
"0521","POSS DOM VIOL","2"
"1805","620 DOM VIOL R/O","4"
"0759","918 VIOLENT MALE","2"
"1714","POSS DOM VIOL","1"
"0627","DOM VIOL","4"
"1839","620 DOM VIOL R/O","3"
"1747","415 FIGHT","1"
"1972","415 FIGHT","2"
"0919","620 DOM VIOL","2"
"0648","DOM VIOL R/O","5"
"1503","DOM VIOL INVESTIGATI","1"
"1708","918 VIOLENT FEM","1"
"0885","415 FIGHT","1"
"2015","245 DOM VIOL","1"
"2107","242 DOM VIOL SUSP","2"
"0176","242 DOM VIOL","2"
"0909","DOM VIOL R/O","4"
"0647","AMB CUTTING","6"
"0139","242 POSS DOM VIOL","1"
"1524","242 DOM VIOL","1"
"0376","242 DOM VIOL J/O","1"
"1844","245 AMB CUTTING","3"
"1752","DOM VIOL R/O VIOLATI","1"
"0933","620 DOM VIOL R/O","3"
"1844","DOM VIOL J/O","1"
"1017","FIGHT","2"
"2158","245 DOM VIOL SUSP NO","1"
"2023","FIGHT","8"
"2134","415 FIGHT","2"
"0121","620 DOM VIOL","1"
"1907","FIGHT","3"
"1794","620 DOM VIOL R/O","3"
"1257","242 DOM VIOL INVESTI","1"
"2156","620 DOM VIOL","3"
"1345","FIGHT","2"
"0455","DOM VIOL R/O","2"
"1258","AMB DOM VIOL","2"
"0269","620 DOM VIOL R/O","5"
"2183","DOM VIOL R/O","1"
"0478","BATTERY INVEST","4"
"0667","245 DOM VIOL SUSP","1"
"0374","DOM VIOL","15"
"2132","242 DOM VIOL SUSP","1"
"2141","242 DOM VIOL","4"
"0305","DOM VIOL SUSP","3"
"0516","242 DOM VIOL","3"
"0909","BATTERY DOMESTIC VIO","1"
"1333","415 GROUP FIGHT","2"
"1668","FIGHT","1"
"1506","BATTERY INVEST","1"
"1431","415 FIGHT","6"
"0504","918 VIOLENT MALE","2"
"1967","242 DOM VIOL INVESTI","1"
"1602","DOM VIOL","25"
"1521","245 DOM VIOL SUSP NO","1"
"1258","CUTTING INV","1"
"1245","BATTERY INVEST","3"
"0251","AMB CUTTING","1"
"1995","AMB DOM VIOL","1"
"1267","DOM VIOL SUSP","5"
"1504","DOM VIOL","30"
"2143","VIOLENT FEM","1"
"0335","VIOLENT FEM","3"
"0426","415 FIGHT","4"
"0663","POSS DOM VIOL","3"
"0678","918 VIOLENT MALE","1"
"0311","242 DOM VIOL SUSP","1"
"0411","FIGHT","2"
"0679","AMB CUTTING","2"
"1211","242 DOM VIOL J/O","1"
"0236","GROUP FIGHT","1"
"2062","DOM VIOL","5"
"1363","BATTERY DOMESTIC VIO","1"
"0162","FIGHT","13"
"0669","415 FIGHT","1"
"2045","FIGHT","3"
"1792","620 DOM VIOL","2"
"0849","245 AMB CUTTING","1"
"1024","DOM VIOL SUSP J/L","1"
"1663","242 BATTERY INVEST","6"
"0118","DOM VIOL SUSP","1"
"0241","BATTERY DOMESTIC VIO","1"
"2026","DOM VIOL R/O","3"
"1641","DOM VIOL","5"
"0166","ADW POSS DOM VIOL","2"
"0522","242 DOM VIOL","3"
"0318","FIGHT","2"
"1309","DOM VIOL SUSP NOW","2"
"0402","DOM VIOL","6"
"1039","POSS DOM VIOL","1"
"0669","AMB DOM VIOL","2"
"0148","245 DOM VIOL","2"
"0817","AMB CUTTING","2"
"0311","DOM VIOL","32"
"0585","AMB DOM VIOL","3"
"0724","BATTERY INVEST","1"
"0143","FIGHT","6"
"0463","DOM VIOL R/O","4"
"0558","DOM VIOL","22"
"0142","ADW POSS DOM VIOL","1"
"1351","POSS DOM VIOL","1"
"0563","POSS DOM VIOL I/P","1"
"1265","242 DOM VIOL SUSP","1"
"0424","DOM VIOL SUSP","1"
"0765","242 DOM VIOL INVESTI","1"
"2099","DOM VIOL SUSP","2"
"1822","AMB CUTTING","4"
"1842","242 DOM VIOL SUSP","1"
"2017","AMB CUTTING","5"
"1331","BATTERY DOMESTIC VIO","4"
"1428","620 DOM VIOL","2"
"1203","242 DOM VIOL SUSP","1"
"1753","242 DOM VIOL","1"
"0882","DOM VIOL","2"
"0525","242 DOM VIOL SUSP","1"
"0783","FIGHT","5"
"0532","DOM VIOL INVESTIGATI","1"
"0667","242 DOM VIOL","7"
"1258","415 FIGHT","2"
"1794","242 DOM VIOL","6"
"1391","245 DOM VIOL","1"
"1669","245 AMB CUTTING","1"
"1204","242 DOM VIOL","7"
"1468","620 DOM VIOL R/O","1"
"1218","AMB CUTTING","4"
"1266","242 DOM VIOL","15"
"1559","DOM VIOL INVESTIGATI","1"
"1799","DOM VIOL SUSP","2"
"0122","242 DOM VIOL","1"
"1218","GROUP FIGHT","2"
"1826","242 DOM VIOL SUSP","2"
"1974","VIOLENT MALE","1"
"1043","AMB DOM VIOL","2"
"1203","GROUP FIGHT","4"
"1512","VIOLENT MALE","1"
"0952","POSS DOM VIOL","3"
"0585","245 DOM VIOL SUSP NO","1"
"0467","415 FIGHT","3"
"2033","AMB CUTTING","2"
"1827","415 GROUP FIGHT","1"
"0663","FIGHT","16"
"0426","DOM VIOL","9"
"1846","242 AMB DOM VIOL","1"
"0558","242 BATTERY INVEST","2"
"1061","BATTERY DOMESTIC VIO","1"
"1258","245 DOM VIOL SUSP","1"
"0923","245 AMB CUTTING","2"
"1037","620 DOM VIOL","1"
"1991","DOM VIOL R/O","9"
"1708","GROUP FIGHT","4"
"1954","AMB DOM VIOL","1"
"0721","ADW","1"
"1775","POSS DOM VIOL","1"
"2162","VIOLENT FEM","2"
"1915","DOM VIOL INVESTIGATI","1"
"1602","DOM VIOL SUSP","5"
"1488","DOM VIOL IN PROGRESS","1"
"1509","245 DOM VIOL IN PROG","1"
"1988","242 DOM VIOL","4"
"1458","DOM VIOL","7"
"1842","ASSAULT INVEST","1"
"0457","918 VIOLENT FEM","1"
"1028","DOM VIOL R/O VIOLATI","1"
"0667","AMB DOM VIOL","1"
"0375","415 GROUP FIGHT","1"
"1834","245 DOM VIOL SUSP","1"
"1395","242 DOM VIOL","7"
"1479","DOM VIOL R/O VIOLATI","1"
"1324","FIGHT","1"
"0101","GROUP FIGHT","1"
"1752","GROUP FIGHT","2"
"1099","POSS DOM VIOL","1"
"2128","415 GROUP FIGHT","1"
"1283","AMB CUTTING","1"
"1322","245 AMB CUTTING","1"
"0637","620 DOM VIOL","7"
"0587","245 DOM VIOL","1"
"0517","620 DOM VIOL","4"
"0645","620 DOM VIOL","17"
"0237","242 DOM VIOL","8"
"1255","620 DOM VIOL R/O","2"
"1489","DOM VIOL R/O","1"
"1685","BATTERY INVEST","2"
"1653","DOM VIOL","26"
"0531","VIOLENT FEM","2"
"0317","620 DOM VIOL","5"
"0779","AMB DOM VIOL","1"
"2147","242 DOM VIOL","1"
"1822","245 CUTTING INV","1"
"0974","242 BATTERY INVEST","2"
"1257","918 VIOLENT MALE","1"
"0376","AMB DOM VIOL","1"
"1613","245 AMB CUTTING","2"
"1395","VIOLENT FEM","1"
"1667","918 VIOLENT MALE","1"
"1981","245 DOM VIOL","1"
"0645","AMB DOM VIOL","5"
"1803","242 DOM VIOL","2"
"1906","620 DOM VIOL","1"
"1991","620 DOM VIOL R/O","3"
"1904","DOM VIOL R/O","1"
"0247","AMB CUTTING","1"
"1766","242 DOM VIOL","1"
"2031","BATTERY DOMESTIC VIO","1"
"0666","242 DOM VIOL SUSP","1"
"1806","BATTERY DOMESTIC VIO","2"
"0257","620 DOM VIOL","23"
"0269","DOM VIOL INVEST","2"
"1529","FIGHT","3"
"0765","242 BATTERY DOMESTIC","1"
"1567","AMB CUTTING","1"
"1189","DOM VIOL","6"
"1119","242 BATTERY DOMESTIC","1"
"2162","DOM VIOL SUSP","1"
"1034","245 DOM VIOL SUSP","1"
"1171","DOM VIOL R/O","5"
"2145","FIGHT","9"
"0789","VIOLENT MALE","1"
"0158","242 DOM VIOL","4"
"1506","242 BATTERY DOMESTIC","1"
"2157","VIOLENT MALE","5"
"0201","918 VIOLENT MALE","1"
"0657","415 FIGHT","5"
"0666","BATTERY DOMESTIC VIO","5"
"1841","620 DOM VIOL R/O","5"
"1862","245 DOM VIOL SUSP NO","1"
"0398","245 DOM VIOL","1"
"1015","245 DOM VIOL","1"
"2031","242 DOM VIOL SUSP","2"
"1263","DOM VIOL SUSP","3"
"0816","620 DOM VIOL","1"
"1821","918 VIOLENT MALE","1"
"1487","242 DOM VIOL","1"
"0289","415 FIGHT","3"
"1511","415 FIGHT","1"
"2054","620 DOM VIOL","2"
"1361","AMB DOM VIOL","2"
"1585","415 GROUP FIGHT","2"
"0747","620 DOM VIOL R/O","1"
"1846","DOM VIOL SUSP NOW","1"
"1999","415 GROUP FIGHT","1"
"0762","VIOLENT MALE","2"
"1383","242 BATTERY INVEST","1"
"1822","BATTERY INVEST","2"
"0513","242 DOM VIOL R/O VIO","1"
"2107","245 ADW POSS DOM VIO","1"
"0152","415 FIGHT","13"
"0909","BATTERY INVEST","1"
"0237","VIOLENT JUV","1"
"1468","242 DOM VIOL","1"
"0937","242 POSS DOM VIOL","1"
"0237","POSS DOM VIOL","1"
"1269","DOM VIOL SUSP NOW","6"
"1837","AMB CUTTING","2"
"1372","DOM VIOL","21"
"1443","GROUP FIGHT","1"
"1252","VIOLENT FEM","1"
"0397","620 DOM VIOL R/O","6"
"1643","415 FIGHT","4"
"1266","DOM VIOL J/O","1"
"1004","415 GROUP FIGHT","2"
"0517","DOM VIOL R/O","2"
"0511","245 DOM VIOL SUSP","1"
"0321","620 DOM VIOL","7"
"1772","620 DOM VIOL R/O","2"
"1253","245 DOM VIOL","1"
"1567","VIOLENT MALE","1"
"1585","BATTERY INVEST","4"
"0456","DOM VIOL R/O VIOLATI","1"
"0941","DOM VIOL SUSP","3"
"1533","620 DOM VIOL R/O","1"
"1783","620 DOM VIOL R/O","1"
"0321","GROUP FIGHT","1"
"0153","DOM VIOL","34"
"0811","918 VIOLENT FEM","1"
"0406","VIOLENT MALE","2"
"0529","DOM VIOL SUSP NOW","1"
"0158","245 DOM VIOL SUSP","1"
"1864","242 DOM VIOL","9"
"1465","GROUP FIGHT","1"
"1954","VIOLENT MALE","1"
"1163","POSS DOM VIOL","1"
"0449","245 DOM VIOL IN PROG","1"
"1018","242 POSS DOM VIOL","1"
"1861","245 ADW","2"
"2029","VIOLENT MALE","1"
"1184","DOM VIOL","9"
"2158","245 AMB CUTTING","1"
"1636","BATTERY INVEST","1"
"1615","BATTERY DOMESTIC VIO","1"
"0507","242 AMB DOM VIOL","1"
"1347","245 DOM VIOL","2"
"1044","245 DOM VIOL","1"
"0753","GROUP FIGHT","1"
"1273","FIGHT","6"
"0926","VIOLENT MALE","6"
"1283","BATTERY INVEST","1"
"0906","BATTERY DOMESTIC VIO","1"
"1354","DOM VIOL","22"
"0374","242 DOM VIOL","2"
"1136","FIGHT","2"
"0835","DOM VIOL SUSP","1"
"0529","AMB DOM VIOL J/O","1"
"0842","620 DOM VIOL","3"
"0205","918 VIOLENT MALE","1"
"0392","DOM VIOL INVEST","1"
"1526","242 POSS DOM VIOL","1"
"0503","AMB DOM VIOL","1"
"2031","DOM VIOL","14"
"1258","245 CUTTING INV","1"
"0985","GROUP FIGHT","1"
"1902","FIGHT","6"
"0832","DOM VIOL SUSP","1"
"0203","VIOLENT FEM","1"
"1354","DOM VIOL SUSP","4"
"2175","242 AMB DOM VIOL","1"
"0377","245 AMB CUTTING","1"
"1752","DOM VIOL R/O","7"
"1136","242 DOM VIOL","6"
"0882","242 DOM VIOL","1"
"0158","VIOLENT MALE","2"
"0326","242 DOM VIOL J/O","1"
"2029","BATTERY INVEST","4"
"0238","DOM VIOL","18"
"1151","620 DOM VIOL","3"
"2128","GROUP FIGHT","1"
"1027","FIGHT","1"
"0454","BATTERY","1"
"0811","DOM VIOL","2"
"1842","VIOLENT FEM","2"
"0745","FIGHT","6"
"0831","DOM VIOL","4"
"1849","245 ADW POSS DOM VIO","1"
"1218","DOM VIOL SUSP NOW","2"
"1443","BATTERY INVEST","1"
"0256","AMB CUTTING","10"
"1549","DOM VIOL R/O","7"
"1832","242 AMB DOM VIOL","1"
"1109","918 VIOLENT FEM","1"
"0911","620 DOM VIOL R/O","3"
"2103","DOM VIOL","12"
"2187","245 DOM VIOL","1"
"0318","620 DOM VIOL","1"
"1642","DOM VIOL","10"
"0966","VIOLENT MALE","1"
"0245","DOM VIOL J/O","2"
"0801","DOM VIOL","4"
"0162","DOM VIOL","41"
"1341","245 DOM VIOL","2"
"1672","FIGHT","1"
"1617","DOM VIOL SUSP","1"
"1266","DOM VIOL R/O VIOLATI","1"
"1375","DOM VIOL SUSP NOW","1"
"1658","POSS DOM VIOL","1"
"0981","BATTERY INVEST","1"
"1501","BATTERY INVEST","2"
"0326","VIOLENT FEM","2"
"0457","VIOLENT FEM","1"
"1836","AMB CUTTING","1"
"1503","AMB DOM VIOL SUSP","1"
"0135","415 GROUP FIGHT","2"
"2058","AMB CUTTING","2"
"2137","AMB DOM VIOL","3"
"1408","DOM VIOL","1"
"1015","POSS DOM VIOL","1"
"2189","POSS DOM VIOL","2"
"1779","918 VIOLENT MALE","1"
"1823","242 DOM VIOL INVESTI","1"
"0914","245 DOM VIOL SUSP NO","1"
"1739","DOM VIOL R/O","1"
"1955","VIOLENT MALE","1"
"1659","DOM VIOL J/O","1"
"1049","ADW POSS DOM VIOL","2"
"1259","415 GROUP FIGHT","1"
"1456","POSS DOM VIOL","1"
"0358","242 DOM VIOL","1"
"0941","918 VIOLENT JUV","1"
"1333","242 POSS DOM VIOL","2"
"0581","BATTERY INVEST","1"
"1126","DOM VIOL R/O","3"
"0532","620 DOM VIOL","7"
"0237","DOM VIOL SUSP NOW","2"
"0248","VIOLENT MALE","2"
"1249","DOM VIOL SUSP","2"
"2079","VIOLENT FEM","4"
"1364","620 DOM VIOL","2"
"0889","242 DOM VIOL SUSP","1"
"0451","245 DOM VIOL","1"
"0467","620 DOM VIOL R/O","1"
"0119","GROUP FIGHT","3"
"1371","CUTTING INV","1"
"0239","242 DOM VIOL","1"
"0129","DOM VIOL","2"
"2005","620 DOM VIOL","6"
"1524","242 BATTERY INVEST","1"
"1642","415 FIGHT","1"
"0237","DOM VIOL INVEST","1"
"0668","AMB CUTTING","1"
"0237","918 VIOLENT FEM","1"
"0915","918 VIOLENT MALE","1"
"1924","242 DOM VIOL","6"
"1353","245 AMB CUTTING","2"
"0515","288 ASSAULT INVEST","1"
"1838","BATTERY DOMESTIC VIO","1"
"1839","242 POSS DOM VIOL","1"
"1375","620 DOM VIOL","1"
"1455","242 DOM VIOL","6"
"1204","DOM VIOL SUSP NOW","1"
"1158","918 VIOLENT FEM","1"
"0557","CUTTING INV","1"
"2081","FIGHT","3"
"1668","415 FIGHT","2"
"1406","BATTERY DOMESTIC VIO","1"
"0783","BATTERY INVEST","1"
"0776","242 DOM VIOL SUSP","1"
"2073","620 DOM VIOL","1"
"0235","BATTERY","1"
"1006","VIOLENT MALE","1"
"2088","AMB DOM VIOL","2"
"0512","245 DOM VIOL","1"
"0724","FIGHT","6"
"1078","GROUP FIGHT","1"
"1846","DOM VIOL INVEST","1"
"2136","245 DOM VIOL IN PROG","1"
"1303","242 DOM VIOL SUSP","1"
"0356","DOM VIOL","17"
"1761","242 DOM VIOL SUSP","1"
"0424","242 DOM VIOL","4"
"0855","VIOLENT MALE","2"
"1982","AMB CUTTING","2"
"2105","245 DOM VIOL","3"
"0669","242 BATTERY INVEST","1"
"1307","AMB DOM VIOL","5"
"1209","620 DOM VIOL","1"
"1515","DOM VIOL R/O","5"
"1851","DOM VIOL","16"
"0565","ADW POSS DOM VIOL","1"
"1219","AMB CUTTING","1"
"0904","DOM VIOL","29"
"0281","918 VIOLENT MALE","3"
"1519","BATTERY INVEST","1"
"1802","245 DOM VIOL","2"
"0453","245 DOM VIOL","1"
"1303","242 BATTERY INVEST","1"
"0162","DOM VIOL INVESTIGATI","1"
"2004","FIGHT","2"
"0145","BATTERY DOMESTIC VIO","1"
"1831","245 DOM VIOL SUSP J/","1"
"0522","245 DOM VIOL INVEST","1"
"0555","VIOLENT MALE","1"
"1985","245 DOM VIOL","2"
,"242 DOM VIOL","5"
"0503","DOM VIOL SUSP","1"
"0644","DOM VIOL SUSP NOW","2"
"0952","VIOLENT JUV","1"
"2029","DOM VIOL","34"
"2071","GROUP FIGHT","1"
"0147","918 VIOLENT FEM","1"
"1006","918 VIOLENT FEM","1"
"1823","BATTERY INVEST","3"
"1791","DOM VIOL R/O","4"
"0111","ASSAULT INVEST","1"
"0379","DOM VIOL","25"
"1562","VIOLENT MALE","1"
"0643","DOM VIOL","28"
"2136","DOM VIOL INVESTIGATI","1"
"0192","245 DOM VIOL","2"
"0377","AMB CUTTING","1"
"0246","DOM VIOL SUSP NOW","1"
"1363","242 DOM VIOL","6"
"2044","DOM VIOL SUSP","2"
"2042","DOM VIOL","8"
"0676","620 DOM VIOL","6"
"1794","245 DOM VIOL SUSP","1"
"1351","AMB DOM VIOL","1"
"0783","DOM VIOL R/O","5"
"1521","AMB DOM VIOL","1"
"1645","245 DOM VIOL SUSP NO","1"
"2169","FIGHT","1"
"1035","620 DOM VIOL R/O","6"
"1385","DOM VIOL R/O VIOLATI","1"
"0926","DOM VIOL INVESTIGATI","1"
"0395","DOM VIOL IN PROGRESS","1"
"0775","245 DOM VIOL","1"
"1525","GROUP FIGHT","2"
"0911","245 AMB CUTTING","1"
"1907","242 DOM VIOL","5"
"0469","242 DOM VIOL","1"
"1184","FIGHT","2"
"0711","GROUP FIGHT","2"
"2063","DOM VIOL R/O","2"
"0212","FIGHT","7"
"0637","DOM VIOL SUSP","1"
"0361","DOM VIOL INVESTIGATI","1"
"2024","242 DOM VIOL INVESTI","1"
"0714","AMB DOM VIOL","1"
"0892","FIGHT","3"
"1021","BATTERY DOMESTIC VIO","1"
"2005","620 DOM VIOL R/O","3"
"2042","POSS DOM VIOL","1"
"0119","FIGHT","16"
"1322","245 DOM VIOL SUSP NO","1"
"1587","AMB DOM VIOL","1"
"2054","245 DOM VIOL SUSP","1"
"0637","FIGHT","10"
"0882","415 GROUP FIGHT","1"
"0246","242 BATTERY INVEST","4"
"0392","DOM VIOL","48"
"1021","242 DOM VIOL","5"
"2137","620 DOM VIOL","8"
"1204","245 DOM VIOL SUSP NO","1"
"0758","DOM VIOL J/O","1"
"1974","DOM VIOL R/O","6"
"2004","242 DOM VIOL","10"
"1832","245 DOM VIOL","5"
"1548","POSS DOM VIOL","2"
"0885","415 AMB FIGHT","1"
"1503","POSS DOM VIOL","2"
"0563","620 DOM VIOL R/O","7"
"1413","245 DOM VIOL SUSP NO","1"
"1102","GROUP FIGHT","2"
"1183","DOM VIOL SUSP","1"
"2062","415 FIGHT","2"
"1549","415 FIGHT","8"
"1172","242 POSS DOM VIOL","1"
"1709","245 DOM VIOL","1"
"1333","242 AMB DOM VIOL","1"
"1239","620 DOM VIOL R/O","10"
"0235","415 FIGHT","1"
"0269","415 FIGHT","4"
"2136","242 DOM VIOL","9"
"1245","245 DOM VIOL SUSP","1"
"0309","242 DOM VIOL","1"
"1425","DOM VIOL","1"
"2149","242 DOM VIOL","3"
"1617","BATTERY INVEST","3"
"2105","DOM VIOL SUSP NOW","2"
"0457","BATTERY DOMESTIC VIO","3"
"1836","242 POSS DOM VIOL","1"
"2107","DOM VIOL R/O","7"
"0429","POSS DOM VIOL","1"
"1063","620 DOM VIOL R/O","1"
"1353","918 VIOLENT MALE","3"
"1137","DOM VIOL J/O","1"
"0464","245 DOM VIOL INVEST","1"
"0459","AMB DOM VIOL","1"
"0766","FIGHT","1"
"1684","620 DOM VIOL","7"
"1183","AMB CUTTING","1"
"1487","245 AMB CUTTING","2"
"1269","DOM VIOL IN PROGRESS","2"
"1432","415 FIGHT","2"
"1657","DOM VIOL INVESTIGATI","2"
"0551","415 FIGHT","2"
"1684","GROUP FIGHT","3"
"0752","DOM VIOL","11"
"1393","245 DOM VIOL IN PROG","1"
"0964","DOM VIOL INVEST","1"
"1515","DOM VIOL","27"
"0321","DOM VIOL","9"
"0174","415 FIGHT","6"
"1961","DOM VIOL R/O","3"
"1506","620 DOM VIOL R/O","7"
"0985","DOM VIOL R/O","3"
"0933","VIOLENT FEM","1"
"1333","918 VIOLENT FEM","1"
"1327","DOM VIOL R/O","2"
"1964","242 BATTERY DOMESTIC","2"
"0778","FIGHT","3"
"0363","245 DOM VIOL","2"
"1243","242 DOM VIOL INVESTI","1"
"1752","BATTERY DOMESTIC VIO","1"
"0257","242 AMB DOM VIOL","2"
"0316","DOM VIOL IN PROGRESS","1"
"2145","BATTERY INVEST","1"
"0124","415 FIGHT","2"
"2034","242 DOM VIOL","2"
"0271","245 DOM VIOL SUSP NO","1"
"2088","DOM VIOL SUSP NOW","2"
"1779","FIGHT","2"
"0775","245 DOM VIOL SUSP","2"
"0145","245 AMB DOM VIOL SUS","1"
"0468","FIGHT","2"
"1832","DOM VIOL","40"
"0881","415 GROUP FIGHT","1"
"1005","BATTERY DOMESTIC VIO","1"
"0747","DOM VIOL SUSP","1"
"1331","245 DOM VIOL SUSP NO","1"
"1863","242 BATTERY INVEST","2"
"2056","DOM VIOL","20"
"1468","620 DOM VIOL","5"
"2025","245 DOM VIOL SUSP NO","1"
"1636","DOM VIOL","2"
"0783","VIOLENT FEM","2"
"0336","242 BATTERY DOMESTIC","1"
"1861","415 GROUP FIGHT","1"
"0396","AMB DOM VIOL","3"
"0218","DOM VIOL","6"
"0532","FIGHT","1"
"1469","DOM VIOL R/O","4"
"1248","245 DOM VIOL","1"
"1531","BATTERY DOMESTIC VIO","1"
"1591","DOM VIOL SUSP","2"
"2044","DOM VIOL IN PROGRESS","1"
"1963","BATTERY INVEST","3"
"1394","DOM VIOL","35"
"1367","415 FIGHT","1"
"0333","245 AMB DOM VIOL","1"
"1331","POSS AMB DOM VIOL","1"
"0147","415 GROUP FIGHT","1"
"0734","415 FIGHT","5"
"1263","918 VIOLENT MALE","5"
"0727","245 CUTTING INV","1"
"1907","BATTERY INVEST","2"
"0247","DOM VIOL SUSP","1"
"1681","AMB DOM VIOL","1"
"0236","620 DOM VIOL R/O","2"
"1891","DOM VIOL R/O","9"
"0938","VIOLENT FEM","1"
"0166","AMB CUTTING","15"
"0233","ASSAULT INVEST","1"
"1497","245 ADW POSS DOM VIO","1"
"1668","620 DOM VIOL","2"
"1827","AMB DOM VIOL","4"
"0239","FIGHT","1"
"0516","DOM VIOL","19"
"0462","415 FIGHT","1"
"1862","242 POSS DOM VIOL","3"
"2177","242 AMB DOM VIOL","1"
"1991","DOM VIOL J/O","2"
"0583","242 POSS DOM VIOL","1"
"1115","CUTTING INV","1"
"1075","245 DOM VIOL","1"
"0734","242 BATTERY INVEST","3"
"1211","POSS DOM VIOL","1"
"0789","242 POSS DOM VIOL","1"
"0764","AMB DOM VIOL","1"
"1621","242 BATTERY INVEST","2"
"0145","245 CUTTING INV","1"
"0923","242 DOM VIOL","5"
"0666","415 GROUP FIGHT","1"
"2055","DOM VIOL SUSP","1"
"1544","620 DOM VIOL","3"
"0337","242 DOM VIOL","1"
"0858","POSS DOM VIOL","2"
"1834","242 AMB DOM VIOL","1"
"0783","242 DOM VIOL J/O","1"
"2036","415 GROUP FIGHT","1"
"1458","620 DOM VIOL","4"
"1235","DOM VIOL SUSP","2"
"2038","DOM VIOL R/O","2"
"0256","GROUP FIGHT","4"
,"242 DOM VIOL INVESTI","10"
"1656","BATTERY INVEST","1"
"0422","242 BATTERY","1"
"0524","VIOLENT MALE","2"
"0338","242 AMB DOM VIOL","1"
"1256","242 BATTERY INVEST","1"
"2055","DOM VIOL INVESTIGATI","1"
"1826","FIGHT","4"
"0421","DOM VIOL R/O","2"
"2073","415 GROUP FIGHT","1"
"1488","242 BATTERY DOMESTIC","1"
"1668","620 DOM VIOL R/O","2"
"0762","DOM VIOL","30"
"1503","242 BATTERY DOMESTIC","1"
"1642","245 DOM VIOL","1"
"1623","DOM VIOL SUSP J/L","1"
"2138","DOM VIOL SUSP NOW","1"
"0762","242 BATTERY INVEST","3"
"1268","GROUP FIGHT","5"
"2049","620 DOM VIOL R/O","1"
"1232","245 DOM VIOL SUSP","1"
"1021","DOM VIOL R/O","5"
"0333","DOM VIOL SUSP NOW","1"
"1763","DOM VIOL","2"
"0236","415 FIGHT","2"
"0501","DOM VIOL IN PROGRESS","1"
"1654","242 BATTERY INVEST","1"
"1687","ADW POSS DOM VIOL","1"
"0565","DOM VIOL INVEST","1"
"2101","620 DOM VIOL","1"
"1716","POSS DOM VIOL","1"
"2157","DOM VIOL","48"
"0802","242 DOM VIOL","1"
"0443","245 DOM VIOL INVEST","2"
"0158","CUTTING INV","1"
"1015","FIGHT","3"
"0279","415 FIGHT","1"
"0291","DOM VIOL R/O","2"
"0338","AMB CUTTING","3"
"0911","242 DOM VIOL J/O","2"
"1432","FIGHT","6"
"0939","BATTERY INVEST","1"
"0479","245 DOM VIOL","1"
"1395","620 DOM VIOL","10"
"0677","AMB DOM VIOL","1"
"1406","DOM VIOL J/O","1"
"1608","VIOLENT FEM","3"
"0514","DOM VIOL","32"
"1797","620 DOM VIOL R/O","1"
"0142","620 DOM VIOL","2"
"2071","DOM VIOL","10"
"2139","VIOLENT MALE","2"
"1177","AMB CUTTING","4"
"0212","GROUP FIGHT","1"
"2105","AMB CUTTING","1"
"0668","DOM VIOL R/O VIOLATI","1"
"1615","DOM VIOL SUSP","1"
"0678","FIGHT","4"
"1581","918 VIOLENT MALE","1"
"1824","POSS DOM VIOL","2"
"1515","VIOLENT FEM","1"
"1862","918 VIOLENT MALE","1"
"0373","620 DOM VIOL","2"
"1373","AMB DOM VIOL","2"
"1186","620 DOM VIOL","1"
"0221","BATTERY DOMESTIC VIO","1"
"0531","620 DOM VIOL R/O","2"
"1829","415 FIGHT","3"
"1149","DOM VIOL","4"
"1718","242 DOM VIOL","1"
"1523","BATTERY INVEST","1"
"0488","242 BATTERY INVEST","1"
"1804","DOM VIOL INVESTIGATI","1"
"1837","415 FIGHT","1"
"0479","DOM VIOL INVEST","1"
"1112","DOM VIOL SUSP","1"
"2017","242 DOM VIOL J/O","2"
"0275","DOM VIOL R/O","7"
"0737","BATTERY INVEST","1"
"0926","620 DOM VIOL R/O","2"
"2019","620 DOM VIOL","10"
"0392","AMB CUTTING","2"
"0637","AMB DOM VIOL","2"
"0359","242 BATTERY INVEST","1"
"0507","242 BATTERY INVEST","1"
"0375","FIGHT","8"
"1941","DOM VIOL SUSP","2"
"1504","620 DOM VIOL R/O","2"
"0555","245 CUTTING INV","1"
"1961","242 DOM VIOL","4"
"1999","FIGHT","1"
"0558","AMB DOM VIOL","1"
"0952","BATTERY INVEST","2"
"1707","242 BATTERY INVEST","1"
"0636","DOM VIOL SUSP","7"
"2091","415 FIGHT","1"
"1445","FIGHT","3"
"2016","415 FIGHT","1"
"0758","245 DOM VIOL","1"
"1941","DOM VIOL R/O","2"
"1033","242 POSS DOM VIOL","1"
"1802","BATTERY","1"
"0377","415 AMB FIGHT","1"
"1394","245 DOM VIOL","1"
"1137","620 DOM VIOL","4"
"1806","BATTERY INVEST","2"
"1083","DOM VIOL","3"
"0124","DOM VIOL INVEST","1"
"1383","DOM VIOL INVEST","1"
"0839","415 GROUP FIGHT","1"
"0154","415 FIGHT","3"
"0935","415 FIGHT","1"
"0814","620 DOM VIOL","1"
"0762","CUTTING INV","2"
"1955","918 VIOLENT MALE","1"
"0192","245 DOM VIOL INVEST","2"
"1835","242 DOM VIOL","1"
"1205","FIGHT","5"
"0935","245 DOM VIOL INVEST","1"
"0203","620 DOM VIOL","2"
"1758","620 DOM VIOL R/O","2"
"1903","FIGHT","1"
"0909","242 BATTERY DOMESTIC","1"
"0939","415 FIGHT","1"
"2055","DOM VIOL R/O","2"
"1506","POSS DOM VIOL","1"
"0327","242 DOM VIOL","2"
"1989","415 GROUP FIGHT","1"
"1283","DOM VIOL R/O","22"
"0355","415 FIGHT","2"
"0202","415 GROUP FIGHT","1"
"2026","242 AMB DOM VIOL","1"
"1539","FIGHT","8"
"1849","VIOLENT MALE","2"
"1219","918 VIOLENT MALE","1"
"0515","242 DOM VIOL","9"
"0455","DOM VIOL SUSP NOW","1"
"1983","242 DOM VIOL","7"
"1958","GROUP FIGHT","1"
"0251","242 DOM VIOL SUSP","1"
"0332","VIOLENT MALE","1"
"1793","242 BATTERY INVEST","2"
"1563","245 AMB CUTTING","1"
"1983","AMB DOM VIOL","3"
"1203","BATTERY INVEST","1"
"0562","FIGHT","1"
"1913","415 FIGHT","1"
"0402","DOM VIOL R/O","2"
"1258","242 DOM VIOL J/O","1"
"1864","DOM VIOL INVESTIGATI","1"
"2002","242 DOM VIOL","2"
"1365","DOM VIOL SUSP","1"
"1006","BATTERY DOMESTIC VIO","1"
"0974","242 DOM VIOL SUSP","1"
"1967","DOM VIOL SUSP","3"
"1203","245 DOM VIOL SUSP NO","1"
"1677","DOM VIOL R/O","2"
"2024","245 AMB DOM VIOL","1"
"1994","242 POSS DOM VIOL","1"
"2155","FIGHT","5"
"1213","245 DOM VIOL IN PROG","1"
"1163","DOM VIOL R/O","2"
"1535","242 DOM VIOL J/O","1"
"1921","DOM VIOL SUSP NOW","1"
"0901","DOM VIOL J/O","2"
"0587","DOM VIOL","26"
"0165","242 POSS DOM VIOL","1"
"2103","620 DOM VIOL R/O","3"
"1239","VIOLENT FEM","2"
"2113","BATTERY INVEST","1"
"0148","AMB CUTTING","5"
"1177","FIGHT","3"
"1266","DOM VIOL SUSP NOW","4"
"1354","620 DOM VIOL","2"
"0713","VIOLENT FEM","1"
"0448","620 DOM VIOL","6"
"1346","AMB FIGHT","1"
"0517","DOM VIOL INVESTIGATI","1"
"1137","VIOLENT MALE","1"
"1235","245 DOM VIOL INVEST","1"
"0303","245 AMB DOM VIOL","1"
"0637","242 BATTERY","1"
"1265","AMB DOM VIOL SUSP","1"
"1761","245 DOM VIOL","1"
"1371","415 AMB FIGHT","1"
"0916","FIGHT","1"
"0644","242 BATTERY INVEST","1"
"0111","DOM VIOL R/O VIOLATI","2"
"0676","918 VIOLENT FEM","1"
"1395","DOM VIOL R/O","9"
"0151","415 FIGHT","1"
"0931","620 DOM VIOL","1"
"1676","620 DOM VIOL","2"
"2157","DOM VIOL R/O","11"
"0971","242 DOM VIOL","2"
"0164","DOM VIOL INVESTIGATI","2"
"1943","415 GROUP FIGHT","1"
"0119","AMB CUTTING","7"
"1602","242 BATTERY INVEST","5"
"0312","245 DOM VIOL","1"
"1555","BATTERY DOMESTIC VIO","2"
"0587","242 BATTERY INVEST","1"
"0248","DOM VIOL","41"
"1024","245 DOM VIOL SUSP","1"
"1836","DOM VIOL","28"
"1827","415 AMB FIGHT","1"
"1023","DOM VIOL SUSP","2"
"1453","DOM VIOL SUSP NOW","1"
"0355","DOM VIOL R/O","4"
"1377","AMB CUTTING","1"
"1512","DOM VIOL SUSP","1"
"0909","GROUP FIGHT","2"
"0565","620 DOM VIOL","3"
"0765","BATTERY DOMESTIC VIO","1"
"1827","918 VIOLENT MALE","2"
"0915","DOM VIOL INVESTIGATI","1"
"2058","245 DOM VIOL IN PROG","1"
"1331","BATTERY","1"
"0437","242 BATTERY DOMESTIC","2"
"0455","242 DOM VIOL","6"
"1364","242 DOM VIOL","5"
"1503","DOM VIOL","29"
"0379","620 DOM VIOL","3"
"0469","620 DOM VIOL R/O","1"
"2111","242 BATTERY INVEST","1"
"0164","DOM VIOL R/O","7"
"0822","242 DOM VIOL","2"
"1954","245 DOM VIOL","3"
"1428","BATTERY INVEST","2"
"0919","242 BATTERY INVEST","3"
"1473","620 DOM VIOL","2"
"2064","242 DOM VIOL","1"
"1211","245 DOM VIOL R/O","1"
"1791","242 DOM VIOL SUSP","3"
"1548","242 BATTERY INVEST","3"
"1851","242 DOM VIOL","2"
"1011","DOM VIOL","23"
"2055","245 AMB DOM VIOL SUS","1"
"1521","BATTERY DOMESTIC VIO","1"
"1836","DOM VIOL SUSP","2"
"0828","620 DOM VIOL","2"
"0497","245 DOM VIOL","4"
"1029","AMB DOM VIOL","1"
"0421","918 VIOLENT FEM","2"
"1763","VIOLENT MALE","2"
"1189","415 FIGHT","1"
"1917","DOM VIOL","23"
"0118","242 BATTERY INVEST","1"
"0509","620 DOM VIOL R/O","1"
"1601","FIGHT","3"
"0969","DOM VIOL R/O","2"
"1754","DOM VIOL SUSP NOW","1"
"1169","245 DOM VIOL SUSP J/","1"
"2025","DOM VIOL SUSP","3"
"0195","AMB CUTTING","2"
"0152","BATTERY INVEST","10"
"1881","245 DOM VIOL","2"
"0506","245 DOM VIOL SUSP","1"
"0531","DOM VIOL","11"
"0271","242 AMB DOM VIOL","1"
"1849","BATTERY INVEST","2"
"0911","GROUP FIGHT","1"
"2042","BATTERY DOMESTIC VIO","2"
"2125","245 DOM VIOL","1"
"1045","242 DOM VIOL","2"
"1829","245 DOM VIOL SUSP NO","1"
"0905","242 DOM VIOL INVESTI","1"
"2133","242 DOM VIOL","3"
"0525","DOM VIOL SUSP NOW","1"
"0138","DOM VIOL","22"
"1844","242 DOM VIOL SUSP","5"
"0145","DOM VIOL SUSP NOW","1"
"1018","DOM VIOL SUSP","1"
"1268","918 VIOLENT FEM","3"
"0412","DOM VIOL INVESTIGATI","2"
"0245","AMB CUTTING","13"
"1916","FIGHT","3"
"2026","DOM VIOL","15"
"1454","242 BATTERY INVEST","4"
"0745","242 DOM VIOL SUSP","2"
"0531","242 DOM VIOL SUSP","1"
"0657","DOM VIOL","14"
"1824","415 GROUP FIGHT","4"
"1323","245 CUTTING INV","2"
"1687","GROUP FIGHT","2"
"0647","POSS DOM VIOL","3"
"0321","DOM VIOL SUSP NOW","1"
"0417","DOM VIOL SUSP","1"
"1863","245 DOM VIOL SUSP","1"
"0182","DOM VIOL SUSP","9"
"2076","242 DOM VIOL","3"
"0358","620 DOM VIOL R/O","1"
"0309","DOM VIOL","1"
"1687","DOM VIOL SUSP","3"
"1553","DOM VIOL","13"
"2099","620 DOM VIOL R/O","2"
"1642","620 DOM VIOL R/O","1"
"1124","DOM VIOL INVEST","1"
"0231","FIGHT","5"
"1157","DOM VIOL R/O","2"
"0459","242 DOM VIOL INVESTI","1"
"1483","242 AMB DOM VIOL","2"
"1407","DOM VIOL","25"
"0832","245 AMB CUTTING","1"
"0833","BATTERY INVEST","3"
"0362","AMB CUTTING","3"
"0905","DOM VIOL","22"
"0656","VIOLENT MALE","1"
"0566","DOM VIOL INVEST","1"
"0998","245 DOM VIOL","1"
"2134","DOM VIOL","12"
"1248","242 POSS DOM VIOL","2"
"0138","620 DOM VIOL R/O","1"
"0443","DOM VIOL INVESTIGATI","13"
"0981","DOM VIOL SUSP","1"
"1602","620 DOM VIOL R/O","2"
"0471","242 BATTERY INVEST","1"
"2107","245 DOM VIOL IN PROG","1"
"1915","242 DOM VIOL J/O","1"
"2079","242 DOM VIOL INVESTI","1"
"1372","620 DOM VIOL R/O","5"
"0628","DOM VIOL IN PROGRESS","1"
"0702","245 AMB CUTTING","2"
"1007","918 VIOLENT MALE","3"
"0157","AMB CUTTING","9"
"1931","245 AMB CUTTING","1"
"0328","DOM VIOL","8"
"1823","FIGHT","8"
"0974","DOM VIOL R/O","3"
"1824","DOM VIOL IN PROGRESS","1"
"2039","FIGHT","4"
"1177","415 FIGHT","1"
"1043","DOM VIOL SUSP J/L","1"
"1562","DOM VIOL","3"
"0154","AMB DOM VIOL","2"
"0471","DOM VIOL R/O","1"
"1663","ASSAULT INVEST","1"
"1068","FIGHT","1"
"1656","DOM VIOL SUSP","1"
"2143","620 DOM VIOL R/O","1"
"1333","918 VIOLENT MALE","2"
"2042","620 DOM VIOL","2"
"1331","245 AMB DOM VIOL","1"
"1364","415 FIGHT","2"
"0373","VIOLENT FEM","1"
"1233","918 VIOLENT FEM","1"
"0424","FIGHT","2"
"1981","415 FIGHT","1"
"1213","BATTERY DOMESTIC VIO","1"
"0565","GROUP FIGHT","1"
"1252","BATTERY DOMESTIC VIO","2"
"0171","GROUP FIGHT","4"
"1141","415 GROUP FIGHT","1"
"0375","242 BATTERY DOMESTIC","1"
"0784","AMB CUTTING","1"
"1557","245 DOM VIOL SUSP J/","1"
"1839","VIOLENT MALE","1"
"1672","DOM VIOL R/O","2"
"1243","242 DOM VIOL SUSP","1"
"2104","DOM VIOL","9"
"1585","BATTERY DOMESTIC VIO","1"
"1952","DOM VIOL R/O","5"
"1203","620 DOM VIOL R/O","7"
"0396","AMB CUTTING","3"
"1135","FIGHT","3"
"0237","620 DOM VIOL R/O","8"
"1799","BATTERY INVEST","1"
"1836","BATTERY DOMESTIC VIO","1"
"1148","918 VIOLENT MALE","1"
"0251","BATTERY INVEST","2"
"0519","DOM VIOL","12"
"0531","POSS DOM VIOL","1"
"0669","242 DOM VIOL","2"
"1496","DOM VIOL INVESTIGATI","1"
"1344","DOM VIOL SUSP NOW","1"
"1391","620 DOM VIOL","7"
"0645","DOM VIOL J/O","1"
"0376","GROUP FIGHT","4"
"1441","AMB FIGHT","1"
"2141","POSS DOM VIOL","1"
"0361","DOM VIOL SUSP NOW","1"
"0935","GROUP FIGHT","1"
"1218","415 FIGHT","8"
"0326","POSS DOM VIOL","1"
"0449","288 ASSAULT INVEST","2"
"1147","DOM VIOL","7"
"1727","FIGHT","1"
"0156","BATTERY DOMESTIC VIO","1"
"0162","415 FIGHT","6"
"1801","DOM VIOL SUSP NOW","6"
"1532","DOM VIOL","14"
"2155","242 DOM VIOL SUSP","2"
"0463","242 DOM VIOL","1"
"0625","POSS DOM VIOL","1"
"1751","FIGHT","1"
"1406","DOM VIOL R/O","3"
"0361","918 VIOLENT FEM","2"
"1505","FIGHT","4"
"0185","DOM VIOL","21"
"0777","VIOLENT MALE","1"
"1137","FIGHT","3"
"2129","VIOLENT FEM","1"
"0376","FIGHT","12"
"1004","GROUP FIGHT","1"
"1839","POSS DOM VIOL","1"
"1142","DOM VIOL R/O","2"
"1218","245 ADW POSS DOM VIO","1"
"1987","415 GROUP FIGHT","1"
"1781","242 BATTERY INVEST","2"
"0138","FIGHT","4"
"1207","DOM VIOL INVESTIGATI","2"
"1393","AMB CUTTING","5"
"1346","DOM VIOL SUSP NOW","1"
"0943","242 DOM VIOL INVESTI","1"
"1881","245 DOM VIOL INVEST","1"
"2141","918 VIOLENT MALE","2"
"0279","245 AMB CUTTING","1"
"0764","VIOLENT FEM","1"
"0663","AMB CUTTING","4"
"1242","DOM VIOL SUSP","3"
"2023","DOM VIOL","25"
"1142","BATTERY INVEST","1"
"0774","620 DOM VIOL","4"
"0778","VIOLENT MALE","1"
"1827","DOM VIOL SUSP","14"
"2069","242 BATTERY INVEST","1"
"1526","242 DOM VIOL SUSP","2"
"1446","415 FIGHT","2"
"2139","GROUP FIGHT","2"
"0295","FIGHT","2"
"1952","DOM VIOL","9"
"2115","DOM VIOL","9"
"1377","245 DOM VIOL SUSP NO","1"
"1803","AMB CUTTING","1"
"1444","VIOLENT FEM","1"
"0848","620 DOM VIOL","1"
"0521","245 AMB CUTTING","1"
"2133","BATTERY INVEST","19"
"1371","245 DOM VIOL","2"
"0144","VIOLENT MALE","1"
"1444","245 DOM VIOL","1"
"1307","245 DOM VIOL SUSP J/","1"
"0806","242 POSS DOM VIOL","1"
"0337","FIGHT","4"
"1253","242 DOM VIOL SUSP","1"
"0811","VIOLENT FEM","2"
"1663","620 DOM VIOL","5"
"0499","245 DOM VIOL","1"
"1684","415 GROUP FIGHT","3"
"1871","AMB DOM VIOL","1"
"0938","AMB CUTTING","1"
"0565","415 GROUP FIGHT","1"
"1529","DOM VIOL","15"
"2115","AMB DOM VIOL","1"
"1846","245 CUTTING INV","1"
"1827","DOM VIOL SUSP J/L","2"
"1999","242 DOM VIOL","3"
"1954","DOM VIOL","14"
"1113","POSS DOM VIOL","1"
"0943","242 DOM VIOL","6"
"2041","242 POSS DOM VIOL","1"
"1025","BATTERY DOMESTIC VIO","1"
"0326","415 GROUP FIGHT","1"
"0567","GROUP FIGHT","1"
"0638","415 FIGHT","5"
"1077","245 DOM VIOL SUSP","1"
"1793","DOM VIOL SUSP","1"
"0915","AMB DOM VIOL","2"
"0994","VIOLENT FEM","2"
"0822","DOM VIOL J/O","1"
"0637","DOM VIOL R/O VIOLATI","1"
"1321","242 AMB DOM VIOL","1"
"1936","242 POSS DOM VIOL","1"
"1955","DOM VIOL","4"
"1483","AMB CUTTING","2"
"0235","620 DOM VIOL R/O","2"
"0131","245 DOM VIOL SUSP NO","1"
"0557","620 DOM VIOL","8"
"0516","ADW POSS DOM VIOL","1"
"0636","242 DOM VIOL SUSP","2"
"0142","DOM VIOL SUSP","2"
"1924","FIGHT","3"
"1149","415 FIGHT","3"
"1918","VIOLENT MALE","2"
"1266","DOM VIOL SUSP J/L","1"
"0132","242 BATTERY INVEST","1"
"0764","POSS DOM VIOL","1"
"1215","FIGHT","14"
"1514","FIGHT","3"
"1596","918 VIOLENT JUV","1"
"0506","620 DOM VIOL R/O","1"
"0831","620 DOM VIOL","1"
"0397","620 DOM VIOL","9"
"1252","VIOLENT MALE","1"
"1767","245 DOM VIOL","2"
"0311","AMB DOM VIOL","1"
"0889","415 GROUP FIGHT","3"
"0849","AMB DOM VIOL","1"
"2146","AMB DOM VIOL","2"
"0722","DOM VIOL SUSP","1"
"2014","245 DOM VIOL SUSP J/","1"
"1258","DOM VIOL","58"
"1235","245 AMB CUTTING","2"
"1004","242 DOM VIOL INVESTI","3"
"0919","DOM VIOL IN PROGRESS","1"
"1474","620 DOM VIOL","2"
"0289","AMB CUTTING","1"
"0326","DOM VIOL SUSP","2"
"0158","AMB DOM VIOL","2"
"1245","POSS DOM VIOL","1"
"2142","415 GROUP FIGHT","1"
"2118","918 VIOLENT MALE","1"
"2024","245 AMB CUTTING","4"
"0265","DOM VIOL J/O","1"
"2107","DOM VIOL SUSP","4"
"0648","620 DOM VIOL R/O","2"
"1906","242 AMB DOM VIOL SUS","1"
"2113","DOM VIOL","8"
"2081","415 FIGHT","1"
"1557","BATTERY INVEST","3"
"0567","FIGHT","2"
"0422","620 DOM VIOL R/O","3"
"2036","242 BATTERY","1"
"1443","FIGHT","3"
"0644","620 DOM VIOL","13"
"1431","ADW POSS DOM VIOL","1"
"1444","DOM VIOL R/O","1"
"0645","VIOLENT MALE","1"
"1265","VIOLENT FEM","1"
"1781","DOM VIOL INVESTIGATI","6"
"0373","BATTERY INVEST","1"
"1802","620 DOM VIOL R/O","5"
"0249","242 DOM VIOL","4"
"0919","245 DOM VIOL","1"
"0171","FIGHT","4"
"0201","245 ADW POSS DOM VIO","1"
"1303","415 FIGHT","2"
"1613","GROUP FIGHT","2"
"1465","POSS DOM VIOL","2"
"1974","POSS DOM VIOL","1"
"1964","AMB CUTTING","1"
"1125","242 DOM VIOL SUSP","1"
"1249","DOM VIOL","34"
"0522","DOM VIOL SUSP","2"
"2033","620 DOM VIOL R/O","6"
"1984","FIGHT","9"
"2148","DOM VIOL SUSP NOW","1"
"2147","245 DOM VIOL","1"
"2146","DOM VIOL","32"
"0895","BATTERY INVEST","4"
"1256","242 AMB DOM VIOL","2"
"1061","242 DOM VIOL","2"
"0497","DOM VIOL SUSP","2"
"0359","DOM VIOL SUSP","2"
"1352","918 VIOLENT FEM","1"
"1623","DOM VIOL R/O","7"
"0147","620 DOM VIOL R/O","1"
"1148","FIGHT","4"
"0285","BATTERY DOMESTIC VIO","1"
"2004","620 DOM VIOL R/O","3"
"1444","242 POSS DOM VIOL","1"
"1342","VIOLENT FEM","1"
"1637","VIOLENT FEM","1"
"1502","BATTERY INVEST","2"
"0375","415 FIGHT","4"
"0503","242 AMB DOM VIOL","1"
"0281","BATTERY INVEST","4"
"0745","620 DOM VIOL R/O","3"
"0195","415 FIGHT","1"
"1909","AMB CUTTING","1"
"1464","BATTERY INVEST","1"
"1129","620 DOM VIOL R/O","8"
"1791","AMB CUTTING","2"
"1152","620 DOM VIOL R/O","13"
"0312","242 DOM VIOL","5"
"0508","DOM VIOL R/O","2"
"2139","242 BATTERY INVEST","1"
"0158","620 DOM VIOL R/O","3"
"1142","242 DOM VIOL","5"
"0527","DOM VIOL SUSP NOW","1"
"0161","DOM VIOL SUSP NOW","1"
"1924","DOM VIOL R/O","25"
"0811","242 AMB DOM VIOL","1"
"1112","242 DOM VIOL","1"
"0218","620 DOM VIOL","6"
"2024","242 DOM VIOL SUSP","4"
"1258","918 VIOLENT FEM","1"
"1999","620 DOM VIOL","5"
"1061","BATTERY INVEST","1"
"1803","DOM VIOL R/O","4"
"0185","GROUP FIGHT","4"
"1511","DOM VIOL SUSP","1"
"2196","DOM VIOL SUSP","1"
,"BATTERY","1"
"0666","ADW","1"
"1779","415 GROUP FIGHT","2"
"1177","620 DOM VIOL","5"
"1774","242 BATTERY INVEST","1"
"0457","DOM VIOL SUSP NOW","1"
"2033","ASSAULT INVEST","1"
"0752","620 DOM VIOL","3"
"0889","245 DOM VIOL","1"
"0235","242 DOM VIOL SUSP","1"
"1151","DOM VIOL SUSP","2"
"1351","620 DOM VIOL","5"
"1684","DOM VIOL SUSP","2"
"0952","242 DOM VIOL","4"
"1293","VIOLENT MALE","1"
"1251","245 DOM VIOL SUSP NO","2"
"0733","FIGHT","2"
"1925","245 DOM VIOL","2"
"0156","242 BATTERY INVEST","4"
"0566","415 GROUP FIGHT","2"
"1394","242 DOM VIOL INVESTI","1"
"2033","DOM VIOL SUSP","4"
"0437","242 POSS DOM VIOL","1"
"0256","620 DOM VIOL R/O","1"
"0335","FIGHT","1"
"1526","415 MAJ GRP FIGHT","1"
"1981","FIGHT","7"
"1255","BATTERY INVEST","2"
"1033","BATTERY INVEST","6"
"0755","BATTERY INVEST","1"
"1709","DOM VIOL","6"
"1795","242 DOM VIOL","8"
"0396","AMB FIGHT","1"
"0464","242 DOM VIOL","7"
"1512","415 FIGHT","1"
"1061","DOM VIOL SUSP","3"
"1243","BATTERY INVEST","1"
"1581","VIOLENT JUV","1"
"0157","DOM VIOL SUSP NOW","1"
"0648","POSS DOM VIOL","1"
"1964","POSS DOM VIOL","1"
"1215","BATTERY","1"
"0555","DOM VIOL","21"
"2083","GROUP FIGHT","1"
"0119","415 FIGHT","6"
"0325","242 DOM VIOL","2"
"1441","242 POSS DOM VIOL","1"
"0355","918 VIOLENT FEM","1"
"1215","242 DOM VIOL","13"
"2177","BATTERY INVEST","18"
"1431","620 DOM VIOL R/O","3"
"0374","DOM VIOL J/O","1"
"1844","FIGHT","12"
"0408","620 DOM VIOL","2"
"1771","DOM VIOL INVESTIGATI","1"
"0647","242 POSS DOM VIOL","1"
"0321","AMB CUTTING","2"
"0555","BATTERY DOMESTIC VIO","2"
"1911","ADW","1"
"0101","BATTERY DOMESTIC VIO","2"
"1796","242 DOM VIOL","1"
"1967","620 DOM VIOL R/O","1"
"0721","VIOLENT MALE","1"
"2104","245 AMB DOM VIOL","1"
"1663","GROUP FIGHT","1"
"0377","VIOLENT MALE","2"
"0336","AMB DOM VIOL","2"
"1184","620 DOM VIOL","3"
"1249","DOM VIOL J/O","1"
"1964","FIGHT","2"
"1707","DOM VIOL","3"
"2104","BATTERY DOMESTIC VIO","1"
"1144","620 DOM VIOL","1"
"1458","242 DOM VIOL","3"
"1249","VIOLENT MALE","1"
"1779","DOM VIOL","1"
"1591","415 FIGHT","2"
"1468","245 DOM VIOL SUSP J/","1"
"0361","620 DOM VIOL R/O","8"
"1924","DOM VIOL","42"
"0139","242 BATTERY INVEST","1"
"0898","BATTERY INVEST","1"
"1267","ADW POSS DOM VIOL","2"
"0565","242 DOM VIOL","1"
"1862","DOM VIOL SUSP","8"
"0904","242 POSS DOM VIOL","2"
"1468","MAJ JUV GRP FIGHT","1"
"0341","POSS DOM VIOL","2"
"0898","DOM VIOL SUSP","2"
"0233","242 DOM VIOL J/O","1"
"0895","620 DOM VIOL","1"
"2034","245 DOM VIOL","1"
"0164","245 ADW POSS DOM VIO","1"
"1141","415 FIGHT","3"
"0205","FIGHT","1"
"0231","245 DOM VIOL","1"
"2113","FIGHT","1"
"2039","AMB CUTTING","2"
"0677","DOM VIOL INVEST","1"
"0532","BATTERY DOMESTIC VIO","1"
"2073","POSS DOM VIOL","2"
"0753","415 FIGHT","4"
"1861","VIOLENT MALE","1"
"0147","918 VIOLENT MALE","1"
"1039","AMB CUTTING","3"
"0705","FIGHT","4"
"1904","DOM VIOL J/O","1"
"0645","GROUP FIGHT","5"
"1541","GROUP FIGHT","1"
"1798","620 DOM VIOL R/O","1"
"0506","AMB DOM VIOL","1"
"1566","620 DOM VIOL","1"
"2107","BATTERY DOMESTIC VIO","2"
"0508","DOM VIOL","6"
"1455","620 DOM VIOL R/O","1"
"1139","242 DOM VIOL","1"
"1803","242 AMB DOM VIOL","1"
"0378","242 DOM VIOL","4"
"1326","245 AMB DOM VIOL","1"
"2114","918 VIOLENT MALE","1"
"0238","DOM VIOL R/O","2"
"0163","415 GROUP FIGHT","1"
"1041","245 DOM VIOL SUSP NO","1"
"2175","DOM VIOL SUSP","2"
"1998","918 VIOLENT MALE","1"
"1163","242 DOM VIOL","3"
"0266","FIGHT","4"
"1974","AMB CUTTING","1"
"1023","415 FIGHT","1"
"0233","DOM VIOL R/O","7"
"1955","242 DOM VIOL SUSP","1"
"0566","VIOLENT MALE","1"
"0905","620 DOM VIOL","1"
"0518","DOM VIOL INVESTIGATI","1"
"1395","DOM VIOL","24"
"0437","DOM VIOL SUSP J/L","1"
"1039","242 BATTERY INVEST","1"
"1764","DOM VIOL","20"
"1844","DOM VIOL","68"
"0813","620 DOM VIOL","1"
"0819","VIOLENT FEM","1"
"1144","DOM VIOL INVEST","1"
"1393","620 DOM VIOL","8"
"1523","DOM VIOL","12"
"1827","GROUP FIGHT","3"
"1248","DOM VIOL SUSP NOW","2"
"0759","VIOLENT MALE","2"
"1752","VIOLENT MALE","1"
"2058","242 POSS DOM VIOL","2"
"1232","GROUP FIGHT","1"
"1904","FIGHT","2"
"1663","DOM VIOL J/O","1"
"0279","DOM VIOL R/O","7"
"0646","242 BATTERY INVEST","2"
"1515","GROUP FIGHT","3"
"1925","DOM VIOL INVEST","1"
"0985","POSS DOM VIOL I/P","1"
"1008","AMB DOM VIOL","2"
"1033","GROUP FIGHT","3"
"2137","DOM VIOL SUSP","2"
"0334","FIGHT","7"
"0464","245 AMB DOM VIOL","1"
"1824","415 FIGHT","4"
"1432","242 AMB DOM VIOL","1"
"0195","245 ADW POSS DOM VIO","1"
"2159","242 DOM VIOL","1"
"1459","242 DOM VIOL","1"
"1788","415 FIGHT","1"
"1984","415 GROUP FIGHT","1"
"0105","FIGHT","2"
"1239","BATTERY INVEST","2"
"1065","DOM VIOL SUSP","3"
"1567","620 DOM VIOL R/O","1"
"0732","242 DOM VIOL","1"
"0111","415 FIGHT","6"
"0201","245 ADW","1"
"0174","DOM VIOL INVEST","1"
"2173","918 VIOLENT MALE","2"
"1444","DOM VIOL INVESTIGATI","1"
"1695","BATTERY DOMESTIC VIO","1"
"0328","245 DOM VIOL SUSP","2"
"1263","242 DOM VIOL INVESTI","1"
"1012","620 DOM VIOL","2"
"1457","DOM VIOL IN PROGRESS","1"
"1539","245 AMB CUTTING","1"
"0157","VIOLENT FEM","1"
"1259","918 VIOLENT MALE","4"
"0464","245 DOM VIOL SUSP J/","1"
"0526","918 VIOLENT MALE","4"
"1728","DOM VIOL R/O","3"
"1837","GROUP FIGHT","2"
"0935","245 AMB CUTTING","2"
"1005","DOM VIOL","15"
"0759","245 AMB CUTTING","2"
"1653","242 DOM VIOL","2"
"1019","VIOLENT FEM","1"
"1563","FIGHT","1"
"1827","245 AMB DOM VIOL","1"
"1152","DOM VIOL SUSP","3"
"2189","245 DOM VIOL SUSP","1"
"1841","AMB CUTTING","5"
"0216","620 DOM VIOL","4"
"0737","415 FIGHT","1"
"0236","DOM VIOL SUSP NOW","3"
"1313","242 DOM VIOL R/O VIO","1"
"0119","DOM VIOL SUSP","1"
"1061","620 DOM VIOL","3"
"1682","VIOLENT MALE","1"
"2045","DOM VIOL R/O","5"
"1185","242 BATTERY INVEST","1"
"1908","VIOLENT MALE","2"
"1248","245 AMB CUTTING","2"
"1213","245 DOM VIOL","4"
"1781","DOM VIOL INVEST","1"
"1149","FIGHT","5"
"1101","DOM VIOL","5"
"0678","DOM VIOL","14"
"0889","242 POSS DOM VIOL","1"
"0527","620 DOM VIOL","1"
"0221","DOM VIOL SUSP","1"
"0449","POSS DOM VIOL I/P","1"
"2017","DOM VIOL R/O","3"
"1204","415 FIGHT","3"
"1602","BATTERY INVEST","1"
"1663","VIOLENT MALE","3"
"0933","415 FIGHT","1"
"0146","242 DOM VIOL","1"
"0439","242 DOM VIOL","5"
"1907","242 BATTERY INVEST","2"
"1824","242 DOM VIOL","11"
"0626","AMB DOM VIOL","1"
"0777","242 BATTERY DOMESTIC","1"
"0666","DOM VIOL","31"
"1151","BATTERY DOMESTIC VIO","2"
"1539","242 DOM VIOL","2"
"0119","242 POSS DOM VIOL","1"
"1345","VIOLENT JUV","1"
"1586","242 AMB DOM VIOL","1"
"0952","620 DOM VIOL","4"
"0991","DOM VIOL","3"
"0355","242 DOM VIOL","5"
"0237","245 DOM VIOL","4"
"1383","DOM VIOL INVESTIGATI","1"
"1215","415 FIGHT","4"
"1972","620 DOM VIOL R/O","3"
"1633","DOM VIOL R/O","3"
"0314","DOM VIOL SUSP","2"
"0359","AMB CUTTING","3"
"1263","DOM VIOL J/O","1"
"0646","918 VIOLENT FEM","1"
"2039","POSS DOM VIOL","1"
"2114","415 FIGHT","1"
"0906","242 DOM VIOL","3"
"1019","DOM VIOL","5"
"1638","DOM VIOL R/O","7"
"0648","GROUP FIGHT","1"
"0882","FIGHT","3"
"1751","DOM VIOL","17"
"1772","DOM VIOL","3"
"1128","FIGHT","5"
"0233","POSS DOM VIOL","2"
"1915","DOM VIOL","7"
"2014","DOM VIOL","8"
"1787","DOM VIOL INVESTIGATI","1"
"0158","BATTERY INVEST","7"
"2039","GROUP FIGHT","2"
"1496","242 AMB DOM VIOL","1"
"1837","BATTERY DOMESTIC VIO","1"
"1218","245 AMB DOM VIOL","1"
"1521","415 GROUP FIGHT","1"
"1525","242 DOM VIOL","3"
"1169","BATTERY INVEST","1"
"1673","415 FIGHT","1"
"1205","620 DOM VIOL","6"
"1509","AMB CUTTING","1"
"0782","918 VIOLENT FEM","2"
"0926","AMB CUTTING","1"
"1617","242 DOM VIOL","2"
"1516","DOM VIOL SUSP","1"
"1142","242 BATTERY DOMESTIC","1"
"1444","242 DOM VIOL INVESTI","2"
"1522","245 DOM VIOL IN PROG","1"
"0933","POSS DOM VIOL","2"
"1267","242 DOM VIOL","12"
"0785","918 VIOLENT MALE","1"
"0775","DOM VIOL SUSP NOW","1"
"1457","DOM VIOL INVEST","1"
"0946","POSS DOM VIOL","1"
"0587","415 GROUP FIGHT","1"
"0657","242 BATTERY INVEST","1"
"0379","DOM VIOL R/O","3"
"1936","BATTERY INVEST","2"
"0216","245 DOM VIOL","3"
"0373","415 FIGHT","3"
"0328","DOM VIOL INVESTIGATI","1"
"1956","GROUP FIGHT","1"
"0334","ASSAULT INVEST","1"
"2093","BATTERY INVEST","1"
"0985","245 AMB CUTTING","1"
"0407","415 FIGHT","2"
"1416","VIOLENT JUV","1"
"0513","DOM VIOL SUSP J/L","1"
"1555","415 FIGHT","4"
"0637","245 DOM VIOL","1"
"1241","GROUP FIGHT","6"
"1913","DOM VIOL","14"
"1137","BATTERY INVEST","2"
"1804","BATTERY DOMESTIC VIO","2"
"0454","620 DOM VIOL R/O","1"
"2172","DOM VIOL INVESTIGATI","1"
"1118","DOM VIOL","8"
"0702","DOM VIOL R/O","1"
"0181","FIGHT","2"
"1213","620 DOM VIOL","18"
"1008","242 DOM VIOL","2"
"0906","245 DOM VIOL SUSP","1"
"0195","918 VIOLENT MALE","1"
"2159","DOM VIOL","1"
"1033","245 DOM VIOL","1"
"0518","415 GROUP FIGHT","1"
"1781","AMB CUTTING","1"
"2069","AMB DOM VIOL","1"
"1821","DOM VIOL INVESTIGATI","2"
"0221","620 DOM VIOL","2"
"1794","POSS DOM VIOL","1"
"1903","DOM VIOL SUSP","1"
"1269","415 FIGHT","9"
"1267","242 BATTERY","1"
"1806","FIGHT","4"
"1415","VIOLENT FEM","1"
"1256","DOM VIOL J/O","2"
"0111","415 GROUP FIGHT","1"
"1161","FIGHT","3"
"0156","245 AMB DOM VIOL","3"
"1987","918 VIOLENT MALE","3"
"1189","620 DOM VIOL","1"
"1935","DOM VIOL","3"
"0678","BATTERY INVEST","2"
"0377","BATTERY DOMESTIC VIO","1"
"0301","415 GROUP FIGHT","1"
"0635","FIGHT","1"
"1513","FIGHT","3"
"1143","DOM VIOL","10"
"0392","VIOLENT FEM","1"
"1322","BATTERY","1"
"1822","DOM VIOL R/O VIOLATI","1"
"1682","245 DOM VIOL SUSP NO","1"
"2185","DOM VIOL","8"
"1679","DOM VIOL INVESTIGATI","1"
"1435","620 DOM VIOL","2"
"0295","245 DOM VIOL SUSP","1"
"1184","DOM VIOL R/O","1"
"1846","242 DOM VIOL","11"
"0896","DOM VIOL","1"
"1119","VIOLENT MALE","1"
"0376","245 DOM VIOL SUSP","1"
"1431","GROUP FIGHT","2"
"1211","ADW POSS DOM VIOL","1"
"1061","242 DOM VIOL INVESTI","1"
"0648","AMB CUTTING","4"
"2073","415 FIGHT","1"
"1473","415 FIGHT","1"
"1409","DOM VIOL INVEST","1"
"1204","AMB DOM VIOL","4"
"1472","620 DOM VIOL","1"
"1362","242 DOM VIOL","9"
"0923","BATTERY INVEST","5"
"0119","DOM VIOL","17"
"0256","245 DOM VIOL","1"
"0362","CUTTING INV","1"
"2015","POSS DOM VIOL","1"
"1354","242 POSS DOM VIOL","1"
"1583","242 BATTERY INVEST","2"
,"DOM VIOL SUSP","1"
"2019","DOM VIOL R/O","7"
"0518","DOM VIOL SUSP","1"
"0289","242 DOM VIOL","4"
"0336","242 DOM VIOL","1"
"0525","415 FIGHT","2"
"0587","620 DOM VIOL","12"
"1844","242 DOM VIOL","12"
"0557","245 CUTTING INV","1"
"1549","BATTERY INVEST","2"
"0719","DOM VIOL","13"
"0375","242 DOM VIOL SUSP","1"
"1834","918 VIOLENT MALE","2"
"0904","242 DOM VIOL SUSP","2"
"1708","DOM VIOL","2"
"1891","DOM VIOL","23"
"0789","FIGHT","4"
"1559","FIGHT","1"
"0509","DOM VIOL","13"
"0417","918 VIOLENT MALE","1"
"0325","DOM VIOL SUSP","1"
"1633","DOM VIOL","12"
"1766","918 VIOLENT FEM","1"
"1252","242 DOM VIOL","1"
"1493","GROUP FIGHT","1"
"1714","242 DOM VIOL","1"
"0315","DOM VIOL SUSP","3"
"1506","VIOLENT FEM","2"
"0937","245 DOM VIOL SUSP NO","1"
"0504","AMB DOM VIOL","1"
"1006","242 BATTERY DOMESTIC","1"
"0509","242 BATTERY INVEST","1"
"1826","POSS DOM VIOL","2"
"0139","DOM VIOL","13"
"0443","245 CUTTING INV","4"
"1232","FIGHT","9"
"2145","DOM VIOL R/O","8"
"0749","620 DOM VIOL","1"
"1162","242 BATTERY INVEST","10"
"0437","DOM VIOL SUSP","3"
"1028","242 BATTERY INVEST","1"
"0721","918 VIOLENT FEM","1"
"2023","BATTERY DOMESTIC VIO","2"
"1181","415 FIGHT","2"
"1458","620 DOM VIOL R/O","1"
"1974","415 FIGHT","2"
"1967","242 DOM VIOL","3"
"1367","AMB FIGHT","1"
"1499","DOM VIOL INVEST","1"
"0807","620 DOM VIOL","1"
"2081","DOM VIOL","16"
"0152","245 DOM VIOL INVEST","1"
"1613","DOM VIOL J/O","1"
"0453","242 AMB DOM VIOL","1"
"0147","FIGHT","4"
"1248","DOM VIOL IN PROGRESS","1"
"0501","245 AMB CUTTING","1"
"1977","242 POSS DOM VIOL","1"
"1475","BATTERY DOMESTIC VIO","1"
"1684","415 FIGHT","2"
"1737","242 DOM VIOL INVESTI","1"
"0333","242 BATTERY INVEST","1"
"1204","918 VIOLENT FEM","2"
"0216","415 FIGHT","1"
"0155","242 DOM VIOL","2"
"2017","242 BATTERY DOMESTIC","1"
"1341","415 FIGHT","4"
"1258","DOM VIOL R/O VIOLATI","1"
"1676","415 FIGHT","1"
"1233","FIGHT","5"
"1483","918 VIOLENT MALE","1"
"1832","AMB DOM VIOL SUSP","1"
"1643","242 AMB DOM VIOL","1"
"1177","BATTERY DOMESTIC VIO","1"
"1904","POSS DOM VIOL","1"
"1861","AMB DOM VIOL","2"
"1991","DOM VIOL","27"
"1891","242 DOM VIOL SUSP","3"
"0336","DOM VIOL SUSP","1"
"2148","DOM VIOL R/O","1"
"0101","242 BATTERY INVEST","2"
"0645","DOM VIOL SUSP","5"
"0176","DOM VIOL","12"
"0784","BATTERY INVEST","1"
"1061","415 GROUP FIGHT","1"
"1708","245 DOM VIOL","2"
"0526","242 AMB DOM VIOL","1"
"1764","DOM VIOL SUSP","2"
"0893","245 DOM VIOL","2"
"1145","DOM VIOL","1"
"0636","DOM VIOL","73"
"1754","245 DOM VIOL","1"
"0518","620 DOM VIOL R/O","1"
"1824","620 DOM VIOL","11"
"1587","GROUP FIGHT","1"
"1135","BATTERY","1"
"1394","620 DOM VIOL","1"
"2136","POSS DOM VIOL","3"
"1988","BATTERY DOMESTIC VIO","1"
"0526","DOM VIOL","33"
"0329","DOM VIOL INVESTIGATI","1"
"2125","DOM VIOL R/O","8"
"1431","DOM VIOL R/O","16"
"1954","620 DOM VIOL","2"
"0256","DOM VIOL SUSP J/L","1"
"1466","DOM VIOL R/O","1"
"1981","245 AMB CUTTING","1"
"0824","DOM VIOL R/O","1"
"1822","242 AMB DOM VIOL","1"
"1455","DOM VIOL R/O","1"
"2177","242 DOM VIOL","5"
"0659","DOM VIOL","6"
"1113","918 VIOLENT MALE","2"
"1331","FIGHT","4"
"1824","DOM VIOL SUSP J/L","1"
"0513","242 DOM VIOL","9"
"1273","DOM VIOL R/O","9"
"2128","242 DOM VIOL SUSP","2"
"1043","245 DOM VIOL IN PROG","1"
"1088","620 DOM VIOL","2"
"0961","DOM VIOL R/O","1"
"0803","BATTERY INVEST","2"
"0462","AMB DOM VIOL","1"
"1643","VIOLENT JUV","1"
"0736","242 POSS DOM VIOL","1"
"0319","415 FIGHT","3"
"0565","245 DOM VIOL IN PROG","1"
"0679","242 BATTERY INVEST","2"
"0647","VIOLENT MALE","1"
"1455","DOM VIOL","13"
"0526","242 BATTERY DOMESTIC","1"
"0257","VIOLENT FEM","2"
"1758","DOM VIOL SUSP","2"
"2187","DOM VIOL SUSP J/L","1"
"0752","242 POSS DOM VIOL","1"
"1675","BATTERY INVEST","1"
"1569","DOM VIOL","2"
"0823","415 GROUP FIGHT","1"
"1611","242 DOM VIOL SUSP","1"
"1211","GROUP FIGHT","2"
"0162","242 DOM VIOL SUSP","2"
"1361","245 ADW POSS DOM VIO","1"
"1142","242 POSS DOM VIOL","1"
"0648","FIGHT","5"
"1127","AMB DOM VIOL","1"
"2177","AMB DOM VIOL","1"
"1548","242 POSS DOM VIOL","4"
"0636","245 ADW POSS DOM VIO","2"
"1371","ADW POSS DOM VIOL","2"
"1987","VIOLENT FEM","1"
"1428","242 AMB DOM VIOL","1"
"0567","CUTTING INV","1"
"1143","VIOLENT JUV","1"
"1403","415 FIGHT","1"
"1645","BATTERY DOMESTIC VIO","1"
"0218","620 DOM VIOL R/O","1"
"2076","GROUP FIGHT","1"
"0829","415 GROUP FIGHT","1"
"1935","DOM VIOL SUSP","1"
"1959","VIOLENT MALE","1"
"1232","AMB DOM VIOL","2"
"0361","415 FIGHT","2"
"1791","242 BATTERY INVEST","1"
"1134","FIGHT","2"
"1519","415 FIGHT","2"
"1924","DOM VIOL SUSP","4"
"1045","245 DOM VIOL","1"
"1988","VIOLENT MALE","1"
"0648","245 DOM VIOL","1"
"0261","620 DOM VIOL R/O","3"
"1633","DOM VIOL SUSP","7"
"0176","DOM VIOL IN PROGRESS","1"
"1024","VIOLENT FEM","1"
"1283","245 AMB CUTTING","1"
"0395","242 DOM VIOL J/O","1"
"0567","DOM VIOL R/O","8"
"0471","415 GROUP FIGHT","1"
"0989","AMB DOM VIOL","2"
"0941","BATTERY INVEST","2"
"2111","VIOLENT MALE","2"
"0336","242 AMB DOM VIOL","1"
"1837","620 DOM VIOL R/O","2"
"0511","DOM VIOL SUSP","3"
"0312","245 DOM VIOL SUSP J/","1"
"1255","245 DOM VIOL SUSP NO","1"
"0394","242 DOM VIOL SUSP","2"
"1555","620 DOM VIOL","10"
"1185","620 DOM VIOL","1"
"1466","620 DOM VIOL R/O","2"
"0211","242 POSS DOM VIOL","1"
"2183","242 DOM VIOL","2"
"1617","242 DOM VIOL SUSP","1"
"0468","DOM VIOL SUSP NOW","1"
"0245","BATTERY DOMESTIC VIO","2"
"0774","DOM VIOL J/O","1"
"0767","FIGHT","1"
"1213","AMB CUTTING","6"
"1797","AMB CUTTING","1"
"1517","620 DOM VIOL R/O","2"
"1659","BATTERY INVEST","1"
"1464","242 DOM VIOL","4"
"2115","DOM VIOL INVEST","1"
"0884","242 DOM VIOL INVESTI","1"
"1128","VIOLENT MALE","2"
"1599","245 AMB CUTTING","1"
"1964","620 DOM VIOL","8"
"0504","242 DOM VIOL","4"
"1831","415 FIGHT","1"
"1981","BATTERY INVEST","2"
"0764","918 VIOLENT MALE","2"
"0823","FIGHT","2"
"0503","620 DOM VIOL","5"
"0929","AMB DOM VIOL","1"
"1307","242 DOM VIOL J/O","1"
"0931","BATTERY INVEST","1"
"1526","DOM VIOL","32"
"1524","415 FIGHT","1"
"2064","DOM VIOL INVESTIGATI","1"
"1837","FIGHT","11"
"1183","POSS DOM VIOL","1"
"2004","620 DOM VIOL","6"
"0416","DOM VIOL","9"
"1655","DOM VIOL J/O","1"
"0525","620 DOM VIOL R/O","3"
"1785","AMB CUTTING","1"
"0638","242 DOM VIOL SUSP","1"
"0509","DOM VIOL SUSP NOW","1"
"1791","VIOLENT MALE","3"
"0713","DOM VIOL R/O","4"
"1787","620 DOM VIOL","7"
"0111","DOM VIOL SUSP NOW","3"
"1512","242 DOM VIOL SUSP","1"
"0247","245 AMB CUTTING","1"
"0507","245 AMB CUTTING","1"
"1232","245 DOM VIOL SUSP NO","1"
"0839","DOM VIOL SUSP","1"
"0153","242 POSS DOM VIOL","1"
"1638","DOM VIOL","15"
"1541","242 DOM VIOL","1"
"2027","POSS DOM VIOL","1"
"1323","415 GROUP FIGHT","1"
"0502","415 MAJ GRP FIGHT","1"
"1088","415 FIGHT","1"
"0513","AMB DOM VIOL","1"
"0411","415 FIGHT","3"
"0211","245 DOM VIOL SUSP NO","1"
"0192","CUTTING INV","14"
"1723","620 DOM VIOL R/O","1"
"2002","FIGHT","2"
"1163","245 ADW POSS DOM VIO","1"
"1361","AMB CUTTING","3"
"0491","DOM VIOL SUSP","1"
"2064","415 FIGHT","1"
"0138","VIOLENT MALE","1"
"1586","242 DOM VIOL","2"
"1862","242 DOM VIOL","9"
"0162","DOM VIOL SUSP","2"
"0724","620 DOM VIOL R/O","1"
"1687","620 DOM VIOL R/O","5"
"1177","DOM VIOL SUSP NOW","1"
"1258","FIGHT","5"
"1127","BATTERY DOMESTIC VIO","1"
"0138","GROUP FIGHT","1"
"0261","DOM VIOL INVESTIGATI","3"
"1959","DOM VIOL J/O","1"
"0202","DOM VIOL INVESTIGATI","1"
"1638","GROUP FIGHT","2"
"1776","BATTERY DOMESTIC VIO","1"
"0257","245 CUTTING INV","2"
"0315","GROUP FIGHT","2"
"0351","DOM VIOL","1"
"0185","242 BATTERY INVEST","1"
"1441","620 DOM VIOL R/O","4"
"1663","242 DOM VIOL SUSP","1"
"0644","415 FIGHT","3"
"0884","FIGHT","4"
"0905","242 DOM VIOL","5"
"1245","GROUP FIGHT","5"
"0899","POSS DOM VIOL","2"
"1908","242 DOM VIOL","3"
"0459","918 VIOLENT MALE","1"
"1411","245 AMB CUTTING","1"
"1464","620 DOM VIOL","1"
"1483","415 FIGHT","1"
"2044","620 DOM VIOL R/O","2"
"0185","620 DOM VIOL R/O","2"
"0489","FIGHT","1"
"1431","DOM VIOL","19"
"1823","ADW POSS DOM VIOL","2"
"1513","POSS DOM VIOL","2"
"1984","245 AMB CUTTING","1"
"1977","242 DOM VIOL","1"
"1761","245 DOM VIOL INVEST","1"
"0519","DOM VIOL SUSP","1"
"0663","DOM VIOL SUSP NOW","1"
"2125","AMB DOM VIOL","1"
"1797","242 DOM VIOL","1"
"1684","DOM VIOL R/O","7"
"0555","620 DOM VIOL","7"
"1837","242 DOM VIOL SUSP","1"
"1599","DOM VIOL","13"
"1118","POSS DOM VIOL","1"
"1917","DOM VIOL J/O","1"
"0783","DOM VIOL SUSP","1"
"0513","FIGHT","6"
"0632","DOM VIOL SUSP J/L","1"
"0141","FIGHT","2"
"0111","AMB DOM VIOL","3"
"2099","GROUP FIGHT","1"
"0849","242 DOM VIOL","1"
"0643","DOM VIOL INVESTIGATI","1"
"0455","BATTERY INVEST","1"
"1751","620 DOM VIOL","4"
"1203","DOM VIOL","64"
"1585","AMB DOM VIOL","1"
"0758","415 GROUP FIGHT","1"
"1998","GROUP FIGHT","2"
"1441","GROUP FIGHT","5"
"1118","AMB CUTTING","1"
"0211","415 FIGHT","4"
"0333","620 DOM VIOL","6"
"1145","DOM VIOL R/O","1"
"0583","415 GROUP FIGHT","2"
"1864","245 DOM VIOL INVEST","1"
"1735","620 DOM VIOL","6"
"0839","POSS DOM VIOL","1"
"1033","BATTERY","1"
"0271","242 DOM VIOL","4"
"1133","242 DOM VIOL","1"
"1035","245 AMB CUTTING","1"
"1243","620 DOM VIOL R/O","5"
"1259","DOM VIOL SUSP NOW","5"
"2005","DOM VIOL J/O","1"
"0409","620 DOM VIOL","1"
"0275","VIOLENT MALE","1"
"1677","242 BATTERY DOMESTIC","1"
"0489","AMB CUTTING","1"
,"245 DOM VIOL INVEST","5"
"0321","415 FIGHT","3"
"1517","620 DOM VIOL","4"
"0621","FIGHT","1"
"0308","FIGHT","4"
"0923","415 FIGHT","7"
"0743","FIGHT","2"
"0315","242 BATTERY INVEST","1"
"1445","DOM VIOL SUSP","1"
"1863","VIOLENT MALE","1"
"1667","620 DOM VIOL","1"
"0338","242 BATTERY INVEST","1"
"1469","FIGHT","7"
"0308","GROUP FIGHT","2"
"1806","918 VIOLENT FEM","1"
"1255","FIGHT","6"
"0833","620 DOM VIOL","2"
"1139","POSS DOM VIOL","4"
"1415","BATTERY INVEST","1"
"0233","415 GROUP FIGHT","1"
"1829","242 DOM VIOL SUSP","1"
"0859","DOM VIOL INVESTIGATI","1"
"0415","BATTERY DOMESTIC VIO","1"
"1557","242 DOM VIOL","6"
"0245","620 DOM VIOL R/O","1"
"1553","242 BATTERY DOMESTIC","1"
"0507","242 DOM VIOL","4"
"1792","VIOLENT MALE","1"
"1458","242 POSS DOM VIOL","1"
"0163","GROUP FIGHT","3"
"1393","DOM VIOL R/O VIOLATI","1"
"1176","DOM VIOL R/O","3"
"0174","242 DOM VIOL SUSP","1"
"0457","620 DOM VIOL R/O","3"
"0721","DOM VIOL INVESTIGATI","4"
"1257","AMB DOM VIOL SUSP","1"
"0338","BATTERY INVEST","2"
"1184","GROUP FIGHT","1"
"1015","POSS DOM VIOL SUSP","1"
"1133","BATTERY DOMESTIC VIO","1"
"1293","FIGHT","2"
"0156","242 DOM VIOL","7"
"0906","DOM VIOL","26"
"0919","DOM VIOL","9"
"1501","245 AMB CUTTING","1"
"0501","DOM VIOL SUSP","1"
"0392","245 DOM VIOL","1"
"1972","DOM VIOL","22"
"2129","242 BATTERY DOMESTIC","1"
"1415","FIGHT","4"
"2076","VIOLENT FEM","1"
"0584","620 DOM VIOL","3"
"1557","DOM VIOL","16"
"1444","DOM VIOL SUSP","2"
"1258","242 BATTERY DOMESTIC","1"
"1488","918 VIOLENT MALE","1"
"1851","ADW POSS DOM VIOL","1"
"1263","DOM VIOL","37"
"1211","242 DOM VIOL","10"
"2133","242 BATTERY INVEST","7"
"0452","415 FIGHT","3"
"1129","AMB DOM VIOL","1"
"1269","DOM VIOL SUSP","7"
"1107","918 VIOLENT MALE","1"
"0245","CUTTING INV","1"
"1428","245 DOM VIOL","1"
"0974","FIGHT","6"
"0395","245 ADW POSS DOM VIO","1"
"1983","245 AMB CUTTING","1"
"2106","620 DOM VIOL R/O","1"
"1255","620 DOM VIOL","5"
"1844","245 CUTTING INV","1"
"1998","DOM VIOL INVESTIGATI","1"
"0804","245 DOM VIOL SUSP NO","1"
"0398","AMB CUTTING","3"
"1695","DOM VIOL SUSP","1"
"1446","POSS DOM VIOL","1"
"0827","ADW POSS DOM VIOL","2"
"0461","AMB DOM VIOL","1"
"1539","415 GROUP FIGHT","3"
"1037","DOM VIOL INVEST","1"
"1827","242 DOM VIOL R/O VIO","2"
"0974","AMB CUTTING","1"
"0931","242 DOM VIOL SUSP","1"
"0842","DOM VIOL","24"
"1654","POSS DOM VIOL SUSP","1"
"0442","DOM VIOL SUSP NOW","1"
"0442","242 BATTERY DOMESTIC","1"
"0231","242 POSS DOM VIOL","1"
"0939","FIGHT","1"
"1124","VIOLENT MALE","1"
"0281","AMB CUTTING","1"
"0437","FIGHT","3"
"1657","VIOLENT MALE","3"
"1256","VIOLENT MALE","1"
"1804","DOM VIOL R/O","16"
"0747","DOM VIOL R/O","1"
"1985","VIOLENT FEM","1"
"0266","CUTTING INV","2"
"1344","245 DOM VIOL","1"
"0789","415 GROUP FIGHT","1"
"1464","GROUP FIGHT","1"
"0565","AMB CUTTING","1"
"1172","242 DOM VIOL","2"
"0964","242 DOM VIOL","4"
"1803","245 DOM VIOL SUSP","1"
"1169","POSS DOM VIOL","1"
"0289","AMB DOM VIOL","1"
"0445","BATTERY INVEST","2"
"1844","620 DOM VIOL","12"
"1352","ADW","1"
"0765","FIGHT","7"
"2044","ADW POSS DOM VIOL","2"
"1265","DOM VIOL SUSP J/L","1"
"1313","242 AMB DOM VIOL","1"
"1268","AMB CUTTING","2"
"1553","415 GROUP FIGHT","1"
"1799","VIOLENT MALE","1"
"1567","415 FIGHT","1"
"1969","DOM VIOL R/O","2"
"1347","415 GROUP FIGHT","1"
"1361","242 BATTERY INVEST","1"
"1311","DOM VIOL J/O","1"
"1239","242 AMB DOM VIOL","1"
"1685","245 AMB CUTTING","2"
"1151","FIGHT","7"
"0637","245 DOM VIOL IN PROG","1"
"2064","FIGHT","2"
"1309","DOM VIOL","25"
"1149","918 VIOLENT MALE","1"
"1608","DOM VIOL","4"
"1763","918 VIOLENT MALE","1"
"1837","245 DOM VIOL","5"
"1265","242 DOM VIOL INVESTI","1"
"1152","242 DOM VIOL SUSP","1"
"1213","242 BATTERY INVEST","1"
"2053","DOM VIOL","15"
"0395","245 AMB CUTTING","2"
"0647","620 DOM VIOL","11"
"2126","242 DOM VIOL SUSP","1"
"0374","FIGHT","4"
"0515","FIGHT","8"
"1985","918 VIOLENT MALE","1"
"1844","VIOLENT FEM","7"
"1504","GROUP FIGHT","1"
"0541","242 DOM VIOL","10"
"0969","BATTERY INVEST","1"
"1333","ADW POSS DOM VIOL","1"
"0852","DOM VIOL","2"
"0923","DOM VIOL","28"
"1906","AMB DOM VIOL","1"
"1132","242 POSS DOM VIOL","1"
"0713","BATTERY INVEST","1"
"1747","POSS DOM VIOL I/P","1"
"2137","415 FIGHT","2"
"1409","242 DOM VIOL SUSP","1"
"0245","POSS DOM VIOL","1"
"1514","620 DOM VIOL R/O","1"
"0841","242 DOM VIOL","1"
"1195","415 FIGHT","1"
"0155","245 DOM VIOL SUSP NO","1"
"1844","GROUP FIGHT","12"
"1024","242 BATTERY DOMESTIC","1"
"0159","AMB CUTTING","2"
"1135","AMB CUTTING","1"
"1475","620 DOM VIOL R/O","1"
"1602","242 DOM VIOL SUSP","1"
"0101","DOM VIOL INVESTIGATI","1"
"1171","DOM VIOL SUSP","1"
"0453","620 DOM VIOL R/O","2"
"2158","245 AMB DOM VIOL","1"
"1913","VIOLENT MALE","2"
"0221","AMB DOM VIOL","1"
"1546","POSS DOM VIOL","1"
"1181","VIOLENT MALE","1"
"1838","620 DOM VIOL","6"
"1934","245 CUTTING INV","1"
"0205","DOM VIOL SUSP","3"
"2074","ADW","1"
"2021","620 DOM VIOL","2"
"2105","DOM VIOL R/O","3"
"0889","620 DOM VIOL","8"
"1147","620 DOM VIOL R/O","1"
"0409","BATTERY DOMESTIC VIO","1"
"0565","245 AMB CUTTING","1"
"1394","FIGHT","3"
"1344","DOM VIOL","12"
"0497","VIOLENT MALE","3"
"1252","DOM VIOL SUSP NOW","2"
"0898","FIGHT","1"
"0235","DOM VIOL IN PROGRESS","1"
"1681","DOM VIOL INVEST","1"
"0663","GROUP FIGHT","5"
"2071","DOM VIOL R/O","1"
"2137","242 DOM VIOL SUSP","2"
"1456","BATTERY","1"
"1585","DOM VIOL SUSP","2"
"0952","DOM VIOL INVESTIGATI","1"
"1239","415 FIGHT","9"
"0657","242 DOM VIOL","5"
"0817","242 BATTERY INVEST","1"
"0248","DOM VIOL INVESTIGATI","1"
"0932","242 DOM VIOL","6"
"1017","242 DOM VIOL","1"
"1637","620 DOM VIOL","4"
"0241","POSS DOM VIOL","1"
"0295","DOM VIOL","20"
"1377","620 DOM VIOL","10"
"0663","242 POSS DOM VIOL","1"
"1754","242 DOM VIOL","1"
"1011","DOM VIOL INVEST","2"
"0156","VIOLENT MALE","2"
"0828","242 DOM VIOL","1"
"1037","DOM VIOL","4"
"0256","245 ADW POSS DOM VIO","1"
"0969","DOM VIOL J/O","1"
"2002","DOM VIOL R/O","1"
"1267","242 DOM VIOL SUSP","3"
"2005","242 DOM VIOL SUSP","1"
"0503","415 GROUP FIGHT","1"
"1255","VIOLENT MALE","1"
"0281","DOM VIOL","12"
"0858","AMB DOM VIOL","1"
"0393","242 DOM VIOL","6"
"1764","POSS DOM VIOL","1"
"2142","ASSAULT INVEST","1"
"0363","DOM VIOL SUSP","4"
"1345","GROUP FIGHT","2"
"1799","DOM VIOL","12"
"2133","DOM VIOL R/O","4"
"1521","DOM VIOL","13"
"1008","415 FIGHT","1"
"1505","620 DOM VIOL","4"
"2055","POSS DOM VIOL","1"
"0668","GROUP FIGHT","1"
"0215","242 DOM VIOL","2"
"1149","BATTERY INVEST","1"
"1012","DOM VIOL SUSP","1"
"0429","DOM VIOL","32"
"1361","415 AMB FIGHT","1"
"1313","ADW POSS DOM VIOL","1"
"0558","245 DOM VIOL","1"
"1215","245 DOM VIOL SUSP J/","1"
"0142","FIGHT","6"
"1148","245 AMB CUTTING","1"
"0914","DOM VIOL R/O","12"
"1395","245 AMB CUTTING","2"
"1239","DOM VIOL SUSP","6"
"1033","VIOLENT FEM","2"
"1007","FIGHT","1"
"0314","620 DOM VIOL R/O","3"
"2177","245 AMB DOM VIOL","1"
"0749","FIGHT","2"
"1266","242 DOM VIOL SUSP","2"
"0166","415 FIGHT","2"
"0467","AMB CUTTING","3"
"2185","242 DOM VIOL","2"
"0734","GROUP FIGHT","2"
"1651","918 VIOLENT FEM","1"
"0526","BATTERY INVEST","4"
"0678","245 DOM VIOL SUSP","1"
"1405","DOM VIOL R/O","1"
"2076","FIGHT","4"
"0326","620 DOM VIOL","1"
"0139","GROUP FIGHT","1"
"1802","VIOLENT FEM","2"
"2157","CUTTING INV","1"
"1259","245 DOM VIOL SUSP","1"
"1612","415 GROUP FIGHT","1"
"1844","AMB DOM VIOL","3"
"1263","415 FIGHT","3"
"0393","VIOLENT FEM","1"
"1908","FIGHT","1"
"1211","FIGHT","4"
"1791","620 DOM VIOL R/O","3"
"1479","620 DOM VIOL R/O","4"
"1824","242 DOM VIOL SUSP","2"
"0838","DOM VIOL","2"
"0192","DOM VIOL R/O","4"
"1664","DOM VIOL R/O","1"
"2115","242 DOM VIOL SUSP","1"
"1251","242 DOM VIOL J/O","1"
"2137","242 POSS DOM VIOL","2"
"0219","242 DOM VIOL SUSP","2"
"0663","245 AMB CUTTING","2"
"0452","DOM VIOL INVESTIGATI","1"
"1864","DOM VIOL","17"
"1321","245 AMB CUTTING","2"
"1776","ADW POSS DOM VIOL","1"
"2177","245 DOM VIOL","1"
"1974","242 POSS DOM VIOL","1"
"1787","242 DOM VIOL SUSP","1"
"0453","GROUP FIGHT","3"
"1044","242 DOM VIOL","4"
"0659","242 BATTERY INVEST","8"
"0521","415 GROUP FIGHT","1"
"1904","242 BATTERY INVEST","1"
"1829","242 BATTERY INVEST","3"
"1023","DOM VIOL","44"
"0668","DOM VIOL","19"
"0564","207 DOM VIOL","1"
"0408","DOM VIOL SUSP NOW","1"
"0828","VIOLENT JUV","1"
"1078","DOM VIOL","6"
"1529","GROUP FIGHT","1"
"0515","620 DOM VIOL","8"
"0668","DOM VIOL SUSP NOW","1"
"0373","242 DOM VIOL","2"
"1401","415 GROUP FIGHT","1"
"0269","DOM VIOL SUSP","8"
"2183","242 BATTERY INVEST","2"
"2139","620 DOM VIOL R/O","2"
"0639","DOM VIOL","20"
"0734","POSS DOM VIOL","5"
"0427","620 DOM VIOL","4"
"1785","DOM VIOL SUSP","2"
"1483","DOM VIOL","15"
,"CUTTING INV","12"
"1983","DOM VIOL SUSP","3"
"1142","DOM VIOL","4"
"1915","GROUP FIGHT","1"
"0417","242 DOM VIOL","1"
"1488","VIOLENT JUV","2"
"1409","DOM VIOL J/O","1"
"1394","DOM VIOL R/O","6"
"0428","242 POSS DOM VIOL","1"
"0479","620 DOM VIOL R/O","1"
"0889","242 BATTERY DOMESTIC","1"
"0755","242 AMB DOM VIOL","1"
"1806","DOM VIOL SUSP","2"
"1781","620 DOM VIOL","9"
"0561","415 FIGHT","1"
"0762","ADW POSS DOM VIOL","1"
"1963","GROUP FIGHT","1"
"1181","242 POSS DOM VIOL","1"
"1283","VIOLENT MALE","6"
"1063","BATTERY INVEST","9"
"1025","BATTERY INVEST","2"
"0151","415 MAJ GRP FIGHT","1"
"1981","620 DOM VIOL R/O","5"
"0151","POSS DOM VIOL","1"
"1505","DOM VIOL R/O","7"
"0649","415 FIGHT","2"
"2147","620 DOM VIOL R/O","1"
"0899","VIOLENT MALE","1"
"1993","242 BATTERY DOMESTIC","1"
"0464","DOM VIOL INVEST","1"
"0237","620 DOM VIOL","15"
"2064","BATTERY INVEST","1"
"0478","AMB CUTTING","1"
"0462","FIGHT","1"
"0393","242 BATTERY INVEST","2"
"1743","DOM VIOL","2"
"0722","ADW POSS DOM VIOL","1"
"1904","918 VIOLENT FEM","2"
"0587","DOM VIOL INVESTIGATI","1"
"1796","620 DOM VIOL","3"
"0423","242 POSS DOM VIOL","1"
"1676","918 VIOLENT JUV","1"
"0514","242 DOM VIOL","8"
"0337","BATTERY INVEST","1"
"1345","242 POSS DOM VIOL","1"
"0312","918 VIOLENT MALE","1"
"0758","DOM VIOL SUSP","1"
"0218","BATTERY DOMESTIC VIO","1"
"1018","DOM VIOL INVEST","1"
"1468","DOM VIOL SUSP","2"
"0563","DOM VIOL SUSP NOW","1"
"1458","242 BATTERY DOMESTIC","1"
"1149","DOM VIOL R/O","2"
"1801","242 BATTERY INVEST","2"
"0402","242 BATTERY INVEST","1"
"1663","245 CUTTING INV","1"
"2038","242 DOM VIOL","3"
"1863","245 DOM VIOL SUSP NO","1"
"0969","DOM VIOL SUSP","2"
"1589","242 DOM VIOL J/O","1"
"2128","AMB CUTTING","2"
"1324","BATTERY INVEST","1"
"1176","DOM VIOL","10"
"2035","DOM VIOL R/O","8"
"0325","CUTTING INV","1"
"2187","DOM VIOL R/O","3"
"1128","DOM VIOL IN PROGRESS","1"
"1994","DOM VIOL J/O","1"
"0151","AMB DOM VIOL","1"
"1375","242 DOM VIOL SUSP","2"
"0417","DOM VIOL","4"
"1365","242 DOM VIOL","6"
"1621","620 DOM VIOL","7"
"1099","DOM VIOL","4"
"0334","POSS DOM VIOL","1"
"0615","415 FIGHT","1"
"0785","DOM VIOL R/O","9"
"0826","BATTERY INVEST","1"
"1803","DOM VIOL","6"
"0353","242 AMB DOM VIOL","1"
"0429","DOM VIOL SUSP","2"
"1972","VIOLENT FEM","2"
"1768","AMB DOM VIOL","1"
"0506","BATTERY DOMESTIC VIO","2"
"1325","620 DOM VIOL","3"
"0558","245 DOM VIOL R/O","1"
"0827","242 BATTERY INVEST","1"
"1443","415 GROUP FIGHT","1"
"1045","415 FIGHT","1"
"1322","DOM VIOL INVESTIGATI","1"
"2137","245 DOM VIOL","1"
"0416","DOM VIOL R/O","1"
"1468","GROUP FIGHT","1"
"0584","242 DOM VIOL","1"
"1255","245 DOM VIOL SUSP","2"
"1367","245 AMB CUTTING","3"
"1235","DOM VIOL","30"
"0201","GROUP FIGHT","2"
"2024","FIGHT","10"
"0401","415 FIGHT","1"
"0153","415 FIGHT","3"
"1034","DOM VIOL","11"
"0361","FIGHT","1"
"0519","242 POSS DOM VIOL","1"
"1591","DOM VIOL R/O","3"
"1803","POSS DOM VIOL","1"
"0363","242 AMB DOM VIOL","1"
"0256","242 BATTERY INVEST","3"
"2158","242 POSS DOM VIOL","3"
"0937","918 VIOLENT JUV","1"
"2058","DOM VIOL SUSP NOW","3"
"1515","BATTERY INVEST","1"
"1354","918 VIOLENT MALE","2"
"1613","DOM VIOL SUSP","1"
"1983","POSS DOM VIOL","2"
"2076","DOM VIOL","18"
"0318","245 DOM VIOL SUSP NO","1"
"0779","245 DOM VIOL SUSP","1"
"0315","DOM VIOL INVESTIGATI","1"
"2004","242 POSS DOM VIOL","1"
"1129","242 POSS DOM VIOL","2"
"0165","POSS DOM VIOL","1"
"0555","DOM VIOL SUSP NOW","1"
"0423","FIGHT","1"
"1829","245 AMB DOM VIOL","2"
"0261","GROUP FIGHT","1"
"1021","MAJ GRP FIGHT","1"
"1438","BATTERY INVEST","2"
"0501","DOM VIOL INVEST","1"
"0711","FIGHT","10"
"1904","DOM VIOL","16"
"0395","415 FIGHT","3"
"0527","DOM VIOL","2"
"1753","242 DOM VIOL SUSP","2"
"1489","DOM VIOL","8"
"1209","VIOLENT MALE","1"
"1864","BATTERY DOMESTIC VIO","2"
"0266","DOM VIOL SUSP","1"
"2025","BATTERY INVEST","1"
"0762","242 DOM VIOL","8"
"1506","918 VIOLENT JUV","1"
"2147","242 DOM VIOL SUSP","1"
"0736","DOM VIOL INVESTIGATI","2"
"1173","620 DOM VIOL","1"
"1637","620 DOM VIOL R/O","2"
"1033","415 GROUP FIGHT","1"
"1827","BATTERY DOMESTIC VIO","4"
"1213","620 DOM VIOL R/O","3"
"1346","FIGHT","5"
"2002","242 POSS DOM VIOL","1"
"1991","FIGHT","2"
"1966","DOM VIOL J/O","1"
"2074","BATTERY","1"
"2023","242 DOM VIOL SUSP","1"
"1232","620 DOM VIOL R/O","5"
"0667","245 DOM VIOL","2"
"1245","620 DOM VIOL R/O","4"
"0403","620 DOM VIOL","1"
"0637","242 DOM VIOL","9"
"1256","AMB CUTTING","6"
"1695","620 DOM VIOL","4"
"0566","620 DOM VIOL","10"
"1039","BATTERY INVEST","1"
"1954","FIGHT","2"
"0558","ADW POSS DOM VIOL","1"
"0632","242 BATTERY DOMESTIC","1"
"1479","AMB DOM VIOL","1"
"1546","415 GROUP FIGHT","1"
"2177","DOM VIOL","19"
"1267","242 POSS DOM VIOL","1"
"1656","245 DOM VIOL","1"
"1105","FIGHT","1"
"1826","245 DOM VIOL","2"
"0885","VIOLENT FEM","1"
"0938","FIGHT","4"
"0448","AMB CUTTING","1"
"1983","245 DOM VIOL SUSP","1"
"1393","242 DOM VIOL","5"
"0646","620 DOM VIOL R/O","8"
"0362","AMB FIGHT","1"
"0144","620 DOM VIOL R/O","3"
"1941","242 DOM VIOL SUSP","1"
"0974","415 FIGHT","3"
"0261","AMB DOM VIOL","2"
"1881","242 DOM VIOL SUSP","1"
"0265","245 AMB DOM VIOL","1"
"0176","245 AMB CUTTING","3"
"1213","GROUP FIGHT","4"
"0808","DOM VIOL","4"
"1235","918 VIOLENT FEM","1"
"1345","242 DOM VIOL","6"
"0499","242 DOM VIOL SUSP","1"
"0362","DOM VIOL","96"
"0414","415 FIGHT","1"
"1958","DOM VIOL IN PROGRESS","1"
"0152","BATTERY","1"
"1256","245 DOM VIOL R/O","1"
"2157","ADW POSS DOM VIOL","1"
"1985","VIOLENT MALE","5"
"1822","BATTERY DOMESTIC VIO","5"
"0456","DOM VIOL J/O","1"
"1823","242 DOM VIOL SUSP","3"
"0216","245 DOM VIOL SUSP","1"
"1794","FIGHT","4"
"0759","ADW","1"
"0174","FIGHT","3"
"0396","GROUP FIGHT","1"
"0426","242 POSS DOM VIOL","1"
"1061","POSS DOM VIOL","1"
"2097","POSS DOM VIOL I/P","1"
"1526","ADW","1"
"1637","242 BATTERY INVEST","1"
"0398","242 DOM VIOL SUSP","1"
"0971","620 DOM VIOL","6"
"0249","245 AMB CUTTING","4"
"1115","620 DOM VIOL","4"
"1526","242 DOM VIOL","6"
"0565","DOM VIOL","15"
"1007","DOM VIOL R/O","1"
"0393","242 POSS DOM VIOL","1"
"1831","DOM VIOL","30"
"0923","DOM VIOL SUSP","4"
"0415","VIOLENT MALE","2"
"1794","BATTERY DOMESTIC VIO","1"
"1505","245 DOM VIOL","1"
"0835","242 BATTERY INVEST","1"
"0933","245 DOM VIOL","1"
"0353","GROUP FIGHT","1"
"1449","DOM VIOL","2"
"0333","AMB CUTTING","3"
"1995","245 AMB CUTTING","1"
"1738","DOM VIOL","4"
"0257","DOM VIOL SUSP","3"
"1802","242 POSS DOM VIOL","1"
"2063","BATTERY INVEST","1"
"1943","AMB CUTTING","1"
"1907","POSS DOM VIOL","2"
"1468","DOM VIOL R/O","8"
"1039","242 DOM VIOL","2"
"0212","DOM VIOL","13"
"1831","242 DOM VIOL SUSP","1"
"0647","DOM VIOL","52"
"0823","DOM VIOL INVESTIGATI","1"
"1912","918 VIOLENT FEM","1"
"0261","VIOLENT MALE","1"
"0859","DOM VIOL","13"
"0667","245 DOM VIOL SUSP NO","1"
"1444","FIGHT","6"
"1839","DOM VIOL J/O","1"
"1362","AMB CUTTING","1"
"1546","DOM VIOL","5"
"1263","DOM VIOL INVESTIGATI","1"
"1063","FIGHT","3"
"0859","415 FIGHT","4"
"1124","620 DOM VIOL","4"
"2156","AMB DOM VIOL","1"
"0506","BATTERY INVEST","1"
"1148","BATTERY DOMESTIC VIO","3"
"1248","DOM VIOL R/O","6"
"2058","242 DOM VIOL","5"
"0124","BATTERY INVEST","2"
"1251","DOM VIOL R/O","7"
"0529","242 DOM VIOL SUSP","2"
"0946","242 DOM VIOL SUSP","1"
"1838","DOM VIOL SUSP","2"
"1433","242 POSS DOM VIOL","1"
"0753","POSS DOM VIOL","2"
"0939","245 DOM VIOL","1"
"0714","620 DOM VIOL R/O","1"
"2035","245 DOM VIOL","1"
"1459","245 DOM VIOL","1"
"0966","245 ADW POSS DOM VIO","1"
"1925","620 DOM VIOL R/O","1"
"0154","242 POSS DOM VIOL","2"
"0448","BATTERY","1"
"0409","FIGHT","3"
"1008","ADW POSS DOM VIOL","1"
"1615","620 DOM VIOL","3"
"1067","POSS DOM VIOL","2"
"0328","FIGHT","2"
"2115","620 DOM VIOL","7"
"0774","DOM VIOL R/O","1"
"1454","242 DOM VIOL","2"
"0524","VIOLENT FEM","1"
"1931","DOM VIOL INVEST","4"
"0154","DOM VIOL SUSP","2"
"1935","AMB CUTTING","1"
"0376","DOM VIOL R/O","12"
"0451","DOM VIOL INVESTIGATI","1"
"0497","245 CUTTING INV","2"
"0329","DOM VIOL","2"
"1256","DOM VIOL SUSP","6"
"0211","AMB CUTTING","1"
"0963","245 DOM VIOL","1"
"1803","DOM VIOL SUSP","1"
"0979","DOM VIOL INVESTIGATI","1"
"0216","FIGHT","5"
"0584","DOM VIOL","10"
"0563","242 BATTERY DOMESTIC","1"
"0909","918 VIOLENT JUV","1"
"2093","VIOLENT MALE","2"
"1129","BATTERY INVEST","1"
"1645","DOM VIOL R/O","4"
"0312","DOM VIOL","21"
"1643","242 DOM VIOL","3"
"1012","242 POSS DOM VIOL","1"
"2157","POSS DOM VIOL","3"
"1445","245 CUTTING INV","1"
"1469","245 DOM VIOL","2"
"1547","620 DOM VIOL R/O","2"
"2133","DOM VIOL INVESTIGATI","3"
"0161","AMB FIGHT","1"
"0513","DOM VIOL INVESTIGATI","5"
"1502","DOM VIOL R/O","1"
"2016","DOM VIOL SUSP","1"
"1178","DOM VIOL R/O","1"
"0893","DOM VIOL","2"
"0732","918 VIOLENT MALE","1"
"0392","620 DOM VIOL","9"
"1822","242 POSS DOM VIOL","2"
"1251","245 DOM VIOL IN PROG","1"
"1313","245 AMB CUTTING","2"
"0156","620 DOM VIOL","2"
"1826","415 GROUP FIGHT","1"
"0964","BATTERY INVEST","22"
"1039","245 DOM VIOL INVEST","1"
"0246","VIOLENT FEM","2"
"1145","620 DOM VIOL","1"
"0395","DOM VIOL","49"
"1526","620 DOM VIOL R/O","4"
"0132","BATTERY","1"
"0398","242 DOM VIOL","4"
"1383","245 CUTTING INV","1"
"0455","POSS DOM VIOL","1"
"0526","242 DOM VIOL SUSP","1"
"0561","DOM VIOL R/O","3"
"1257","FIGHT","9"
"0767","918 VIOLENT MALE","1"
"0817","415 GROUP FIGHT","2"
"1981","242 BATTERY INVEST","1"
"0415","GROUP FIGHT","1"
"0935","DOM VIOL INVEST","1"
"0118","ADW POSS DOM VIOL","1"
"0834","242 DOM VIOL","1"
"2063","DOM VIOL","4"
"0456","BATTERY INVEST","1"
"0429","620 DOM VIOL","1"
"0525","918 VIOLENT MALE","1"
"1231","245 DOM VIOL SUSP J/","1"
"1352","245 DOM VIOL SUSP NO","2"
"1333","AMB DOM VIOL","1"
"0966","DOM VIOL R/O","1"
"2128","918 VIOLENT MALE","1"
"0514","DOM VIOL SUSP","1"
"0946","620 DOM VIOL R/O","6"
"0833","415 GROUP FIGHT","1"
"0335","BATTERY DOMESTIC VIO","1"
"1506","415 FIGHT","3"
"1129","FIGHT","1"
"1021","620 DOM VIOL","2"
"1283","AMB DOM VIOL SUSP","1"
"1655","620 DOM VIOL","1"
"1371","242 AMB DOM VIOL","1"
"0156","VIOLENT FEM","1"
"1245","FIGHT","13"
"0132","DOM VIOL R/O","2"
"1861","DOM VIOL","40"
"2149","DOM VIOL IN PROGRESS","1"
"1161","BATTERY INVEST","1"
"1985","DOM VIOL","45"
"0248","DOM VIOL INVEST","1"
"0632","242 AMB DOM VIOL","1"
"1373","DOM VIOL J/O","1"
"1342","AMB DOM VIOL SUSP","1"
"1325","BATTERY DOMESTIC VIO","2"
"1863","POSS DOM VIOL","2"
"1146","DOM VIOL R/O","1"
"0713","620 DOM VIOL","3"
"1834","245 DOM VIOL","1"
"0817","242 DOM VIOL SUSP","1"
"1637","VIOLENT MALE","1"
"2137","BATTERY INVEST","1"
"0464","DOM VIOL R/O","3"
"1406","VIOLENT MALE","4"
"1407","242 BATTERY DOMESTIC","1"
"2161","620 DOM VIOL","3"
"1344","BATTERY DOMESTIC VIO","1"
"0201","DOM VIOL SUSP NOW","1"
"1163","DOM VIOL","8"
"2031","620 DOM VIOL R/O","2"
"1519","245 ADW POSS DOM VIO","2"
"1343","AMB CUTTING","2"
"0159","AMB DOM VIOL","1"
"1781","DOM VIOL R/O","5"
"1233","POSS DOM VIOL","1"
"0112","242 AMB DOM VIOL","1"
"0638","620 DOM VIOL","7"
"0501","242 POSS DOM VIOL","1"
"1608","415 GROUP FIGHT","1"
"2175","AMB DOM VIOL","3"
"0356","GROUP FIGHT","1"
"0926","242 BATTERY","1"
"1622","DOM VIOL SUSP NOW","1"
"0648","415 GROUP FIGHT","1"
"0883","415 GROUP FIGHT","1"
"0393","GROUP FIGHT","2"
"0935","CUTTING INV","1"
"1759","DOM VIOL SUSP","2"
"0529","GROUP FIGHT","2"
"1257","242 DOM VIOL","9"
"1249","GROUP FIGHT","3"
"1251","DOM VIOL SUSP","6"
"2185","DOM VIOL J/O","2"
"1162","DOM VIOL","26"
"0509","918 VIOLENT JUV","1"
"0356","FIGHT","5"
"1535","FIGHT","4"
"0637","DOM VIOL R/O","3"
"1361","DOM VIOL SUSP NOW","1"
"2034","FIGHT","1"
"1654","242 POSS DOM VIOL","1"
"1466","DOM VIOL","5"
"1519","AMB DOM VIOL","1"
"1445","DOM VIOL J/O","1"
"0647","415 GROUP FIGHT","1"
"1643","DOM VIOL","16"
"1524","AMB CUTTING","1"
"1474","245 DOM VIOL","1"
"0638","242 BATTERY DOMESTIC","1"
"1333","DOM VIOL SUSP J/L","2"
"0524","DOM VIOL R/O","2"
"1519","DOM VIOL SUSP","2"
"1324","415 FIGHT","2"
"1043","BATTERY INVEST","2"
"1317","242 POSS DOM VIOL","1"
"1162","BATTERY INVEST","16"
"1391","POSS DOM VIOL","1"
"1837","POSS DOM VIOL","2"
"1203","DOM VIOL INVEST","1"
"2104","AMB DOM VIOL","1"
"1936","AMB CUTTING","1"
"1126","FIGHT","2"
,"245 CUTTING INV","4"
"0916","POSS DOM VIOL","1"
"0161","DOM VIOL INVESTIGATI","1"
"0201","415 FIGHT","5"
"1213","CUTTING INV","1"
"1917","DOM VIOL SUSP","2"
"0171","AMB FIGHT","1"
"0849","245 AMB DOM VIOL","1"
"1804","CUTTING INV","3"
"2013","415 FIGHT","1"
"1708","FIGHT","3"
"0645","BATTERY DOMESTIC VIO","4"
"1862","GROUP FIGHT","2"
"1472","242 DOM VIOL","1"
"0721","415 FIGHT","3"
"1252","245 CUTTING INV","1"
"1266","245 AMB CUTTING","1"
"0157","415 FIGHT","1"
"1134","GROUP FIGHT","1"
"1267","POSS DOM VIOL","1"
"1213","245 DOM VIOL SUSP","2"
"0154","AMB CUTTING","3"
"1822","VIOLENT MALE","3"
"1549","VIOLENT MALE","1"
"1635","CUTTING INV","1"
"1136","DOM VIOL","20"
"1307","242 DOM VIOL INVESTI","1"
"1213","918 VIOLENT FEM","1"
"2189","VIOLENT FEM","2"
"1993","DOM VIOL R/O","15"
"1712","DOM VIOL INVEST","1"
"0315","VIOLENT MALE","1"
"1822","VIOLENT FEM","2"
"0676","BATTERY DOMESTIC VIO","1"
"0636","CUTTING INV","1"
"0357","242 POSS DOM VIOL","1"
"2023","242 DOM VIOL","2"
"1596","GROUP FIGHT","1"
"0648","415 FIGHT","4"
"1321","415 FIGHT","1"
"1309","AMB CUTTING","2"
"1862","242 DOM VIOL SUSP","4"
"0452","DOM VIOL SUSP","1"
"0241","620 DOM VIOL","8"
"0315","DOM VIOL SUSP J/L","1"
"1364","DOM VIOL INVEST","1"
"0564","242 POSS DOM VIOL","1"
"0939","245 CUTTING INV","1"
"2134","AMB CUTTING","1"
"0938","DOM VIOL","4"
"1213","AMB DOM VIOL","1"
"1531","415 FIGHT","2"
"1795","620 DOM VIOL","4"
"1463","ADW POSS DOM VIOL","1"
"2044","415 FIGHT","2"
"0182","DOM VIOL J/O","1"
"2071","POSS DOM VIOL","1"
"2055","242 DOM VIOL SUSP","1"
"0463","FIGHT","2"
"1695","FIGHT","2"
"0325","242 DOM VIOL SUSP","1"
"1663","CUTTING INV","4"
"1827","245 DOM VIOL INVEST","1"
"1532","BATTERY DOMESTIC VIO","1"
"1367","VIOLENT FEM","1"
"1832","DOM VIOL R/O","10"
"0656","242 DOM VIOL SUSP","1"
"0135","242 DOM VIOL","6"
"0883","FIGHT","3"
"1249","245 DOM VIOL","4"
"1503","BATTERY INVEST","2"
"0564","FIGHT","12"
"0391","FIGHT","2"
"1497","AMB CUTTING","1"
"1509","620 DOM VIOL R/O","2"
"1687","242 DOM VIOL SUSP","3"
"0558","DOM VIOL R/O","8"
"1687","AMB DOM VIOL","3"
"1909","DOM VIOL","7"
"0881","245 AMB CUTTING","2"
"0142","242 DOM VIOL INVESTI","1"
"1233","245 DOM VIOL","1"
"2056","DOM VIOL R/O","1"
"0563","242 DOM VIOL INVESTI","2"
"2041","242 BATTERY INVEST","2"
"1737","DOM VIOL","9"
"0291","BATTERY INVEST","1"
"0212","BATTERY INVEST","1"
"0734","AMB DOM VIOL","2"
"0941","242 DOM VIOL","6"
"1365","245 DOM VIOL","1"
"1231","BATTERY INVEST","1"
"0729","AMB CUTTING","2"
"1969","242 DOM VIOL","2"
"1562","242 DOM VIOL","2"
"1006","DOM VIOL J/O","1"
"0834","DOM VIOL SUSP","2"
"0407","242 DOM VIOL","4"
"1891","242 BATTERY INVEST","1"
"1333","245 AMB CUTTING","1"
"1645","415 GROUP FIGHT","1"
"1003","VIOLENT MALE","1"
"0898","DOM VIOL","13"
"0551","VIOLENT MALE","2"
"2139","AMB DOM VIOL","1"
"0587","FIGHT","8"
"2189","AMB DOM VIOL","1"
"0627","POSS DOM VIOL","1"
"0376","415 FIGHT","4"
"1268","242 BATTERY INVEST","2"
"0777","620 DOM VIOL R/O","1"
"1363","DOM VIOL SUSP","1"
"1189","242 DOM VIOL J/O","1"
"0637","242 DOM VIOL SUSP","1"
"0463","AMB CUTTING","1"
"0557","DOM VIOL R/O VIOLATI","3"
"0158","245 AMB CUTTING","3"
"1031","242 DOM VIOL SUSP","1"
"1253","620 DOM VIOL R/O","5"
"0769","POSS DOM VIOL","1"
"1325","245 DOM VIOL SUSP","1"
"1146","620 DOM VIOL R/O","1"
"0362","242 AMB DOM VIOL","3"
"1023","620 DOM VIOL","10"
"0529","FIGHT","6"
"1341","245 DOM VIOL SUSP NO","1"
"0335","620 DOM VIOL R/O","6"
"2083","242 BATTERY DOMESTIC","1"
"1243","245 DOM VIOL","1"
"1959","415 FIGHT","1"
"1035","918 VIOLENT MALE","1"
"0311","415 GROUP FIGHT","3"
"1824","620 DOM VIOL R/O","3"
"0319","207 DOM VIOL","1"
"1441","FIGHT","16"
"1411","DOM VIOL","1"
"1751","POSS DOM VIOL","1"
"1521","ADW POSS DOM VIOL","1"
"1162","CITZ HLDG DOM VIOL","1"
"1581","242 DOM VIOL","2"
"0765","620 DOM VIOL","2"
"1605","DOM VIOL","13"
"1258","DOM VIOL SUSP NOW","1"
"1698","VIOLENT MALE","1"
"0991","242 POSS DOM VIOL","1"
"0392","242 BATTERY DOMESTIC","2"
"0779","DOM VIOL SUSP","1"
"0889","DOM VIOL","30"
"1745","918 VIOLENT FEM","3"
"2071","620 DOM VIOL","2"
"1407","620 DOM VIOL","6"
"1148","VIOLENT FEM","1"
"0504","620 DOM VIOL R/O","4"
"1361","POSS DOM VIOL","1"
"1827","245 ADW POSS DOM VIO","1"
"1266","ADW POSS DOM VIOL","1"
"1403","245 AMB DOM VIOL","1"
"0625","POSS DOM VIOL SUSP","1"
"1075","DOM VIOL","5"
"1974","242 BATTERY INVEST","1"
"0473","242 DOM VIOL","8"
"1354","FIGHT","3"
"1367","BATTERY INVEST","1"
"1764","FIGHT","7"
"0464","POSS DOM VIOL","1"
"1208","415 GROUP FIGHT","1"
"0636","415 GROUP FIGHT","3"
"1503","DOM VIOL INVEST","1"
"0422","415 FIGHT","3"
"1406","DOM VIOL","27"
"0134","MAJ GRP FIGHT","1"
"0321","242 POSS DOM VIOL","1"
"1862","242 DOM VIOL J/O","1"
"1519","AMB CUTTING","1"
"0587","245 DOM VIOL IN PROG","1"
"1822","DOM VIOL SUSP","7"
"1267","BATTERY DOMESTIC VIO","4"
"1252","620 DOM VIOL","4"
"2076","DOM VIOL SUSP NOW","1"
"1352","DOM VIOL IN PROGRESS","1"
"1566","FIGHT","3"
"1004","620 DOM VIOL","5"
"1343","242 DOM VIOL","4"
"1365","AMB CUTTING","3"
"1204","DOM VIOL SUSP","3"
"0615","DOM VIOL IN PROGRESS","1"
"0849","FIGHT","7"
"1249","245 AMB CUTTING","2"
"2129","FIGHT","1"
"0769","DOM VIOL","8"
"0362","245 DOM VIOL","2"
"0785","415 FIGHT","1"
"0311","FIGHT","5"
"0561","DOM VIOL","2"
"1663","918 VIOLENT MALE","1"
"1653","DOM VIOL R/O","4"
"2104","AMB CUTTING","1"
"1538","918 VIOLENT FEM","2"
"1371","245 AMB CUTTING","1"
"0219","BATTERY INVEST","1"
"0466","GROUP FIGHT","3"
"0901","POSS DOM VIOL","4"
"1712","DOM VIOL R/O","1"
"0904","AMB CUTTING","1"
"1035","620 DOM VIOL","6"
"0231","DOM VIOL","25"
"1466","918 VIOLENT MALE","1"
"1549","DOM VIOL SUSP","2"
"0989","242 POSS DOM VIOL","1"
"1029","245 DOM VIOL","1"
"1215","DOM VIOL INVESTIGATI","1"
"0632","FIGHT","4"
"0551","AMB DOM VIOL","1"
"2014","620 DOM VIOL","4"
"1025","242 DOM VIOL R/O VIO","1"
"2064","AMB CUTTING","1"
"0758","DOM VIOL R/O","1"
"0395","242 DOM VIOL SUSP","1"
"0833","245 DOM VIOL","2"
"0394","620 DOM VIOL R/O","1"
"0395","VIOLENT MALE","1"
"1454","207 DOM VIOL SUSP J/","1"
"1657","DOM VIOL SUSP NOW","4"
"1266","AMB DOM VIOL","3"
"0564","242 DOM VIOL J/O","1"
"0131","POSS DOM VIOL","1"
"0165","BATTERY INVEST","1"
"0525","POSS DOM VIOL","3"
"1863","242 DOM VIOL","6"
"0143","AMB CUTTING","4"
"0155","CUTTING INV","1"
"1352","242 DOM VIOL","6"
"0513","620 DOM VIOL","10"
"0881","918 VIOLENT FEM","1"
"1861","918 VIOLENT MALE","1"
"0721","BATTERY INVEST","33"
"1253","245 AMB DOM VIOL","1"
"1088","242 DOM VIOL","1"
"0666","DOM VIOL SUSP NOW","2"
"1178","415 GROUP FIGHT","1"
"0777","242 DOM VIOL","1"
"0663","242 DOM VIOL SUSP","1"
"0328","620 DOM VIOL R/O","2"
"1805","245 DOM VIOL SUSP NO","1"
"1762","242 DOM VIOL SUSP","1"
"0377","FIGHT","6"
"0524","BATTERY INVEST","1"
"0759","620 DOM VIOL R/O","5"
"2039","620 DOM VIOL","12"
"2169","620 DOM VIOL","2"
"1988","DOM VIOL R/O","1"
"1466","242 DOM VIOL","4"
"1822","242 BATTERY INVEST","3"
"0557","415 FIGHT","2"
"1743","POSS DOM VIOL","1"
"2036","BATTERY","1"
"0111","BATTERY DOMESTIC VIO","2"
"0531","AMB CUTTING","1"
"0558","DOM VIOL SUSP","2"
"0489","242 DOM VIOL","3"
"2015","620 DOM VIOL","7"
"0471","FIGHT","1"
"2136","AMB DOM VIOL","3"
"2129","620 DOM VIOL R/O","1"
"1951","415 FIGHT","1"
"0711","POSS DOM VIOL","1"
"0626","DOM VIOL R/O","4"
"0916","DOM VIOL","12"
"0507","FIGHT","2"
"2161","242 BATTERY","1"
"2129","620 DOM VIOL","1"
"0316","ADW POSS DOM VIOL","1"
"1826","VIOLENT MALE","1"
"1595","DOM VIOL","9"
"1203","620 DOM VIOL","7"
"0804","620 DOM VIOL","1"
"0551","918 VIOLENT MALE","1"
"0946","BATTERY INVEST","1"
"1363","DOM VIOL","22"
"1787","415 FIGHT","1"
"0281","415 FIGHT","1"
"0376","VIOLENT FEM","2"
"0311","BATTERY","1"
"1241","POSS DOM VIOL","3"
"1796","ADW POSS DOM VIOL","1"
"0397","242 BATTERY DOMESTIC","1"
"1791","POSS DOM VIOL","1"
"0911","242 DOM VIOL SUSP","3"
"2189","918 VIOLENT FEM","1"
"2054","ADW POSS DOM VIOL","1"
"1015","242 BATTERY INVEST","1"
"0429","DOM VIOL R/O","3"
"0528","245 DOM VIOL","1"
"0989","DOM VIOL R/O","1"
"0144","DOM VIOL","7"
"0789","245 ADW POSS DOM VIO","1"
"1804","620 DOM VIOL","9"
"0563","FIGHT","9"
"1605","620 DOM VIOL","2"
"0762","242 DOM VIOL SUSP","1"
"0353","DOM VIOL J/O","1"
"1871","242 DOM VIOL SUSP","2"
"1941","242 DOM VIOL","2"
"0195","245 DOM VIOL SUSP NO","1"
"1265","245 CUTTING INV","1"
"1483","FIGHT","1"
"0236","BATTERY INVEST","2"
"1851","FIGHT","3"
"1993","415 FIGHT","2"
"0128","242 DOM VIOL","2"
"0427","242 DOM VIOL","6"
"1412","620 DOM VIOL","3"
"1105","BATTERY INVEST","1"
"1393","207 POSS DOM VIOL SU","1"
"1827","242 DOM VIOL","20"
"1781","DOM VIOL R/O VIOLATI","1"
"0466","415 GROUP FIGHT","1"
"1557","DOM VIOL R/O","1"
"1024","DOM VIOL IN PROGRESS","1"
"1962","242 BATTERY","1"
"2073","DOM VIOL","3"
"1215","415 GROUP FIGHT","1"
"2053","DOM VIOL R/O","1"
"2044","BATTERY DOMESTIC VIO","1"
"2093","BATTERY","1"
"1972","DOM VIOL INVEST","2"
"0974","DOM VIOL INVESTIGATI","1"
"1018","DOM VIOL","22"
"0788","620 DOM VIOL","1"
"1409","BATTERY DOMESTIC VIO","1"
"0701","GROUP FIGHT","1"
"1414","242 DOM VIOL SUSP","1"
"1024","620 DOM VIOL R/O","1"
"0333","245 AMB CUTTING","1"
"1752","FIGHT","5"
"1824","BATTERY INVEST","3"
"0669","245 DOM VIOL","2"
"1134","DOM VIOL","6"
"1596","VIOLENT FEM","1"
"2002","415 FIGHT","2"
"1326","GROUP FIGHT","1"
"0174","242 DOM VIOL","1"
"1695","245 ADW POSS DOM VIO","2"
"0647","AMB DOM VIOL","1"
"1981","GROUP FIGHT","2"
"0275","DOM VIOL","17"
"1846","VIOLENT MALE","1"
"1586","AMB CUTTING","1"
"1394","242 DOM VIOL SUSP","2"
"1547","242 DOM VIOL","2"
"1745","ADW POSS DOM VIOL","1"
"0463","415 GROUP FIGHT","1"
"1142","620 DOM VIOL R/O","1"
"1326","DOM VIOL SUSP","1"
"1985","FIGHT","12"
"0314","VIOLENT MALE","1"
"0941","245 DOM VIOL SUSP NO","1"
"0231","POSS DOM VIOL","1"
"1633","POSS DOM VIOL SUSP","1"
"1918","415 FIGHT","4"
"0724","DOM VIOL INVESTIGATI","1"
"1993","DOM VIOL","12"
"0182","245 DOM VIOL SUSP NO","1"
"1805","DOM VIOL SUSP J/L","1"
"0185","DOM VIOL R/O","5"
"1211","DOM VIOL R/O","10"
"0307","DOM VIOL","5"
"1519","620 DOM VIOL R/O","3"
"2137","242 DOM VIOL","4"
"1966","AMB CUTTING","1"
"1171","GROUP FIGHT","1"
"1623","BATTERY DOMESTIC VIO","1"
"0265","242 POSS DOM VIOL","1"
"0162","242 DOM VIOL","4"
"1116","FIGHT","2"
"0557","242 DOM VIOL","6"
"2079","242 BATTERY INVEST","3"
"1321","242 DOM VIOL","6"
"0563","415 GROUP FIGHT","4"
"0882","VIOLENT MALE","1"
"1189","242 DOM VIOL","3"
"0305","BATTERY INVEST","1"
"0974","DOM VIOL","11"
"0504","POSS DOM VIOL","1"
"0511","AMB DOM VIOL","2"
"1373","VIOLENT MALE","4"
"1907","245 DOM VIOL","1"
"0827","620 DOM VIOL","5"
"0449","242 DOM VIOL","4"
"0893","BATTERY INVEST","3"
"1638","620 DOM VIOL R/O","2"
"1659","FIGHT","1"
"0326","242 DOM VIOL","5"
"1233","AMB CUTTING","2"
"1758","242 DOM VIOL","1"
"0467","AMB DOM VIOL","1"
"0438","POSS DOM VIOL","1"
"1342","VIOLENT MALE","4"
"0506","242 BATTERY INVEST","1"
"1067","620 DOM VIOL","1"
"0314","242 DOM VIOL SUSP","1"
"0834","DOM VIOL INVESTIGATI","1"
"1826","DOM VIOL J/O","1"
"1831","242 BATTERY DOMESTIC","1"
"0526","DOM VIOL R/O","10"
"1959","FIGHT","3"
"0335","242 DOM VIOL","3"
"1025","245 DOM VIOL INVEST","1"
"1969","GROUP FIGHT","1"
"1283","245 DOM VIOL SUSP NO","1"
"1181","POSS DOM VIOL","1"
"1017","GROUP FIGHT","1"
"0782","VIOLENT MALE","1"
"1764","242 DOM VIOL SUSP","2"
"0557","620 DOM VIOL R/O","1"
"0905","DOM VIOL R/O","10"
"0467","VIOLENT FEM","1"
"1846","FIGHT","2"
"1025","DOM VIOL","31"
"0911","AMB DOM VIOL SUSP","1"
"1514","242 POSS DOM VIOL","1"
"0265","918 VIOLENT FEM","1"
"1259","415 FIGHT","6"
"1517","FIGHT","9"
"0392","245 AMB DOM VIOL","1"
"0719","POSS DOM VIOL","1"
"1775","FIGHT","1"
"1684","242 DOM VIOL SUSP","1"
"2025","245 DOM VIOL SUSP","1"
"0745","242 AMB DOM VIOL","2"
"0162","415 GROUP FIGHT","2"
"2145","ADW POSS DOM VIOL","2"
"1383","CUTTING INV","1"
"0904","FIGHT","9"
"0335","415 GROUP FIGHT","1"
"1151","245 ADW","1"
"0923","918 VIOLENT FEM","1"
"1252","FIGHT","4"
"0279","242 DOM VIOL INVESTI","1"
"1911","DOM VIOL","4"
"0941","415 FIGHT","6"
"0489","242 DOM VIOL SUSP","1"
"0248","415 FIGHT","1"
"1844","245 DOM VIOL R/O","1"
"0132","242 DOM VIOL","2"
"0881","GROUP FIGHT","2"
"1954","620 DOM VIOL R/O","1"
"1842","242 POSS DOM VIOL","2"
"1218","DOM VIOL SUSP","1"
"1994","BATTERY INVEST","15"
"0745","AMB CUTTING","1"
"1701","DOM VIOL","11"
"0448","918 VIOLENT MALE","1"
"0132","242 BATTERY DOMESTIC","1"
"0182","242 BATTERY INVEST","6"
"1409","620 DOM VIOL","1"
"0145","AMB CUTTING","2"
"1672","DOM VIOL","3"
"1918","POSS DOM VIOL","1"
"0182","245 AMB CUTTING","3"
"1266","GROUP FIGHT","5"
"0895","DOM VIOL","7"
"0526","VIOLENT MALE","1"
"0558","GROUP FIGHT","1"
"0155","242 BATTERY INVEST","3"
"1341","620 DOM VIOL R/O","1"
"0356","242 DOM VIOL SUSP","4"
"2031","245 ADW POSS DOM VIO","1"
"2141","415 FIGHT","1"
"1172","DOM VIOL R/O","1"
"0648","242 BATTERY INVEST","1"
"0966","GROUP FIGHT","1"
"0643","242 DOM VIOL","8"
"0919","DOM VIOL SUSP","1"
"1821","242 AMB DOM VIOL","3"
"1353","620 DOM VIOL","12"
"1545","242 DOM VIOL","2"
"0901","242 AMB DOM VIOL","1"
"0376","245 DOM VIOL SUSP NO","1"
"0216","242 DOM VIOL","4"
"2029","242 DOM VIOL INVESTI","1"
"1555","242 DOM VIOL SUSP","4"
"1994","FIGHT","2"
"1381","242 DOM VIOL","3"
"1257","POSS DOM VIOL","2"
"0251","POSS DOM VIOL","1"
"1123","DOM VIOL","2"
"2071","242 BATTERY INVEST","2"
"0132","415 FIGHT","2"
"0738","GROUP FIGHT","1"
"1269","DOM VIOL R/O","25"
"1863","415 FIGHT","2"
"0236","245 AMB CUTTING","1"
"1099","BATTERY INVEST","1"
"1203","415 GROUP FIGHT","1"
"0774","AMB DOM VIOL","1"
"0191","BATTERY INVEST","3"
"0702","VIOLENT MALE","1"
"1381","245 DOM VIOL SUSP","1"
"1936","DOM VIOL J/O","1"
"0782","FIGHT","5"
"2157","242 DOM VIOL SUSP","3"
"0881","AMB CUTTING","2"
"0266","DOM VIOL J/O","1"
"0356","245 AMB CUTTING","3"
"2035","415 FIGHT","3"
"0626","620 DOM VIOL","1"
"1249","VIOLENT FEM","1"
"2063","FIGHT","3"
"1622","DOM VIOL","24"
"1871","DOM VIOL SUSP","2"
"1136","AMB DOM VIOL","1"
"0551","245 DOM VIOL","1"
"1602","415 FIGHT","1"
"0355","DOM VIOL SUSP","4"
"2004","DOM VIOL INVESTIGATI","1"
"0732","FIGHT","6"
"1533","415 GROUP FIGHT","1"
"0357","GROUP FIGHT","1"
"0217","DOM VIOL INVESTIGATI","1"
"1325","DOM VIOL","9"
"2013","BATTERY DOMESTIC VIO","1"
"1243","DOM VIOL SUSP NOW","3"
"0491","242 DOM VIOL","1"
"1722","DOM VIOL R/O","1"
"0899","DOM VIOL SUSP","1"
"2026","620 DOM VIOL R/O","1"
"1994","245 AMB CUTTING","2"
"0182","BATTERY DOMESTIC VIO","2"
"0638","918 VIOLENT FEM","1"
"1654","620 DOM VIOL","12"
"0279","DOM VIOL J/O","1"
"0165","ASSAULTING","1"
"1849","245 DOM VIOL","1"
"0914","BATTERY DOMESTIC VIO","4"
"0216","VIOLENT JUV","1"
"0933","242 DOM VIOL","2"
"1915","245 DOM VIOL","1"
"1483","245 AMB DOM VIOL","1"
"0767","DOM VIOL","6"
"0946","288 ASSAULTING","1"
"1983","242 BATTERY INVEST","1"
"0923","242 BATTERY INVEST","3"
"1147","918 VIOLENT MALE","2"
"1981","AMB CUTTING","3"
"0265","FIGHT","8"
"2058","FIGHT","5"
"0354","VIOLENT MALE","1"
"0157","ADW POSS DOM VIOL","1"
"0889","DOM VIOL SUSP","3"
"1659","DOM VIOL","1"
"1619","DOM VIOL R/O","1"
"1924","BATTERY INVEST","3"
"1252","918 VIOLENT MALE","3"
"1273","620 DOM VIOL R/O","4"
"1916","DOM VIOL SUSP","1"
"2034","242 BATTERY INVEST","1"
"1871","DOM VIOL SUSP NOW","1"
"0916","245 DOM VIOL SUSP NO","1"
"1161","VIOLENT MALE","1"
"1824","DOM VIOL INVESTIGATI","1"
"1303","620 DOM VIOL","2"
"1529","DOM VIOL R/O","1"
"2118","245 DOM VIOL","1"
"0904","242 DOM VIOL","7"
"1753","VIOLENT MALE","1"
"0952","242 BATTERY DOMESTIC","1"
"0315","VIOLENT FEM","1"
"1966","620 DOM VIOL R/O","1"
"0782","VIOLENT FEM","1"
"0301","GROUP FIGHT","1"
"2177","DOM VIOL INVESTIGATI","10"
"0755","GROUP FIGHT","1"
"1362","242 BATTERY INVEST","1"
"1323","VIOLENT MALE","2"
"1235","DOM VIOL IN PROGRESS","1"
"1924","VIOLENT FEM","1"
"0455","288 ASSAULT INVEST","1"
"1483","VIOLENT FEM","1"
"0451","MAJ GRP FIGHT","1"
"1781","242 DOM VIOL","3"
"0261","242 DOM VIOL","12"
"1265","245 AMB DOM VIOL","1"
"1991","620 DOM VIOL","4"
"1344","FIGHT","4"
"0121","FIGHT","1"
"1827","DOM VIOL SUSP NOW","4"
"2081","245 CUTTING INV","1"
"2038","BATTERY DOMESTIC VIO","1"
"0357","245 DOM VIOL SUSP NO","2"
"1621","242 DOM VIOL SUSP","2"
"0519","DOM VIOL INVESTIGATI","2"
"0281","242 DOM VIOL","2"
"0564","415 AMB FIGHT","1"
"1219","245 DOM VIOL SUSP NO","1"
"1415","245 AMB CUTTING","2"
"0269","DOM VIOL R/O","9"
"1663","POSS DOM VIOL","4"
"2029","620 DOM VIOL R/O","3"
"0765","620 DOM VIOL R/O","2"
"0835","415 FIGHT","4"
"0399","DOM VIOL","10"
"0334","VIOLENT MALE","1"
"0625","GROUP FIGHT","1"
"1393","AMB DOM VIOL","1"
"0379","245 DOM VIOL SUSP","1"
"1917","242 BATTERY DOMESTIC","2"
"0408","245 AMB CUTTING","1"
"1881","242 BATTERY INVEST","1"
"0469","FIGHT","1"
"1684","VIOLENT MALE","2"
"0111","918 VIOLENT MALE","2"
"1785","DOM VIOL R/O","1"
"0363","242 AMB DOM VIOL SUS","1"
"1268","AMB DOM VIOL","3"
"2156","415 FIGHT","3"
"1654","FIGHT","9"
"1612","BATTERY DOMESTIC VIO","2"
"0909","242 AMB DOM VIOL","1"
"0337","245 DOM VIOL IN PROG","1"
"0144","245 AMB CUTTING","1"
"2093","DOM VIOL R/O","2"
"0923","242 DOM VIOL SUSP","1"
"1083","DOM VIOL R/O","3"
"0963","DOM VIOL R/O VIOLATI","1"
"0123","DOM VIOL SUSP","1"
"0562","DOM VIOL INVESTIGATI","2"
"1215","245 DOM VIOL","3"
"1837","DOM VIOL INVESTIGATI","1"
"1831","242 DOM VIOL","11"
"0251","242 DOM VIOL J/O","1"
"0889","245 AMB CUTTING","1"
"1346","BATTERY INVEST","1"
"0904","DOM VIOL R/O","7"
"1995","242 DOM VIOL SUSP","1"
"0151","FIGHT","4"
"1637","DOM VIOL","6"
"1139","415 FIGHT","2"
"1958","DOM VIOL","17"
"1004","242 POSS DOM VIOL","2"
"1985","242 POSS DOM VIOL","2"
"0807","415 FIGHT","1"
"1804","242 DOM VIOL R/O VIO","1"
"1003","242 DOM VIOL SUSP","2"
"0643","620 DOM VIOL R/O","6"
"0778","242 POSS DOM VIOL","1"
"2029","ADW POSS DOM VIOL","1"
"1557","242 DOM VIOL SUSP","2"
"0911","245 DOM VIOL","2"
"0491","245 DOM VIOL","1"
"0326","245 DOM VIOL","2"
"1317","AMB DOM VIOL","1"
"1395","AMB DOM VIOL","2"
"0783","DOM VIOL SUSP NOW","1"
"1446","DOM VIOL","11"
"0775","242 DOM VIOL SUSP","1"
"0261","620 DOM VIOL","13"
"0514","242 BATTERY DOMESTIC","2"
"1727","DOM VIOL R/O","2"
"0295","DOM VIOL SUSP","3"
"1179","242 DOM VIOL J/O","1"
"1523","242 DOM VIOL SUSP","1"
"1517","BATTERY INVEST","1"
"1794","VIOLENT MALE","3"
"0904","DOM VIOL SUSP","4"
"0563","DOM VIOL","60"
"0943","VIOLENT FEM","1"
"1917","620 DOM VIOL","8"
"1333","245 DOM VIOL","1"
"0722","POSS DOM VIOL","1"
"0301","FIGHT","2"
"1613","DOM VIOL R/O","5"
"1549","245 AMB CUTTING","2"
"1483","242 DOM VIOL","3"
"0449","245 DOM VIOL","1"
"2015","FIGHT","1"
"1586","DOM VIOL","3"
"0308","BATTERY DOMESTIC VIO","1"
"1905","VIOLENT MALE","1"
"0837","DOM VIOL","1"
"0647","DOM VIOL R/O","6"
"1435","POSS DOM VIOL","1"
"0176","FIGHT","2"
"0251","GROUP FIGHT","6"
"0195","415 GROUP FIGHT","1"
"1972","242 DOM VIOL R/O VIO","1"
"0395","DOM VIOL SUSP NOW","3"
"0299","242 DOM VIOL","4"
"0725","DOM VIOL","2"
"1242","DOM VIOL R/O","2"
"0465","415 FIGHT","4"
"1323","GROUP FIGHT","3"
"1787","VIOLENT MALE","1"
"1449","242 DOM VIOL","1"
"1437","242 DOM VIOL","4"
"0803","DOM VIOL","1"
"0307","242 DOM VIOL","4"
"1377","AMB DOM VIOL","1"
"1483","918 VIOLENT FEM","1"
"1599","VIOLENT FEM","1"
"0408","DOM VIOL R/O","3"
"0261","DOM VIOL","27"
"1485","415 FIGHT","1"
"1983","VIOLENT MALE","7"
"1473","FIGHT","3"
"2177","620 DOM VIOL","5"
"1434","242 DOM VIOL","2"
"0312","AMB CUTTING","1"
"0398","242 DOM VIOL R/O VIO","2"
"1483","GROUP FIGHT","3"
"2004","BATTERY","1"
"0743","GROUP FIGHT","1"
"1143","242 BATTERY INVEST","1"
"0976","620 DOM VIOL","2"
"1836","FIGHT","3"
"0911","918 VIOLENT FEM","1"
"1176","242 DOM VIOL","2"
"1474","DOM VIOL R/O","1"
"2156","VIOLENT JUV","1"
"1709","620 DOM VIOL R/O","1"
"0563","GROUP FIGHT","8"
"2126","GROUP FIGHT","1"
"1793","AMB CUTTING","3"
"0828","415 FIGHT","1"
"2177","242 DOM VIOL INVESTI","5"
"1955","BATTERY DOMESTIC VIO","1"
"2146","245 DOM VIOL","2"
"1293","DOM VIOL SUSP NOW","1"
"2026","BATTERY INVEST","2"
"0747","FIGHT","1"
"1821","VIOLENT FEM","1"
"0952","DOM VIOL R/O","6"
"0711","245 AMB CUTTING","2"
"1455","VIOLENT MALE","1"
"1822","DOM VIOL R/O","3"
"1902","245 DOM VIOL","1"
"1945","242 DOM VIOL","1"
"1041","620 DOM VIOL R/O","1"
"2148","620 DOM VIOL R/O","1"
"1503","415 FIGHT","3"
"0363","415 GROUP FIGHT","4"
"0507","DOM VIOL SUSP J/L","1"
"0333","DOM VIOL","9"
"1252","DOM VIOL","28"
"1511","DOM VIOL","4"
"1172","AMB CUTTING","1"
"0464","FIGHT","3"
"1138","242 DOM VIOL","2"
"1138","242 BATTERY INVEST","1"
"1676","242 DOM VIOL","4"
"0397","242 DOM VIOL","7"
"0667","415 FIGHT","3"
"1988","DOM VIOL","12"
"1007","DOM VIOL","7"
"1512","242 BATTERY DOMESTIC","1"
"1467","FIGHT","4"
"0901","VIOLENT JUV","1"
"1141","DOM VIOL R/O","7"
"0931","AMB FIGHT","1"
"0822","242 DOM VIOL INVESTI","1"
"0181","GROUP FIGHT","1"
"0998","DOM VIOL SUSP NOW","1"
"0941","DOM VIOL","33"
"0749","AMB CUTTING","1"
"0219","BATTERY","1"
"0666","DOM VIOL SUSP","3"
"2103","DOM VIOL SUSP NOW","1"
"1924","415 GROUP FIGHT","3"
"0334","GROUP FIGHT","1"
"0649","AMB DOM VIOL","1"
"1675","242 DOM VIOL SUSP","1"
"1717","245 DOM VIOL INVEST","1"
"1918","245 AMB CUTTING","1"
"1265","620 DOM VIOL","14"
"0585","242 DOM VIOL","6"
"1563","AMB CUTTING","1"
"1903","CUTTING INV","1"
"0101","620 DOM VIOL","7"
"1184","AMB CUTTING","2"
"0477","242 DOM VIOL","3"
"1643","FIGHT","2"
"0394","DOM VIOL SUSP NOW","1"
"1011","620 DOM VIOL","7"
"0162","245 DOM VIOL SUSP NO","1"
"0204","242 DOM VIOL J/O","1"
"1351","FIGHT","7"
"1823","415 GROUP FIGHT","1"
"0412","DOM VIOL R/O","2"
"1326","DOM VIOL SUSP NOW","1"
"1836","620 DOM VIOL","5"
"1257","245 AMB CUTTING","2"
"0826","BATTERY DOMESTIC VIO","1"
"1323","620 DOM VIOL","3"
"1015","242 DOM VIOL","7"
"1031","ADW POSS DOM VIOL","1"
"1333","245 DOM VIOL SUSP NO","1"
"1125","DOM VIOL INVESTIGATI","1"
"1444","620 DOM VIOL","1"
"1112","BATTERY DOMESTIC VIO","1"
"1483","DOM VIOL J/O","1"
"2038","242 DOM VIOL J/O","1"
"0201","BATTERY DOMESTIC VIO","2"
"1248","DOM VIOL INVESTIGATI","2"
"0566","242 BATTERY","1"
"0457","DOM VIOL J/O","2"
"0318","DOM VIOL SUSP","1"
"1233","242 DOM VIOL SUSP","1"
"1218","AMB DOM VIOL","2"
"0174","620 DOM VIOL R/O","1"
"1761","242 DOM VIOL","6"
"0635","DOM VIOL","2"
"0806","DOM VIOL","7"
"2024","DOM VIOL SUSP","3"
"1842","242 DOM VIOL J/O","2"
"1998","BATTERY DOMESTIC VIO","1"
"0166","242 BATTERY INVEST","1"
"0628","415 FIGHT","1"
"1015","245 DOM VIOL IN PROG","1"
"1115","BATTERY INVEST","1"
"1138","245 DOM VIOL SUSP J/","1"
"0628","620 DOM VIOL","3"
"0585","245 DOM VIOL INVEST","1"
"1067","DOM VIOL SUSP NOW","1"
"1139","DOM VIOL SUSP","3"
"1233","BATTERY INVEST","1"
"1029","BATTERY INVEST","1"
"1523","415 FIGHT","1"
"1249","245 CUTTING INV","1"
"2074","245 AMB CUTTING","1"
"1256","POSS DOM VIOL","1"
"1806","415 FIGHT","1"
"0438","DOM VIOL","30"
"2097","DOM VIOL SUSP","1"
"2146","VIOLENT FEM","2"
"1377","245 DOM VIOL","2"
"0806","242 DOM VIOL","2"
"1211","DOM VIOL SUSP","4"
"1019","245 ADW POSS DOM VIO","1"
"0398","245 AMB DOM VIOL","1"
"1163","BATTERY DOMESTIC VIO","1"
"0237","DOM VIOL SUSP","3"
"0926","242 DOM VIOL","5"
"0471","DOM VIOL","4"
"2099","FIGHT","1"
"1414","GROUP FIGHT","3"
"2019","DOM VIOL INVESTIGATI","2"
"1249","DOM VIOL IN PROGRESS","1"
"1003","VIOLENT FEM","1"
"1891","620 DOM VIOL R/O","1"
"2161","VIOLENT FEM","1"
"0211","DOM VIOL","13"
"1871","620 DOM VIOL R/O","9"
"0666","242 DOM VIOL INVESTI","2"
"1653","242 AMB DOM VIOL","1"
"1982","BATTERY INVEST","2"
"0202","DOM VIOL","25"
"0784","DOM VIOL","4"
"1342","BATTERY INVEST","1"
"1779","AMB CUTTING","1"
"2022","FIGHT","4"
"0677","245 DOM VIOL","1"
"0497","FIGHT","4"
"0507","620 DOM VIOL R/O","2"
"0464","DOM VIOL SUSP J/L","1"
"1907","620 DOM VIOL","5"
"2027","DOM VIOL","26"
"0649","242 DOM VIOL","1"
"1039","DOM VIOL","33"
"1105","DOM VIOL INVESTIGATI","1"
"2038","AMB DOM VIOL","2"
"0152","242 DOM VIOL SUSP","3"
"1651","BATTERY","1"
"0733","DOM VIOL","2"
"1846","245 DOM VIOL IN PROG","2"
"1549","620 DOM VIOL","11"
"1796","415 FIGHT","1"
"0517","VIOLENT FEM","1"
"0701","DOM VIOL INVESTIGATI","3"
"1203","245 AMB CUTTING","2"
"0678","DOM VIOL SUSP","1"
"1033","FIGHT","9"
"1803","DOM VIOL INVEST","1"
"2157","245 POSS DOM VIOL I/","1"
"0327","242 POSS DOM VIOL","1"
"1677","BATTERY DOMESTIC VIO","1"
"1441","CUTTING INV","1"
"1268","DOM VIOL R/O","11"
"1522","BATTERY INVEST","1"
"2025","242 DOM VIOL","6"
"0112","242 DOM VIOL SUSP","1"
"1918","242 DOM VIOL","8"
"1345","245 DOM VIOL","3"
"0312","918 VIOLENT FEM","1"
"1269","VIOLENT FEM","3"
"0421","620 DOM VIOL R/O","1"
"0448","BATTERY DOMESTIC VIO","1"
"1152","620 DOM VIOL","4"
"1842","DOM VIOL INVEST","1"
"0914","DOM VIOL INVESTIGATI","2"
"2035","242 BATTERY INVEST","1"
"1488","BATTERY DOMESTIC VIO","2"
"1824","DOM VIOL","58"
"1117","620 DOM VIOL","2"
"0755","FIGHT","5"
"1985","POSS DOM VIOL","2"
"0646","DOM VIOL SUSP NOW","1"
"0142","AMB CUTTING","3"
"0468","242 BATTERY","1"
"1871","FIGHT","5"
"1663","242 DOM VIOL INVESTI","1"
"1259","245 CUTTING INV","1"
"0964","245 CUTTING INV","1"
"0735","FIGHT","4"
"1265","415 FIGHT","4"
"0729","415 FIGHT","1"
"0457","415 FIGHT","4"
"0583","242 DOM VIOL","1"
"1256","DOM VIOL R/O","23"
"1044","POSS DOM VIOL","2"
"1406","POSS DOM VIOL","1"
"0301","242 POSS DOM VIOL","1"
"0396","DOM VIOL SUSP NOW","2"
"0567","VIOLENT FEM","1"
"1864","245 DOM VIOL","1"
"1043","242 POSS DOM VIOL","1"
"0217","918 VIOLENT FEM","1"
"0373","FIGHT","3"
"0971","VIOLENT FEM","1"
"2148","VIOLENT MALE","2"
"2133","245 DOM VIOL","1"
"2141","AMB DOM VIOL","2"
"2036","415 FIGHT","2"
"0299","FIGHT","7"
"0192","AMB DOM VIOL","2"
"0439","AMB CUTTING","1"
"1037","DOM VIOL SUSP NOW","1"
"1557","AMB DOM VIOL","1"
"0237","VIOLENT MALE","1"
"2049","245 DOM VIOL","3"
"0901","ADW POSS DOM VIOL","1"
"0909","DOM VIOL SUSP","1"
"1849","BATTERY DOMESTIC VIO","4"
"2016","242 DOM VIOL SUSP","1"
"1749","415 FIGHT","1"
"1253","245 DOM VIOL SUSP J/","1"
"0148","620 DOM VIOL","1"
"1259","BATTERY INVEST","8"
"1826","AMB CUTTING","1"
"0246","BATTERY DOMESTIC VIO","1"
"1642","918 VIOLENT JUV","1"
"1163","ADW POSS DOM VIOL","1"
"2071","620 DOM VIOL R/O","2"
"0721","FIGHT","10"
"1097","242 DOM VIOL","2"
"2156","242 BATTERY INVEST","1"
"1283","VIOLENT FEM","2"
"0828","DOM VIOL INVESTIGATI","1"
"1375","AMB DOM VIOL","2"
"1982","918 VIOLENT MALE","1"
"0935","620 DOM VIOL","7"
"0404","FIGHT","2"
"1283","DOM VIOL","55"
"1235","VIOLENT MALE","2"
"2069","FIGHT","7"
"0361","242 DOM VIOL","8"
"1591","620 DOM VIOL","1"
"0131","BATTERY DOMESTIC VIO","1"
"0516","245 DOM VIOL SUSP J/","1"
"1303","DOM VIOL R/O","1"
"0316","POSS DOM VIOL","1"
"1411","245 DOM VIOL INVEST","1"
"2023","620 DOM VIOL R/O","2"
"1307","POSS DOM VIOL","1"
"2162","DOM VIOL R/O","1"
"1452","620 DOM VIOL R/O","1"
"1344","242 DOM VIOL INVESTI","1"
"0631","BATTERY INVEST","1"
"0914","620 DOM VIOL","13"
"1255","POSS DOM VIOL","3"
"1018","DOM VIOL R/O","3"
"1526","AMB CUTTING","4"
"2173","245 DOM VIOL","2"
"1251","620 DOM VIOL","11"
"0755","620 DOM VIOL R/O","2"
"1961","FIGHT","5"
"1445","GROUP FIGHT","1"
"0453","242 POSS DOM VIOL","1"
"0275","245 DOM VIOL","1"
"1263","GROUP FIGHT","1"
"0315","242 DOM VIOL","4"
"1749","DOM VIOL R/O","5"
"2004","DOM VIOL R/O","2"
"0961","DOM VIOL","3"
"1017","DOM VIOL R/O","2"
"2175","VIOLENT MALE","2"
"0909","DOM VIOL","24"
"0893","415 GROUP FIGHT","1"
"1269","620 DOM VIOL","17"
"2128","620 DOM VIOL R/O","2"
"1862","BATTERY DOMESTIC VIO","2"
"1457","DOM VIOL SUSP","1"
"2146","415 FIGHT","3"
"0231","DOM VIOL R/O","5"
"2041","VIOLENT MALE","1"
"1031","DOM VIOL R/O","3"
"0362","245 DOM VIOL INVEST","1"
"0191","918 VIOLENT JUV","1"
"0517","918 VIOLENT FEM","1"
"1918","242 DOM VIOL SUSP","1"
"1676","DOM VIOL","17"
"1675","VIOLENT FEM","1"
"1118","FIGHT","4"
"0525","DOM VIOL","36"
"1695","918 VIOLENT MALE","1"
"2097","415 GROUP FIGHT","1"
"0473","BATTERY DOMESTIC VIO","4"
"1245","242 AMB DOM VIOL","1"
"1861","242 AMB DOM VIOL","1"
"0316","AMB DOM VIOL","2"
"1841","DOM VIOL INVEST","2"
"0291","DOM VIOL","9"
"1427","620 DOM VIOL","2"
"1028","242 DOM VIOL","5"
"1266","VIOLENT MALE","3"
"1499","415 FIGHT","1"
"0217","DOM VIOL SUSP","1"
"0314","918 VIOLENT MALE","3"
"2139","AMB CUTTING","1"
"1363","245 AMB CUTTING","1"
"1007","CUTTING INV","1"
"0451","FIGHT","2"
"1903","620 DOM VIOL","2"
"0159","620 DOM VIOL","2"
"1821","FIGHT","11"
"1362","AMB DOM VIOL","2"
"2016","GROUP FIGHT","2"
"1233","918 VIOLENT MALE","1"
"1991","245 DOM VIOL SUSP NO","2"
"0773","VIOLENT MALE","1"
"2103","VIOLENT FEM","1"
"0336","245 DOM VIOL INVEST","1"
"0584","620 DOM VIOL R/O","4"
"0985","AMB CUTTING","3"
"0506","FIGHT","4"
"2069","ADW POSS DOM VIOL","1"
"0564","DOM VIOL SUSP","8"
"1457","DOM VIOL","6"
"0901","620 DOM VIOL","8"
"0325","620 DOM VIOL","4"
"2156","DOM VIOL R/O","3"
"1361","DOM VIOL R/O","7"
"1941","DOM VIOL","4"
"1259","242 BATTERY INVEST","2"
"1028","415 GROUP FIGHT","1"
"2038","620 DOM VIOL R/O","1"
"1549","POSS DOM VIOL","2"
"1663","VIOLENT JUV","1"
"1472","AMB CUTTING","3"
"1781","VIOLENT FEM","1"
"1161","DOM VIOL R/O","2"
"0165","DOM VIOL","15"
"1029","245 CUTTING INV","1"
"1501","DOM VIOL","5"
"1265","POSS DOM VIOL","1"
"1638","VIOLENT MALE","1"
"1443","DOM VIOL","7"
"0334","242 BATTERY DOMESTIC","1"
"1921","620 DOM VIOL","7"
"2027","FIGHT","6"
"1553","AMB DOM VIOL","1"
"1998","BATTERY INVEST","2"
"1612","242 BATTERY DOMESTIC","2"
"1952","GROUP FIGHT","1"
"1431","AMB DOM VIOL","1"
"1611","DOM VIOL SUSP NOW","1"
"0165","245 AMB CUTTING","2"
"1406","620 DOM VIOL","8"
"1961","GROUP FIGHT","6"
"0813","VIOLENT FEM","1"
"0857","242 POSS DOM VIOL","1"
"2149","DOM VIOL R/O","2"
"0251","918 VIOLENT FEM","1"
"1363","245 CUTTING INV","1"
"2145","VIOLENT MALE","1"
"1862","620 DOM VIOL","9"
"0319","242 DOM VIOL SUSP","2"
"0525","DOM VIOL INVEST","1"
"1987","GROUP FIGHT","1"
"0308","242 BATTERY INVEST","2"
"2105","245 DOM VIOL SUSP J/","1"
"1781","DOM VIOL SUSP J/L","1"
"2013","242 AMB DOM VIOL","1"
"0897","620 DOM VIOL","2"
"0615","620 DOM VIOL","1"
"2157","242 BATTERY DOMESTIC","1"
"2002","BATTERY DOMESTIC VIO","1"
"1253","245 DOM VIOL INVEST","1"
"1602","AMB CUTTING","2"
"1381","AMB CUTTING","1"
"0165","620 DOM VIOL R/O","2"
"1253","DOM VIOL","30"
"0676","DOM VIOL SUSP NOW","1"
"2128","DOM VIOL INVEST","1"
"0466","DOM VIOL IN PROGRESS","3"
"0147","AMB CUTTING","6"
"0926","POSS DOM VIOL","1"
"1621","FIGHT","3"
"0562","DOM VIOL SUSP","2"
"2183","242 BATTERY","1"
"1538","DOM VIOL R/O","15"
"1125","242 BATTERY INVEST","1"
"1913","POSS DOM VIOL","1"
"1365","620 DOM VIOL R/O","4"
"1129","245 DOM VIOL SUSP NO","1"
"0376","245 AMB CUTTING","1"
"2022","245 DOM VIOL IN PROG","1"
"0261","POSS DOM VIOL","1"
"2019","POSS DOM VIOL","4"
"1974","BATTERY","1"
"0211","620 DOM VIOL","2"
"1861","FIGHT","5"
"1023","242 POSS DOM VIOL","2"
"0851","DOM VIOL","1"
"1838","242 DOM VIOL","3"
"0295","242 POSS DOM VIOL","1"
"1506","FIGHT","6"
"0321","FIGHT","6"
"0814","DOM VIOL","2"
"0711","DOM VIOL J/O","3"
"0238","GROUP FIGHT","2"
"1444","GROUP FIGHT","1"
"0532","POSS DOM VIOL","1"
"1841","242 DOM VIOL SUSP","1"
"1309","242 AMB DOM VIOL","1"
"0632","242 DOM VIOL SUSP","1"
"2093","POSS DOM VIOL","2"
"1243","DOM VIOL SUSP","3"
"0331","DOM VIOL INVESTIGATI","1"
"0644","DOM VIOL","29"
"0849","918 VIOLENT FEM","2"
"0441","BATTERY","1"
"0764","620 DOM VIOL","2"
"1651","DOM VIOL SUSP","5"
"1767","415 FIGHT","2"
"1964","620 DOM VIOL R/O","4"
"1067","FIGHT","2"
"0581","DOM VIOL","3"
"1827","245 DOM VIOL SUSP NO","1"
"1489","242 AMB DOM VIOL","1"
"1966","242 DOM VIOL","1"
"1233","245 AMB CUTTING","2"
"0636","620 DOM VIOL","16"
"1243","620 DOM VIOL","14"
"1107","POSS DOM VIOL","1"
"1735","245 DOM VIOL","1"
"0565","DOM VIOL SUSP NOW","1"
"1391","FIGHT","2"
"0336","VIOLENT FEM","1"
"0508","620 DOM VIOL R/O","1"
"1341","620 DOM VIOL","13"
"0773","FIGHT","4"
"1067","AMB DOM VIOL","1"
"0356","DOM VIOL SUSP","2"
"1454","415 FIGHT","1"
"0477","DOM VIOL R/O","2"
"0249","BATTERY DOMESTIC VIO","1"
"0354","918 VIOLENT MALE","1"
"0989","415 GROUP FIGHT","1"
"0301","DOM VIOL","4"
"0271","DOM VIOL J/O","1"
"0453","620 DOM VIOL","7"
"0361","BATTERY DOMESTIC VIO","1"
"0308","918 VIOLENT FEM","1"
"1842","242 DOM VIOL R/O VIO","1"
"2126","242 DOM VIOL R/O VIO","1"
"2016","DOM VIOL R/O","1"
"1757","FIGHT","2"
"2147","DOM VIOL INVESTIGATI","2"
"0562","POSS DOM VIOL","1"
"2136","620 DOM VIOL","10"
"1023","242 DOM VIOL SUSP","1"
"0785","918 VIOLENT FEM","1"
"1207","415 FIGHT","1"
"2079","DOM VIOL","18"
"1754","DOM VIOL R/O","2"
"1017","620 DOM VIOL R/O","1"
"0521","620 DOM VIOL","8"
"1781","DOM VIOL SUSP","2"
"0649","DOM VIOL SUSP J/L","1"
"0315","FIGHT","1"
"0162","242 BATTERY INVEST","2"
"0531","FIGHT","2"
"0532","415 FIGHT","3"
"0836","BATTERY DOMESTIC VIO","1"
"0468","DOM VIOL","7"
"0915","DOM VIOL SUSP","7"
"0374","245 DOM VIOL","1"
"1331","245 AMB CUTTING","3"
"1612","DOM VIOL INVEST","1"
"1862","VIOLENT JUV","2"
"1117","FIGHT","2"
"0824","FIGHT","1"
"1363","AMB CUTTING","1"
"1137","918 VIOLENT FEM","1"
"0285","245 AMB CUTTING","1"
"0637","BATTERY INVEST","1"
"0914","415 FIGHT","6"
"0375","242 POSS DOM VIOL","1"
"0584","415 FIGHT","1"
,"DOM VIOL","20"
"1792","620 DOM VIOL R/O","1"
"1407","918 VIOLENT MALE","2"
"0829","DOM VIOL SUSP","2"
"0513","DOM VIOL SUSP","4"
"1065","242 DOM VIOL","3"
"2081","620 DOM VIOL R/O","1"
"0963","242 DOM VIOL","5"
"1862","242 BATTERY","1"
"0749","BATTERY INVEST","2"
"1361","242 AMB DOM VIOL","1"
"0203","245 ADW POSS DOM VIO","1"
"0649","GROUP FIGHT","1"
"1596","BATTERY INVEST","2"
"1547","242 BATTERY INVEST","1"
"1641","620 DOM VIOL","2"
"0351","242 DOM VIOL","2"
"1253","FIGHT","3"
"1373","BATTERY INVEST","2"
"1801","DOM VIOL R/O VIOLATI","1"
"0555","620 DOM VIOL R/O","1"
"1617","GROUP FIGHT","1"
"2088","VIOLENT MALE","2"
"1595","415 AMB FIGHT","1"
"0427","BATTERY INVEST","2"
"1844","288 ASSAULT INVEST","1"
"0235","245 DOM VIOL SUSP","2"
"2102","918 VIOLENT FEM","1"
"0785","AMB CUTTING","1"
"0509","620 DOM VIOL","4"
"0952","DOM VIOL SUSP NOW","1"
"0762","242 BATTERY DOMESTIC","1"
"0551","242 DOM VIOL SUSP","1"
"2156","GROUP FIGHT","2"
"0266","AMB FIGHT","1"
"0379","DOM VIOL IN PROGRESS","1"
"1438","FIGHT","1"
"1982","242 BATTERY DOMESTIC","2"
"2105","FIGHT","3"
"0557","FIGHT","8"
"1464","245 ADW POSS DOM VIO","1"
"1136","620 DOM VIOL","6"
"0203","GROUP FIGHT","1"
"0833","DOM VIOL SUSP NOW","1"
"1219","242 DOM VIOL","4"
"1241","DOM VIOL IN PROGRESS","2"
"0723","242 DOM VIOL","3"
"1456","DOM VIOL","7"
"1412","DOM VIOL","12"
"1177","DOM VIOL SUSP","1"
"1259","DOM VIOL","56"
"0164","245 DOM VIOL","3"
"0353","242 DOM VIOL","7"
"1352","DOM VIOL INVESTIGATI","2"
"1115","242 DOM VIOL SUSP","1"
"1118","BATTERY DOMESTIC VIO","1"
"1383","VIOLENT MALE","1"
"1781","ADW POSS DOM VIOL","1"
"1218","245 DOM VIOL","1"
"1503","FIGHT","10"
"0504","GROUP FIGHT","1"
"0516","DOM VIOL R/O VIOLATI","1"
"2027","VIOLENT MALE","3"
"0409","242 AMB DOM VIOL","3"
"1998","620 DOM VIOL","5"
"2036","FIGHT","7"
"1745","VIOLENT MALE","1"
"0356","AMB DOM VIOL","2"
"0526","415 FIGHT","1"
"1834","DOM VIOL R/O","12"
"1567","918 VIOLENT FEM","1"
"0734","DOM VIOL SUSP NOW","1"
"0147","VIOLENT MALE","2"
"1964","242 DOM VIOL SUSP","1"
"1943","415 FIGHT","1"
"1347","FIGHT","5"
"1806","POSS DOM VIOL","4"
"1343","GROUP FIGHT","3"
"1722","BATTERY INVEST","3"
"1772","620 DOM VIOL","4"
"1474","FIGHT","1"
"2045","245 ADW POSS DOM VIO","1"
"1982","415 FIGHT","2"
"1802","415 FIGHT","4"
"0299","GROUP FIGHT","1"
"0362","DOM VIOL SUSP","5"
"1472","918 VIOLENT MALE","1"
"1434","FIGHT","2"
"1977","DOM VIOL INVESTIGATI","1"
"0455","415 FIGHT","1"
"1179","FIGHT","3"
"2158","415 FIGHT","3"
"1008","620 DOM VIOL R/O","3"
"2025","FIGHT","4"
"1525","DOM VIOL R/O","2"
"1657","415 FIGHT","5"
"1785","415 FIGHT","1"
"1581","415 FIGHT","1"
"0191","242 DOM VIOL","1"
"0775","AMB CUTTING","1"
"1456","620 DOM VIOL","3"
"0626","245 DOM VIOL","1"
"1327","242 DOM VIOL","1"
"0732","415 FIGHT","1"
"2136","245 AMB CUTTING","1"
"1747","DOM VIOL R/O","4"
"0742","FIGHT","1"
"1831","AMB CUTTING","2"
,"BATTERY DOMESTIC VIO","1"
"1283","242 BATTERY INVEST","2"
"0265","BATTERY INVEST","4"
"2023","GROUP FIGHT","3"
"1243","242 DOM VIOL","8"
"1861","DOM VIOL R/O","11"
"0952","415 FIGHT","2"
"0859","BATTERY INVEST","2"
"1177","DOM VIOL R/O VIOLATI","1"
"1515","242 DOM VIOL","3"
"1307","FIGHT","1"
"0817","415 FIGHT","4"
"0332","242 DOM VIOL","3"
"1513","245 DOM VIOL SUSP NO","1"
"1676","GROUP FIGHT","4"
"1714","DOM VIOL","4"
"0516","DOM VIOL SUSP","1"
"1445","242 DOM VIOL","2"
"1962","VIOLENT MALE","1"
"2104","DOM VIOL J/O","1"
"0643","DOM VIOL SUSP NOW","1"
"0929","AMB CUTTING","1"
"2035","288 ASSAULT INVEST","1"
"2011","DOM VIOL R/O","3"
"1362","DOM VIOL INVEST","1"
"0391","620 DOM VIOL R/O","3"
"0361","242 BATTERY","1"
"1394","DOM VIOL SUSP","3"
"1407","918 VIOLENT FEM","1"
"2114","BATTERY INVEST","1"
"1708","918 VIOLENT MALE","1"
"0732","620 DOM VIOL","1"
"0897","242 DOM VIOL","1"
"0855","FIGHT","1"
"1257","242 DOM VIOL SUSP","1"
"0732","DOM VIOL IN PROGRESS","1"
"1017","620 DOM VIOL","2"
"1152","DOM VIOL R/O","2"
"1758","VIOLENT MALE","1"
"1133","242 BATTERY DOMESTIC","1"
"2155","POSS DOM VIOL","2"
"0541","DOM VIOL","20"
"1402","FIGHT","1"
"0895","VIOLENT JUV","2"
"0138","DOM VIOL R/O","3"
"1341","DOM VIOL R/O","2"
"1044","BATTERY INVEST","7"
"2035","620 DOM VIOL R/O","2"
"0643","620 DOM VIOL","10"
"1685","DOM VIOL INVESTIGATI","1"
"1521","DOM VIOL R/O","1"
"1842","245 AMB DOM VIOL J/O","1"
"1099","415 FIGHT","1"
"2015","242 AMB DOM VIOL","2"
"1569","415 FIGHT","1"
"1239","245 DOM VIOL","3"
"1961","BATTERY INVEST","4"
"2147","AMB CUTTING","1"
"0734","245 DOM VIOL SUSP NO","1"
"1943","918 VIOLENT JUV","1"
"0529","CUTTING INV","1"
"1265","918 VIOLENT MALE","1"
"0952","DOM VIOL SUSP","2"
"0148","DOM VIOL R/O","6"
"0647","GROUP FIGHT","5"
"0564","DOM VIOL","51"
"2026","242 POSS DOM VIOL","1"
"1881","FIGHT","6"
"1249","AMB CUTTING","1"
"0456","242 POSS DOM VIOL","1"
"0632","DOM VIOL","13"
"1761","BATTERY INVEST","1"
"0153","BATTERY","1"
"1785","DOM VIOL","20"
"0647","242 BATTERY INVEST","5"
"2099","245 DOM VIOL","1"
"2029","415 FIGHT","4"
"1902","DOM VIOL","24"
"0529","242 BATTERY INVEST","1"
"0157","VIOLENT MALE","1"
"1771","242 POSS DOM VIOL","1"
"1695","VIOLENT FEM","2"
"0238","242 DOM VIOL","6"
"0469","ADW POSS DOM VIOL","1"
"1959","DOM VIOL R/O","3"
"1527","918 VIOLENT JUV","1"
"1251","415 FIGHT","2"
"0504","242 DOM VIOL SUSP","3"
"1251","245 DOM VIOL","5"
"1269","242 POSS DOM VIOL","2"
"1601","DOM VIOL INVEST","1"
"0782","CUTTING INV","7"
"1142","DOM VIOL SUSP","1"
"1266","DOM VIOL INVEST","1"
"0847","620 DOM VIOL R/O","1"
"2107","620 DOM VIOL R/O","2"
"0563","242 DOM VIOL","9"
"0251","242 POSS DOM VIOL","2"
"0513","DOM VIOL SUSP NOW","1"
"0338","DOM VIOL SUSP","2"
"1241","918 VIOLENT MALE","1"
"0802","DOM VIOL SUSP","1"
"1904","245 ADW POSS DOM VIO","1"
"0511","POSS DOM VIOL","3"
"1675","BATTERY DOMESTIC VIO","2"
"0132","242 DOM VIOL SUSP","1"
"0246","242 POSS DOM VIOL","1"
"0767","245 DOM VIOL","1"
"1525","VIOLENT MALE","1"
"1583","DOM VIOL","8"
"0393","VIOLENT MALE","1"
"1767","BATTERY DOMESTIC VIO","2"
"0301","DOM VIOL R/O","1"
"0643","DOM VIOL SUSP","3"
"0831","VIOLENT MALE","1"
"2046","245 DOM VIOL","1"
"1605","DOM VIOL R/O","3"
"1479","918 VIOLENT MALE","1"
"0563","MAJ JUV GRP FIGHT","1"
"1128","DOM VIOL","14"
"0155","AMB CUTTING","2"
"1821","242 DOM VIOL SUSP","3"
"0678","DOM VIOL SUSP NOW","1"
"1094","DOM VIOL","2"
"1432","242 DOM VIOL","1"
"0412","DOM VIOL SUSP","2"
"0523","620 DOM VIOL","1"
"1029","242 BATTERY INVEST","1"
"0567","DOM VIOL R/O VIOLATI","1"
"0753","DOM VIOL","3"
"0443","242 DOM VIOL INVESTI","2"
"0134","DOM VIOL","9"
"0166","DOM VIOL INVESTIGATI","1"
"1777","DOM VIOL","3"
"0327","620 DOM VIOL R/O","1"
"1012","DOM VIOL","8"
"1239","245 ADW POSS DOM VIO","1"
"2196","AMB DOM VIOL","2"
"0464","245 ADW","1"
"0437","245 AMB CUTTING","1"
"0338","FIGHT","1"
"1342","918 VIOLENT MALE","1"
"1805","245 DOM VIOL","1"
"1969","620 DOM VIOL","9"
"0817","245 AMB CUTTING","1"
"0625","FIGHT","5"
"0376","242 AMB DOM VIOL","1"
"1322","242 DOM VIOL SUSP","2"
"0395","CUTTING INV","2"
"0379","620 DOM VIOL R/O","2"
"1716","VIOLENT MALE","1"
"2023","415 FIGHT","3"
"0354","620 DOM VIOL R/O","1"
"1267","BATTERY INVEST","2"
"0477","242 BATTERY INVEST","1"
"0317","242 DOM VIOL","4"
"0946","242 DOM VIOL J/O","1"
"0774","AMB CUTTING","1"
"0937","BATTERY INVEST","1"
"1801","DOM VIOL IN PROGRESS","1"
"0319","DOM VIOL SUSP","1"
"0901","FIGHT","3"
"0124","DOM VIOL","1"
"0852","415 FIGHT","1"
"0335","242 BATTERY INVEST","1"
"0337","620 DOM VIOL R/O","1"
"1826","AMB FIGHT","1"
"2055","DOM VIOL","44"
"1363","DOM VIOL R/O","5"
"2026","620 DOM VIOL","9"
"1162","242 DOM VIOL INVESTI","5"
"0501","620 DOM VIOL R/O","1"
"1499","245 DOM VIOL SUSP J/","1"
"1782","BATTERY INVEST","1"
"1406","VIOLENT JUV","1"
"0758","245 ADW","1"
"1309","BATTERY INVEST","2"
"0745","DOM VIOL","10"
"1585","DOM VIOL R/O","2"
"1047","FIGHT","3"
"1239","POSS DOM VIOL","1"
"1519","245 DOM VIOL INVEST","1"
"0101","242 DOM VIOL","8"
"0145","620 DOM VIOL","4"
"0359","DOM VIOL R/O","1"
"0246","DOM VIOL R/O","4"
"0514","242 BATTERY INVEST","1"
"2044","242 DOM VIOL J/O","1"
"1804","DOM VIOL SUSP J/L","1"
"1372","918 VIOLENT MALE","2"
"0155","245 AMB CUTTING","3"
"1373","POSS DOM VIOL","2"
"0166","GROUP FIGHT","1"
"1864","620 DOM VIOL R/O","2"
"1764","DOM VIOL R/O","3"
"0637","GROUP FIGHT","1"
"0192","DOM VIOL INVEST","5"
"0647","242 DOM VIOL","12"
"1612","DOM VIOL R/O","17"
"0782","245 DOM VIOL","1"
"1767","242 BATTERY INVEST","1"
"0525","DOM VIOL R/O VIOLATI","1"
"1457","FIGHT","1"
"1383","242 DOM VIOL SUSP","3"
"0231","245 AMB CUTTING","1"
"0558","245 AMB CUTTING","1"
"1977","918 VIOLENT MALE","1"
"0109","BATTERY INVEST","1"
"0374","POSS DOM VIOL","1"
"0526","AMB DOM VIOL SUSP","1"
"1793","DOM VIOL","14"
"1428","FIGHT","2"
"0919","VIOLENT MALE","1"
"0649","918 VIOLENT MALE","1"
"1925","DOM VIOL R/O","2"
"0128","DOM VIOL INVEST","1"
"0217","245 ADW POSS DOM VIO","1"
"0979","DOM VIOL","7"
"0467","ADW POSS DOM VIOL","1"
"1676","BATTERY DOMESTIC VIO","1"
"1691","DOM VIOL R/O","1"
"0805","415 FIGHT","1"
"2113","AMB DOM VIOL","1"
"0377","620 DOM VIOL R/O","2"
"0142","POSS DOM VIOL","3"
"1488","620 DOM VIOL","6"
"0424","242 POSS DOM VIOL","2"
"0946","DOM VIOL SUSP","2"
"2019","DOM VIOL","36"
"0832","242 POSS DOM VIOL","1"
"0504","DOM VIOL SUSP","3"
"0181","242 POSS DOM VIOL","1"
"1958","242 DOM VIOL","2"
"0358","BATTERY INVEST","1"
"0762","245 AMB DOM VIOL","2"
"0456","918 VIOLENT JUV","1"
"1756","BATTERY INVEST","3"
"1145","POSS DOM VIOL","1"
"1611","242 POSS DOM VIOL","1"
"0311","415 FIGHT","7"
"1826","620 DOM VIOL R/O","6"
"1587","DOM VIOL","2"
"1826","DOM VIOL SUSP NOW","3"
"1208","FIGHT","5"
"1413","GROUP FIGHT","1"
"1031","620 DOM VIOL","1"
"1255","DOM VIOL INVEST","1"
"1126","DOM VIOL INVESTIGATI","1"
"1535","620 DOM VIOL R/O","1"
"1219","DOM VIOL SUSP NOW","1"
"0449","FIGHT","3"
"1134","620 DOM VIOL R/O","2"
"1835","FIGHT","1"
"0205","GROUP FIGHT","3"
"0678","AMB CUTTING","3"
"1375","FIGHT","6"
"1841","245 DOM VIOL","3"
"1094","VIOLENT MALE","1"
"1043","DOM VIOL R/O","17"
"0853","POSS DOM VIOL","1"
"1499","DOM VIOL","4"
"1039","GROUP FIGHT","1"
"0141","DOM VIOL","11"
"0564","415 FIGHT","4"
"1331","ADW POSS DOM VIOL","1"
"1383","DOM VIOL SUSP","3"
"1205","242 DOM VIOL INVESTI","1"
"1037","BATTERY INVEST","1"
"0393","245 DOM VIOL SUSP","1"
"1519","245 DOM VIOL SUSP NO","1"
"1781","GROUP FIGHT","1"
"0487","FIGHT","2"
"1988","POSS DOM VIOL","1"
"1141","242 POSS DOM VIOL","1"
"0145","GROUP FIGHT","1"
"0528","FIGHT","5"
"0393","245 ADW POSS DOM VIO","1"
"1846","242 DOM VIOL SUSP","1"
"2134","DOM VIOL R/O","2"
"1094","242 BATTERY DOMESTIC","1"
"0702","GROUP FIGHT","2"
"1011","245 AMB CUTTING","1"
"1623","POSS DOM VIOL","2"
"0937","415 FIGHT","1"
"0841","AMB CUTTING","1"
"1583","BATTERY","1"
"1501","DOM VIOL INVESTIGATI","1"
"2097","620 DOM VIOL","3"
"1952","620 DOM VIOL","3"
"1515","FIGHT","4"
"1031","DOM VIOL INVEST","1"
"2039","245 DOM VIOL","1"
"1861","BATTERY INVEST","2"
"2014","DOM VIOL R/O","3"
"1251","CUTTING INV","2"
"2107","AMB DOM VIOL","2"
"1555","242 BATTERY DOMESTIC","1"
"0157","245 ADW POSS DOM VIO","1"
"1802","242 BATTERY DOMESTIC","1"
"1067","DOM VIOL R/O","4"
"0439","DOM VIOL","15"
"1941","AMB DOM VIOL","1"
"1767","242 DOM VIOL J/O","1"
"0156","DOM VIOL INVESTIGATI","1"
"0642","242 BATTERY","1"
"1611","DOM VIOL","7"
"0314","245 DOM VIOL","2"
"0111","242 BATTERY INVEST","2"
"1402","AMB CUTTING","1"
"1317","FIGHT","2"
"1011","415 FIGHT","1"
"0237","BATTERY INVEST","1"
"2104","620 DOM VIOL R/O","4"
"0303","AMB DOM VIOL","2"
"0647","415 FIGHT","8"
"0567","620 DOM VIOL","5"
"2073","DOM VIOL R/O","3"
"1342","620 DOM VIOL R/O","5"
"0911","DOM VIOL J/O","1"
"1653","FIGHT","2"
"0241","DOM VIOL SUSP","1"
"1837","245 DOM VIOL SUSP J/","1"
"1557","VIOLENT FEM","1"
"1794","BATTERY INVEST","3"
"1173","AMB CUTTING","1"
"2033","242 BATTERY","1"
"1836","AMB DOM VIOL","1"
"0514","BATTERY INVEST","1"
"0128","BATTERY INVEST","2"
"0722","415 FIGHT","6"
"1776","620 DOM VIOL","1"
,"DOM VIOL INVESTIGATI","16"
"0265","415 GROUP FIGHT","1"
"0414","242 POSS DOM VIOL","1"
"0416","620 DOM VIOL","1"
"2141","DOM VIOL","10"
"2069","DOM VIOL SUSP J/L","1"
"0269","AMB CUTTING","5"
"0118","242 AMB DOM VIOL","1"
"0499","242 BATTERY DOMESTIC","1"
"2071","DOM VIOL INVESTIGATI","1"
"0374","620 DOM VIOL","5"
"1821","620 DOM VIOL","14"
"1138","BATTERY DOMESTIC VIO","1"
"1921","242 DOM VIOL","7"
"1687","VIOLENT FEM","1"
"0144","AMB CUTTING","4"
"0157","CUTTING INV","2"
"1256","DOM VIOL","51"
"0702","620 DOM VIOL","1"
"0941","242 DOM VIOL J/O","1"
"0156","415 FIGHT","6"
"1971","242 DOM VIOL","3"
"0357","242 DOM VIOL","4"
"0164","BATTERY INVEST","2"
"0392","DOM VIOL INVESTIGATI","1"
"1113","242 DOM VIOL INVESTI","1"
"2161","FIGHT","2"
"0567","DOM VIOL","17"
"0379","242 DOM VIOL","3"
"1991","POSS DOM VIOL","2"
"0646","BATTERY DOMESTIC VIO","1"
"1621","DOM VIOL","21"
"1764","620 DOM VIOL","6"
"1512","620 DOM VIOL R/O","1"
"0735","415 FIGHT","1"
"0636","242 POSS DOM VIOL","3"
"1685","DOM VIOL R/O","6"
"1218","242 DOM VIOL J/O","1"
"1151","415 FIGHT","3"
"1844","BATTERY INVEST","2"
"1687","CUTTING INV","1"
"1307","242 DOM VIOL SUSP","3"
"2054","620 DOM VIOL R/O","5"
"1218","245 DOM VIOL INVEST","1"
"1842","FIGHT","9"
"0478","DOM VIOL R/O VIOLATI","1"
"1918","AMB DOM VIOL","1"
"1011","VIOLENT FEM","3"
"1985","415 FIGHT","1"
"0473","242 BATTERY DOMESTIC","1"
"0935","POSS DOM VIOL","1"
"0529","DOM VIOL INVESTIGATI","1"
"0564","415 GROUP FIGHT","1"
"0357","620 DOM VIOL","6"
"0443","DOM VIOL INVEST","1"
"0215","DOM VIOL R/O","6"
"1837","DOM VIOL","58"
"0503","415 FIGHT","1"
"1372","DOM VIOL SUSP","2"
"1555","415 GROUP FIGHT","2"
"1241","BATTERY DOMESTIC VIO","6"
"1982","FIGHT","5"
"1931","242 BATTERY INVEST","14"
"0251","FIGHT","6"
"0636","245 DOM VIOL INVEST","1"
"2115","415 FIGHT","1"
"2144","VIOLENT FEM","1"
"1209","207 POSS DOM VIOL SU","1"
"1181","DOM VIOL SUSP","2"
"1325","245 DOM VIOL","1"
"1475","VIOLENT FEM","1"
"0952","AMB DOM VIOL","3"
"1762","DOM VIOL","5"
"1785","918 VIOLENT MALE","3"
"1409","245 AMB CUTTING","1"
"0637","245 AMB CUTTING","2"
"0519","ADW POSS DOM VIOL","1"
"0963","620 DOM VIOL","4"
"0831","GROUP FIGHT","1"
"0805","DOM VIOL SUSP","1"
"1023","DOM VIOL SUSP NOW","2"
"1782","245 AMB CUTTING","2"
"0377","245 CUTTING INV","1"
"2175","DOM VIOL","28"
"1343","AMB DOM VIOL","1"
"0745","245 DOM VIOL SUSP","1"
"2076","242 BATTERY INVEST","1"
"1924","POSS DOM VIOL","2"
"0558","BATTERY DOMESTIC VIO","2"
"0519","CUTTING INV","1"
"0397","ADW POSS DOM VIOL","1"
"1555","DOM VIOL R/O VIOLATI","1"
"0147","242 POSS DOM VIOL","1"
"1344","BATTERY INVEST","1"
"1837","242 AMB DOM VIOL","1"
"2025","DOM VIOL SUSP J/L","1"
"1117","DOM VIOL INVESTIGATI","1"
"1832","245 DOM VIOL SUSP NO","2"
"1125","242 DOM VIOL","1"
"0459","242 BATTERY INVEST","1"
"1102","FIGHT","1"
"2033","DOM VIOL","36"
"2103","VIOLENT MALE","2"
"1672","415 FIGHT","1"
"2129","918 VIOLENT MALE","2"
"0279","AMB DOM VIOL","1"
"1917","BATTERY INVEST","1"
"1842","620 DOM VIOL","19"
"1258","DOM VIOL R/O","9"
"0164","620 DOM VIOL","9"
"0111","DOM VIOL SUSP","4"
"1863","620 DOM VIOL","4"
"2039","242 BATTERY DOMESTIC","1"
"1944","DOM VIOL IN PROGRESS","1"
"1822","GROUP FIGHT","3"
"0818","242 DOM VIOL J/O","1"
"0171","AMB DOM VIOL","1"
"0643","DOM VIOL INVEST","2"
"1761","FIGHT","7"
"1804","245 DOM VIOL","3"
"0532","DOM VIOL","17"
"0308","242 DOM VIOL","3"
"0217","DOM VIOL","13"
"1024","415 FIGHT","1"
"1502","ADW POSS DOM VIOL","2"
"0529","POSS DOM VIOL","2"
"1169","DOM VIOL J/O","1"
"1999","VIOLENT MALE","2"
"1544","FIGHT","1"
"1764","415 FIGHT","2"
"0525","DOM VIOL R/O","9"
"1333","VIOLENT MALE","1"
"1785","FIGHT","2"
"0311","242 BATTERY INVEST","2"
"0427","AMB CUTTING","2"
"0499","415 FIGHT","2"
"0134","620 DOM VIOL","1"
"1863","BATTERY DOMESTIC VIO","1"
"0784","415 FIGHT","1"
"0737","DOM VIOL","6"
"1548","918 VIOLENT FEM","1"
"1844","245 DOM VIOL SUSP","1"
"1836","620 DOM VIOL R/O","3"
"0517","BATTERY DOMESTIC VIO","1"
"0567","DOM VIOL SUSP J/L","1"
"1984","DOM VIOL SUSP","10"
"0499","DOM VIOL","17"
"0285","620 DOM VIOL","10"
"1832","GROUP FIGHT","2"
"1446","BATTERY INVEST","1"
"0815","620 DOM VIOL","1"
"0943","DOM VIOL INVESTIGATI","2"
"0638","GROUP FIGHT","2"
"2136","242 BATTERY INVEST","2"
"1522","242 DOM VIOL SUSP","1"
"0775","918 VIOLENT MALE","1"
"0314","BATTERY INVEST","1"
"0669","DOM VIOL SUSP","1"
"0567","VIOLENT MALE","2"
"1663","620 DOM VIOL R/O","6"
"1566","DOM VIOL","10"
"1549","242 DOM VIOL SUSP","1"
"0755","242 DOM VIOL","1"
"1951","BATTERY","1"
"0338","DOM VIOL R/O","5"
"0143","245 AMB CUTTING","1"
"1827","DOM VIOL R/O","15"
"2076","245 DOM VIOL SUSP","1"
"1381","DOM VIOL SUSP","2"
"0152","415 GROUP FIGHT","2"
"0853","242 BATTERY INVEST","1"
"0215","FIGHT","5"
"1515","242 POSS DOM VIOL","3"
"0527","DOM VIOL IN PROGRESS","1"
"1638","DOM VIOL SUSP NOW","1"
"1755","DOM VIOL SUSP","1"
"0361","POSS DOM VIOL","3"
"2015","AMB DOM VIOL","2"
"0185","242 DOM VIOL","10"
"0416","FIGHT","2"
"2129","BATTERY DOMESTIC VIO","2"
"1363","245 DOM VIOL SUSP NO","2"
"0836","245 AMB CUTTING","1"
"0154","DOM VIOL SUSP NOW","1"
"0301","AMB CUTTING","1"
"1483","620 DOM VIOL","1"
"1595","242 DOM VIOL","1"
"0735","DOM VIOL","11"
"2175","242 BATTERY DOMESTIC","1"
"1015","DOM VIOL","20"
"2114","BATTERY DOMESTIC VIO","2"
"0111","245 DOM VIOL","2"
"1491","DOM VIOL","3"
"0308","245 DOM VIOL IN PROG","1"
"1152","AMB CUTTING","2"
"0622","415 FIGHT","4"
"0421","ADW POSS DOM VIOL","1"
"1136","242 DOM VIOL SUSP","1"
"1011","DOM VIOL J/O","1"
"2146","918 VIOLENT MALE","2"
"1804","242 AMB DOM VIOL","1"
"0314","BATTERY DOMESTIC VIO","1"
"0377","BATTERY INVEST","2"
"0315","DOM VIOL R/O","5"
"2103","242 BATTERY DOMESTIC","1"
"1638","AMB DOM VIOL SUSP","1"
"0828","BATTERY INVEST","1"
"1171","FIGHT","3"
"1513","415 FIGHT","1"
"1253","BATTERY","1"
"1267","245 DOM VIOL SUSP","1"
"0351","620 DOM VIOL","1"
"1207","242 DOM VIOL","6"
"0963","DOM VIOL","13"
"0531","918 VIOLENT FEM","1"
"0785","FIGHT","3"
"0971","FIGHT","3"
"1401","VIOLENT MALE","1"
"0941","620 DOM VIOL R/O","2"
"0564","242 BATTERY INVEST","2"
"0847","620 DOM VIOL","3"
"1515","VIOLENT JUV","1"
"1526","415 GROUP FIGHT","1"
"1991","245 DOM VIOL","1"
"1506","CUTTING INV","1"
"1132","DOM VIOL","11"
"1861","BATTERY","1"
"0513","245 CUTTING INV","1"
"0397","POSS DOM VIOL I/P","1"
"0525","FIGHT","7"
"0632","VIOLENT FEM","1"
"1715","DOM VIOL","5"
"0519","VIOLENT MALE","1"
"0782","415 FIGHT","2"
"1371","DOM VIOL SUSP","3"
"1525","DOM VIOL","22"
"1779","242 BATTERY INVEST","1"
"2055","GROUP FIGHT","3"
"0336","FIGHT","5"
"0379","415 FIGHT","2"
"1987","VIOLENT MALE","1"
"1204","BATTERY INVEST","1"
"1018","BATTERY INVEST","1"
"1472","DOM VIOL INVEST","1"
"0565","242 BATTERY INVEST","1"
"0914","242 DOM VIOL","5"
"0354","BATTERY","1"
"1107","FIGHT","1"
"0524","POSS DOM VIOL","3"
"1195","242 DOM VIOL SUSP","1"
"1142","245 DOM VIOL IN PROG","1"
"0701","415 GROUP FIGHT","2"
"1539","DOM VIOL SUSP","1"
"1324","DOM VIOL SUSP NOW","2"
"0165","VIOLENT MALE","2"
"1112","BATTERY INVEST","1"
"1698","DOM VIOL","22"
"1908","DOM VIOL SUSP","1"
"1538","242 DOM VIOL R/O VIO","1"
"0849","DOM VIOL SUSP NOW","1"
"1715","DOM VIOL R/O","3"
"1539","BATTERY DOMESTIC VIO","1"
"1479","POSS DOM VIOL I/P","1"
"1249","918 VIOLENT JUV","1"
"2185","FIGHT","3"
"1995","DOM VIOL SUSP NOW","1"
"1483","620 DOM VIOL R/O","1"
"1345","DOM VIOL R/O","4"
"1921","BATTERY DOMESTIC VIO","1"
"2058","DOM VIOL J/O","1"
"2134","FIGHT","4"
"0501","415 FIGHT","2"
"0974","242 DOM VIOL","7"
"2041","AMB CUTTING","2"
"1829","DOM VIOL","39"
"1431","242 DOM VIOL","1"
"0301","415 FIGHT","1"
"1161","242 BATTERY DOMESTIC","1"
"0251","242 DOM VIOL","12"
"0487","BATTERY DOMESTIC VIO","1"
"1641","FIGHT","2"
"0343","242 POSS DOM VIOL","1"
"0752","GROUP FIGHT","2"
"0948","DOM VIOL","3"
"0526","620 DOM VIOL","5"
"1681","BATTERY INVEST","4"
"1372","DOM VIOL R/O","8"
"0504","245 AMB CUTTING","1"
"0363","DOM VIOL","64"
"0319","620 DOM VIOL","3"
"1437","DOM VIOL SUSP NOW","1"
"1559","POSS DOM VIOL","1"
"0216","242 AMB DOM VIOL","1"
"1998","415 GROUP FIGHT","2"
"1015","DOM VIOL SUSP","1"
"1435","FIGHT","4"
"1945","DOM VIOL","4"
"1977","DOM VIOL J/O","1"
"0636","AMB CUTTING","5"
"0192","918 VIOLENT MALE","2"
"0443","AMB CUTTING","1"
"1148","242 BATTERY INVEST","3"
"1407","DOM VIOL R/O","3"
"1824","FIGHT","2"
"0627","FIGHT","1"
"0758","620 DOM VIOL","4"
"1924","BATTERY DOMESTIC VIO","1"
"1956","DOM VIOL SUSP J/L","1"
"1412","AMB DOM VIOL","1"
"1253","620 DOM VIOL","5"
"0393","FIGHT","5"
"1757","242 DOM VIOL","1"
"2019","918 VIOLENT FEM","1"
"1129","POSS DOM VIOL","1"
"0457","FIGHT","10"
"0667","VIOLENT MALE","1"
"1128","ADW POSS DOM VIOL","1"
"1619","FIGHT","2"
"2158","AMB DOM VIOL","1"
"1249","620 DOM VIOL","9"
"1372","VIOLENT MALE","1"
"0161","FIGHT","5"
"1645","620 DOM VIOL R/O","3"
"1475","242 DOM VIOL","1"
"0666","AMB FIGHT","1"
"1446","415 GROUP FIGHT","1"
"0775","DOM VIOL R/O","6"
"1232","AMB CUTTING","1"
"1347","620 DOM VIOL","8"
"2039","415 FIGHT","2"
"1137","VIOLENT FEM","2"
"1557","242 BATTERY INVEST","1"
"1668","VIOLENT MALE","1"
"1637","918 VIOLENT FEM","1"
"1757","VIOLENT MALE","1"
"1203","245 DOM VIOL","1"
"1727","242 BATTERY","1"
"0758","ADW POSS DOM VIOL","1"
"1862","620 DOM VIOL R/O","7"
"1822","245 ADW POSS DOM VIO","1"
"0937","DOM VIOL R/O","2"
"0656","245 DOM VIOL","2"
"1547","FIGHT","3"
"1364","ASSAULT INVEST","1"
"0563","AMB CUTTING","4"
"1163","VIOLENT FEM","3"
"1455","AMB CUTTING","1"
"0321","DOM VIOL INVEST","1"
"0644","FIGHT","10"
"0445","DOM VIOL","1"
"0842","BATTERY DOMESTIC VIO","1"
"0248","FIGHT","2"
"1346","DOM VIOL","46"
"0359","AMB DOM VIOL","1"
"0124","CUTTING INV","1"
"0182","DOM VIOL INVESTIGATI","2"
"0477","CUTTING INV","1"
"0901","DOM VIOL","18"
"0779","415 FIGHT","1"
"0832","DOM VIOL INVEST","1"
"1553","VIOLENT JUV","2"
"0587","DOM VIOL SUSP","1"
"1267","VIOLENT FEM","1"
"1984","POSS DOM VIOL","2"
"0313","DOM VIOL","6"
"1506","242 DOM VIOL","1"
"1346","GROUP FIGHT","2"
"1361","BATTERY INVEST","1"
"2053","245 AMB CUTTING","1"
"0423","DOM VIOL SUSP","1"
"0443","245 AMB CUTTING","1"
"1915","FIGHT","6"
"1469","DOM VIOL J/O","1"
"2029","242 BATTERY DOMESTIC","1"
"1015","VIOLENT MALE","2"
"2036","242 AMB DOM VIOL","3"
"1638","BATTERY DOMESTIC VIO","1"
"0488","DOM VIOL","12"
"0251","415 FIGHT","3"
"0477","FIGHT","5"
"0399","DOM VIOL SUSP NOW","1"
"2053","GROUP FIGHT","1"
"1956","DOM VIOL","4"
"2175","245 DOM VIOL","1"
"0392","DOM VIOL SUSP","3"
"0659","FIGHT","4"
"1024","DOM VIOL R/O","15"
"0245","DOM VIOL SUSP","4"
"2177","FIGHT","2"
"0842","242 BATTERY INVEST","1"
"0724","GROUP FIGHT","1"
"0529","DOM VIOL R/O","29"
"1391","DOM VIOL SUSP NOW","1"
"1463","FIGHT","3"
"0745","DOM VIOL R/O","1"
"1806","242 DOM VIOL","3"
"1981","242 POSS DOM VIOL","3"
"0517","242 DOM VIOL","4"
"0247","415 FIGHT","1"
"0774","DOM VIOL INVESTIGATI","1"
"0415","242 DOM VIOL SUSP","1"
"0221","DOM VIOL","26"
"1806","245 DOM VIOL SUSP","3"
"1203","242 POSS DOM VIOL","2"
"0827","242 AMB DOM VIOL","1"
"1743","245 DOM VIOL SUSP NO","1"
"1658","242 DOM VIOL SUSP","1"
"1936","DOM VIOL SUSP NOW","1"
"0808","620 DOM VIOL R/O","3"
"0361","DOM VIOL R/O","8"
"0121","620 DOM VIOL R/O","3"
"1791","415 FIGHT","2"
"1331","245 DOM VIOL INVEST","1"
"1831","245 DOM VIOL","1"
"1984","DOM VIOL SUSP NOW","1"
"1503","918 VIOLENT FEM","1"
"1381","DOM VIOL R/O","1"
"1205","VIOLENT MALE","1"
"1257","DOM VIOL R/O","12"
"1029","242 DOM VIOL","5"
"0308","BATTERY","1"
"1293","918 VIOLENT MALE","1"
"2016","AMB CUTTING","4"
"0118","620 DOM VIOL","2"
"0647","BATTERY INVEST","3"
"1251","245 POSS DOM VIOL I/","1"
"1215","DOM VIOL SUSP NOW","1"
"1325","242 DOM VIOL J/O","1"
"0185","MAJ GRP FIGHT","1"
"1307","DOM VIOL SUSP","6"
"0408","AMB CUTTING","1"
"1118","415 FIGHT","1"
"0271","DOM VIOL R/O","3"
"1067","VIOLENT FEM","1"
"1606","BATTERY DOMESTIC VIO","1"
"1326","DOM VIOL","5"
"2063","AMB DOM VIOL","1"
"1506","DOM VIOL","17"
"1538","242 DOM VIOL","5"
"0933","620 DOM VIOL","10"
"0246","DOM VIOL INVESTIGATI","1"
"1231","FIGHT","1"
"1195","242 DOM VIOL","2"
"1266","245 DOM VIOL","4"
"1618","620 DOM VIOL R/O","1"
"0562","242 DOM VIOL SUSP","2"
"1925","ASSAULTING","1"
"1548","ADW POSS DOM VIOL","1"
"1641","242 DOM VIOL","3"
"0647","245 DOM VIOL","1"
"0275","242 DOM VIOL","3"
"1161","DOM VIOL SUSP","1"
"1394","CUTTING INV","1"
"1618","DOM VIOL","2"
"0859","415 GROUP FIGHT","1"
"1695","DOM VIOL","28"
"0677","242 DOM VIOL","4"
"0285","VIOLENT MALE","1"
"0711","BATTERY DOMESTIC VIO","1"
"0245","AMB DOM VIOL","3"
"1258","242 AMB DOM VIOL","3"
"1162","242 BATTERY DOMESTIC","1"
"0395","245 DOM VIOL","1"
"0285","AMB CUTTING","2"
"0916","415 FIGHT","2"
"1916","AMB DOM VIOL","2"
"1179","415 FIGHT","1"
"1005","620 DOM VIOL R/O","1"
"0111","BATTERY INVEST","7"
"2145","DOM VIOL SUSP","1"
"1622","AMB CUTTING","3"
"1454","245 DOM VIOL SUSP NO","1"
"0416","DOM VIOL SUSP","1"
"1407","242 POSS DOM VIOL","1"
"0773","DOM VIOL SUSP","1"
"1434","AMB CUTTING","1"
"0904","POSS DOM VIOL","3"
"1505","AMB DOM VIOL","1"
"1654","620 DOM VIOL R/O","6"
"1011","DOM VIOL SUSP","4"
"0659","242 DOM VIOL SUSP","2"
"1844","415 FIGHT","4"
"0566","415 FIGHT","4"
"0205","POSS DOM VIOL","1"
"1377","415 FIGHT","2"
"0941","VIOLENT FEM","2"
"0133","415 FIGHT","1"
"0914","CUTTING INV","3"
"1307","DOM VIOL SUSP NOW","1"
"2058","415 FIGHT","2"
"0752","918 VIOLENT MALE","1"
"1987","POSS DOM VIOL","2"
"1962","415 FIGHT","2"
"0132","620 DOM VIOL R/O","4"
"1035","DOM VIOL R/O","7"
"1829","DOM VIOL IN PROGRESS","2"
"1177","BATTERY","1"
"0778","620 DOM VIOL","1"
"0565","DOM VIOL R/O","3"
"1735","DOM VIOL","16"
"0705","BATTERY INVEST","1"
"2038","620 DOM VIOL","1"
"1031","CUTTING INV","1"
"0974","VIOLENT MALE","1"
"1137","242 DOM VIOL","1"
"1381","242 BATTERY DOMESTIC","1"
"1525","245 DOM VIOL","2"
"0316","620 DOM VIOL R/O","2"
"0529","AMB CUTTING","6"
"1258","245 AMB CUTTING","1"
"1749","245 DOM VIOL SUSP NO","1"
"0418","415 GROUP FIGHT","1"
"2026","FIGHT","8"
"1025","415 FIGHT","3"
"1754","FIGHT","2"
"1891","CUTTING INV","1"
"0362","242 BATTERY DOMESTIC","1"
"1862","242 AMB DOM VIOL","1"
"0332","FIGHT","2"
"1566","415 FIGHT","1"
"1354","415 GROUP FIGHT","1"
"1205","VIOLENT FEM","3"
"0971","GROUP FIGHT","1"
"1727","BATTERY INVEST","1"
"0711","BATTERY INVEST","2"
"2071","242 DOM VIOL","3"
"0734","BATTERY","1"
"0266","620 DOM VIOL","6"
"1553","620 DOM VIOL","2"
"1362","DOM VIOL R/O VIOLATI","2"
"1441","242 DOM VIOL SUSP","1"
"0443","242 BATTERY INVEST","13"
"0245","DOM VIOL INVESTIGATI","1"
"0301","DOM VIOL INVEST","1"
"0202","BATTERY INVEST","2"
"1943","DOM VIOL","11"
"1785","VIOLENT MALE","1"
"1546","620 DOM VIOL","1"
"0145","245 DOM VIOL SUSP","1"
"2031","DOM VIOL R/O","6"
"1824","DOM VIOL SUSP NOW","1"
"1656","DOM VIOL R/O","1"
"0422","AMB DOM VIOL","2"
"1321","DOM VIOL SUSP","2"
"1799","GROUP FIGHT","1"
"1917","620 DOM VIOL R/O","1"
"1089","BATTERY INVEST","1"
"0886","FIGHT","2"
"1232","DOM VIOL R/O","6"
"0439","620 DOM VIOL R/O","5"
"0448","ADW POSS DOM VIOL","1"
"1762","DOM VIOL INVEST","1"
"1067","415 FIGHT","1"
"0375","918 VIOLENT FEM","1"
"2034","POSS DOM VIOL","1"
"1601","AMB CUTTING","2"
"0853","620 DOM VIOL R/O","2"
"0887","DOM VIOL","3"
"2036","242 DOM VIOL","6"
"0205","VIOLENT MALE","1"
"2138","BATTERY INVEST","1"
"2106","BATTERY INVEST","1"
"2022","POSS DOM VIOL","2"
"0299","620 DOM VIOL R/O","1"
"0162","BATTERY INVEST","10"
"2016","620 DOM VIOL","1"
"2079","ADW POSS DOM VIOL","1"
"1352","DOM VIOL SUSP","2"
"0585","DOM VIOL R/O","18"
"0473","415 FIGHT","5"
"1367","POSS DOM VIOL","3"
"1146","ADW POSS DOM VIOL","1"
"0443","BATTERY INVEST","39"
"1759","FIGHT","1"
"0417","242 DOM VIOL SUSP","1"
"1364","245 DOM VIOL","1"
"0625","620 DOM VIOL","1"
"2169","918 VIOLENT MALE","1"
"1333","DOM VIOL SUSP","5"
"1548","245 AMB CUTTING","1"
"1245","242 DOM VIOL","18"
"1061","GROUP FIGHT","1"
"0668","245 DOM VIOL","1"
"1466","GROUP FIGHT","2"
"0176","BATTERY INVEST","2"
"1136","245 DOM VIOL SUSP NO","1"
"0976","AMB CUTTING","1"
"1325","242 POSS DOM VIOL","1"
"1078","DOM VIOL INVESTIGATI","1"
"0399","FIGHT","2"
"0463","DOM VIOL INVESTIGATI","1"
"2033","245 AMB CUTTING","1"
"1231","620 DOM VIOL","5"
"0139","DOM VIOL SUSP","1"
"1601","AMB DOM VIOL","2"
"0138","242 POSS DOM VIOL","1"
"1511","FIGHT","2"
"1737","DOM VIOL SUSP NOW","1"
"1964","BATTERY INVEST","1"
"2125","POSS DOM VIOL","1"
"1623","DOM VIOL J/O","1"
"1255","DOM VIOL SUSP NOW","1"
"2046","GROUP FIGHT","1"
"0376","BATTERY DOMESTIC VIO","1"
"1469","242 AMB DOM VIOL","1"
"0758","242 AMB DOM VIOL SUS","1"
"0766","POSS DOM VIOL","1"
"1729","BATTERY INVEST","1"
"1752","BATTERY INVEST","2"
"0171","415 GROUP FIGHT","5"
"1723","FIGHT","4"
"0645","FIGHT","27"
"2011","GROUP FIGHT","1"
"0378","BATTERY INVEST","2"
"0642","242 DOM VIOL","2"
"2044","242 AMB DOM VIOL","1"
"1025","ADW POSS DOM VIOL","1"
"2157","620 DOM VIOL","8"
"1467","AMB DOM VIOL","1"
"1025","GROUP FIGHT","1"
"1203","DOM VIOL R/O","9"
"0989","VIOLENT FEM","2"
"0374","242 DOM VIOL SUSP","1"
"1251","DOM VIOL","42"
"2158","DOM VIOL INVESTIGATI","1"
"0427","245 DOM VIOL SUSP","1"
"1006","DOM VIOL","8"
"1006","415 FIGHT","1"
"2138","DOM VIOL INVESTIGATI","1"
"1331","VIOLENT MALE","2"
"0217","620 DOM VIOL R/O","1"
"0132","DOM VIOL SUSP","1"
"1488","GROUP FIGHT","2"
"0657","ADW POSS DOM VIOL","1"
"2175","GROUP FIGHT","2"
"0355","620 DOM VIOL","4"
"1241","DOM VIOL J/O","2"
"0676","DOM VIOL","20"
"1987","245 AMB CUTTING","1"
"1958","242 DOM VIOL INVESTI","1"
"1485","242 DOM VIOL","1"
"1967","245 AMB CUTTING","1"
"0148","FIGHT","6"
"1029","620 DOM VIOL","7"
"1917","415 GROUP FIGHT","1"
"1102","DOM VIOL R/O","1"
"1837","242 POSS DOM VIOL","1"
"0721","620 DOM VIOL R/O","1"
"1842","242 AMB DOM VIOL","4"
"1273","918 VIOLENT FEM","1"
"0489","AMB DOM VIOL","1"
"1791","245 DOM VIOL SUSP","1"
"1118","245 AMB CUTTING","1"
"1829","245 AMB CUTTING","1"
"1414","245 ADW POSS DOM VIO","1"
"0847","POSS DOM VIOL SUSP","1"
"2106","DOM VIOL","4"
"2013","DOM VIOL SUSP NOW","1"
"1383","FIGHT","7"
"1249","AMB DOM VIOL","3"
"1775","242 BATTERY DOMESTIC","1"
"1546","BATTERY INVEST","1"
"0503","DOM VIOL R/O","6"
"0308","DOM VIOL SUSP","1"
"0449","BATTERY DOMESTIC VIO","1"
"2143","242 DOM VIOL","1"
"1171","CUTTING INV","1"
"1762","BATTERY INVEST","1"
"2027","242 DOM VIOL SUSP","2"
"0721","CUTTING INV","1"
"0478","242 POSS DOM VIOL","1"
"1362","VIOLENT FEM","1"
"1967","FIGHT","1"
"1663","DOM VIOL R/O","5"
"1804","DOM VIOL","45"
"1248","VIOLENT FEM","1"
"1488","AMB DOM VIOL","1"
"0824","242 DOM VIOL","1"
"1309","AMB DOM VIOL","2"
"0427","DOM VIOL R/O","3"
"0847","DOM VIOL","2"
"0233","DOM VIOL SUSP J/L","1"
"0515","DOM VIOL R/O","9"
"0316","620 DOM VIOL","5"
"1469","GROUP FIGHT","2"
"2088","620 DOM VIOL","2"
"1344","242 DOM VIOL","2"
"0473","242 BATTERY INVEST","1"
"1971","POSS DOM VIOL","1"
"0898","GROUP FIGHT","1"
"1169","620 DOM VIOL","1"
"1522","620 DOM VIOL R/O","2"
"1409","DOM VIOL R/O","1"
"1342","FIGHT","4"
"1118","VIOLENT MALE","4"
"0713","415 GROUP FIGHT","2"
"0528","DOM VIOL R/O","4"
"1333","FIGHT","11"
"2013","415 GROUP FIGHT","1"
"2039","BATTERY DOMESTIC VIO","2"
"1088","620 DOM VIOL R/O","2"
"2105","BATTERY INVEST","2"
"2162","242 DOM VIOL","1"
"0143","CUTTING INV","1"
"2023","DOM VIOL SUSP NOW","2"
"1834","DOM VIOL R/O VIOLATI","1"
"1802","CUTTING INV","1"
"2175","DOM VIOL SUSP NOW","1"
"1824","245 AMB CUTTING","2"
"1136","620 DOM VIOL R/O","6"
"1385","GROUP FIGHT","3"
"0663","AMB DOM VIOL","1"
"0926","DOM VIOL R/O","6"
"0467","DOM VIOL R/O","8"
"1599","242 DOM VIOL","3"
"0507","242 DOM VIOL SUSP","3"
"0151","242 BATTERY INVEST","1"
"0676","415 FIGHT","1"
"0424","DOM VIOL J/O","1"
"0161","242 AMB DOM VIOL","2"
"1023","BATTERY INVEST","3"
"1213","POSS DOM VIOL","1"
"1967","245 DOM VIOL","1"
"0517","415 GROUP FIGHT","1"
"1218","AMB FIGHT","1"
"1863","245 AMB CUTTING","2"
"2129","245 AMB DOM VIOL","1"
"0984","242 DOM VIOL","2"
"1083","242 DOM VIOL SUSP","1"
"1333","620 DOM VIOL R/O","6"
"1144","FIGHT","2"
"1777","620 DOM VIOL R/O","1"
"0901","415 FIGHT","1"
"0566","DOM VIOL R/O","29"
"0426","620 DOM VIOL","2"
"1747","DOM VIOL INVESTIGATI","1"
"0373","242 BATTERY INVEST","1"
"2015","620 DOM VIOL R/O","5"
"1321","620 DOM VIOL","9"
"1745","242 BATTERY DOMESTIC","1"
"1363","918 VIOLENT MALE","1"
"2103","DOM VIOL SUSP","1"
"0989","POSS DOM VIOL","2"
"1832","620 DOM VIOL R/O","2"
"1341","BATTERY INVEST","5"
"2136","415 FIGHT","2"
"2185","415 FIGHT","2"
"0721","DOM VIOL SUSP NOW","1"
"0833","DOM VIOL","7"
"1971","DOM VIOL R/O","3"
"1913","245 ADW","1"
"1832","ASSAULT INVEST","1"
"1395","POSS DOM VIOL","1"
"0581","620 DOM VIOL","1"
"0337","DOM VIOL R/O","1"
"0832","242 DOM VIOL","1"
"1151","VIOLENT FEM","2"
"0774","242 DOM VIOL","5"
"0857","AMB FIGHT","1"
"1985","BATTERY DOMESTIC VIO","2"
"0157","DOM VIOL SUSP","3"
"2159","918 VIOLENT FEM","1"
"2035","245 DOM VIOL SUSP NO","1"
"1985","BATTERY INVEST","2"
"2056","415 GROUP FIGHT","1"
"1239","DOM VIOL J/O","2"
"1283","918 VIOLENT MALE","2"
"0465","FIGHT","2"
"0811","415 FIGHT","3"
"1259","VIOLENT MALE","2"
"1385","ADW","1"
"0853","245 ADW POSS DOM VIO","1"
"1903","DOM VIOL INVESTIGATI","4"
"1438","DOM VIOL SUSP","1"
"2081","GROUP FIGHT","1"
"0477","DOM VIOL","16"
"1964","242 DOM VIOL","7"
"0182","415 FIGHT","11"
"2031","415 FIGHT","3"
"2039","DOM VIOL INVESTIGATI","2"
"0379","918 VIOLENT MALE","1"
"0906","620 DOM VIOL","4"
"0935","VIOLENT MALE","3"
"1239","DOM VIOL IN PROGRESS","1"
"0974","620 DOM VIOL","4"
"1205","DOM VIOL R/O VIOLATI","1"
"0161","245 DOM VIOL","1"
"1749","245 ADW POSS DOM VIO","1"
"1049","AMB CUTTING","1"
"1445","415 FIGHT","2"
"0946","DOM VIOL R/O","4"
"1795","245 AMB CUTTING","1"
"0915","620 DOM VIOL R/O","2"
"1745","ASSAULT INVEST","1"
"1846","918 VIOLENT FEM","1"
"1395","DOM VIOL SUSP","2"
"1747","245 AMB CUTTING","1"
"0452","242 DOM VIOL","4"
"0238","620 DOM VIOL","7"
"1974","242 DOM VIOL SUSP","3"
"0511","242 DOM VIOL","5"
"1921","DOM VIOL INVESTIGATI","1"
"1913","BATTERY INVEST","1"
"1517","415 GROUP FIGHT","1"
"0142","415 GROUP FIGHT","1"
"1549","242 DOM VIOL","4"
"2079","DOM VIOL SUSP","1"
"1903","242 BATTERY INVEST","4"
"0522","242 BATTERY DOMESTIC","1"
"0375","245 AMB DOM VIOL","1"
"2079","GROUP FIGHT","3"
"0341","DOM VIOL","4"
"0849","GROUP FIGHT","1"
"0909","918 VIOLENT MALE","1"
"0142","DOM VIOL INVESTIGATI","2"
"0526","AMB DOM VIOL","2"
"0497","245 AMB CUTTING","1"
"0145","242 DOM VIOL","8"
"0853","242 DOM VIOL SUSP","1"
"1153","BATTERY INVEST","1"
"1127","BATTERY INVEST","2"
"1242","VIOLENT MALE","1"
"0564","DOM VIOL R/O","12"
"0376","918 VIOLENT MALE","3"
"2158","918 VIOLENT MALE","1"
"1623","DOM VIOL SUSP","1"
"0905","245 AMB CUTTING","1"
"1772","242 DOM VIOL","1"
"0395","FIGHT","8"
"1768","DOM VIOL","5"
"0914","620 DOM VIOL R/O","4"
"0185","FIGHT","5"
"2156","POSS DOM VIOL","1"
"0269","918 VIOLENT MALE","3"
"0939","ASSAULT INVEST","1"
"1827","415 FIGHT","3"
"1102","VIOLENT MALE","1"
"2031","620 DOM VIOL","5"
"0257","245 DOM VIOL INVEST","2"
"1555","620 DOM VIOL R/O","6"
"1464","DOM VIOL","10"
"1434","AMB DOM VIOL","1"
"0499","DOM VIOL SUSP","4"
"0626","VIOLENT MALE","1"
"0132","FIGHT","3"
"0467","FIGHT","4"
"0585","FIGHT","7"
"1555","245 AMB CUTTING","1"
"0479","918 VIOLENT MALE","1"
"1413","245 DOM VIOL IN PROG","1"
"1739","BATTERY DOMESTIC VIO","1"
"1266","245 DOM VIOL IN PROG","1"
"0249","VIOLENT MALE","1"
"1517","242 AMB DOM VIOL","1"
"1143","VIOLENT MALE","1"
"0249","DOM VIOL","30"
"0397","GROUP FIGHT","2"
"0429","BATTERY DOMESTIC VIO","1"
"1024","242 DOM VIOL INVESTI","1"
"1509","415 FIGHT","1"
"0734","VIOLENT FEM","1"
"1004","AMB CUTTING","1"
"0291","242 DOM VIOL","4"
"1363","620 DOM VIOL","8"
"1124","DOM VIOL R/O VIOLATI","1"
"1684","242 POSS DOM VIOL","2"
"2141","620 DOM VIOL","3"
"1472","GROUP FIGHT","4"
"1977","245 AMB CUTTING","1"
"1654","DOM VIOL","51"
"2056","BATTERY INVEST","4"
"0514","AMB DOM VIOL","2"
"0249","245 DOM VIOL SUSP","1"
"0154","DOM VIOL","32"
"1651","620 DOM VIOL R/O","3"
"0412","VIOLENT MALE","1"
"1178","DOM VIOL","4"
"1263","245 DOM VIOL SUSP","1"
"0636","DOM VIOL SUSP NOW","2"
"1004","BATTERY DOMESTIC VIO","1"
"0201","242 DOM VIOL SUSP","2"
"0615","DOM VIOL","6"
"0235","BATTERY INVEST","2"
"1863","VIOLENT JUV","1"
"1503","245 DOM VIOL","1"
"1184","242 DOM VIOL","2"
"1506","DOM VIOL SUSP J/L","1"
"1263","DOM VIOL R/O","5"
"0127","242 DOM VIOL","1"
"1211","620 DOM VIOL R/O","7"
"0743","BATTERY INVEST","1"
"2027","245 DOM VIOL SUSP NO","1"
"1532","DOM VIOL R/O","1"
"0363","BATTERY INVEST","6"
"0775","DOM VIOL J/O","1"
"1363","BATTERY INVEST","1"
"0622","242 DOM VIOL","4"
"1827","DOM VIOL J/O","1"
"1345","DOM VIOL SUSP","4"
"2081","245 AMB DOM VIOL","1"
"0271","AMB DOM VIOL","2"
"0854","620 DOM VIOL R/O","1"
"1762","620 DOM VIOL","4"
"1293","620 DOM VIOL","1"
"0784","VIOLENT FEM","1"
"1656","620 DOM VIOL","1"
"0911","415 FIGHT","3"
"1325","BATTERY INVEST","1"
"0157","245 AMB CUTTING","10"
"0237","DOM VIOL IN PROGRESS","1"
"0583","VIOLENT MALE","1"
"0181","AMB CUTTING","1"
"0473","GROUP FIGHT","1"
"1583","620 DOM VIOL","1"
"1524","GROUP FIGHT","1"
"0656","620 DOM VIOL R/O","1"
"0379","AMB CUTTING","3"
"1414","242 BATTERY DOMESTIC","1"
"1956","242 DOM VIOL","3"
"0788","242 BATTERY INVEST","1"
"2158","620 DOM VIOL","8"
"1124","918 VIOLENT MALE","1"
"0488","620 DOM VIOL","1"
"0341","DOM VIOL R/O","1"
"1903","DOM VIOL","2"
"1147","415 FIGHT","1"
"1151","DOM VIOL R/O","2"
"1821","620 DOM VIOL R/O","4"
"2133","DOM VIOL R/O VIOLATI","1"
"2197","620 DOM VIOL","2"
"1824","242 BATTERY INVEST","1"
"1611","VIOLENT MALE","1"
"1832","DOM VIOL SUSP NOW","3"
"0859","DOM VIOL R/O","2"
"2143","242 BATTERY INVEST","1"
"0468","918 VIOLENT MALE","1"
"0362","FIGHT","7"
"1343","918 VIOLENT FEM","2"
"0421","FIGHT","2"
"0939","918 VIOLENT MALE","3"
"0518","DOM VIOL R/O","10"
"0841","FIGHT","3"
"1469","AMB CUTTING","2"
"1834","GROUP FIGHT","3"
"0522","415 GROUP FIGHT","1"
"1024","VIOLENT JUV","1"
"2175","FIGHT","2"
"2138","FIGHT","3"
"0357","242 DOM VIOL SUSP","3"
"0809","BATTERY INVEST","1"
"1661","242 DOM VIOL","1"
"1001","DOM VIOL R/O","5"
"2115","POSS DOM VIOL","1"
"2099","245 DOM VIOL SUSP","1"
"1257","918 VIOLENT FEM","1"
"2015","ADW POSS DOM VIOL","1"
"2035","AMB DOM VIOL","3"
"1667","242 DOM VIOL SUSP","2"
"1675","FIGHT","4"
"1009","DOM VIOL SUSP NOW","1"
"0701","BATTERY INVEST","4"
"0524","BATTERY DOMESTIC VIO","1"
"2143","FIGHT","2"
"1723","242 DOM VIOL","1"
"0448","FIGHT","4"
"1102","242 BATTERY DOMESTIC","1"
"0649","620 DOM VIOL","2"
"1353","AMB CUTTING","4"
"0906","620 DOM VIOL R/O","1"
"1837","242 DOM VIOL","6"
"2189","620 DOM VIOL R/O","2"
"0773","DOM VIOL R/O","1"
"0128","BATTERY DOMESTIC VIO","1"
"1233","620 DOM VIOL","6"
"1149","242 AMB DOM VIOL","1"
"0832","DOM VIOL R/O","1"
"1515","DOM VIOL SUSP","4"
"1798","415 FIGHT","2"
"0933","415 GROUP FIGHT","1"
"2039","245 DOM VIOL IN PROG","1"
"0518","AMB CUTTING","1"
"2025","VIOLENT FEM","1"
"0785","620 DOM VIOL R/O","4"
"2105","242 DOM VIOL SUSP","1"
"1091","DOM VIOL","4"
"0991","ADW POSS DOM VIOL","1"
"0585","415 AMB FIGHT","1"
"1412","VIOLENT FEM","1"
"1344","POSS DOM VIOL","2"
"1675","VIOLENT MALE","2"
"1205","DOM VIOL J/O","3"
"1516","620 DOM VIOL","3"
"1231","DOM VIOL R/O","4"
"1638","DOM VIOL IN PROGRESS","1"
"1018","DOM VIOL INVESTIGATI","1"
"1861","245 AMB CUTTING","1"
"1443","DOM VIOL SUSP","2"
"2138","DOM VIOL","20"
"0833","CUTTING INV","1"
"1834","242 BATTERY DOMESTIC","2"
"1361","242 DOM VIOL INVESTI","1"
"0261","245 CUTTING INV","1"
"0289","DOM VIOL SUSP","1"
"1504","242 AMB DOM VIOL","1"
"0275","DOM VIOL SUSP","2"
"1407","415 FIGHT","1"
"1115","242 DOM VIOL","2"
"0334","DOM VIOL SUSP","1"
"0291","242 BATTERY DOMESTIC","1"
"1663","DOM VIOL INVESTIGATI","4"
"2015","VIOLENT FEM","1"
"0851","VIOLENT MALE","1"
"1504","620 DOM VIOL","10"
"1535","DOM VIOL SUSP NOW","1"
"0563","DOM VIOL INVESTIGATI","1"
"1762","918 VIOLENT FEM","1"
"1183","415 FIGHT","2"
"2054","BATTERY INVEST","4"
"0805","415 AMB FIGHT","1"
"1801","245 AMB CUTTING","3"
"1611","918 VIOLENT MALE","1"
"1785","620 DOM VIOL","2"
"0668","BATTERY INVEST","1"
"1394","242 DOM VIOL","4"
"0317","918 VIOLENT MALE","1"
"1239","620 DOM VIOL","19"
"0639","BATTERY DOMESTIC VIO","1"
"1722","242 BATTERY INVEST","1"
"1351","242 DOM VIOL J/O","1"
"0409","DOM VIOL SUSP","2"
"1428","DOM VIOL","5"
"2053","POSS DOM VIOL","2"
"1435","DOM VIOL","10"
"2158","DOM VIOL","45"
"2118","242 AMB DOM VIOL","1"
"1794","242 BATTERY INVEST","1"
"1831","ADW","1"
"1233","242 DOM VIOL","4"
"1116","242 DOM VIOL","1"
"1267","415 FIGHT","8"
"0679","242 DOM VIOL","1"
"1209","DOM VIOL INVESTIGATI","1"
"0941","242 DOM VIOL INVESTI","1"
"0275","242 DOM VIOL SUSP","1"
"1213","918 VIOLENT MALE","2"
"0762","245 DOM VIOL","1"
"2146","AMB CUTTING","4"
"0615","AMB CUTTING","1"
"0443","FIGHT","2"
"0979","918 VIOLENT MALE","1"
"1127","DOM VIOL SUSP","1"
"0528","BATTERY INVEST","1"
"1141","DOM VIOL","12"
"1169","DOM VIOL R/O","3"
"0285","AMB FIGHT","1"
"1653","AMB DOM VIOL","1"
"1414","415 GROUP FIGHT","2"
"0442","DOM VIOL","8"
"1791","242 DOM VIOL J/O","1"
"0727","DOM VIOL INVESTIGATI","1"
"0417","620 DOM VIOL","1"
"0522","245 ADW","1"
"1645","DOM VIOL J/O","2"
"1555","242 POSS DOM VIOL","1"
"1787","DOM VIOL R/O","2"
"0648","ADW POSS DOM VIOL","1"
"1117","242 DOM VIOL","2"
"1771","BATTERY INVEST","2"
"0499","AMB DOM VIOL","1"
"2187","VIOLENT JUV","1"
"0666","245 AMB CUTTING","2"
"1521","245 DOM VIOL SUSP","1"
"1619","245 DOM VIOL","1"
"1972","620 DOM VIOL","6"
"2172","620 DOM VIOL R/O","4"
"1826","DOM VIOL","58"
"1148","242 DOM VIOL INVESTI","1"
"0356","242 DOM VIOL INVESTI","1"
"1245","DOM VIOL SUSP J/L","1"
"1822","DOM VIOL INVESTIGATI","4"
"0156","242 DOM VIOL SUSP","1"
"1028","620 DOM VIOL","2"
"1664","242 DOM VIOL","1"
"1213","VIOLENT FEM","4"
"0893","FIGHT","3"
"1613","242 DOM VIOL","4"
"1637","DOM VIOL INVEST","1"
"1985","BATTERY","1"
"0397","DOM VIOL INVEST","1"
"0397","AMB CUTTING","4"
"0948","AMB CUTTING","2"
"0185","415 GROUP FIGHT","1"
"1211","BATTERY DOMESTIC VIO","4"
"1917","DOM VIOL IN PROGRESS","1"
"2136","GROUP FIGHT","2"
"0821","DOM VIOL R/O","1"
"0566","BATTERY INVEST","6"
"0745","242 DOM VIOL","2"
"1749","242 DOM VIOL","5"
"1324","242 DOM VIOL","3"
"0989","GROUP FIGHT","1"
"0465","DOM VIOL R/O","1"
"0101","DOM VIOL R/O","4"
"0497","POSS DOM VIOL","1"
"0832","BATTERY INVEST","1"
"2158","VIOLENT FEM","1"
"1527","242 DOM VIOL J/O","1"
"1663","DOM VIOL SUSP","4"
"2017","620 DOM VIOL R/O","1"
"1331","245 DOM VIOL SUSP J/","1"
"0515","242 DOM VIOL SUSP","1"
"0991","242 DOM VIOL","1"
"1151","DOM VIOL INVESTIGATI","9"
"0857","FIGHT","3"
"1109","620 DOM VIOL R/O","1"
"0438","AMB DOM VIOL","1"
"1527","AMB DOM VIOL","1"
"0473","DOM VIOL","18"
"0393","BATTERY INVEST","2"
"0279","FIGHT","1"
"1256","DOM VIOL INVEST","1"
"1723","620 DOM VIOL","1"
"1958","415 GROUP FIGHT","1"
"1017","VIOLENT MALE","1"
"1426","DOM VIOL R/O","1"
"1829","DOM VIOL SUSP","2"
"0336","DOM VIOL","7"
"1764","GROUP FIGHT","2"
"1231","918 VIOLENT MALE","2"
"0415","245 DOM VIOL SUSP NO","1"
"0818","DOM VIOL","1"
"1936","415 FIGHT","1"
"0398","POSS DOM VIOL","1"
"1797","DOM VIOL SUSP NOW","1"
"1794","DOM VIOL INVESTIGATI","2"
"1754","BATTERY DOMESTIC VIO","2"
"1752","DOM VIOL","18"
"0514","245 DOM VIOL","1"
"1504","POSS DOM VIOL","1"
"0963","245 AMB CUTTING","1"
"0911","AMB CUTTING","2"
"0763","620 DOM VIOL R/O","1"
"0638","FIGHT","9"
"0423","DOM VIOL","6"
"1181","245 DOM VIOL","1"
"1107","DOM VIOL SUSP","1"
"1283","245 DOM VIOL SUSP J/","1"
"1591","242 DOM VIOL","3"
"0145","245 DOM VIOL","4"
"1963","AMB DOM VIOL","1"
"1506","DOM VIOL R/O","2"
"0354","245 DOM VIOL SUSP","1"
"1145","ADW POSS DOM VIOL","2"
"0174","BATTERY DOMESTIC VIO","2"
"1218","415 GROUP FIGHT","3"
"1135","DOM VIOL SUSP","2"
"1908","AMB CUTTING","1"
"1353","DOM VIOL","32"
"0412","AMB DOM VIOL","2"
"1243","245 AMB CUTTING","2"
"0507","VIOLENT JUV","2"
"1253","DOM VIOL SUSP NOW","2"
"0884","620 DOM VIOL","5"
"1756","POSS DOM VIOL","2"
"1307","BATTERY INVEST","3"
"1842","620 DOM VIOL R/O","14"
"0233","AMB DOM VIOL","1"
"0217","415 FIGHT","2"
"0849","245 DOM VIOL SUSP NO","1"
"1041","FIGHT","3"
"2024","DOM VIOL IN PROGRESS","1"
"1981","242 BATTERY DOMESTIC","3"
"0142","VIOLENT MALE","1"
"1717","DOM VIOL R/O","1"
"0753","242 DOM VIOL","1"
"0336","POSS DOM VIOL","1"
"1766","FIGHT","1"
"0711","242 DOM VIOL","1"
"2023","245 DOM VIOL SUSP NO","1"
"1793","242 AMB DOM VIOL","1"
"2172","918 VIOLENT MALE","1"
"0334","242 DOM VIOL","1"
"1415","620 DOM VIOL","2"
"0519","GROUP FIGHT","1"
"1035","245 DOM VIOL","1"
"0397","BATTERY INVEST","4"
"0714","VIOLENT MALE","1"
"0551","DOM VIOL R/O","1"
"0657","GROUP FIGHT","5"
"1065","918 VIOLENT MALE","2"
"2157","620 DOM VIOL R/O","10"
"2019","BATTERY DOMESTIC VIO","1"
"0906","415 GROUP FIGHT","1"
"0251","ADW POSS DOM VIOL","1"
"1823","POSS DOM VIOL","1"
"0354","FIGHT","2"
"1538","DOM VIOL SUSP","4"
"0438","245 DOM VIOL","1"
"2157","918 VIOLENT MALE","1"
"1783","DOM VIOL","4"
"1966","DOM VIOL","14"
"0914","245 AMB CUTTING","2"
"1327","DOM VIOL SUSP","1"
"1428","245 ADW POSS DOM VIO","1"
"0915","620 DOM VIOL","2"
"1881","242 DOM VIOL","9"
"1393","DOM VIOL R/O","1"
"0678","VIOLENT MALE","1"
"0326","DOM VIOL R/O","5"
"0466","DOM VIOL SUSP NOW","1"
"0393","DOM VIOL SUSP","1"
"0341","VIOLENT MALE","5"
"0774","BATTERY INVEST","1"
"1215","BATTERY DOMESTIC VIO","1"
"0265","BATTERY DOMESTIC VIO","2"
"1589","POSS DOM VIOL","3"
"0644","245 AMB CUTTING","2"
"1213","415 FIGHT","5"
"0701","620 DOM VIOL","6"
"0909","DOM VIOL INVESTIGATI","1"
"1657","FIGHT","8"
"0519","242 BATTERY INVEST","1"
"1822","DOM VIOL","76"
"1043","BATTERY DOMESTIC VIO","2"
"1403","620 DOM VIOL","1"
"1831","242 AMB DOM VIOL","2"
"0319","242 BATTERY INVEST","1"
"1256","620 DOM VIOL R/O","8"
"1362","AMB FIGHT","1"
"1362","620 DOM VIOL R/O","13"
"1503","242 DOM VIOL R/O VIO","1"
"2189","242 BATTERY INVEST","1"
"1967","242 BATTERY INVEST","1"
"1987","ASSAULT INVEST","1"
"1407","ADW POSS DOM VIOL","1"
"1243","DOM VIOL","47"
"0303","BATTERY INVEST","1"
"0112","DOM VIOL","4"
"1273","242 POSS DOM VIOL","2"
"0331","620 DOM VIOL","2"
"1511","AMB DOM VIOL","1"
"2071","245 DOM VIOL SUSP NO","1"
"2079","242 DOM VIOL","3"
"0328","415 FIGHT","3"
"2005","VIOLENT MALE","1"
"1494","GROUP FIGHT","1"
"0421","245 AMB DOM VIOL","1"
"0564","242 BATTERY DOMESTIC","3"
"0445","242 DOM VIOL","1"
"1047","DOM VIOL SUSP","1"
"0285","FIGHT","1"
"0734","FIGHT","8"
"1904","DOM VIOL INVESTIGATI","1"
"1728","BATTERY INVEST","2"
"0238","242 DOM VIOL R/O VIO","1"
"2013","242 DOM VIOL","2"
"1863","242 DOM VIOL SUSP","3"
"0564","BATTERY DOMESTIC VIO","2"
"0714","FIGHT","1"
"0468","DOM VIOL SUSP J/L","1"
"1637","ASSAULT INVEST","1"
"2074","620 DOM VIOL","2"
"0301","918 VIOLENT MALE","1"
"0589","242 DOM VIOL","2"
"1354","DOM VIOL INVEST","1"
"0412","918 VIOLENT FEM","2"
"0525","CUTTING INV","1"
"1239","415 GROUP FIGHT","5"
"1251","DOM VIOL INVEST","2"
"1233","GROUP FIGHT","3"
"1633","242 DOM VIOL","4"
"1253","BATTERY DOMESTIC VIO","2"
"1512","242 POSS DOM VIOL","1"
"1239","245 AMB CUTTING","5"
"1213","ADW","1"
"0373","DOM VIOL R/O","1"
"0937","DOM VIOL","22"
"0645","AMB CUTTING","6"
"0835","DOM VIOL","9"
"0166","242 DOM VIOL","9"
"0628","DOM VIOL","20"
"2145","DOM VIOL","17"
"1097","DOM VIOL","10"
"1591","620 DOM VIOL R/O","4"
"0141","245 AMB CUTTING","1"
"2001","DOM VIOL SUSP","2"
"1007","620 DOM VIOL","2"
"0279","242 DOM VIOL","2"
"0249","415 FIGHT","4"
"0777","FIGHT","5"
"1008","VIOLENT MALE","1"
"0649","415 GROUP FIGHT","1"
"1764","242 DOM VIOL","3"
"1045","245 AMB CUTTING","1"
"0363","245 DOM VIOL SUSP","1"
"0487","DOM VIOL","6"
"0161","GROUP FIGHT","1"
"0266","242 DOM VIOL","6"
"0647","DOM VIOL INVESTIGATI","1"
"0148","DOM VIOL SUSP","1"
"1861","AMB CUTTING","1"
"0817","VIOLENT FEM","1"
"0805","FIGHT","5"
"1718","620 DOM VIOL","2"
"0354","DOM VIOL R/O","2"
"0359","CUTTING INV","1"
"1677","620 DOM VIOL","4"
"0679","DOM VIOL","15"
"1268","620 DOM VIOL R/O","6"
"1984","242 AMB DOM VIOL","1"
"0667","242 BATTERY DOMESTIC","1"
"0185","245 AMB CUTTING","1"
"0325","DOM VIOL","3"
"1209","BATTERY INVEST","1"
"0337","242 DOM VIOL SUSP","1"
"1017","245 DOM VIOL R/O","1"
"1935","FIGHT","2"
"1555","BATTERY INVEST","1"
"1203","AMB CUTTING","3"
"1415","DOM VIOL R/O","4"
"1605","FIGHT","1"
"1999","GROUP FIGHT","2"
"1759","DOM VIOL","6"
"2155","DOM VIOL R/O","13"
"1749","VIOLENT MALE","1"
"1273","DOM VIOL","30"
"1657","BATTERY DOMESTIC VIO","1"
"1851","620 DOM VIOL","6"
"0729","BATTERY INVEST","1"
"0898","AMB CUTTING","1"
"1567","DOM VIOL R/O","1"
"1232","242 DOM VIOL","7"
"1307","VIOLENT MALE","1"
"1125","245 AMB CUTTING","1"
"0147","DOM VIOL J/O","1"
"1782","DOM VIOL R/O","1"
"2035","BATTERY INVEST","1"
"1383","POSS DOM VIOL","2"
"1307","620 DOM VIOL","4"
"0886","242 DOM VIOL SUSP","1"
"0397","FIGHT","17"
"1263","245 DOM VIOL","5"
"0916","242 BATTERY DOMESTIC","1"
"0637","415 FIGHT","4"
"1497","POSS DOM VIOL","1"
"0204","AMB CUTTING","1"
"0735","620 DOM VIOL","5"
"0134","BATTERY INVEST","2"
"1208","620 DOM VIOL","9"
"0123","DOM VIOL R/O","1"
"1687","918 VIOLENT JUV","1"
"0313","DOM VIOL R/O","4"
"1352","620 DOM VIOL","10"
"0668","VIOLENT FEM","1"
"0669","620 DOM VIOL R/O","2"
"1251","242 BATTERY INVEST","1"
"0185","DOM VIOL SUSP J/L","1"
"1516","DOM VIOL","17"
"2126","VIOLENT MALE","13"
"0192","245 AMB CUTTING","3"
"1682","242 DOM VIOL","2"
"2104","DOM VIOL R/O","1"
"1218","DOM VIOL INVESTIGATI","1"
"1342","DOM VIOL","27"
"0931","FIGHT","1"
"1265","BATTERY DOMESTIC VIO","3"
"0275","620 DOM VIOL R/O","1"
"1101","DOM VIOL SUSP","1"
"1231","245 DOM VIOL INVEST","1"
"2081","242 DOM VIOL","1"
"1116","DOM VIOL SUSP","1"
"1361","DOM VIOL","54"
"0354","620 DOM VIOL","2"
"0141","DOM VIOL SUSP","1"
"1215","242 AMB DOM VIOL","1"
"2175","918 VIOLENT MALE","1"
"1006","620 DOM VIOL R/O","1"
"1207","DOM VIOL INVEST","1"
"1523","VIOLENT MALE","1"
"0134","DOM VIOL SUSP","1"
"0375","DOM VIOL SUSP","3"
"0724","DOM VIOL","7"
"1412","DOM VIOL R/O","5"
"1211","BATTERY INVEST","7"
"0906","DOM VIOL SUSP","2"
"0785","BATTERY INVEST","7"
"0727","GROUP FIGHT","1"
"1801","242 DOM VIOL","27"
"1589","AMB DOM VIOL","1"
"1454","BATTERY INVEST","11"
"1526","FIGHT","13"
"2173","VIOLENT MALE","1"
"0737","242 DOM VIOL","3"
"1034","DOM VIOL R/O","2"
"0758","DOM VIOL SUSP NOW","1"
"2134","415 GROUP FIGHT","1"
"1501","GROUP FIGHT","2"
"2157","242 BATTERY INVEST","1"
"0497","620 DOM VIOL","12"
"0157","DOM VIOL R/O","23"
"1251","DOM VIOL INVESTIGATI","2"
"1089","DOM VIOL","1"
"0881","BATTERY","1"
"0642","242 DOM VIOL INVESTI","1"
"1354","DOM VIOL R/O","2"
"0477","242 DOM VIOL SUSP","1"
"2011","242 BATTERY INVEST","1"
"1803","BATTERY INVEST","1"
"1241","245 ADW POSS DOM VIO","2"
"1934","620 DOM VIOL","3"
"2101","242 POSS DOM VIOL","1"
"1242","BATTERY DOMESTIC VIO","2"
"2128","DOM VIOL R/O","2"
"1824","DOM VIOL SUSP","7"
"0134","415 FIGHT","1"
"0422","VIOLENT MALE","1"
"0138","415 GROUP FIGHT","2"
"1565","DOM VIOL","3"
"0935","242 AMB DOM VIOL","1"
"0626","FIGHT","2"
"0246","620 DOM VIOL","6"
"0376","620 DOM VIOL","11"
"1831","245 AMB DOM VIOL SUS","1"
"1944","242 DOM VIOL SUSP","1"
"1547","245 DOM VIOL","1"
"0357","BATTERY DOMESTIC VIO","2"
"0759","242 DOM VIOL","2"
"1826","DOM VIOL R/O","9"
"1798","FIGHT","1"
"1822","AMB DOM VIOL","4"
"2149","245 DOM VIOL","1"
"0643","415 FIGHT","5"
"1608","VIOLENT MALE","3"
"0906","DOM VIOL R/O","2"
"0491","620 DOM VIOL","2"
"1735","242 DOM VIOL","4"
"1047","242 DOM VIOL","4"
"1353","BATTERY DOMESTIC VIO","1"
"0478","242 DOM VIOL","3"
"1826","918 VIOLENT MALE","2"
"1494","FIGHT","2"
"1445","DOM VIOL INVESTIGATI","1"
"1266","415 FIGHT","11"
"0989","DOM VIOL SUSP NOW","1"
"0427","415 FIGHT","3"
"0497","GROUP FIGHT","4"
"1547","245 AMB DOM VIOL","1"
"1921","245 DOM VIOL R/O","1"
"1984","415 FIGHT","3"
"0512","DOM VIOL R/O","10"
"1249","BATTERY DOMESTIC VIO","3"
"2088","245 DOM VIOL","1"
"2014","415 FIGHT","5"
"0517","415 FIGHT","3"
"1456","415 FIGHT","3"
"0503","FIGHT","5"
"1836","242 DOM VIOL","9"
"0566","242 BATTERY INVEST","3"
"0261","415 FIGHT","2"
"1983","VIOLENT JUV","2"
"1975","620 DOM VIOL","4"
"1802","ADW POSS DOM VIOL","2"
"1015","GROUP FIGHT","2"
"1566","VIOLENT JUV","1"
"1907","DOM VIOL","12"
"1252","245 DOM VIOL SUSP","1"
"1832","DOM VIOL SUSP","5"
"0171","DOM VIOL J/O","1"
"1771","242 BATTERY INVEST","1"
"1135","245 DOM VIOL SUSP","1"
"1434","242 BATTERY INVEST","1"
"1935","245 ADW POSS DOM VIO","1"
"1364","415 GROUP FIGHT","1"
"2105","DOM VIOL J/O","1"
"1136","DOM VIOL SUSP","2"
"1985","DOM VIOL R/O","11"
"2035","415 GROUP FIGHT","1"
"1512","DOM VIOL R/O","4"
"1834","DOM VIOL INVESTIGATI","1"
"1342","DOM VIOL INVESTIGATI","1"
"1179","DOM VIOL","15"
"1434","VIOLENT JUV","1"
"1371","POSS DOM VIOL","1"
"0643","GROUP FIGHT","4"
"0663","620 DOM VIOL","9"
"1638","918 VIOLENT MALE","4"
"2055","242 POSS DOM VIOL","1"
"1043","DOM VIOL SUSP","3"
"1539","918 VIOLENT MALE","1"
"0638","AMB CUTTING","1"
"0565","415 FIGHT","1"
"1011","DOM VIOL R/O","4"
"0647","FIGHT","11"
"1463","242 AMB DOM VIOL","1"
"1018","245 DOM VIOL SUSP","1"
"0311","VIOLENT MALE","1"
"1326","620 DOM VIOL R/O","2"
"1147","GROUP FIGHT","1"
"1218","245 DOM VIOL SUSP NO","1"
"0416","GROUP FIGHT","1"
"1148","620 DOM VIOL","3"
"0723","DOM VIOL J/O","1"
"1729","FIGHT","3"
"0145","DOM VIOL","11"
"0439","FIGHT","1"
"0809","DOM VIOL","5"
"0831","DOM VIOL J/O","1"
"1891","ASSAULT INVEST","1"
"1343","242 BATTERY INVEST","2"
"1851","BATTERY DOMESTIC VIO","1"
"1676","245 DOM VIOL SUSP NO","1"
"1563","DOM VIOL","4"
"1838","AMB DOM VIOL SUSP","1"
"0832","242 DOM VIOL INVESTI","1"
"1215","242 DOM VIOL SUSP","4"
"1023","242 DOM VIOL","9"
"1523","242 DOM VIOL","2"
"0215","415 FIGHT","2"
"0321","245 DOM VIOL","2"
"2155","DOM VIOL","35"
"0354","242 DOM VIOL SUSP","2"
"0448","DOM VIOL J/O","1"
"1162","242 AMB DOM VIOL","1"
"2138","242 BATTERY DOMESTIC","1"
"0123","DOM VIOL","6"
"0782","242 POSS DOM VIOL","2"
"0438","VIOLENT MALE","2"
"2044","DOM VIOL","29"
"1679","245 ADW POSS DOM VIO","1"
"1903","BATTERY INVEST","6"
"0473","918 VIOLENT MALE","3"
"1361","DOM VIOL INVESTIGATI","1"
"1463","DOM VIOL R/O","2"
"0759","242 POSS DOM VIOL","1"
"2083","245 AMB CUTTING","1"
"0424","242 BATTERY INVEST","1"
"1749","242 AMB DOM VIOL","1"
"1863","245 DOM VIOL","1"
"0334","918 VIOLENT MALE","1"
"2133","VIOLENT MALE","2"
"2019","FIGHT","13"
"0312","DOM VIOL R/O","5"
"1331","918 VIOLENT MALE","1"
"1959","245 AMB CUTTING","2"
"1178","BATTERY INVEST","1"
"1251","GROUP FIGHT","2"
"1831","DOM VIOL INVEST","1"
"1638","POSS DOM VIOL","1"
"0808","BATTERY DOMESTIC VIO","1"
"1441","242 DOM VIOL","4"
"1951","DOM VIOL INVEST","1"
"1269","GROUP FIGHT","1"
"1842","415 GROUP FIGHT","3"
"1015","620 DOM VIOL R/O","5"
"0706","DOM VIOL SUSP","2"
"0584","245 AMB CUTTING","1"
"0271","242 DOM VIOL SUSP","2"
"0667","620 DOM VIOL","4"
"1025","620 DOM VIOL","11"
"1864","620 DOM VIOL","10"
"0249","ADW POSS DOM VIOL","1"
"1661","FIGHT","1"
"1514","DOM VIOL","21"
"0391","DOM VIOL INVESTIGATI","2"
"1029","DOM VIOL R/O","5"
"0491","DOM VIOL SUSP NOW","1"
"1635","DOM VIOL","1"
"1548","GROUP FIGHT","5"
"0852","FIGHT","3"
"1045","DOM VIOL","19"
"2029","245 DOM VIOL","1"
"0738","620 DOM VIOL","1"
"0459","DOM VIOL J/O","1"
"1827","242 DOM VIOL SUSP","1"
"1391","BATTERY DOMESTIC VIO","1"
"1265","245 DOM VIOL SUSP","2"
"0842","620 DOM VIOL R/O","1"
"2017","242 DOM VIOL SUSP","1"
"0156","245 DOM VIOL SUSP NO","1"
"0362","242 DOM VIOL SUSP","1"
"1519","242 POSS DOM VIOL","1"
"1964","VIOLENT MALE","4"
"1195","DOM VIOL SUSP","1"
"1444","620 DOM VIOL R/O","1"
"2029","AMB CUTTING","3"
"1091","BATTERY INVEST","1"
"1464","ADW","1"
"0128","DOM VIOL IN PROGRESS","1"
"1954","DOM VIOL SUSP","1"
"1838","DOM VIOL","19"
"0231","918 VIOLENT FEM","1"
"1505","415 FIGHT","3"
"1514","242 DOM VIOL","2"
"1785","BATTERY INVEST","1"
"0426","245 AMB CUTTING","1"
"1021","CUTTING INV","1"
"1991","BATTERY DOMESTIC VIO","1"
"1416","918 VIOLENT FEM","2"
"1351","DOM VIOL R/O","6"
"2005","DOM VIOL INVEST","1"
"0531","DOM VIOL SUSP NOW","1"
"1255","GROUP FIGHT","2"
"1005","BATTERY INVEST","1"
"1596","620 DOM VIOL","1"
"0397","CUTTING INV","2"
"1412","242 DOM VIOL","6"
"2019","DOM VIOL SUSP","3"
"1752","242 BATTERY","1"
"1011","245 AMB DOM VIOL","1"
"1351","242 DOM VIOL SUSP","1"
"1622","620 DOM VIOL R/O","3"
"0762","VIOLENT FEM","1"
"0145","242 AMB DOM VIOL","1"
"1303","AMB CUTTING","4"
"0421","242 DOM VIOL","3"
"1003","DOM VIOL SUSP","1"
"1974","DOM VIOL J/O","1"
"0281","242 BATTERY INVEST","1"
"0123","242 BATTERY","1"
"1352","245 AMB CUTTING","2"
"0926","BATTERY INVEST","2"
"1653","VIOLENT FEM","1"
"0398","245 ADW POSS DOM VIO","2"
"1343","245 ADW","1"
"0805","DOM VIOL R/O","1"
"2189","VIOLENT JUV","1"
"2063","DOM VIOL SUSP","1"
"0315","245 DOM VIOL","1"
"1208","DOM VIOL SUSP J/L","1"
"0848","415 FIGHT","1"
"1657","DOM VIOL INVEST","1"
"0832","415 FIGHT","1"
"2027","245 AMB CUTTING","1"
"1205","242 DOM VIOL","4"
"0669","FIGHT","4"
"1987","FIGHT","4"
"1239","245 DOM VIOL SUSP","1"
"0355","FIGHT","6"
"1331","415 FIGHT","8"
"1161","245 DOM VIOL","1"
"1097","620 DOM VIOL R/O","1"
"0331","415 MAJ GRP FIGHT W/","1"
"2091","GROUP FIGHT","1"
"1849","245 DOM VIOL SUSP","1"
"1918","BATTERY DOMESTIC VIO","2"
"0245","GROUP FIGHT","4"
"1801","AMB CUTTING","4"
"0473","AMB DOM VIOL","1"
"1543","245 AMB CUTTING","1"
"1215","VIOLENT MALE","1"
"0969","242 DOM VIOL","1"
"0305","415 FIGHT","1"
"1027","DOM VIOL","4"
"1827","DOM VIOL","106"
"1608","POSS DOM VIOL","1"
"1821","918 VIOLENT FEM","1"
"1147","620 DOM VIOL","5"
"0914","DOM VIOL","37"
"1342","415 FIGHT","1"
"1472","POSS DOM VIOL","1"
"0504","BATTERY DOMESTIC VIO","2"
"0541","FIGHT","6"
"0932","POSS DOM VIOL","1"
"1213","DOM VIOL J/O","1"
"1134","DOM VIOL SUSP NOW","1"
"2158","DOM VIOL J/O","1"
"1126","BATTERY INVEST","1"
"2056","FIGHT","4"
"0144","620 DOM VIOL","4"
"0506","GROUP FIGHT","1"
"0453","242 BATTERY INVEST","8"
"1638","242 DOM VIOL","1"
"2071","AMB CUTTING","1"
"2029","GROUP FIGHT","4"
"2023","242 BATTERY INVEST","1"
"1782","415 FIGHT","1"
"1767","GROUP FIGHT","1"
"0964","VIOLENT FEM","1"
"1045","AMB DOM VIOL","1"
"0143","DOM VIOL SUSP","2"
"1836","242 BATTERY INVEST","1"
"0394","415 FIGHT","2"
"0308","DOM VIOL INVESTIGATI","1"
"1689","242 DOM VIOL","2"
"1331","CUTTING INV","1"
"0455","FIGHT","8"
"1462","DOM VIOL R/O VIOLATI","1"
"1127","FIGHT","2"
"1553","FIGHT","1"
"1097","VIOLENT MALE","1"
"0804","DOM VIOL","2"
"0525","GROUP FIGHT","2"
"0195","245 AMB DOM VIOL","1"
"1655","242 DOM VIOL","2"
"1243","AMB DOM VIOL","2"
"1513","242 POSS DOM VIOL","1"
"2105","VIOLENT MALE","1"
"0457","DOM VIOL IN PROGRESS","1"
"0585","245 DOM VIOL","2"
"0461","242 DOM VIOL SUSP","1"
"0409","415 FIGHT","2"
"1124","DOM VIOL SUSP","3"
"1951","242 DOM VIOL","4"
"1433","918 VIOLENT MALE","1"
"0919","620 DOM VIOL R/O","3"
"1524","245 ADW","1"
"0881","VIOLENT FEM","2"
"1307","CUTTING INV","1"
"0154","DOM VIOL R/O","1"
"1764","BATTERY DOMESTIC VIO","1"
"1788","DOM VIOL","1"
"1303","BATTERY INVEST","1"
"1918","ADW POSS DOM VIOL","2"
"0807","BATTERY INVEST","1"
"0301","207 POSS DOM VIOL SU","1"
"0963","FIGHT","1"
"2017","DOM VIOL SUSP","3"
"2027","415 FIGHT","5"
"0933","245 ADW","1"
"0557","DOM VIOL SUSP NOW","1"
"1803","FIGHT","2"
"0637","DOM VIOL J/O","1"
"1213","245 DOM VIOL SUSP NO","1"
"1547","DOM VIOL R/O","6"
"2136","242 DOM VIOL SUSP","2"
"0841","620 DOM VIOL","1"
"1411","GROUP FIGHT","1"
"1039","VIOLENT FEM","2"
"1621","DOM VIOL INVEST","1"
"0753","FIGHT","11"
"1176","FIGHT","2"
"1025","DOM VIOL SUSP","1"
"1961","DOM VIOL INVESTIGATI","1"
"0516","620 DOM VIOL","6"
"1522","DOM VIOL","7"
"1836","ADW POSS DOM VIOL","2"
"0328","245 ADW","1"
"0467","DOM VIOL J/O","1"
"1466","VIOLENT MALE","1"
"1268","DOM VIOL J/O","1"
"0898","242 DOM VIOL","3"
"0392","242 DOM VIOL","2"
"0529","AMB DOM VIOL","5"
"1365","BATTERY DOMESTIC VIO","2"
"1832","415 FIGHT","1"
"0478","VIOLENT FEM","2"
"1117","ADW POSS DOM VIOL","1"
"1509","620 DOM VIOL","1"
"1685","DOM VIOL INVEST","1"
"0722","242 DOM VIOL","1"
"1313","620 DOM VIOL R/O","6"
"0521","620 DOM VIOL R/O","2"
"0463","245 DOM VIOL","2"
"1787","BATTERY DOMESTIC VIO","1"
"1987","242 DOM VIOL","3"
"0422","242 DOM VIOL","2"
"0737","245 AMB DOM VIOL","1"
"0362","AMB DOM VIOL","4"
"1268","DOM VIOL","64"
"1367","242 DOM VIOL J/O","1"
"1268","ADW POSS DOM VIOL","2"
"2001","245 DOM VIOL INVEST","1"
"2076","620 DOM VIOL R/O","1"
"0639","BATTERY INVEST","1"
"1269","245 DOM VIOL SUSP NO","1"
"0465","242 DOM VIOL","1"
"0359","620 DOM VIOL R/O","1"
"1307","242 DOM VIOL","9"
"1529","415 FIGHT","1"
"0353","FIGHT","1"
"1962","POSS DOM VIOL","1"
"0182","242 DOM VIOL","10"
"2042","620 DOM VIOL R/O","8"
"1204","620 DOM VIOL","4"
"0333","DOM VIOL R/O","1"
"0522","AMB DOM VIOL SUSP","1"
"0359","415 FIGHT","1"
"0376","242 DOM VIOL SUSP","1"
"0464","918 VIOLENT MALE","1"
"1021","245 AMB DOM VIOL","1"
"1128","POSS DOM VIOL","1"
"0311","918 VIOLENT MALE","1"
"1438","242 DOM VIOL","3"
"1373","FIGHT","8"
"0145","242 DOM VIOL SUSP","2"
"0487","DOM VIOL R/O","2"
"2039","DOM VIOL R/O","3"
"1361","245 DOM VIOL R/O","1"
"1025","245 DOM VIOL","1"
"0412","415 FIGHT","2"
"1043","DOM VIOL IN PROGRESS","1"
"1033","DOM VIOL R/O","3"
"0478","DOM VIOL R/O","3"
"0247","DOM VIOL R/O","3"
"2026","242 DOM VIOL","10"
"1821","BATTERY INVEST","3"
"0735","918 VIOLENT FEM","1"
"0351","245 AMB CUTTING","1"
"0737","245 DOM VIOL IN PROG","2"
"1401","DOM VIOL","2"
"1373","DOM VIOL","32"
"1211","DOM VIOL INVESTIGATI","1"
"0551","242 DOM VIOL","5"
"1322","VIOLENT MALE","2"
"1567","DOM VIOL","5"
"1219","DOM VIOL","2"
"0192","DOM VIOL","28"
"1718","FIGHT","1"
"0155","620 DOM VIOL","5"
"0291","FIGHT","3"
"1727","VIOLENT JUV","1"
"2144","DOM VIOL R/O","4"
"1158","POSS DOM VIOL","2"
"1514","245 DOM VIOL SUSP NO","1"
"1621","GROUP FIGHT","3"
"1549","DOM VIOL SUSP NOW","1"
"1383","242 DOM VIOL","6"
"0914","BATTERY INVEST","17"
"0238","242 DOM VIOL J/O","1"
"0511","DOM VIOL","22"
"0625","AMB FIGHT","1"
"0423","DOM VIOL R/O","2"
"1548","245 DOM VIOL","2"
"1133","620 DOM VIOL R/O","1"
"1144","VIOLENT FEM","1"
"0622","DOM VIOL","19"
"1672","DOM VIOL R/O VIOLATI","1"
"0644","BATTERY","1"
"2187","242 BATTERY INVEST","1"
"1842","242 BATTERY INVEST","3"
"2064","DOM VIOL","6"
"1983","245 DOM VIOL","1"
"1745","242 AMB DOM VIOL","1"
"1323","CUTTING INV","1"
"2138","620 DOM VIOL R/O","3"
"1944","620 DOM VIOL R/O","3"
"1029","242 DOM VIOL INVESTI","1"
"2156","AMB FIGHT","1"
"1373","GROUP FIGHT","3"
"0551","620 DOM VIOL R/O","1"
"1974","GROUP FIGHT","2"
"0131","FIGHT","3"
"1985","DOM VIOL INVEST","1"
"1043","DOM VIOL J/O","2"
"0511","415 GROUP FIGHT","1"
"1345","415 FIGHT","3"
"1595","620 DOM VIOL R/O","1"
"1259","DOM VIOL R/O","16"
"0325","VIOLENT MALE","2"
"2011","DOM VIOL INVESTIGATI","1"
"1785","BATTERY DOMESTIC VIO","2"
"1307","245 CUTTING INV","1"
"2173","242 POSS DOM VIOL","1"
"1535","BATTERY INVEST","1"
"0581","620 DOM VIOL R/O","2"
"0935","AMB CUTTING","3"
"0883","620 DOM VIOL R/O","1"
"1531","POSS DOM VIOL","1"
"1802","242 AMB DOM VIOL SUS","1"
"0154","VIOLENT FEM","2"
"1128","AMB DOM VIOL","1"
"1124","DOM VIOL INVESTIGATI","3"
"2002","620 DOM VIOL","4"
"1586","242 BATTERY INVEST","2"
"1243","VIOLENT JUV","1"
"0362","VIOLENT MALE","1"
"0829","DOM VIOL","11"
"1367","DOM VIOL R/O","8"
"0904","620 DOM VIOL R/O","3"
"0666","POSS DOM VIOL","1"
"0479","DOM VIOL R/O","1"
"1432","BATTERY INVEST","1"
"1361","415 FIGHT","2"
"2103","242 AMB DOM VIOL SUS","1"
"0648","DOM VIOL","24"
"1469","AMB DOM VIOL","3"
"0331","242 POSS DOM VIOL","2"
"1526","620 DOM VIOL","3"
"1078","242 DOM VIOL INVESTI","1"
"1391","DOM VIOL","25"
"0521","BATTERY INVEST","2"
"1215","BATTERY INVEST","4"
"1079","DOM VIOL SUSP","1"
"0165","FIGHT","1"
"1998","AMB CUTTING","1"
"1047","245 AMB CUTTING","1"
"1317","242 AMB DOM VIOL","1"
"1371","DOM VIOL SUSP NOW","2"
"1962","242 BATTERY INVEST","1"
"0657","DOM VIOL R/O","3"
"1526","DOM VIOL R/O","7"
"0112","FIGHT","1"
"0165","242 DOM VIOL","3"
"0516","MAJ GRP FIGHT","1"
"2144","620 DOM VIOL","1"
"1021","ADW POSS DOM VIOL","1"
"2019","ADW POSS DOM VIOL","1"
"1039","AMB DOM VIOL SUSP","1"
"0335","GROUP FIGHT","3"
"0455","GROUP FIGHT","2"
"2071","FIGHT","5"
"0782","DOM VIOL R/O","2"
"0355","620 DOM VIOL R/O","1"
"0221","FIGHT","2"
"0632","AMB DOM VIOL","1"
"1364","DOM VIOL SUSP","1"
"0701","VIOLENT MALE","1"
"0524","242 DOM VIOL J/O","1"
"1583","GROUP FIGHT","1"
"1351","242 POSS DOM VIOL","3"
"1354","AMB DOM VIOL","1"
"1317","415 FIGHT","1"
"0726","ADW","1"
"1546","242 AMB DOM VIOL","1"
"1035","DOM VIOL J/O","1"
"1137","620 DOM VIOL R/O","1"
"1502","DOM VIOL SUSP","1"
"1613","FIGHT","3"
"1215","245 DOM VIOL SUSP NO","1"
"0414","BATTERY DOMESTIC VIO","1"
"2125","BATTERY INVEST","3"
"1846","620 DOM VIOL","15"
"1317","AMB CUTTING","4"
"1309","620 DOM VIOL R/O","1"
"1107","620 DOM VIOL","4"
"1863","DOM VIOL","45"
"0963","242 BATTERY DOMESTIC","1"
"0423","415 FIGHT","2"
"0315","DOM VIOL INVEST","1"
"1613","VIOLENT FEM","1"
"1211","918 VIOLENT FEM","1"
"0666","CUTTING INV","1"
"1139","242 BATTERY INVEST","1"
"1651","242 DOM VIOL SUSP","1"
"2141","VIOLENT FEM","1"
"0911","DOM VIOL","44"
"0192","242 DOM VIOL J/O","1"
"0859","FIGHT","4"
"1385","415 GROUP FIGHT","3"
"0373","415 GROUP FIGHT","1"
"0394","VIOLENT FEM","2"
"0515","GROUP FIGHT","3"
"0269","BATTERY INVEST","3"
"1846","245 DOM VIOL SUSP","1"
"0375","AMB DOM VIOL","3"
"1458","AMB DOM VIOL SUSP","1"
"1827","ADW POSS DOM VIOL","1"
"1567","242 DOM VIOL","1"
"2104","VIOLENT MALE","1"
"1956","620 DOM VIOL","2"
"1806","620 DOM VIOL","4"
"1611","DOM VIOL R/O","2"
"0281","DOM VIOL INVESTIGATI","1"
"1146","242 DOM VIOL","1"
"1913","AMB CUTTING","1"
"0569","DOM VIOL R/O","1"
"1665","DOM VIOL R/O","2"
"1424","620 DOM VIOL","3"
"1011","AMB DOM VIOL","1"
"0191","AMB DOM VIOL","1"
"1861","245 DOM VIOL SUSP J/","1"
"1543","242 DOM VIOL J/O","1"
"1936","FIGHT","1"
"0191","DOM VIOL","4"
"0373","AMB CUTTING","1"
"1263","AMB DOM VIOL SUSP","1"
"1213","245 AMB CUTTING","3"
"1757","620 DOM VIOL","1"
"1245","VIOLENT FEM","2"
"0396","242 DOM VIOL SUSP","2"
"0218","DOM VIOL R/O","5"
"0587","242 DOM VIOL SUSP","3"
"0299","AMB CUTTING","1"
"1269","242 BATTERY DOMESTIC","1"
"1945","DOM VIOL SUSP","1"
"1905","DOM VIOL","4"
"1008","DOM VIOL","27"
"1842","AMB CUTTING","4"
"0122","DOM VIOL","2"
"1824","245 DOM VIOL","3"
"1413","VIOLENT MALE","2"
"1322","FIGHT","6"
"0164","620 DOM VIOL R/O","1"
"0523","245 DOM VIOL SUSP","1"
"1931","CUTTING INV","3"
"1693","242 BATTERY INVEST","1"
"0734","242 DOM VIOL SUSP","1"
"2069","245 DOM VIOL INVEST","1"
"1836","245 DOM VIOL SUSP","1"
"1395","AMB CUTTING","2"
"1962","BATTERY INVEST","1"
"0314","DOM VIOL R/O","5"
"2035","245 ADW","1"
"1445","620 DOM VIOL","5"
"0158","DOM VIOL J/O","1"
"0562","VIOLENT FEM","1"
"0824","DOM VIOL","4"
"0705","AMB DOM VIOL","1"
"1207","DOM VIOL R/O","4"
"1916","620 DOM VIOL","1"
"1831","AMB DOM VIOL","5"
"1209","242 DOM VIOL","3"
"1951","620 DOM VIOL","1"
"1962","245 DOM VIOL SUSP","1"
,"ASSAULT INVEST","1"
"1017","AMB CUTTING","1"
"0119","AMB DOM VIOL","1"
"0332","242 BATTERY DOMESTIC","1"
"0147","DOM VIOL SUSP","1"
"1985","AMB DOM VIOL","1"
"0529","415 GROUP FIGHT","1"
"1324","DOM VIOL SUSP","1"
"0513","DOM VIOL INVEST","3"
"1829","242 BATTERY DOMESTIC","1"
"1473","918 VIOLENT MALE","1"
"1538","BATTERY INVEST","1"
"0219","FIGHT","1"
"2022","242 DOM VIOL","10"
"1512","DOM VIOL","13"
"1283","BATTERY DOMESTIC VIO","2"
"0467","620 DOM VIOL","6"
"1676","242 BATTERY DOMESTIC","1"
"1722","DOM VIOL","12"
"1989","DOM VIOL J/O","1"
"1204","FIGHT","8"
"2004","VIOLENT FEM","3"
"1621","242 DOM VIOL","3"
"1137","POSS DOM VIOL","1"
"1242","DOM VIOL SUSP J/L","1"
"1034","FIGHT","3"
"1208","DOM VIOL SUSP","5"
"1391","242 DOM VIOL","5"
"1186","GROUP FIGHT","1"
"1147","VIOLENT MALE","2"
"1023","DOM VIOL R/O","6"
"1412","FIGHT","14"
"0725","FIGHT","1"
"1041","415 FIGHT","2"
"1967","DOM VIOL","24"
"0316","242 DOM VIOL SUSP","1"
"1403","DOM VIOL","5"
"0312","POSS DOM VIOL","1"
"0316","DOM VIOL","29"
"1602","FIGHT","7"
"0245","245 DOM VIOL","2"
"1347","VIOLENT FEM","1"
"1767","DOM VIOL","26"
"0828","DOM VIOL","8"
"0457","DOM VIOL SUSP","1"
"1565","DOM VIOL SUSP","1"
"1401","415 FIGHT","1"
"1004","DOM VIOL","27"
"1967","DOM VIOL SUSP NOW","1"
"0758","242 DOM VIOL","3"
"0491","FIGHT","3"
"0159","242 DOM VIOL R/O VIO","1"
"2141","DOM VIOL SUSP","1"
"1842","242 DOM VIOL","19"
"1504","BATTERY DOMESTIC VIO","2"
"0166","BATTERY INVEST","1"
"0749","DOM VIOL J/O","1"
"1645","242 POSS DOM VIOL","1"
"1453","POSS DOM VIOL","1"
"1543","VIOLENT MALE","1"
"0257","242 DOM VIOL SUSP","3"
"0363","DOM VIOL INVESTIGATI","2"
"0456","GROUP FIGHT","3"
"0706","415 FIGHT","2"
"1441","DOM VIOL","10"
"0668","VIOLENT JUV","1"
"1239","VIOLENT MALE","3"
"0257","DOM VIOL SUSP NOW","2"
"1633","245 AMB DOM VIOL","1"
"1245","DOM VIOL J/O","1"
"1684","BATTERY DOMESTIC VIO","1"
"1031","FIGHT","1"
"0784","FIGHT","3"
"1001","620 DOM VIOL","4"
"1203","DOM VIOL SUSP J/L","1"
"1412","242 BATTERY DOMESTIC","1"
"0328","DOM VIOL R/O","3"
"1543","242 DOM VIOL INVESTI","1"
"1342","AMB CUTTING","1"
"0161","620 DOM VIOL","1"
"0236","VIOLENT FEM","1"
"0762","BATTERY DOMESTIC VIO","1"
"0478","DOM VIOL SUSP NOW","1"
"2093","CUTTING INV","1"
"0465","620 DOM VIOL","3"
"0584","DOM VIOL SUSP","2"
"0769","BATTERY DOMESTIC VIO","2"
"1466","245 DOM VIOL IN PROG","1"
"1001","415 FIGHT","1"
"1467","GROUP FIGHT","1"
"1687","BATTERY INVEST","1"
"0313","242 DOM VIOL","1"
"1235","242 DOM VIOL","3"
"1921","DOM VIOL R/O","4"
"0638","242 DOM VIOL","5"
"1864","245 AMB DOM VIOL","1"
"1063","242 DOM VIOL","8"
"1313","242 DOM VIOL SUSP","1"
"0237","DOM VIOL","52"
"0428","620 DOM VIOL","4"
"1821","245 AMB DOM VIOL J/O","1"
"0765","VIOLENT MALE","1"
"0759","620 DOM VIOL","7"
"1806","242 DOM VIOL SUSP","1"
"1642","DOM VIOL SUSP","1"
"1605","242 DOM VIOL","1"
"1834","242 DOM VIOL","10"
"0506","DOM VIOL","22"
"1974","415 GROUP FIGHT","1"
"1763","DOM VIOL R/O","1"
"2185","AMB DOM VIOL","1"
"0165","DOM VIOL SUSP J/L","1"
"2114","242 DOM VIOL","3"
"1618","242 DOM VIOL","1"
"0939","POSS DOM VIOL","2"
"1205","POSS DOM VIOL","1"
"1511","DOM VIOL SUSP NOW","1"
"0191","245 DOM VIOL","1"
"0859","242 DOM VIOL","1"
"0515","DOM VIOL INVEST","1"
"1638","242 BATTERY DOMESTIC","2"
"0668","BATTERY DOMESTIC VIO","1"
"0464","DOM VIOL INVESTIGATI","2"
"0336","DOM VIOL J/O","1"
"0557","VIOLENT FEM","2"
"1586","FIGHT","2"
"1268","BATTERY DOMESTIC VIO","2"
"0563","620 DOM VIOL","8"
"1961","DOM VIOL","42"
"0376","VIOLENT MALE","1"
"1612","DOM VIOL","23"
"0143","242 POSS DOM VIOL","2"
"1324","GROUP FIGHT","2"
"0401","FIGHT","2"
"0321","DOM VIOL R/O","6"
"0174","AMB DOM VIOL","2"
"0905","DOM VIOL IN PROGRESS","1"
"1543","415 FIGHT","5"
"1273","620 DOM VIOL","8"
"1124","BATTERY INVEST","2"
"1826","415 FIGHT","5"
"2035","BATTERY","1"
"1619","918 VIOLENT FEM","1"
"1792","415 FIGHT","1"
"0765","242 POSS DOM VIOL","1"
"0827","DOM VIOL","1"
"1149","242 BATTERY INVEST","1"
"1538","BATTERY DOMESTIC VIO","2"
"1372","415 GROUP FIGHT","1"
"1467","DOM VIOL SUSP","1"
"1633","VIOLENT MALE","1"
"0428","DOM VIOL","10"
"0833","DOM VIOL R/O","1"
"1235","AMB DOM VIOL","2"
"0191","FIGHT","3"
"0361","242 DOM VIOL R/O VIO","1"
"0727","242 DOM VIOL","1"
"1377","FIGHT","3"
"0266","415 FIGHT","1"
"1218","620 DOM VIOL","8"
"1524","DOM VIOL","3"
"0455","DOM VIOL","20"
"0833","245 ADW POSS DOM VIO","1"
"2039","DOM VIOL SUSP NOW","2"
"1747","FIGHT","4"
"1654","AMB DOM VIOL","4"
"1269","ADW","1"
"0219","415 FIGHT","2"
"0238","245 DOM VIOL SUSP NO","1"
"2143","DOM VIOL","9"
"0923","GROUP FIGHT","2"
"1213","DOM VIOL R/O","10"
"1821","245 ADW POSS DOM VIO","1"
"0314","620 DOM VIOL","2"
"0644","DOM VIOL INVESTIGATI","3"
"2062","242 AMB DOM VIOL SUS","1"
"1307","DOM VIOL","51"
"0857","242 DOM VIOL INVESTI","1"
"0722","AMB CUTTING","1"
"0808","DOM VIOL SUSP","1"
"2187","918 VIOLENT MALE","1"
"1716","DOM VIOL R/O","2"
"0883","AMB DOM VIOL","1"
"1797","620 DOM VIOL","3"
"1241","AMB DOM VIOL","11"
"1361","DOM VIOL INVEST","1"
"0632","DOM VIOL SUSP","2"
"0135","GROUP FIGHT","2"
"2046","DOM VIOL R/O","3"
"1984","242 POSS DOM VIOL","1"
"0376","DOM VIOL SUSP","1"
"1241","242 DOM VIOL SUSP","2"
"0195","DOM VIOL R/O","5"
"2149","GROUP FIGHT","1"
"1458","245 DOM VIOL SUSP NO","1"
"0808","DOM VIOL R/O","2"
"1233","VIOLENT MALE","1"
"0822","VIOLENT MALE","1"
"0355","242 POSS DOM VIOL","2"
"2139","415 FIGHT","1"
"1371","BATTERY DOMESTIC VIO","1"
"0724","DOM VIOL SUSP NOW","1"
"1242","GROUP FIGHT","1"
"0519","242 DOM VIOL","1"
"0471","BATTERY INVEST","2"
"1039","DOM VIOL SUSP","3"
"0788","DOM VIOL","2"
"0831","FIGHT","4"
"0212","DOM VIOL R/O","4"
"1749","245 DOM VIOL","1"
"0516","DOM VIOL R/O","5"
"1365","245 DOM VIOL SUSP NO","2"
"1268","DOM VIOL SUSP NOW","8"
"0555","415 FIGHT","2"
"0721","242 AMB DOM VIOL","1"
"2148","AMB CUTTING","1"
"1663","BATTERY INVEST","10"
"1263","245 ADW POSS DOM VIO","1"
"1012","DOM VIOL R/O","4"
"0788","DOM VIOL SUSP","1"
"1029","DOM VIOL SUSP","3"
"2042","245 AMB CUTTING","1"
"1804","242 DOM VIOL INVESTI","1"
"0783","BATTERY DOMESTIC VIO","1"
"1641","POSS DOM VIOL","1"
"2026","415 FIGHT","5"
"1127","620 DOM VIOL R/O","10"
"0852","242 AMB DOM VIOL","1"
"1999","AMB CUTTING","2"
"1984","620 DOM VIOL","22"
"1079","VIOLENT MALE","1"
"0236","CUTTING INV","1"
"1248","AMB DOM VIOL","3"
"1844","VIOLENT MALE","1"
"0557","DOM VIOL IN PROGRESS","1"
"1344","VIOLENT MALE","2"
"2105","DOM VIOL SUSP","1"
"2074","AMB CUTTING","1"
"1863","DOM VIOL SUSP","3"
"1343","DOM VIOL","47"
"2138","POSS DOM VIOL","1"
"1548","DOM VIOL SUSP","5"
"1511","245 AMB CUTTING","1"
"1917","DOM VIOL R/O","6"
"0897","POSS DOM VIOL","1"
"0421","245 ADW","1"
"1263","245 DOM VIOL INVEST","1"
"1181","242 BATTERY INVEST","2"
"0285","DOM VIOL SUSP","1"
"0745","POSS DOM VIOL","3"
"1846","BATTERY INVEST","2"
"0101","FIGHT","7"
"1347","242 DOM VIOL","4"
"0489","DOM VIOL R/O","7"
"1031","242 BATTERY DOMESTIC","1"
"0143","DOM VIOL","14"
"0237","242 AMB DOM VIOL","1"
"1395","415 FIGHT","1"
"0773","620 DOM VIOL","5"
"0631","415 GROUP FIGHT","1"
"2118","415 FIGHT","1"
"1527","AMB CUTTING","1"
"0203","415 FIGHT","2"
"0901","DOM VIOL R/O","14"
"1984","245 CUTTING INV","1"
"0898","415 GROUP FIGHT","1"
"1535","415 FIGHT","1"
"0236","DOM VIOL","25"
"1119","FIGHT","1"
"1971","DOM VIOL SUSP","1"
"0133","DOM VIOL","6"
"1152","245 DOM VIOL","1"
"0158","ADW POSS DOM VIOL","1"
"0236","918 VIOLENT MALE","2"
"0412","242 DOM VIOL","5"
"0153","ADW","1"
"1219","620 DOM VIOL","4"
"0971","DOM VIOL R/O","3"
"0216","DOM VIOL R/O","1"
"0755","DOM VIOL R/O","5"
"1698","DOM VIOL SUSP","3"
"1663","245 DOM VIOL","1"
"1612","ADW POSS DOM VIOL","1"
"0174","DOM VIOL SUSP","1"
"0182","AMB CUTTING","1"
"0676","242 DOM VIOL SUSP","1"
"1705","620 DOM VIOL","2"
"0139","620 DOM VIOL","1"
"1039","620 DOM VIOL R/O","4"
"0457","242 DOM VIOL SUSP","1"
"1183","BATTERY INVEST","2"
"1969","620 DOM VIOL R/O","3"
"0854","DOM VIOL","1"
"1695","245 AMB CUTTING","1"
"2138","415 FIGHT","2"
"2014","DOM VIOL SUSP","1"
"1373","620 DOM VIOL R/O","4"
"2044","FIGHT","3"
"1452","BATTERY INVEST","1"
"2144","FIGHT","3"
"0753","BATTERY INVEST","2"
"1654","POSS DOM VIOL","1"
"1491","GROUP FIGHT","2"
"1266","DOM VIOL R/O","25"
"1739","415 FIGHT","1"
"0311","DOM VIOL R/O","2"
"1372","620 DOM VIOL","7"
"1248","242 DOM VIOL SUSP","2"
"1974","620 DOM VIOL R/O","2"
"1044","BATTERY DOMESTIC VIO","1"
"1972","242 DOM VIOL","1"
"1685","620 DOM VIOL","2"
"1684","VIOLENT JUV","1"
"1139","FIGHT","2"
"1752","DOM VIOL SUSP","5"
"0321","DOM VIOL INVESTIGATI","1"
"1245","DOM VIOL INVEST","1"
"2148","242 POSS DOM VIOL","1"
"0202","DOM VIOL SUSP","2"
"0642","DOM VIOL","3"
"0423","620 DOM VIOL","2"
"0219","620 DOM VIOL","2"
"1912","BATTERY INVEST","1"
"1469","620 DOM VIOL","10"
"0455","DOM VIOL SUSP","2"
"2073","FIGHT","1"
"1207","245 DOM VIOL SUSP","1"
"0852","BATTERY DOMESTIC VIO","1"
"0249","DOM VIOL R/O","3"
"0205","620 DOM VIOL","1"
"1549","BATTERY DOMESTIC VIO","2"
"0529","245 DOM VIOL SUSP NO","1"
"2146","242 DOM VIOL SUSP","1"
"0395","POSS DOM VIOL","1"
"0829","415 FIGHT","1"
"1204","918 VIOLENT MALE","1"
"1527","FIGHT","4"
"1903","245 CUTTING INV","1"
"1253","BATTERY INVEST","2"
"2156","DOM VIOL","11"
"1651","GROUP FIGHT","2"
"0884","DOM VIOL","3"
"0162","DOM VIOL SUSP NOW","1"
"0659","242 BATTERY","1"
"1265","VIOLENT MALE","2"
"1621","BATTERY DOMESTIC VIO","1"
"0413","620 DOM VIOL","3"
"2104","FIGHT","2"
"0563","DOM VIOL J/O","1"
"0811","FIGHT","2"
"1469","DOM VIOL SUSP","5"
"0532","VIOLENT MALE","2"
"0176","ADW POSS DOM VIOL","1"
"1063","DOM VIOL SUSP","1"
"0133","GROUP FIGHT","1"
"1024","242 DOM VIOL SUSP","1"
"0248","AMB DOM VIOL","2"
"1984","242 DOM VIOL SUSP","1"
"1323","AMB DOM VIOL","1"
"1658","VIOLENT MALE","2"
"0216","DOM VIOL J/O","1"
"0881","DOM VIOL SUSP J/L","1"
"2189","BATTERY INVEST","2"
"1608","DOM VIOL R/O","2"
"0156","DOM VIOL R/O","6"
"1823","242 DOM VIOL","11"
"1723","VIOLENT MALE","3"
"0647","918 VIOLENT FEM","2"
"1513","ADW POSS DOM VIOL","1"
"0157","AMB DOM VIOL","3"
"2157","242 AMB DOM VIOL","1"
"1177","242 DOM VIOL","2"
"0834","620 DOM VIOL","2"
"2175","415 FIGHT","2"
"0337","918 VIOLENT JUV","1"
"1209","GROUP FIGHT","1"
"0706","DOM VIOL","9"
"0256","242 DOM VIOL","4"
"0802","415 FIGHT","1"
"0182","415 GROUP FIGHT","1"
"1687","BATTERY DOMESTIC VIO","1"
"0443","620 DOM VIOL","3"
"1351","GROUP FIGHT","1"
"0166","620 DOM VIOL","6"
"1839","242 DOM VIOL","4"
"1622","245 DOM VIOL SUSP NO","1"
"0165","BATTERY","1"
"1043","VIOLENT MALE","2"
"1487","DOM VIOL","4"
"2139","242 DOM VIOL SUSP","2"
"1248","620 DOM VIOL R/O","1"
"0334","245 AMB CUTTING","1"
"1525","415 GROUP FIGHT","1"
"1248","VIOLENT MALE","3"
"1802","DOM VIOL INVESTIGATI","1"
"2187","BATTERY INVEST","1"
"1307","245 DOM VIOL SUSP NO","2"
"1776","242 BATTERY INVEST","1"
"0643","AMB FIGHT","1"
"1513","242 BATTERY INVEST","1"
"1701","BATTERY INVEST","2"
"1381","245 AMB CUTTING","1"
"0132","BATTERY DOMESTIC VIO","1"
"0245","242 DOM VIOL SUSP","1"
"1802","DOM VIOL SUSP","4"
"1822","620 DOM VIOL R/O","5"
"0266","918 VIOLENT MALE","3"
"1805","245 AMB CUTTING","2"
"1045","FIGHT","6"
"0808","242 DOM VIOL SUSP","1"
"0157","DOM VIOL","22"
"1862","DOM VIOL","62"
"2126","245 DOM VIOL","1"
"0408","620 DOM VIOL R/O","1"
"1795","245 DOM VIOL","2"
"1331","AMB DOM VIOL","2"
"1861","242 DOM VIOL","7"
"1001","VIOLENT FEM","1"
"1839","245 DOM VIOL SUSP NO","1"
"1967","BATTERY INVEST","2"
"2134","620 DOM VIOL","1"
"1232","620 DOM VIOL","13"
"0898","620 DOM VIOL","4"
"1862","245 ADW POSS DOM VIO","1"
"0659","VIOLENT MALE","3"
"0279","DOM VIOL","14"
"1527","242 DOM VIOL","5"
"1177","DOM VIOL","13"
"1039","245 DOM VIOL SUSP NO","2"
"0157","POSS DOM VIOL","3"
"1245","242 BATTERY DOMESTIC","1"
"0233","620 DOM VIOL R/O","6"
"1203","BATTERY DOMESTIC VIO","1"
"0314","DOM VIOL","33"
"0251","245 DOM VIOL","1"
"2129","415 FIGHT","1"
"0943","DOM VIOL SUSP","1"
"2125","DOM VIOL J/O","1"
"1134","245 DOM VIOL","1"
"1218","242 DOM VIOL SUSP","1"
"0355","AMB DOM VIOL","1"
"1118","242 DOM VIOL","2"
"0393","242 DOM VIOL SUSP","1"
"1691","918 VIOLENT MALE","1"
"1123","415 FIGHT","1"
"0396","245 DOM VIOL SUSP J/","1"
"1371","242 DOM VIOL SUSP","1"
"1977","415 FIGHT","3"
"0998","DOM VIOL","5"
"1675","620 DOM VIOL R/O","4"
"1645","DOM VIOL","12"
"0153","GROUP FIGHT","10"
"0376","245 ADW POSS DOM VIO","1"
"1728","DOM VIOL","7"
"1303","DOM VIOL SUSP","1"
"0398","DOM VIOL SUSP NOW","1"
"0236","620 DOM VIOL","4"
"1183","620 DOM VIOL","2"
"1837","245 AMB CUTTING","2"
"0319","DOM VIOL","10"
"0507","415 FIGHT","2"
"1911","AMB DOM VIOL SUSP","1"
"1676","620 DOM VIOL R/O","1"
"1795","242 DOM VIOL SUSP","1"
"1791","DOM VIOL","20"
"0737","620 DOM VIOL R/O","1"
"1343","242 DOM VIOL J/O","1"
"0822","FIGHT","1"
"0192","620 DOM VIOL R/O","4"
"1128","DOM VIOL SUSP","1"
"2058","DOM VIOL","15"
"0133","FIGHT","1"
"0479","242 DOM VIOL INVESTI","1"
"0166","242 DOM VIOL INVESTI","1"
"1252","245 DOM VIOL","1"
"0201","242 DOM VIOL","12"
"1613","918 VIOLENT FEM","1"
"0379","245 DOM VIOL","4"
"0763","620 DOM VIOL","3"
"0562","242 DOM VIOL","1"
"1955","VIOLENT FEM","1"
"0443","CUTTING INV","7"
"1547","DOM VIOL J/O","1"
"1913","415 GROUP FIGHT","1"
"0152","GROUP FIGHT","1"
"2103","620 DOM VIOL","3"
"1245","415 GROUP FIGHT","2"
"1126","620 DOM VIOL","3"
"0453","BATTERY INVEST","15"
"1259","DOM VIOL INVESTIGATI","1"
"1488","242 DOM VIOL","6"
"0905","AMB DOM VIOL","1"
"0551","242 DOM VIOL INVESTI","1"
"1844","242 BATTERY DOMESTIC","1"
"1846","AMB CUTTING","3"
"0463","DOM VIOL","15"
"1468","DOM VIOL","8"
"1215","620 DOM VIOL","21"
"2115","DOM VIOL R/O","4"
"0853","620 DOM VIOL","7"
"1663","ADW POSS DOM VIOL","2"
"0363","VIOLENT MALE","3"
"2049","620 DOM VIOL","7"
"1414","242 AMB DOM VIOL","3"
"1251","VIOLENT FEM","1"
"0555","AMB CUTTING","1"
"0465","BATTERY INVEST","1"
"2011","VIOLENT MALE","1"
"0165","242 DOM VIOL SUSP","3"
"1664","VIOLENT MALE","1"
"0363","POSS DOM VIOL","3"
"2044","620 DOM VIOL","6"
"2033","BATTERY INVEST","3"
"0247","GROUP FIGHT","2"
"0439","VIOLENT MALE","1"
"1682","620 DOM VIOL","1"
"1715","VIOLENT FEM","1"
"0649","ADW POSS DOM VIOL","1"
"1529","242 DOM VIOL SUSP","1"
"1269","POSS DOM VIOL","3"
"0334","620 DOM VIOL","6"
"0531","DOM VIOL R/O","3"
"2185","CUTTING INV","1"
"1917","918 VIOLENT MALE","1"
"0451","620 DOM VIOL","1"
"2021","242 DOM VIOL","1"
"1321","620 DOM VIOL R/O","4"
"0326","415 FIGHT","2"
"0773","AMB CUTTING","1"
"1172","BATTERY INVEST","1"
"1977","242 BATTERY INVEST","1"
"1353","245 DOM VIOL SUSP J/","1"
"2023","242 DOM VIOL INVESTI","1"
"1681","DOM VIOL R/O","1"
"1117","415 FIGHT","1"
"0357","FIGHT","8"
"1602","245 AMB CUTTING","1"
"0261","ADW POSS DOM VIOL","1"
"2175","DOM VIOL R/O","4"
"0981","242 DOM VIOL","1"
"1265","DOM VIOL J/O","1"
"0462","DOM VIOL J/O","1"
"1675","DOM VIOL SUSP","5"
"0667","242 POSS DOM VIOL","1"
"0889","245 DOM VIOL R/O","1"
"0459","620 DOM VIOL R/O","2"
"1951","FIGHT","7"
"1935","620 DOM VIOL R/O","4"
"1981","VIOLENT MALE","1"
"1205","DOM VIOL SUSP","2"
"1009","245 AMB DOM VIOL","1"
"1385","DOM VIOL INVESTIGATI","1"
"1653","DOM VIOL J/O","1"
"1693","620 DOM VIOL","3"
"1375","DOM VIOL SUSP","5"
"1079","BATTERY DOMESTIC VIO","1"
"1467","BATTERY DOMESTIC VIO","1"
"0163","245 AMB CUTTING","4"
"1176","DOM VIOL SUSP NOW","1"
"0354","VIOLENT JUV","1"
"1613","POSS DOM VIOL","1"
"0645","242 DOM VIOL","12"
"1805","DOM VIOL R/O","7"
"0396","VIOLENT FEM","1"
"1145","415 GROUP FIGHT","1"
"0732","DOM VIOL R/O","4"
"0374","BATTERY DOMESTIC VIO","2"
"1751","AMB DOM VIOL","1"
"0337","AMB CUTTING","1"
"1701","VIOLENT MALE","2"
"2056","GROUP FIGHT","4"
"1944","AMB CUTTING","1"
"2136","DOM VIOL R/O","14"
"1105","DOM VIOL","5"
"0373","BATTERY DOMESTIC VIO","1"
"1456","242 DOM VIOL","3"
"1021","242 DOM VIOL SUSP","2"
"0885","ADW POSS DOM VIOL","1"
"0989","FIGHT","6"
"0374","620 DOM VIOL R/O","2"
"1269","918 VIOLENT JUV","1"
"0375","ADW","1"
"1018","AMB CUTTING","1"
"0111","620 DOM VIOL R/O","5"
"0923","AMB DOM VIOL","1"
"0667","POSS DOM VIOL","1"
"0247","242 BATTERY INVEST","1"
"0325","415 FIGHT","2"
"0363","BATTERY DOMESTIC VIO","2"
"0182","DOM VIOL","66"
"1804","918 VIOLENT MALE","1"
"1183","DOM VIOL","8"
"0943","AMB CUTTING","1"
"0521","FIGHT","2"
"0557","DOM VIOL","43"
"1004","DOM VIOL INVEST","2"
"2025","BATTERY DOMESTIC VIO","1"
"1984","GROUP FIGHT","1"
"1999","245 AMB CUTTING","1"
"1004","620 DOM VIOL R/O","4"
"1406","BATTERY INVEST","3"
"1067","245 DOM VIOL","2"
"0313","620 DOM VIOL R/O","1"
"0374","GROUP FIGHT","1"
"0266","AMB CUTTING","4"
"1863","GROUP FIGHT","1"
"1257","DOM VIOL SUSP NOW","2"
"1527","245 DOM VIOL","1"
"1365","245 DOM VIOL SUSP","2"
"1985","242 DOM VIOL SUSP","2"
"0677","DOM VIOL","9"
"0269","AMB DOM VIOL","2"
"1657","DOM VIOL R/O","8"
"1921","242 DOM VIOL SUSP","1"
"1113","DOM VIOL","7"
"1091","242 DOM VIOL","1"
"2058","DOM VIOL SUSP J/L","2"
"0295","620 DOM VIOL","5"
"1177","245 DOM VIOL SUSP NO","1"
"0158","242 BATTERY INVEST","2"
"1169","DOM VIOL","8"
"0118","242 DOM VIOL SUSP","1"
"1208","DOM VIOL R/O VIOLATI","1"
"2146","242 DOM VIOL","2"
"1606","245 AMB CUTTING","1"
"1424","DOM VIOL","2"
"0563","AMB DOM VIOL","4"
"1035","GROUP FIGHT","1"
"0275","242 BATTERY INVEST","2"
"1065","620 DOM VIOL","11"
"2144","242 DOM VIOL","1"
"0516","DOM VIOL INVEST","1"
"1527","245 AMB CUTTING","1"
"2027","620 DOM VIOL R/O","3"
"0158","AMB CUTTING","5"
"1555","DOM VIOL J/O","1"
"2054","242 DOM VIOL","1"
"1791","242 DOM VIOL","6"
"1525","242 POSS DOM VIOL","1"
"0409","DOM VIOL","22"
"2173","242 DOM VIOL INVESTI","1"
"0854","245 AMB CUTTING","1"
"1333","242 DOM VIOL SUSP","1"
"0522","DOM VIOL R/O","9"
"0789","242 DOM VIOL","1"
"0312","VIOLENT MALE","2"
"1804","245 AMB CUTTING","1"
"1361","DOM VIOL SUSP","2"
"0398","FIGHT","4"
"1004","CUTTING INV","4"
"0467","DOM VIOL SUSP","1"
"1283","AMB DOM VIOL","1"
"0638","VIOLENT MALE","2"
"0738","415 GROUP FIGHT","1"
"1822","918 VIOLENT MALE","1"
"1687","918 VIOLENT FEM","1"
"1235","415 FIGHT","3"
"2148","BATTERY INVEST","1"
"0898","DOM VIOL R/O","1"
"1971","620 DOM VIOL R/O","1"
"1006","DOM VIOL SUSP","3"
"1774","DOM VIOL","2"
"0335","620 DOM VIOL","2"
"1313","AMB DOM VIOL","1"
"0406","620 DOM VIOL","3"
"0524","DOM VIOL INVEST","1"
"1758","DOM VIOL R/O","1"
"1617","BATTERY DOMESTIC VIO","1"
"0636","AMB DOM VIOL","3"
"0111","GROUP FIGHT","2"
"1065","DOM VIOL J/O","1"
"1453","VIOLENT MALE","1"
"1432","DOM VIOL","5"
"0626","415 FIGHT","1"
"0713","620 DOM VIOL R/O","1"
"1693","DOM VIOL INVESTIGATI","1"
"0724","242 DOM VIOL","2"
"0461","245 AMB CUTTING","1"
"0249","207 AMB DOM VIOL SUS","1"
"1713","VIOLENT FEM","1"
"0156","POSS DOM VIOL","2"
"0409","DOM VIOL R/O","5"
"0257","918 VIOLENT FEM","2"
"0701","242 BATTERY INVEST","1"
"0353","245 ADW POSS DOM VIO","1"
"1569","FIGHT","2"
"0312","918 VIOLENT JUV","1"
"0938","242 AMB DOM VIOL","1"
"2125","DOM VIOL INVESTIGATI","1"
"0626","245 AMB CUTTING","1"
"0375","242 DOM VIOL","7"
"0585","620 DOM VIOL R/O","3"
"2148","DOM VIOL","23"
"1124","242 BATTERY INVEST","1"
"0521","DOM VIOL SUSP NOW","2"
"1485","VIOLENT FEM","1"
"1242","415 GROUP FIGHT","2"
"0395","620 DOM VIOL","13"
"1445","DOM VIOL IN PROGRESS","1"
"1256","FIGHT","11"
"1595","620 DOM VIOL","1"
"0891","FIGHT","1"
"1133","620 DOM VIOL","3"
"2149","DOM VIOL SUSP","2"
"1602","VIOLENT FEM","1"
"1827","245 DOM VIOL SUSP J/","2"
"1083","DOM VIOL R/O VIOLATI","1"
"1151","DOM VIOL INVEST","1"
"1029","242 BATTERY DOMESTIC","1"
"1761","DOM VIOL","8"
"2029","ADW","1"
"0201","620 DOM VIOL R/O","3"
"1344","AMB CUTTING","1"
"1993","DOM VIOL SUSP","1"
"0926","DOM VIOL","23"
"1826","DOM VIOL R/O VIOLATI","1"
"0639","MAJ JUV GRP FIGHT","1"
"1431","242 BATTERY INVEST","2"
"0171","BATTERY INVEST","5"
"0163","245 DOM VIOL","2"
"0826","DOM VIOL","2"
"1258","BATTERY INVEST","7"
"0459","620 DOM VIOL","4"
"1974","BATTERY DOMESTIC VIO","2"
"0706","FIGHT","5"
"0737","415 GROUP FIGHT","1"
"0465","620 DOM VIOL R/O","1"
"0461","DOM VIOL R/O","1"
"2118","AMB CUTTING","1"
"1469","242 DOM VIOL","8"
"0834","245 DOM VIOL SUSP NO","1"
"1079","242 DOM VIOL","2"
"2149","620 DOM VIOL R/O","3"
"0129","FIGHT","1"
"0562","620 DOM VIOL R/O","1"
"2076","AMB DOM VIOL","2"
"2004","DOM VIOL IN PROGRESS","1"
"1142","FIGHT","4"
"1273","242 DOM VIOL INVESTI","1"
"1173","918 VIOLENT FEM","1"
"0235","620 DOM VIOL","8"
"1139","620 DOM VIOL","4"
"1832","DOM VIOL IN PROGRESS","1"
"0469","DOM VIOL SUSP","4"
"1307","242 BATTERY INVEST","2"
"1243","DOM VIOL IN PROGRESS","2"
"1019","245 AMB CUTTING","1"
"1514","BATTERY DOMESTIC VIO","1"
"1029","242 AMB DOM VIOL","1"
"1548","620 DOM VIOL","8"
"1999","DOM VIOL R/O","10"
"1006","FIGHT","2"
"1611","AMB CUTTING","1"
"1251","242 BATTERY DOMESTIC","3"
"0503","620 DOM VIOL R/O","1"
"1725","620 DOM VIOL","2"
"2021","415 FIGHT","2"
"1729","DOM VIOL","2"
"0361","242 BATTERY DOMESTIC","4"
"1752","245 DOM VIOL","2"
"0235","DOM VIOL","49"
"1905","VIOLENT FEM","1"
"0421","BATTERY INVEST","2"
"0627","415 GROUP FIGHT","1"
"1179","POSS DOM VIOL","2"
"1232","DOM VIOL","27"
"1596","DOM VIOL INVESTIGATI","1"
"0415","415 GROUP FIGHT","3"
"1101","FIGHT","3"
"2049","DOM VIOL R/O","6"
"2025","DOM VIOL R/O","4"
"1177","GROUP FIGHT","1"
"1525","245 DOM VIOL INVEST","2"
"1317","245 AMB CUTTING","2"
"0638","ADW POSS DOM VIOL","1"
"1689","DOM VIOL","7"
"0524","DOM VIOL J/O","2"
"1183","242 DOM VIOL INVESTI","1"
"0994","620 DOM VIOL","2"
"1526","DOM VIOL INVEST","1"
"0503","GROUP FIGHT","1"
"1793","415 FIGHT","2"
"0145","DOM VIOL R/O","2"
"0911","DOM VIOL R/O VIOLATI","1"
"0429","620 DOM VIOL R/O","2"
"1667","DOM VIOL","3"
"1974","DOM VIOL","27"
"0338","DOM VIOL INVESTIGATI","2"
"0784","DOM VIOL R/O","1"
"1241","620 DOM VIOL","29"
"0645","BATTERY INVEST","8"
"0373","918 VIOLENT MALE","1"
"0314","DOM VIOL SUSP NOW","1"
"0479","DOM VIOL SUSP","2"
"0555","AMB DOM VIOL","2"
"0237","DOM VIOL R/O","6"
"0171","242 DOM VIOL","4"
"0564","DOM VIOL IN PROGRESS","1"
"1385","245 DOM VIOL INVEST","2"
"0615","245 DOM VIOL","1"
"1138","415 GROUP FIGHT","1"
"0711","620 DOM VIOL","1"
"1599","245 DOM VIOL","1"
"1468","FIGHT","1"
"1643","918 VIOLENT MALE","1"
"1148","242 DOM VIOL","2"
"0156","918 VIOLENT MALE","1"
"0399","BATTERY DOMESTIC VIO","2"
"1685","242 DOM VIOL","5"
"1009","POSS DOM VIOL","1"
"1211","245 AMB DOM VIOL","4"
"0985","POSS DOM VIOL","2"
"0518","620 DOM VIOL","3"
"1827","242 POSS DOM VIOL","1"
"1793","POSS DOM VIOL","1"
"1189","918 VIOLENT MALE","1"
"1267","CUTTING INV","2"
"0946","242 BATTERY INVEST","1"
"0161","242 DOM VIOL","5"
"1437","DOM VIOL","8"
"0291","918 VIOLENT FEM","1"
"1547","DOM VIOL","12"
"1126","245 DOM VIOL","1"
"0497","242 BATTERY DOMESTIC","1"
"0667","BATTERY DOMESTIC VIO","2"
"0525","DOM VIOL J/O","2"
"0461","620 DOM VIOL","3"
"1407","ADW","1"
"1586","ADW","1"
"0558","VIOLENT FEM","1"
"1454","242 POSS DOM VIOL","1"
"1009","FIGHT","1"
"1373","DOM VIOL R/O","14"
"2013","DOM VIOL R/O","1"
"1099","242 AMB DOM VIOL","1"
"0317","GROUP FIGHT","1"
"0679","620 DOM VIOL","5"
"1303","GROUP FIGHT","1"
"0185","POSS DOM VIOL","2"
"1658","DOM VIOL R/O","3"
"1984","242 DOM VIOL INVESTI","1"
"0644","242 DOM VIOL","5"
"0528","620 DOM VIOL","3"
"1822","AMB FIGHT","1"
"0478","FIGHT","1"
"1519","DOM VIOL","28"
"1775","DOM VIOL R/O","4"
"0443","BATTERY","1"
"1269","AMB CUTTING","6"
"1654","VIOLENT JUV","2"
"0138","DOM VIOL SUSP J/L","1"
"1708","VIOLENT FEM","2"
"0889","DOM VIOL J/O","1"
"1641","415 GROUP FIGHT","1"
"0557","VIOLENT MALE","1"
"2173","VIOLENT FEM","1"
"1268","245 ADW POSS DOM VIO","2"
"1303","620 DOM VIOL R/O","1"
"0454","242 DOM VIOL","1"
"0722","DOM VIOL R/O","1"
"2071","245 DOM VIOL","1"
"1605","245 DOM VIOL SUSP","1"
"2069","BATTERY DOMESTIC VIO","1"
"0249","242 POSS DOM VIOL","1"
"1347","245 AMB CUTTING","3"
"1988","FIGHT","2"
"0939","620 DOM VIOL R/O","1"
"0251","AMB FIGHT","1"
"0395","DOM VIOL INVEST","1"
"0152","242 BATTERY INVEST","7"
"1803","415 FIGHT","1"
"0882","GROUP FIGHT","1"
"0678","620 DOM VIOL R/O","1"
"0499","DOM VIOL INVESTIGATI","1"
"1028","BATTERY INVEST","3"
"0451","620 DOM VIOL R/O","1"
"1213","VIOLENT MALE","1"
"1353","245 ADW POSS DOM VIO","1"
"0176","DOM VIOL INVESTIGATI","1"
"1483","DOM VIOL SUSP","1"
"1638","DOM VIOL INVEST","1"
"1203","FIGHT","12"
"2138","242 DOM VIOL","1"
"1144","242 DOM VIOL","1"
"0937","BATTERY DOMESTIC VIO","1"
"0321","BATTERY","1"
"1931","BATTERY INVEST","21"
"1004","242 BATTERY INVEST","1"
"1608","918 VIOLENT MALE","1"
"1218","242 AMB DOM VIOL","1"
"0118","DOM VIOL","16"
"1268","VIOLENT MALE","3"
"1162","DOM VIOL SUSP NOW","1"
"0157","DOM VIOL R/O VIOLATI","2"
"0261","242 POSS DOM VIOL","4"
"1797","415 FIGHT","1"
"0442","242 DOM VIOL INVESTI","1"
"1502","242 DOM VIOL INVESTI","2"
"1719","DOM VIOL R/O","1"
"2029","242 BATTERY INVEST","4"
"0939","620 DOM VIOL","2"
"1037","245 DOM VIOL","1"
"0817","DOM VIOL","3"
"0153","918 VIOLENT FEM","1"
"0465","242 POSS DOM VIOL","1"
"1601","POSS DOM VIOL","1"
"1823","BATTERY DOMESTIC VIO","2"
"1535","245 AMB DOM VIOL","1"
"0759","AMB CUTTING","4"
"0414","DOM VIOL","1"
"1749","AMB DOM VIOL","1"
"0478","245 DOM VIOL","3"
"1215","VIOLENT FEM","1"
"2019","415 FIGHT","4"
"0201","AMB CUTTING","2"
"1208","VIOLENT MALE","1"
"0396","DOM VIOL INVESTIGATI","1"
"1684","620 DOM VIOL R/O","3"
"0647","245 AMB CUTTING","2"
"1015","BATTERY INVEST","2"
"0776","245 DOM VIOL","2"
"0836","VIOLENT JUV","1"
"0303","DOM VIOL","4"
"1591","242 BATTERY DOMESTIC","1"
"1543","FIGHT","8"
"0397","245 DOM VIOL SUSP NO","1"
"0157","245 DOM VIOL","3"
"0491","242 POSS DOM VIOL","1"
"1496","415 FIGHT","2"
"0714","242 DOM VIOL","1"
"1263","AMB CUTTING","1"
"0937","242 BATTERY DOMESTIC","1"
"1141","GROUP FIGHT","1"
"1801","DOM VIOL","77"
"2027","242 AMB DOM VIOL","2"
"0657","VIOLENT MALE","2"
"0517","POSS DOM VIOL","1"
"2056","242 DOM VIOL","2"
"1263","FIGHT","5"
"1267","AMB DOM VIOL","7"
"0721","242 BATTERY INVEST","10"
"1361","245 DOM VIOL SUSP NO","2"
"1801","POSS DOM VIOL I/P","1"
"1209","415 GROUP FIGHT","1"
"2136","CUTTING INV","1"
"0289","242 DOM VIOL SUSP","1"
"1377","DOM VIOL R/O","5"
"1102","DOM VIOL","7"
"1372","242 DOM VIOL J/O","1"
"1146","245 DOM VIOL","1"
"0656","245 AMB CUTTING","1"
"1974","BATTERY INVEST","1"
"1255","415 FIGHT","2"
"1266","DOM VIOL INVESTIGATI","1"
"0404","620 DOM VIOL","1"
"0904","415 FIGHT","1"
"0466","DOM VIOL SUSP","1"
"1781","BATTERY DOMESTIC VIO","1"
"1785","242 AMB DOM VIOL","1"
"1362","DOM VIOL J/O","1"
"1663","AMB CUTTING","3"
"0933","GROUP FIGHT","2"
"2093","242 POSS DOM VIOL","1"
"0478","242 DOM VIOL SUSP","1"
"1654","VIOLENT FEM","2"
"1535","DOM VIOL","29"
"1172","FIGHT","1"
"1465","DOM VIOL R/O","3"
"1342","GROUP FIGHT","2"
"2023","DOM VIOL J/O","1"
"1991","245 AMB DOM VIOL","1"
"0581","242 BATTERY INVEST","1"
"2054","DOM VIOL I/P","1"
"0524","GROUP FIGHT","1"
"0211","DOM VIOL SUSP","2"
"2013","FIGHT","3"
"0626","DOM VIOL SUSP NOW","1"
"1162","VIOLENT MALE","1"
"0361","BATTERY INVEST","1"
"1966","415 GROUP FIGHT","1"
"0646","FIGHT","22"
"0357","DOM VIOL SUSP","1"
"1682","DOM VIOL","12"
"0295","DOM VIOL R/O","6"
"0663","DOM VIOL R/O","3"
"1651","415 FIGHT","1"
"1762","DOM VIOL SUSP","2"
"0904","BATTERY DOMESTIC VIO","1"
"0459","DOM VIOL R/O","6"
"2036","DOM VIOL","10"
"1341","DOM VIOL","13"
"0585","DOM VIOL IN PROGRESS","1"
"1266","620 DOM VIOL R/O","13"
"1503","620 DOM VIOL","2"
"0153","620 DOM VIOL","10"
"0759","AMB DOM VIOL","1"
"0467","BATTERY DOMESTIC VIO","2"
"0511","FIGHT","6"
"1548","DOM VIOL SUSP NOW","3"
"0805","ATT DOM VIOL J/O","1"
"0859","VIOLENT FEM","1"
"0361","918 VIOLENT MALE","2"
"0218","242 DOM VIOL","7"
"1365","BATTERY INVEST","1"
"2133","DOM VIOL","7"
"2107","242 DOM VIOL","5"
"2004","DOM VIOL SUSP","2"
"1235","FIGHT","6"
"1352","242 BATTERY DOMESTIC","1"
"1708","DOM VIOL R/O","1"
"1263","242 BATTERY DOMESTIC","1"
"1982","DOM VIOL","21"
"0449","620 DOM VIOL","4"
"0307","AMB CUTTING","1"
"0916","BATTERY INVEST","1"
"1075","620 DOM VIOL","3"
"2021","245 DOM VIOL SUSP NO","1"
"1204","VIOLENT MALE","1"
"0398","245 DOM VIOL SUSP J/","1"
"1413","620 DOM VIOL","1"
"1373","242 DOM VIOL SUSP","1"
"1516","DOM VIOL R/O","5"
"2172","DOM VIOL","4"
"1504","FIGHT","5"
"1415","DOM VIOL","16"
"1414","DOM VIOL INVEST","1"
"0362","DOM VIOL SUSP NOW","5"
"1177","245 AMB CUTTING","2"
"2017","242 BATTERY INVEST","1"
"0628","BATTERY","1"
"2021","242 AMB DOM VIOL","1"
"0506","DOM VIOL R/O","10"
"1849","AMB DOM VIOL","2"
"1063","245 AMB CUTTING","1"
"1944","DOM VIOL","6"
"2147","DOM VIOL J/O","1"
"2069","DOM VIOL SUSP","3"
"1837","VIOLENT MALE","1"
"1141","ASSAULT INVEST","1"
"1035","DOM VIOL","22"
"2079","BATTERY DOMESTIC VIO","1"
"1135","DOM VIOL IN PROGRESS","1"
"0317","245 ADW POSS DOM VIO","1"
"0628","DOM VIOL INVESTIGATI","1"
"0257","CUTTING INV","3"
"0813","DOM VIOL","3"
"0775","FIGHT","5"
"0901","242 BATTERY INVEST","2"
"1682","GROUP FIGHT","1"
"1208","242 DOM VIOL SUSP","1"
"0989","245 DOM VIOL","2"
"0439","DOM VIOL INVESTIGATI","2"
"0312","DOM VIOL IN PROGRESS","1"
"0408","245 DOM VIOL","1"
"1695","DOM VIOL SUSP NOW","1"
"0131","242 DOM VIOL","3"
"0467","242 DOM VIOL SUSP","1"
"0334","242 DOM VIOL SUSP","1"
"0852","DOM VIOL R/O","1"
"1958","DOM VIOL SUSP","3"
"0454","415 FIGHT","1"
"0643","AMB CUTTING","4"
"0648","242 DOM VIOL SUSP","1"
"1795","DOM VIOL SUSP","2"
"0135","245 DOM VIOL INVEST","1"
"1961","DOM VIOL SUSP","4"
"1555","245 DOM VIOL SUSP","1"
"0392","DOM VIOL SUSP NOW","2"
"2069","DOM VIOL","45"
"0181","DOM VIOL","4"
"0659","GROUP FIGHT","1"
"1283","242 POSS DOM VIOL","2"
"1538","415 FIGHT","4"
"0503","DOM VIOL","29"
"0362","415 FIGHT","1"
"0295","GROUP FIGHT","1"
"1962","242 DOM VIOL SUSP","1"
"0562","BATTERY DOMESTIC VIO","1"
"1795","AMB CUTTING","1"
"2033","GROUP FIGHT","2"
"1098","620 DOM VIOL","1"
"0529","242 DOM VIOL","7"
"2023","AMB DOM VIOL","4"
"2062","242 DOM VIOL","2"
"0219","415 GROUP FIGHT","1"
"1801","DOM VIOL J/O","1"
"1924","DOM VIOL SUSP NOW","1"
"1235","415 GROUP FIGHT","1"
"1703","918 VIOLENT MALE","1"
"1283","245 DOM VIOL SUSP","1"
"0361","VIOLENT FEM","3"
"1663","242 AMB DOM VIOL","1"
"0488","620 DOM VIOL R/O","2"
"0161","DOM VIOL","8"
"0221","415 FIGHT","3"
"1657","620 DOM VIOL R/O","4"
"1806","DOM VIOL INVESTIGATI","1"
"1311","DOM VIOL SUSP","1"
"1408","415 FIGHT","1"
"1171","DOM VIOL","7"
"1836","918 VIOLENT MALE","1"
"0164","242 DOM VIOL","12"
"1826","AMB DOM VIOL","2"
"1434","POSS DOM VIOL","1"
"1585","DOM VIOL SUSP NOW","1"
"1132","620 DOM VIOL","5"
"1506","GROUP FIGHT","4"
"1024","245 AMB CUTTING","1"
"1367","DOM VIOL","36"
"0231","GROUP FIGHT","1"
"2189","AMB FIGHT","1"
"1823","620 DOM VIOL","8"
"2134","DOM VIOL SUSP","2"
"2103","GROUP FIGHT","1"
"0452","620 DOM VIOL","1"
"1347","242 DOM VIOL SUSP","1"
"0702","VIOLENT FEM","1"
"0677","AMB FIGHT","1"
"0332","415 FIGHT","3"
"1621","242 POSS DOM VIOL","1"
"0411","DOM VIOL","5"
"0217","BATTERY INVEST","1"
"1303","DOM VIOL","4"
"1351","415 FIGHT","2"
"0943","ADW POSS DOM VIOL","1"
"1454","245 DOM VIOL","1"
"0514","POSS DOM VIOL","3"
"1944","DOM VIOL SUSP NOW","1"
"0452","DOM VIOL","8"
"1248","DOM VIOL SUSP","2"
"2158","BATTERY INVEST","2"
"1007","620 DOM VIOL R/O","2"
"1998","620 DOM VIOL R/O","2"
"0566","DOM VIOL","48"
"0191","242 POSS DOM VIOL","1"
"1023","AMB DOM VIOL","2"
"0409","242 DOM VIOL","5"
"0667","DOM VIOL","26"
"1132","FIGHT","6"
"1832","ATT DOM VIOL","1"
"1364","245 DOM VIOL SUSP","1"
"0464","415 GROUP FIGHT","1"
"0669","242 DOM VIOL R/O VIO","1"
"0562","GROUP FIGHT","1"
"1791","620 DOM VIOL","12"
"2025","918 VIOLENT FEM","1"
"1321","VIOLENT MALE","1"
"0509","BATTERY INVEST","1"
"0133","AMB CUTTING","1"
"0399","AMB CUTTING","2"
"1259","245 DOM VIOL","4"
"1391","DOM VIOL SUSP","2"
"0398","620 DOM VIOL R/O","13"
"0885","620 DOM VIOL","3"
"1791","DOM VIOL J/O","1"
"1961","415 FIGHT","2"
"0443","918 VIOLENT MALE","2"
"0406","BATTERY DOMESTIC VIO","1"
"1039","FIGHT","2"
"0457","245 AMB CUTTING","2"
"1596","DOM VIOL","4"
"0648","242 DOM VIOL","8"
"0247","VIOLENT FEM","1"
"1347","BATTERY DOMESTIC VIO","2"
"1836","DOM VIOL R/O","6"
"1033","245 DOM VIOL SUSP","1"
"0518","242 POSS DOM VIOL","2"
"1148","DOM VIOL","20"
"1665","245 DOM VIOL","1"
"0857","415 FIGHT","1"
"0337","620 DOM VIOL","3"
"1846","245 DOM VIOL SUSP NO","1"
"1443","CUTTING INV","1"
"0236","242 BATTERY INVEST","2"
"0585","DOM VIOL","39"
"1633","FIGHT","3"
"1611","415 FIGHT","2"
"0162","242 BATTERY DOMESTIC","2"
"0127","242 BATTERY INVEST","1"
"1599","242 DOM VIOL SUSP","1"
"1961","918 VIOLENT MALE","2"
"2022","242 DOM VIOL INVESTI","1"
"1917","BATTERY DOMESTIC VIO","1"
"0153","POSS DOM VIOL","1"
"2162","DOM VIOL","7"
"0821","DOM VIOL","2"
"2055","415 FIGHT","2"
"2044","AMB DOM VIOL","1"
"1354","VIOLENT MALE","2"
"1839","620 DOM VIOL","2"
"0783","242 DOM VIOL SUSP","1"
"1668","242 DOM VIOL","1"
"2038","245 DOM VIOL","1"
"0656","BATTERY INVEST","3"
"0506","AMB CUTTING","1"
"0517","DOM VIOL J/O","1"
"1931","620 DOM VIOL R/O","1"
"1797","FIGHT","2"
"0941","242 POSS DOM VIOL","1"
"0147","BATTERY DOMESTIC VIO","1"
"1832","245 DOM VIOL INVEST","1"
"1555","918 VIOLENT MALE","1"
"0842","VIOLENT MALE","1"
"0241","FIGHT","3"
"0241","620 DOM VIOL R/O","2"
"0334","AMB DOM VIOL","1"
"1352","242 DOM VIOL J/O","1"
"0916","DOM VIOL R/O","2"
"1211","415 FIGHT","1"
"2088","DOM VIOL R/O","2"
"0782","DOM VIOL INVESTIGATI","6"
"1557","DOM VIOL SUSP","2"
"0901","AMB FIGHT","1"
"0489","BATTERY INVEST","1"
"1123","POSS DOM VIOL","1"
"0778","242 DOM VIOL","1"
"0453","DOM VIOL INVESTIGATI","7"
"1409","VIOLENT MALE","1"
"2088","242 BATTERY INVEST","1"
"1891","242 DOM VIOL","5"
"0247","620 DOM VIOL","2"
"0261","245 DOM VIOL SUSP NO","1"
"1602","DOM VIOL J/O","1"
"1708","242 DOM VIOL","4"
"1044","DOM VIOL SUSP","2"
"1431","245 DOM VIOL R/O","1"
"0165","DOM VIOL INVESTIGATI","1"
"1215","620 DOM VIOL R/O","4"
"1524","620 DOM VIOL R/O","1"
"0131","AMB DOM VIOL","1"
"0185","AMB CUTTING","3"
"2114","DOM VIOL","4"
"1538","620 DOM VIOL R/O","11"
"0357","620 DOM VIOL R/O","7"
"0174","DOM VIOL R/O","1"
"0784","DOM VIOL SUSP","1"
"0426","DOM VIOL R/O","2"
"1519","GROUP FIGHT","1"
"0906","POSS DOM VIOL","2"
"1529","242 POSS DOM VIOL","1"
"0889","242 DOM VIOL","1"
"0319","620 DOM VIOL R/O","1"
"0644","GROUP FIGHT","1"
"1963","242 AMB DOM VIOL","1"
"0398","242 POSS DOM VIOL","1"
"1535","AMB CUTTING","1"
"1971","AMB CUTTING","1"
"1984","AMB CUTTING","2"
"0737","DOM VIOL SUSP","1"
"0663","DOM VIOL","36"
"2017","245 ADW POSS DOM VIO","1"
"2118","288 ASSAULT INVEST","1"
