"rpt_dist","call_type_text","n"
"2001","242 DOM VIOL SUSP","1"
"0985","242 DOM VIOL","13"
"1044","242 POSS DOM VIOL","2"
"1821","245 AMB DOM VIOL","2"
"0391","415 FIGHT","3"
"1169","918 VIOLENT MALE","2"
"0669","918 VIOLENT FEM","2"
"1964","415 FIGHT","3"
"0157","620 DOM VIOL","9"
"0456","242 DOM VIOL","18"
"0392","620 DOM VIOL R/O","10"
"1097","242 DOM VIOL SUSP","3"
"0337","245 DOM VIOL SUSP","1"
"1794","242 DOM VIOL SUSP","4"
"1273","242 AMB DOM VIOL","2"
"0417","242 AMB DOM VIOL","1"
"1364","242 POSS DOM VIOL","3"
"1265","918 VIOLENT FEM","2"
"0192","242 BATTERY INVEST","44"
"1303","242 DOM VIOL","5"
"0235","242 BATTERY DOMESTIC","2"
"1102","620 DOM VIOL","4"
"0504","245 DOM VIOL SUSP","1"
"1431","245 DOM VIOL SUSP J/","1"
"1383","415 GROUP FIGHT","3"
"1352","242 AMB DOM VIOL","2"
"1931","245 CUTTING INV","8"
"1346","242 DOM VIOL SUSP","1"
"0377","620 DOM VIOL","33"
"1586","245 DOM VIOL","1"
"0459","415 FIGHT","5"
"0112","242 DOM VIOL","5"
"0805","620 DOM VIOL","2"
"0231","918 VIOLENT MALE","1"
"2027","242 DOM VIOL","20"
"0237","242 POSS DOM VIOL","5"
"0257","242 DOM VIOL INVESTI","9"
"0519","620 DOM VIOL","10"
"1341","918 VIOLENT FEM","2"
"1735","620 DOM VIOL R/O","4"
"0351","415 GROUP FIGHT","1"
"0562","245 DOM VIOL","1"
"1783","242 DOM VIOL","1"
"0257","415 FIGHT","5"
"0851","242 BATTERY DOMESTIC","1"
"1412","245 AMB CUTTING","5"
"1253","242 DOM VIOL","14"
"0625","415 FIGHT","2"
"1269","245 AMB CUTTING","5"
"0782","245 CUTTING INV","2"
"2034","415 FIGHT","3"
"0239","242 BATTERY INVEST","1"
"1707","245 DOM VIOL SUSP NO","1"
"0656","918 VIOLENT MALE","2"
"1531","245 DOM VIOL","1"
"0735","245 DOM VIOL SUSP","1"
"1351","620 DOM VIOL R/O","14"
"1184","415 FIGHT","4"
"0789","620 DOM VIOL R/O","6"
"1252","620 DOM VIOL R/O","5"
"0463","245 AMB CUTTING","1"
"0318","242 DOM VIOL","4"
"1606","242 DOM VIOL","6"
"1921","245 AMB CUTTING","2"
"2079","415 FIGHT","5"
"1005","242 AMB DOM VIOL","1"
"0212","415 GROUP FIGHT","3"
"0831","242 DOM VIOL","6"
"1638","415 FIGHT","3"
"1961","415 GROUP FIGHT","2"
"2017","620 DOM VIOL","15"
"1669","242 POSS DOM VIOL","1"
"0909","242 DOM VIOL SUSP","7"
"0467","415 GROUP FIGHT","3"
"1259","242 AMB DOM VIOL","2"
"0464","242 POSS DOM VIOL","3"
"2011","242 DOM VIOL","7"
"1438","242 AMB DOM VIOL","1"
"0266","242 BATTERY DOMESTIC","1"
"1268","918 VIOLENT MALE","2"
"0935","207 DOM VIOL INVEST","1"
"0647","245 CUTTING INV","1"
"1342","415 GROUP FIGHT","3"
"2056","245 AMB CUTTING","2"
"1125","620 DOM VIOL","5"
"1253","415 GROUP FIGHT","3"
"1802","242 DOM VIOL INVESTI","2"
"1406","242 DOM VIOL SUSP","1"
"0558","415 FIGHT","6"
"0121","415 FIGHT","2"
"1353","620 DOM VIOL R/O","16"
"1176","245 DOM VIOL","1"
"0497","242 DOM VIOL","17"
"0477","620 DOM VIOL R/O","10"
"0525","242 BATTERY","1"
"1501","620 DOM VIOL","8"
"1021","620 DOM VIOL R/O","5"
"2156","242 DOM VIOL INVESTI","1"
"1487","242 BATTERY INVEST","1"
"0964","245 AMB DOM VIOL","1"
"1602","242 DOM VIOL","15"
"1023","620 DOM VIOL R/O","5"
"1502","415 FIGHT","2"
"1268","245 DOM VIOL IN PROG","2"
"1239","242 DOM VIOL SUSP","10"
"0289","620 DOM VIOL","6"
"1792","242 DOM VIOL INVESTI","1"
"1157","242 DOM VIOL","1"
"1412","242 DOM VIOL SUSP","1"
"1414","918 VIOLENT MALE","1"
"1443","245 AMB CUTTING","1"
"1987","620 DOM VIOL","10"
"0248","620 DOM VIOL R/O","12"
"0489","415 FIGHT","2"
"2126","415 GROUP FIGHT","1"
"1617","620 DOM VIOL","10"
"0334","207 DOM VIOL I/P","1"
"1089","620 DOM VIOL","2"
"0231","620 DOM VIOL R/O","3"
"0562","242 BATTERY DOMESTIC","1"
"1464","242 BATTERY INVEST","1"
"0374","242 DOM VIOL R/O VIO","1"
"1802","242 DOM VIOL","46"
"2069","242 DOM VIOL INVESTI","1"
"2083","415 FIGHT","1"
"0775","620 DOM VIOL","15"
"1981","918 VIOLENT MALE","2"
"0166","245 AMB CUTTING","17"
"2079","242 DOM VIOL SUSP","1"
"1745","415 FIGHT","3"
"1522","415 FIGHT","2"
"0463","242 DOM VIOL SUSP","1"
"0466","245 DOM VIOL","3"
"1363","242 POSS DOM VIOL","3"
"1113","242 BATTERY DOMESTIC","1"
"0265","245 AMB CUTTING","8"
"1373","620 DOM VIOL","14"
"0883","245 DOM VIOL","2"
"0504","242 POSS DOM VIOL","1"
"2156","245 AMB DOM VIOL","1"
"1643","245 AMB CUTTING","2"
"0395","242 DOM VIOL","40"
"1529","242 DOM VIOL","6"
"1044","242 BATTERY INVEST","12"
"0416","242 DOM VIOL SUSP","1"
"0456","242 BATTERY DOMESTIC","3"
"1633","242 BATTERY DOMESTIC","2"
"0946","245 DOM VIOL IN PROG","1"
"1011","245 DOM VIOL IN PROG","1"
"0732","242 POSS DOM VIOL","1"
"1921","415 FIGHT","7"
"1455","242 POSS DOM VIOL","1"
"0468","242 POSS DOM VIOL","1"
"1985","242 DOM VIOL","42"
"0506","242 DOM VIOL INVESTI","2"
"1685","242 DOM VIOL INVESTI","1"
"1241","245 DOM VIOL","14"
"1433","242 DOM VIOL","5"
"1326","245 DOM VIOL","1"
"0801","242 DOM VIOL","2"
"0269","242 DOM VIOL INVESTI","1"
"1115","245 DOM VIOL","1"
"1205","245 AMB CUTTING","2"
"0667","918 VIOLENT MALE","1"
"1488","242 BATTERY INVEST","4"
"0615","415 GROUP FIGHT","1"
"1805","242 DOM VIOL","12"
"2138","245 DOM VIOL","1"
"0138","242 BATTERY","1"
"0408","242 DOM VIOL SUSP","2"
"0321","242 DOM VIOL SUSP","2"
"1363","415 FIGHT","5"
"1861","620 DOM VIOL R/O","9"
"0315","245 DOM VIOL SUSP","2"
"1256","242 BATTERY","1"
"1849","242 POSS DOM VIOL","3"
"0245","918 VIOLENT MALE","1"
"1127","242 DOM VIOL SUSP","1"
"0334","245 DOM VIOL","4"
"0374","242 POSS DOM VIOL","1"
"1407","245 DOM VIOL SUSP NO","1"
"2146","620 DOM VIOL","28"
"1363","245 DOM VIOL","2"
"1151","242 AMB DOM VIOL","1"
"2036","242 BATTERY DOMESTIC","1"
"2076","245 DOM VIOL","1"
"1993","620 DOM VIOL","6"
"0663","415 FIGHT","16"
"2115","242 BATTERY DOMESTIC","1"
"1835","245 AMB CUTTING","1"
"0835","415 GROUP FIGHT","1"
"0787","620 DOM VIOL R/O","1"
"1183","242 BATTERY INVEST","1"
"0378","242 BATTERY INVEST","2"
"0509","245 DOM VIOL INVEST","1"
"1414","245 DOM VIOL","2"
"0775","242 DOM VIOL","5"
"0336","415 FIGHT","5"
"0448","620 DOM VIOL R/O","6"
"0705","620 DOM VIOL","1"
"1293","242 POSS DOM VIOL","1"
"0649","242 POSS DOM VIOL","1"
"2029","242 DOM VIOL","15"
"0961","620 DOM VIOL R/O","3"
"1735","242 BATTERY DOMESTIC","1"
"1235","242 AMB DOM VIOL","3"
"1781","245 AMB DOM VIOL","1"
"1273","415 FIGHT","9"
"1256","242 DOM VIOL SUSP","4"
"0204","918 VIOLENT MALE","1"
"0895","918 VIOLENT FEM","1"
"0969","620 DOM VIOL","6"
"0146","620 DOM VIOL R/O","1"
"2115","918 VIOLENT FEM","1"
"2011","242 BATTERY","1"
"0357","242 DOM VIOL INVESTI","1"
"0817","620 DOM VIOL","3"
"0248","245 AMB DOM VIOL","1"
"0205","242 BATTERY INVEST","1"
"0439","242 BATTERY DOMESTIC","2"
"1925","245 AMB DOM VIOL","1"
"1659","242 BATTERY INVEST","1"
"0647","242 AMB DOM VIOL","3"
"1381","242 BATTERY INVEST","3"
"1309","242 DOM VIOL","13"
"1915","415 FIGHT","3"
"2055","242 DOM VIOL","19"
"1003","245 DOM VIOL","3"
"1529","242 BATTERY INVEST","3"
"0337","918 VIOLENT MALE","2"
"2185","620 DOM VIOL","6"
"0314","242 BATTERY DOMESTIC","3"
"1838","918 VIOLENT MALE","5"
"0376","242 BATTERY INVEST","2"
"0269","242 BATTERY INVEST","2"
"1924","242 BATTERY INVEST","1"
"0701","918 VIOLENT MALE","1"
"1835","242 AMB DOM VIOL","1"
"1822","245 DOM VIOL","12"
"0354","245 DOM VIOL","2"
"1912","242 DOM VIOL","3"
"0813","415 FIGHT","2"
"1018","415 FIGHT","6"
"1362","620 DOM VIOL","23"
"0567","242 DOM VIOL SUSP","1"
"1983","242 DOM VIOL J/O","1"
"1375","620 DOM VIOL R/O","7"
"2128","242 DOM VIOL J/O","1"
"0455","918 VIOLENT FEM","2"
"0313","242 BATTERY DOMESTIC","1"
"0138","245 DOM VIOL SUSP NO","1"
"1995","242 AMB DOM VIOL","1"
"0156","242 BATTERY DOMESTIC","3"
"1966","415 FIGHT","3"
"0711","207 DOM VIOL SUSP","1"
"1109","620 DOM VIOL","4"
"1268","242 DOM VIOL SUSP","11"
"0275","415 FIGHT","3"
"1891","245 AMB DOM VIOL J/O","1"
"0643","242 DOM VIOL SUSP","7"
"0265","242 DOM VIOL","26"
"0163","245 DOM VIOL R/O","1"
"0235","245 DOM VIOL SUSP NO","2"
"0827","415 FIGHT","5"
"0985","242 DOM VIOL J/O","1"
"1539","242 DOM VIOL SUSP","2"
"0331","620 DOM VIOL R/O","4"
"2029","245 ADW","1"
"1511","242 DOM VIOL","4"
"0238","242 DOM VIOL SUSP","3"
"0525","245 CUTTING INV","2"
"1004","245 AMB CUTTING","1"
"1497","245 DOM VIOL SUSP","2"
"1919","242 DOM VIOL INVESTI","1"
"1067","242 POSS DOM VIOL","1"
"0422","242 BATTERY INVEST","1"
"1987","245 CUTTING INV","2"
"0111","415 AMB FIGHT","1"
"0858","918 VIOLENT MALE","1"
"1557","242 BATTERY DOMESTIC","1"
"0418","620 DOM VIOL","5"
"0852","242 DOM VIOL J/O","1"
"1383","242 DOM VIOL INVESTI","1"
"1248","242 BATTERY INVEST","1"
"0463","242 BATTERY DOMESTIC","1"
"1266","245 DOM VIOL INVEST","2"
"0466","620 DOM VIOL R/O","4"
"1836","245 DOM VIOL","3"
"1539","242 BATTERY INVEST","1"
"0943","242 AMB DOM VIOL","1"
"1793","918 VIOLENT MALE","1"
"1242","245 DOM VIOL INVEST","1"
"0141","242 POSS DOM VIOL","1"
"1615","415 FIGHT","5"
"0313","242 BATTERY INVEST","1"
"0898","415 FIGHT","2"
"1623","918 VIOLENT FEM","1"
"0889","415 FIGHT","11"
"0341","415 GROUP FIGHT","1"
"1067","242 DOM VIOL SUSP","2"
"0466","245 DOM VIOL SUSP","3"
"1373","918 VIOLENT MALE","2"
"1449","242 BATTERY INVEST","3"
"0301","245 ADW","1"
"2035","245 DOM VIOL SUSP","1"
"1998","245 ADW POSS DOM VIO","1"
"1727","242 BATTERY INVEST","1"
"1346","245 DOM VIOL","4"
"1175","415 FIGHT","2"
"1119","415 FIGHT","1"
"1781","415 GROUP FIGHT","4"
"1802","242 BATTERY INVEST","1"
"0974","245 DOM VIOL SUSP NO","1"
"0523","245 DOM VIOL SUSP NO","1"
"1863","242 AMB DOM VIOL","3"
"0625","242 POSS DOM VIOL","1"
"1001","245 DOM VIOL SUSP NO","1"
"0119","242 AMB DOM VIOL","2"
"1657","620 DOM VIOL","21"
"1653","620 DOM VIOL R/O","11"
"2147","620 DOM VIOL","2"
"0812","242 DOM VIOL","1"
"1243","245 ADW POSS DOM VIO","2"
"1745","242 DOM VIOL","11"
"0437","918 VIOLENT MALE","1"
"1491","242 DOM VIOL SUSP","3"
"1684","245 DOM VIOL","3"
"1463","242 DOM VIOL SUSP","1"
"1871","415 FIGHT","2"
"0511","242 DOM VIOL SUSP","2"
"1672","242 DOM VIOL","3"
"2083","245 DOM VIOL SUSP","1"
"0643","245 ADW POSS DOM VIO","2"
"0233","245 DOM VIOL","1"
"1162","242 BATTERY","1"
"0883","242 BATTERY","1"
"1967","620 DOM VIOL","10"
"0221","620 DOM VIOL R/O","5"
"1163","242 DOM VIOL J/O","1"
"1245","245 DOM VIOL SUSP NO","2"
"0851","242 DOM VIOL","3"
"1838","242 AMB DOM VIOL","1"
"1127","415 FIGHT","3"
"1954","415 FIGHT","3"
"0362","242 BATTERY","2"
"2079","620 DOM VIOL","11"
"2146","242 BATTERY DOMESTIC","3"
"0305","620 DOM VIOL","5"
"0221","245 ADW POSS DOM VIO","1"
"0236","245 ADW POSS DOM VIO","2"
"1343","242 AMB DOM VIOL","1"
"0129","620 DOM VIOL","1"
"1233","242 BATTERY INVEST","7"
"0923","620 DOM VIOL R/O","3"
"1524","245 DOM VIOL SUSP","1"
"0526","242 BATTERY INVEST","2"
"0403","245 DOM VIOL SUSP J/","1"
"0585","245 DOM VIOL SUSP","1"
"0407","415 GROUP FIGHT","1"
"0737","620 DOM VIOL","7"
"1903","242 DOM VIOL INVESTI","5"
"0632","415 GROUP FIGHT","2"
"0363","242 BATTERY DOMESTIC","3"
"1033","620 DOM VIOL","14"
"0522","242 DOM VIOL SUSP","6"
"0759","242 DOM VIOL SUSP","1"
"1781","620 DOM VIOL R/O","11"
"1925","242 DOM VIOL","10"
"0308","242 AMB DOM VIOL","2"
"2138","242 DOM VIOL SUSP","3"
"0218","415 FIGHT","10"
"1331","620 DOM VIOL","22"
"1218","242 BATTERY DOMESTIC","2"
"0984","918 VIOLENT MALE","2"
"0192","620 DOM VIOL","27"
"1987","620 DOM VIOL R/O","2"
"0266","242 DOM VIOL SUSP","5"
"1001","415 GROUP FIGHT","1"
"0129","207 POSS DOM VIOL I/","1"
"0501","242 DOM VIOL","10"
"2183","242 POSS DOM VIOL","1"
"0148","415 FIGHT","1"
"1925","242 AMB DOM VIOL","1"
"1116","620 DOM VIOL","2"
"0566","242 DOM VIOL SUSP","4"
"2183","245 DOM VIOL","1"
"1612","620 DOM VIOL R/O","11"
"0727","415 FIGHT","2"
"0782","242 BATTERY INVEST","28"
"2145","918 VIOLENT MALE","2"
"1393","245 AMB CUTTING","1"
"1864","245 AMB CUTTING","3"
"2069","620 DOM VIOL R/O","4"
"0305","242 DOM VIOL SUSP","1"
"0489","245 DOM VIOL IN PROG","1"
"0971","415 FIGHT","4"
"1211","245 AMB CUTTING","5"
"1708","242 DOM VIOL INVESTI","1"
"2146","245 DOM VIOL INVEST","2"
"1017","918 VIOLENT MALE","3"
"0882","918 VIOLENT MALE","1"
"1838","620 DOM VIOL R/O","11"
"1503","620 DOM VIOL R/O","5"
"0499","242 BATTERY INVEST","1"
"0915","242 AMB DOM VIOL","1"
"1589","415 FIGHT","2"
"0162","245 DOM VIOL","4"
"1321","245 ADW POSS DOM VIO","1"
"0734","242 DOM VIOL","15"
"1557","918 VIOLENT FEM","1"
"1951","415 GROUP FIGHT","3"
"1266","245 AMB DOM VIOL","1"
"0454","242 BATTERY DOMESTIC","1"
"0914","918 VIOLENT MALE","1"
"1044","918 VIOLENT FEM","2"
"1273","242 BATTERY INVEST","2"
"2091","918 VIOLENT FEM","1"
"2019","242 POSS DOM VIOL","4"
"0528","620 DOM VIOL R/O","20"
"1407","415 GROUP FIGHT","1"
"2177","242 BATTERY INVEST","25"
"1375","242 POSS DOM VIOL","2"
"1747","415 GROUP FIGHT","1"
"1831","620 DOM VIOL R/O","10"
"1025","620 DOM VIOL R/O","3"
"0332","918 VIOLENT FEM","1"
"1283","245 DOM VIOL","5"
"1532","415 FIGHT","5"
"1235","620 DOM VIOL","28"
"2025","245 DOM VIOL IN PROG","1"
"0648","620 DOM VIOL","13"
"1037","242 DOM VIOL","4"
"1024","242 AMB DOM VIOL","1"
"0764","245 AMB DOM VIOL","1"
"0139","242 DOM VIOL SUSP","1"
"0511","245 ADW","1"
"2076","245 CUTTING INV","1"
"1532","242 DOM VIOL","5"
"0275","415 GROUP FIGHT","1"
"1208","242 DOM VIOL","29"
"0406","242 DOM VIOL","4"
"0926","415 GROUP FIGHT","1"
"2019","242 DOM VIOL INVESTI","1"
"1083","415 FIGHT","1"
"0858","620 DOM VIOL","3"
"2027","242 BATTERY DOMESTIC","1"
"0778","415 FIGHT","1"
"2033","918 VIOLENT MALE","2"
"0932","415 FIGHT","2"
"0904","918 VIOLENT MALE","2"
"0271","415 GROUP FIGHT","1"
"0321","245 AMB CUTTING","3"
"0166","415 MAJ GRP FIGHT","1"
"1618","620 DOM VIOL","2"
"1826","242 DOM VIOL INVESTI","1"
"0822","415 FIGHT","2"
"1758","415 FIGHT","4"
"1908","918 VIOLENT MALE","3"
"0163","242 AMB DOM VIOL","1"
"0147","242 BATTERY DOMESTIC","2"
"0783","620 DOM VIOL","8"
"0933","245 CUTTING INV","1"
"0176","415 AMB FIGHT","1"
"0462","620 DOM VIOL R/O","1"
"0529","242 DOM VIOL J/O","2"
"1218","620 DOM VIOL R/O","12"
"0491","245 DOM VIOL SUSP","2"
"0211","620 DOM VIOL R/O","9"
"0643","245 DOM VIOL SUSP","1"
"1372","242 DOM VIOL INVESTI","1"
"1548","415 GROUP FIGHT","1"
"0233","415 FIGHT","9"
"1134","242 DOM VIOL","8"
"0237","245 AMB DOM VIOL","3"
"0462","242 DOM VIOL","3"
"0408","415 FIGHT","3"
"1027","242 DOM VIOL","8"
"1519","242 AMB DOM VIOL","1"
"0265","620 DOM VIOL R/O","4"
"1145","242 AMB DOM VIOL","1"
"1891","620 DOM VIOL","11"
"1021","415 FIGHT","3"
"1801","620 DOM VIOL R/O","15"
"1761","620 DOM VIOL R/O","2"
"0156","245 ADW POSS DOM VIO","1"
"0911","245 DOM VIOL SUSP NO","1"
"2129","242 DOM VIOL SUSP","2"
"0558","242 DOM VIOL INVESTI","1"
"0326","242 BATTERY DOMESTIC","2"
"1902","415 FIGHT","5"
"0375","245 DOM VIOL","2"
"1764","242 BATTERY INVEST","4"
"1232","242 POSS DOM VIOL","1"
"1539","620 DOM VIOL R/O","3"
"1827","245 DOM VIOL","7"
"1001","245 DOM VIOL","4"
"1313","415 GROUP FIGHT","4"
"2125","242 AMB DOM VIOL","2"
"1395","242 DOM VIOL SUSP","4"
"0901","245 AMB CUTTING","1"
"0911","245 DOM VIOL SUSP","1"
"1043","242 BATTERY DOMESTIC","1"
"1917","242 BATTERY INVEST","3"
"0407","242 BATTERY INVEST","1"
"1181","620 DOM VIOL","9"
"0558","242 AMB DOM VIOL","2"
"0279","620 DOM VIOL R/O","3"
"1837","918 VIOLENT FEM","2"
"0201","242 AMB DOM VIOL","1"
"0639","242 DOM VIOL","9"
"0984","620 DOM VIOL R/O","1"
"1412","415 FIGHT","14"
"0943","918 VIOLENT FEM","1"
"1044","242 DOM VIOL R/O VIO","3"
"1425","415 FIGHT","2"
"2046","620 DOM VIOL R/O","3"
"1079","245 ADW POSS DOM VIO","1"
"1303","242 DOM VIOL J/O","1"
"1827","242 AMB DOM VIOL","6"
"2058","918 VIOLENT MALE","1"
"0758","245 DOM VIOL IN PROG","1"
"1258","918 VIOLENT MALE","5"
"0721","415 GROUP FIGHT","2"
"2022","415 FIGHT","11"
"0519","245 DOM VIOL SUSP","1"
"0163","415 FIGHT","6"
"1265","242 POSS DOM VIOL","4"
"0645","242 AMB DOM VIOL","5"
"1517","245 AMB CUTTING","1"
"1827","245 AMB CUTTING","3"
"0289","918 VIOLENT MALE","1"
"2074","415 FIGHT","3"
"1004","242 DOM VIOL","12"
"1364","242 DOM VIOL SUSP","3"
"0333","918 VIOLENT MALE","2"
"1664","245 AMB DOM VIOL","1"
"1162","245 DOM VIOL SUSP NO","1"
"1511","242 BATTERY INVEST","2"
"0678","242 BATTERY DOMESTIC","1"
"0884","242 BATTERY INVEST","2"
"1488","918 VIOLENT FEM","1"
"0241","242 DOM VIOL","11"
"1477","918 VIOLENT MALE","2"
"0176","620 DOM VIOL R/O","5"
"0448","245 DOM VIOL","1"
"1999","918 VIOLENT MALE","3"
"2053","242 DOM VIOL","13"
"0819","245 AMB CUTTING","1"
"2104","242 DOM VIOL J/O","1"
"0499","620 DOM VIOL R/O","2"
"0249","245 AMB DOM VIOL","1"
"0312","620 DOM VIOL R/O","5"
"0138","242 DOM VIOL J/O","1"
"0721","245 DOM VIOL SUSP NO","1"
"1322","245 AMB DOM VIOL","1"
"1367","242 BATTERY INVEST","3"
"1835","415 FIGHT","1"
"1612","242 POSS DOM VIOL","1"
"1023","918 VIOLENT JUV","1"
"1346","415 GROUP FIGHT","3"
"1998","245 DOM VIOL SUSP NO","1"
"0561","242 POSS DOM VIOL","1"
"0363","245 AMB DOM VIOL","2"
"1175","620 DOM VIOL","1"
"0701","245 DOM VIOL","2"
"1146","242 BATTERY DOMESTIC","2"
"1149","245 AMB CUTTING","1"
"1341","242 DOM VIOL","10"
"1705","415 GROUP FIGHT","1"
"2139","242 DOM VIOL","14"
"0138","620 DOM VIOL","12"
"1463","620 DOM VIOL","9"
"1591","918 VIOLENT MALE","1"
"1529","620 DOM VIOL R/O","4"
"1041","918 VIOLENT JUV","1"
"0308","415 FIGHT","4"
"1563","620 DOM VIOL","7"
"1605","245 DOM VIOL","1"
"0376","620 DOM VIOL R/O","31"
"0989","415 FIGHT","3"
"1463","620 DOM VIOL R/O","2"
"1003","918 VIOLENT MALE","1"
"0558","245 DOM VIOL SUSP NO","2"
"0257","245 DOM VIOL","5"
"1701","620 DOM VIOL R/O","7"
"1985","245 DOM VIOL SUSP J/","2"
"1747","620 DOM VIOL","6"
"0669","918 VIOLENT MALE","1"
"1762","245 ADW","1"
"1434","242 DOM VIOL J/O","1"
"1842","245 AMB DOM VIOL","2"
"0521","245 DOM VIOL IN PROG","1"
"1526","242 DOM VIOL INVESTI","3"
"0647","620 DOM VIOL R/O","7"
"1612","415 FIGHT","5"
"1543","242 BATTERY INVEST","8"
"1395","242 DOM VIOL INVESTI","5"
"0379","245 DOM VIOL SUSP NO","3"
"1612","245 DOM VIOL INVEST","1"
"0151","245 AMB CUTTING","4"
"0231","242 BATTERY INVEST","2"
"0742","620 DOM VIOL","2"
"1601","415 GROUP FIGHT","2"
"1464","242 DOM VIOL INVESTI","1"
"0362","242 POSS DOM VIOL","7"
"0426","918 VIOLENT JUV","1"
"1233","620 DOM VIOL R/O","44"
"1509","242 DOM VIOL INVESTI","1"
"0363","245 ADW POSS DOM VIO","3"
"0185","242 POSS DOM VIOL","1"
"0377","242 AMB DOM VIOL","3"
"2126","242 BATTERY INVEST","2"
"0774","242 AMB DOM VIOL","1"
"1791","242 BATTERY DOMESTIC","2"
"2034","245 AMB CUTTING","1"
"1983","242 DOM VIOL SUSP","5"
"1102","918 VIOLENT FEM","1"
"0985","918 VIOLENT FEM","2"
"2033","415 GROUP FIGHT","4"
"0363","242 DOM VIOL","44"
"1915","620 DOM VIOL R/O","6"
"0775","242 BATTERY INVEST","1"
"1491","245 AMB DOM VIOL","1"
"1371","245 DOM VIOL SUSP NO","2"
"1001","242 DOM VIOL","13"
"1127","620 DOM VIOL","5"
"1541","620 DOM VIOL","8"
"0269","242 DOM VIOL SUSP","3"
"2062","620 DOM VIOL R/O","4"
"1802","620 DOM VIOL","72"
"1007","242 BATTERY DOMESTIC","1"
"0961","242 BATTERY INVEST","1"
"0313","242 POSS DOM VIOL","1"
"1469","415 GROUP FIGHT","3"
"0354","242 DOM VIOL J/O","1"
"0905","620 DOM VIOL R/O","9"
"0911","242 BATTERY DOMESTIC","2"
"1723","415 FIGHT","9"
"0851","242 BATTERY INVEST","1"
"1063","245 CUTTING INV","1"
"0946","242 DOM VIOL","7"
"1912","620 DOM VIOL","1"
"0817","242 DOM VIOL","5"
"1465","242 DOM VIOL","3"
"1293","242 DOM VIOL","1"
"0217","245 DOM VIOL IN PROG","1"
"1821","415 FIGHT","23"
"1015","245 ADW POSS DOM VIO","2"
"0914","242 BATTERY INVEST","20"
"1612","242 DOM VIOL","13"
"1063","620 DOM VIOL","15"
"1622","415 FIGHT","2"
"0835","242 DOM VIOL","11"
"1595","242 AMB DOM VIOL","1"
"1599","415 FIGHT","1"
"1793","245 ADW POSS DOM VIO","1"
"1795","242 POSS DOM VIOL","1"
"0566","242 DOM VIOL","41"
"0318","245 DOM VIOL","1"
"1832","242 BATTERY","1"
"1381","242 POSS DOM VIOL","1"
"1822","620 DOM VIOL","60"
"0363","245 DOM VIOL SUSP NO","2"
"1747","918 VIOLENT MALE","1"
"1176","620 DOM VIOL R/O","1"
"1934","620 DOM VIOL R/O","2"
"0363","415 FIGHT","16"
"0526","242 DOM VIOL","7"
"1322","620 DOM VIOL R/O","6"
"0454","245 DOM VIOL","2"
"1177","245 DOM VIOL SUSP J/","1"
"1027","415 FIGHT","3"
"0443","620 DOM VIOL R/O","3"
"0989","620 DOM VIOL R/O","3"
"1406","242 AMB DOM VIOL","2"
"0353","415 FIGHT","3"
"1124","415 FIGHT","2"
"0439","620 DOM VIOL","39"
"0398","242 BATTERY INVEST","2"
"1613","415 FIGHT","4"
"1588","242 DOM VIOL SUSP","1"
"1148","415 FIGHT","2"
"0355","242 DOM VIOL SUSP","2"
"0426","242 BATTERY DOMESTIC","2"
"1129","242 DOM VIOL INVESTI","1"
"2139","620 DOM VIOL","18"
"0702","415 FIGHT","10"
"1393","245 DOM VIOL SUSP","3"
"1252","918 VIOLENT JUV","1"
"1785","245 DOM VIOL","2"
"1152","918 VIOLENT MALE","1"
"0941","245 DOM VIOL SUSP","1"
"0522","242 AMB DOM VIOL","1"
"0503","242 DOM VIOL SUSP","3"
"1129","242 DOM VIOL J/O","1"
"1924","245 DOM VIOL INVEST","1"
"0752","415 FIGHT","5"
"1691","620 DOM VIOL","4"
"0759","245 DOM VIOL SUSP NO","1"
"1849","620 DOM VIOL R/O","7"
"0706","242 DOM VIOL INVESTI","1"
"0648","242 BATTERY DOMESTIC","2"
"1801","245 ADW POSS DOM VIO","3"
"1969","242 POSS DOM VIOL","1"
"1581","620 DOM VIOL","11"
"1525","918 VIOLENT MALE","3"
"1871","242 DOM VIOL","11"
"1102","415 FIGHT","5"
"0824","415 GROUP FIGHT","2"
"0379","918 VIOLENT FEM","2"
"0646","242 BATTERY DOMESTIC","2"
"2004","918 VIOLENT FEM","2"
"2105","245 ADW POSS DOM VIO","1"
"1801","620 DOM VIOL","49"
"0753","620 DOM VIOL","5"
"1522","245 DOM VIOL","1"
"0445","245 DOM VIOL SUSP NO","1"
"1283","918 VIOLENT FEM","6"
"0541","415 FIGHT","9"
"2024","415 GROUP FIGHT","4"
"1213","242 DOM VIOL J/O","1"
"1979","242 DOM VIOL INVESTI","1"
"0361","245 AMB CUTTING","6"
"1682","245 DOM VIOL INVEST","1"
"0148","918 VIOLENT FEM","1"
"0783","288 ASSAULT INVEST","1"
"1585","242 DOM VIOL","15"
"1715","620 DOM VIOL","1"
"0315","242 BATTERY DOMESTIC","1"
"1078","245 DOM VIOL SUSP NO","1"
"0171","245 AMB CUTTING","1"
"1435","245 DOM VIOL","1"
"1994","620 DOM VIOL","13"
"1549","918 VIOLENT MALE","1"
"0127","620 DOM VIOL","1"
"1181","918 VIOLENT FEM","1"
"0393","245 DOM VIOL","3"
"0428","415 FIGHT","1"
"1437","245 AMB DOM VIOL SUS","1"
"1529","245 DOM VIOL SUSP NO","1"
"0935","245 DOM VIOL SUSP J/","1"
"2187","245 AMB CUTTING","2"
"0531","245 AMB CUTTING","1"
"0122","415 FIGHT","3"
"0412","918 VIOLENT MALE","1"
"1864","242 BATTERY DOMESTIC","1"
"2046","242 BATTERY DOMESTIC","1"
"0332","620 DOM VIOL","8"
"0736","415 FIGHT","2"
"0832","245 DOM VIOL SUSP NO","1"
"1248","620 DOM VIOL","38"
"1998","242 BATTERY INVEST","1"
"0666","245 DOM VIOL SUSP NO","1"
"1018","245 DOM VIOL","1"
"1406","415 FIGHT","6"
"1367","242 DOM VIOL","23"
"0525","242 POSS DOM VIOL","3"
"1543","620 DOM VIOL R/O","12"
"0138","242 DOM VIOL INVESTI","1"
"2175","242 DOM VIOL J/O","2"
"0353","242 BATTERY DOMESTIC","1"
"1569","242 DOM VIOL","1"
"1651","242 DOM VIOL J/O","2"
"1841","242 POSS DOM VIOL","6"
"0437","620 DOM VIOL R/O","7"
"0451","415 FIGHT","3"
"0985","245 DOM VIOL","4"
"1654","242 DOM VIOL R/O VIO","1"
"1994","242 BATTERY INVEST","30"
"1436","415 FIGHT","2"
"1906","415 FIGHT","1"
"0271","242 DOM VIOL J/O","2"
,"245 DOM VIOL","2"
"1543","918 VIOLENT FEM","2"
"0489","245 AMB CUTTING","1"
"0858","415 FIGHT","2"
"1752","415 FIGHT","4"
"0715","415 FIGHT","1"
"0448","242 DOM VIOL","11"
"2146","245 AMB DOM VIOL","1"
"0138","242 BATTERY INVEST","1"
"1139","242 AMB DOM VIOL","2"
"0909","415 FIGHT","5"
"0933","245 DOM VIOL SUSP NO","1"
"1211","620 DOM VIOL","42"
"2107","918 VIOLENT MALE","2"
"0939","245 ADW","1"
"0782","245 DOM VIOL INVEST","1"
"1535","242 DOM VIOL","10"
"0948","245 DOM VIOL","1"
"0393","918 VIOLENT MALE","1"
"1432","242 BATTERY INVEST","2"
"1371","415 GROUP FIGHT","4"
"0247","918 VIOLENT FEM","1"
"1333","620 DOM VIOL","19"
"0551","620 DOM VIOL","7"
"0478","245 DOM VIOL INVEST","2"
"2156","620 DOM VIOL R/O","6"
"1441","242 AMB DOM VIOL","1"
"0202","245 AMB CUTTING","1"
"0162","918 VIOLENT MALE","2"
"1619","242 BATTERY DOMESTIC","1"
"0423","245 AMB CUTTING","3"
"1184","620 DOM VIOL R/O","2"
"1799","242 DOM VIOL J/O","1"
"1516","242 DOM VIOL","5"
"0765","918 VIOLENT FEM","1"
"0943","242 BATTERY DOMESTIC","1"
"1544","245 DOM VIOL SUSP NO","1"
"1173","242 DOM VIOL SUSP","1"
"0941","245 ADW POSS DOM VIO","2"
"1255","245 AMB CUTTING","1"
"0392","245 DOM VIOL SUSP NO","2"
"0897","242 BATTERY INVEST","2"
"1233","415 FIGHT","7"
"1557","245 ADW POSS DOM VIO","1"
"1258","242 DOM VIOL SUSP","6"
"1851","242 POSS DOM VIOL","1"
"0417","620 DOM VIOL R/O","2"
"1497","245 AMB CUTTING","1"
"1363","415 GROUP FIGHT","3"
"1963","242 POSS DOM VIOL","2"
"2049","415 FIGHT","2"
"1737","415 FIGHT","2"
"0362","242 DOM VIOL","46"
"1367","245 DOM VIOL","4"
"0971","245 AMB CUTTING","1"
"0622","245 DOM VIOL","1"
"0555","242 DOM VIOL","13"
"1139","245 DOM VIOL R/O","1"
"1443","242 DOM VIOL SUSP","1"
"2157","242 DOM VIOL INVESTI","2"
"1981","918 VIOLENT JUV","1"
"0755","242 BATTERY INVEST","2"
"1728","620 DOM VIOL","7"
"0555","245 DOM VIOL","4"
"0412","242 DOM VIOL SUSP","4"
"0512","620 DOM VIOL","1"
"0557","245 DOM VIOL","4"
"1504","245 DOM VIOL IN PROG","1"
"0239","620 DOM VIOL R/O","1"
"0363","918 VIOLENT MALE","5"
"1849","242 DOM VIOL","21"
"1456","242 POSS DOM VIOL","1"
"2187","242 BATTERY DOMESTIC","2"
"1435","242 DOM VIOL SUSP","1"
"1003","242 POSS DOM VIOL","2"
"0257","918 VIOLENT JUV","1"
,"242 BATTERY INVEST","84"
"1642","620 DOM VIOL","7"
"1532","242 POSS DOM VIOL","3"
"1428","415 FIGHT","1"
"2022","245 DOM VIOL INVEST","1"
"0668","245 AMB CUTTING","3"
"2016","242 BATTERY INVEST","2"
"1596","242 DOM VIOL","7"
"1505","415 GROUP FIGHT","1"
"1126","415 FIGHT","1"
"2073","242 AMB DOM VIOL","1"
"2134","245 DOM VIOL","1"
"0448","415 GROUP FIGHT","3"
"1171","242 BATTERY DOMESTIC","1"
"0266","245 AMB CUTTING","3"
"0165","242 BATTERY INVEST","1"
"1215","918 VIOLENT MALE","2"
"1363","242 BATTERY","1"
"1117","415 GROUP FIGHT","1"
"0566","245 AMB CUTTING","3"
"0176","245 AMB DOM VIOL","1"
"0932","918 VIOLENT MALE","1"
"0939","242 POSS DOM VIOL","4"
"1115","242 BATTERY","1"
"0479","242 DOM VIOL J/O","1"
"0134","245 DOM VIOL SUSP","1"
"1792","245 AMB CUTTING","1"
"0701","242 AMB DOM VIOL","2"
"0585","918 VIOLENT MALE","2"
"1871","620 DOM VIOL","15"
"0466","242 DOM VIOL","13"
"0249","245 DOM VIOL INVEST","1"
"0511","245 DOM VIOL SUSP NO","1"
"1268","242 AMB DOM VIOL SUS","1"
"0926","245 DOM VIOL SUSP J/","1"
"1844","242 POSS DOM VIOL","3"
"1173","242 DOM VIOL","3"
"0265","245 DOM VIOL SUSP NO","4"
"2118","620 DOM VIOL","10"
"2183","918 VIOLENT MALE","2"
"1444","415 FIGHT","7"
"1142","245 AMB CUTTING","1"
"0119","245 DOM VIOL SUSP NO","1"
"1008","242 BATTERY DOMESTIC","4"
"1637","918 VIOLENT MALE","2"
"0763","242 DOM VIOL","3"
"1909","242 DOM VIOL INVESTI","2"
"1548","415 FIGHT","21"
"0146","620 DOM VIOL","1"
"0356","242 BATTERY INVEST","3"
"0363","620 DOM VIOL","52"
"2011","415 GROUP FIGHT","1"
"1821","245 DOM VIOL SUSP J/","1"
"1488","245 DOM VIOL IN PROG","1"
"0813","242 DOM VIOL","3"
"1269","242 DOM VIOL SUSP","16"
"0785","242 DOM VIOL SUSP","3"
"0753","415 GROUP FIGHT","1"
"0468","242 DOM VIOL","4"
"0271","415 FIGHT","7"
"2011","415 FIGHT","2"
"0261","242 DOM VIOL SUSP","1"
"0399","415 FIGHT","1"
"0766","415 FIGHT","1"
"2044","245 DOM VIOL","2"
"1347","415 FIGHT","7"
"0357","245 ADW POSS DOM VIO","1"
"1548","245 AMB DOM VIOL","1"
"1331","918 VIOLENT FEM","3"
"2019","245 DOM VIOL","9"
"1462","242 DOM VIOL SUSP","1"
"1545","242 BATTERY","1"
"1232","242 DOM VIOL SUSP","3"
"1916","415 FIGHT","5"
"2025","245 DOM VIOL","1"
"0753","245 DOM VIOL SUSP","1"
"2126","245 AMB CUTTING","1"
"1391","415 GROUP FIGHT","1"
"1273","242 BATTERY DOMESTIC","3"
"0211","242 BATTERY INVEST","1"
"1179","918 VIOLENT MALE","1"
"1944","242 DOM VIOL INVESTI","1"
"1273","245 DOM VIOL SUSP J/","1"
"0938","242 BATTERY DOMESTIC","2"
"0463","620 DOM VIOL R/O","4"
"0669","242 BATTERY DOMESTIC","3"
"1764","242 POSS DOM VIOL","1"
"0256","288 ASSAULT INVEST","1"
"0375","620 DOM VIOL R/O","1"
"0513","242 POSS DOM VIOL","1"
"1018","242 DOM VIOL","10"
"0775","245 AMB DOM VIOL","1"
"0656","620 DOM VIOL","12"
"0974","242 DOM VIOL INVESTI","1"
"1257","242 BATTERY DOMESTIC","3"
"1345","242 BATTERY","1"
"1633","918 VIOLENT JUV","1"
,"242 POSS DOM VIOL","1"
"0299","620 DOM VIOL","26"
"2133","245 DOM VIOL SUSP NO","1"
"1826","242 BATTERY DOMESTIC","4"
"1832","242 BATTERY INVEST","4"
"1515","918 VIOLENT MALE","3"
"0312","245 DOM VIOL SUSP NO","2"
"1643","245 ADW POSS DOM VIO","1"
"1837","242 DOM VIOL INVESTI","2"
"0437","918 VIOLENT JUV","1"
"1434","242 POSS DOM VIOL","1"
"0201","245 AMB CUTTING","4"
"1145","242 DOM VIOL","2"
"0219","242 DOM VIOL","4"
"1516","242 BATTERY INVEST","1"
"0308","620 DOM VIOL","10"
"2147","415 FIGHT","3"
"0736","242 DOM VIOL SUSP","1"
"0415","245 DOM VIOL SUSP","1"
"0509","242 DOM VIOL","9"
"0782","242 DOM VIOL INVESTI","15"
"1864","242 POSS DOM VIOL","3"
"1427","620 DOM VIOL R/O","2"
"0376","242 BATTERY","2"
"1266","918 VIOLENT MALE","3"
"1263","245 AMB CUTTING","5"
"0889","245 DOM VIOL SUSP J/","2"
"1454","245 DOM VIOL INVEST","1"
"1325","415 FIGHT","2"
"1303","918 VIOLENT MALE","1"
"0643","245 DOM VIOL INVEST","1"
"0289","620 DOM VIOL R/O","5"
"1213","245 CUTTING INV","1"
"1842","245 ADW POSS DOM VIO","1"
"0637","415 GROUP FIGHT","1"
"1373","242 BATTERY INVEST","1"
"1591","242 BATTERY INVEST","1"
"1699","620 DOM VIOL","4"
"1766","242 BATTERY INVEST","1"
"0362","918 VIOLENT JUV","4"
"0943","918 VIOLENT MALE","2"
"1181","242 DOM VIOL J/O","1"
"0248","242 BATTERY INVEST","4"
"1824","242 BATTERY DOMESTIC","1"
"1944","918 VIOLENT JUV","1"
"1241","415 GROUP FIGHT","4"
"0705","415 FIGHT","9"
"0806","918 VIOLENT MALE","1"
"0645","242 BATTERY INVEST","12"
"2136","245 DOM VIOL R/O","1"
"0566","245 DOM VIOL SUSP NO","4"
"1189","245 DOM VIOL SUSP NO","1"
"0464","620 DOM VIOL","30"
"0935","242 DOM VIOL INVESTI","5"
"1975","242 DOM VIOL SUSP","1"
"1841","620 DOM VIOL","33"
"1685","242 DOM VIOL J/O","1"
"1003","242 BATTERY DOMESTIC","3"
"0163","918 VIOLENT MALE","1"
"2146","415 AMB FIGHT","1"
"0926","245 CUTTING INV","1"
"1094","242 DOM VIOL","1"
"1402","245 AMB CUTTING","1"
"0904","288 ASSAULT INVEST","1"
"0316","242 DOM VIOL INVESTI","1"
"0438","242 DOM VIOL R/O VIO","1"
"1983","245 ADW POSS DOM VIO","1"
"1841","245 AMB DOM VIOL","3"
"2011","620 DOM VIOL","7"
"1701","620 DOM VIOL","13"
"1243","918 VIOLENT FEM","2"
"0251","245 DOM VIOL SUSP NO","1"
"0161","245 AMB DOM VIOL","1"
"0415","242 DOM VIOL J/O","1"
"0166","620 DOM VIOL R/O","4"
"1367","245 DOM VIOL IN PROG","1"
"0701","242 DOM VIOL SUSP","2"
"0852","620 DOM VIOL","5"
"1695","620 DOM VIOL R/O","10"
"1504","415 FIGHT","3"
"0182","245 POSS DOM VIOL I/","1"
"2042","245 ADW POSS DOM VIO","2"
"0747","242 DOM VIOL","1"
"1011","242 DOM VIOL","12"
"1218","245 DOM VIOL SUSP","2"
"1633","415 FIGHT","5"
"1621","415 FIGHT","5"
"0409","242 POSS DOM VIOL","1"
"1211","245 DOM VIOL SUSP NO","5"
"0271","620 DOM VIOL R/O","9"
"2158","242 DOM VIOL R/O VIO","1"
"2145","415 FIGHT","4"
"1267","415 GROUP FIGHT","8"
"2141","242 POSS DOM VIOL","1"
"0394","415 GROUP FIGHT","2"
"2041","242 DOM VIOL","6"
"1139","415 GROUP FIGHT","1"
"1675","242 DOM VIOL","6"
"1543","242 DOM VIOL SUSP","3"
"1533","245 DOM VIOL","2"
"1267","918 VIOLENT FEM","1"
"1307","242 POSS DOM VIOL","3"
"0529","415 FIGHT","9"
"1633","620 DOM VIOL R/O","1"
"0216","242 DOM VIOL J/O","1"
"1737","242 BATTERY","1"
"2017","415 FIGHT","4"
"0457","242 DOM VIOL","10"
"1824","245 AMB DOM VIOL","1"
"0204","245 ADW POSS DOM VIO","1"
"0721","245 ADW","1"
"0646","245 CUTTING INV","2"
"0714","620 DOM VIOL","2"
"1362","918 VIOLENT MALE","1"
"0487","620 DOM VIOL","5"
"0715","242 BATTERY INVEST","1"
"1693","242 DOM VIOL","17"
"0377","242 DOM VIOL SUSP","4"
"0271","242 BATTERY","1"
"1326","242 DOM VIOL","3"
"1795","620 DOM VIOL R/O","6"
"2046","620 DOM VIOL","8"
"0176","245 CUTTING INV","1"
"0266","242 DOM VIOL INVESTI","3"
"1427","242 AMB DOM VIOL","1"
"1566","245 DOM VIOL","3"
"0648","242 BATTERY","2"
"0247","620 DOM VIOL R/O","8"
"1851","242 BATTERY INVEST","1"
"1511","245 DOM VIOL INVEST","2"
"1267","242 DOM VIOL R/O VIO","2"
"0625","415 GROUP FIGHT","1"
"0238","245 AMB CUTTING","1"
"0379","242 BATTERY INVEST","3"
"0969","415 GROUP FIGHT","2"
"1521","918 VIOLENT MALE","2"
"1984","620 DOM VIOL R/O","18"
"0497","415 GROUP FIGHT","1"
"1785","242 DOM VIOL","14"
"0334","415 GROUP FIGHT","2"
"2145","620 DOM VIOL R/O","2"
"0909","620 DOM VIOL","28"
"0202","242 DOM VIOL SUSP","3"
"0424","242 DOM VIOL INVESTI","1"
"1063","415 FIGHT","8"
"1862","245 AMB CUTTING","6"
"1765","918 VIOLENT MALE","1"
"1585","245 ADW POSS DOM VIO","1"
"0507","245 ADW POSS DOM VIO","1"
"1402","620 DOM VIOL","1"
"1822","245 DOM VIOL INVEST","2"
"0291","620 DOM VIOL","9"
"1838","245 DOM VIOL SUSP NO","2"
"1963","245 AMB CUTTING","2"
"1783","415 GROUP FIGHT","1"
"1208","620 DOM VIOL R/O","9"
"1147","242 BATTERY INVEST","2"
"1343","415 GROUP FIGHT","3"
"0488","245 DOM VIOL SUSP","1"
"0558","620 DOM VIOL","11"
"1794","245 AMB CUTTING","1"
"1431","620 DOM VIOL","14"
"1966","918 VIOLENT MALE","5"
"0313","245 DOM VIOL IN PROG","1"
"0101","242 DOM VIOL SUSP","1"
"1083","620 DOM VIOL","4"
"1844","245 DOM VIOL","4"
"0134","245 AMB DOM VIOL","1"
"2088","415 FIGHT","5"
"0239","242 BATTERY DOMESTIC","1"
"0468","620 DOM VIOL R/O","5"
"0984","245 AMB CUTTING","1"
"0275","242 DOM VIOL INVESTI","1"
"1913","242 POSS DOM VIOL","2"
"0311","918 VIOLENT JUV","1"
"2081","242 BATTERY INVEST","3"
"0782","620 DOM VIOL","11"
"0315","415 FIGHT","3"
"0443","242 DOM VIOL","10"
"1021","242 DOM VIOL INVESTI","1"
"1821","242 DOM VIOL INVESTI","1"
"2058","620 DOM VIOL R/O","3"
"0759","415 FIGHT","7"
"0261","242 BATTERY INVEST","14"
"2149","245 DOM VIOL IN PROG","1"
"0251","620 DOM VIOL R/O","8"
"1303","245 AMB CUTTING","4"
"1233","242 BATTERY DOMESTIC","3"
"1728","245 AMB CUTTING","1"
"0656","242 DOM VIOL","16"
"2196","245 AMB CUTTING","1"
"1906","242 DOM VIOL","2"
"0785","620 DOM VIOL","11"
"0668","415 FIGHT","6"
"0514","242 POSS DOM VIOL","5"
"0314","242 BATTERY INVEST","2"
"1162","245 DOM VIOL","2"
"1257","620 DOM VIOL","28"
"0336","415 GROUP FIGHT","5"
"1602","918 VIOLENT JUV","1"
"1503","242 POSS DOM VIOL","1"
"2073","242 DOM VIOL J/O","1"
"0165","415 FIGHT","6"
"1804","245 DOM VIOL SUSP","1"
"0939","415 GROUP FIGHT","1"
"1171","242 DOM VIOL","4"
"1621","415 GROUP FIGHT","1"
"1218","242 DOM VIOL","31"
"0195","620 DOM VIOL R/O","3"
"1243","245 DOM VIOL SUSP NO","4"
"0461","242 BATTERY DOMESTIC","1"
"1659","288 ASSAULT INVEST","1"
"0238","415 FIGHT","3"
"0439","415 FIGHT","1"
"1455","245 DOM VIOL SUSP NO","2"
"0308","245 DOM VIOL","3"
"1782","242 DOM VIOL SUSP","1"
"0808","620 DOM VIOL","3"
"0316","245 DOM VIOL","4"
"0524","245 DOM VIOL R/O","1"
"0835","242 AMB DOM VIOL","1"
"0507","620 DOM VIOL","11"
"1659","242 DOM VIOL","4"
"0899","415 FIGHT","3"
"0467","245 DOM VIOL SUSP","2"
"0245","245 DOM VIOL SUSP","1"
"1685","242 BATTERY DOMESTIC","2"
"0246","918 VIOLENT MALE","2"
"0941","245 DOM VIOL","4"
"0124","620 DOM VIOL","1"
"1993","620 DOM VIOL R/O","6"
"0926","245 DOM VIOL SUSP","1"
"0833","245 AMB CUTTING","1"
"0153","242 AMB DOM VIOL","3"
"0362","242 DOM VIOL J/O","1"
"1435","918 VIOLENT FEM","1"
"1566","242 DOM VIOL","7"
"1162","245 DOM VIOL SUSP J/","1"
"0176","242 DOM VIOL J/O","1"
"1612","245 DOM VIOL","2"
"1804","245 ADW POSS DOM VIO","1"
"0162","245 AMB DOM VIOL","2"
"0557","242 BATTERY INVEST","1"
"0647","242 DOM VIOL SUSP","10"
"1265","242 AMB DOM VIOL","3"
"1152","242 DOM VIOL INVESTI","1"
"0461","242 DOM VIOL","3"
"2155","620 DOM VIOL R/O","11"
"0646","245 DOM VIOL SUSP J/","1"
"1695","242 BATTERY DOMESTIC","3"
"1258","245 DOM VIOL","8"
"1621","245 DOM VIOL","3"
"1033","242 DOM VIOL SUSP","2"
"1373","918 VIOLENT FEM","2"
"0753","245 DOM VIOL","1"
"0881","620 DOM VIOL R/O","2"
"1841","242 AMB DOM VIOL","6"
"1273","245 CUTTING INV","1"
"1497","242 BATTERY DOMESTIC","1"
"2015","242 DOM VIOL","15"
"1124","245 AMB DOM VIOL","1"
"1163","415 GROUP FIGHT","1"
"1309","245 DOM VIOL","2"
"0361","242 DOM VIOL INVESTI","3"
"0842","415 GROUP FIGHT","2"
"1863","620 DOM VIOL R/O","13"
"1353","242 POSS DOM VIOL","3"
"0783","415 GROUP FIGHT","1"
"1982","242 BATTERY INVEST","1"
"0926","245 DOM VIOL","3"
"2024","245 DOM VIOL SUSP J/","1"
"1241","245 DOM VIOL SUSP NO","5"
"1407","242 DOM VIOL SUSP","2"
"0991","242 DOM VIOL R/O VIO","1"
"1433","245 AMB DOM VIOL","1"
"0911","242 DOM VIOL","35"
"1535","242 BATTERY DOMESTIC","1"
"1427","918 VIOLENT MALE","1"
"1372","245 AMB DOM VIOL","1"
"0111","620 DOM VIOL","31"
"1787","415 GROUP FIGHT","1"
"1633","918 VIOLENT MALE","1"
"1371","620 DOM VIOL R/O","9"
"0702","245 DOM VIOL INVEST","1"
"1754","620 DOM VIOL","9"
"1141","242 BATTERY INVEST","1"
"0157","918 VIOLENT MALE","1"
"0766","245 DOM VIOL SUSP","1"
"1545","242 BATTERY INVEST","1"
"1515","242 DOM VIOL R/O VIO","2"
"2147","245 DOM VIOL SUSP NO","1"
"1129","245 DOM VIOL","3"
"1998","415 FIGHT","3"
"0236","242 DOM VIOL","29"
"1065","245 ADW","1"
"1466","242 DOM VIOL SUSP","1"
"1921","245 AMB DOM VIOL","1"
"0151","242 DOM VIOL","2"
"0301","242 DOM VIOL J/O","1"
"0985","242 DOM VIOL INVESTI","1"
"1764","242 BATTERY","1"
"1964","245 DOM VIOL SUSP J/","1"
"1943","242 DOM VIOL SUSP","3"
"2049","242 BATTERY DOMESTIC","3"
"1515","620 DOM VIOL","24"
"0464","245 AMB CUTTING","1"
"0311","620 DOM VIOL R/O","6"
"2081","918 VIOLENT MALE","1"
"0247","245 DOM VIOL SUSP NO","1"
"2187","242 DOM VIOL","11"
"1383","620 DOM VIOL R/O","15"
"1701","242 DOM VIOL R/O VIO","1"
"1252","918 VIOLENT FEM","1"
"1391","245 DOM VIOL SUSP","1"
"0248","242 POSS DOM VIOL","2"
"1983","242 DOM VIOL INVESTI","4"
"0202","242 BATTERY INVEST","4"
"1434","620 DOM VIOL R/O","5"
"1385","620 DOM VIOL","23"
"0541","245 DOM VIOL SUSP","1"
"0355","242 AMB DOM VIOL","1"
"0785","242 DOM VIOL","8"
"1681","245 DOM VIOL","2"
"0166","918 VIOLENT MALE","3"
"2126","918 VIOLENT JUV","1"
"1653","245 DOM VIOL INVEST","1"
"1107","242 POSS DOM VIOL","1"
"0955","620 DOM VIOL R/O","1"
"1772","918 VIOLENT FEM","1"
"1438","620 DOM VIOL R/O","4"
"1595","242 BATTERY INVEST","1"
"1713","242 DOM VIOL","2"
"0415","242 BATTERY INVEST","2"
"1622","245 CUTTING INV","2"
"2093","245 DOM VIOL","2"
"1751","245 DOM VIOL","1"
"1132","918 VIOLENT MALE","1"
"1777","242 AMB DOM VIOL","1"
"0735","620 DOM VIOL R/O","5"
"1101","620 DOM VIOL","2"
"2103","242 DOM VIOL SUSP","1"
"0841","415 FIGHT","3"
"1519","207 DOM VIOL","1"
"2125","620 DOM VIOL R/O","3"
"0362","620 DOM VIOL R/O","8"
"0412","620 DOM VIOL R/O","5"
"1698","242 AMB DOM VIOL","2"
"1983","415 FIGHT","10"
"0449","620 DOM VIOL R/O","4"
"1431","245 DOM VIOL SUSP NO","1"
"2106","620 DOM VIOL","2"
"0779","620 DOM VIOL","9"
"1993","415 GROUP FIGHT","1"
"1173","245 AMB DOM VIOL J/O","1"
"1611","620 DOM VIOL","3"
"2155","242 POSS DOM VIOL","3"
"1152","242 BATTERY INVEST","3"
"2185","620 DOM VIOL R/O","1"
"0312","242 POSS DOM VIOL","4"
"2017","242 DOM VIOL","20"
"1954","242 DOM VIOL","9"
"2162","620 DOM VIOL","4"
"0745","245 AMB DOM VIOL","1"
"0776","415 FIGHT","3"
"1249","242 POSS DOM VIOL","2"
"0195","242 BATTERY DOMESTIC","2"
"0637","242 BATTERY INVEST","2"
"1778","620 DOM VIOL","3"
"0457","242 BATTERY INVEST","3"
"2027","620 DOM VIOL","26"
"1343","245 DOM VIOL SUSP NO","1"
"1361","242 DOM VIOL SUSP","4"
"0313","918 VIOLENT MALE","1"
"1959","415 GROUP FIGHT","1"
"1781","242 AMB DOM VIOL","1"
"2128","415 FIGHT","6"
"1183","415 AMB FIGHT","1"
"0881","242 DOM VIOL","7"
"0212","242 AMB DOM VIOL","1"
"0943","245 DOM VIOL","1"
"0412","245 AMB CUTTING","1"
"1735","415 GROUP FIGHT","1"
"1606","242 DOM VIOL J/O","1"
"0338","288 ASSAULT INVEST","1"
"1974","242 DOM VIOL","25"
"0788","242 DOM VIOL","4"
"1483","242 BATTERY DOMESTIC","1"
"1327","242 BATTERY INVEST","2"
"0212","918 VIOLENT FEM","3"
"2076","415 FIGHT","4"
"0391","918 VIOLENT FEM","2"
"1323","242 DOM VIOL","20"
"2099","415 FIGHT","2"
"1806","242 BATTERY DOMESTIC","1"
"0354","242 AMB DOM VIOL","1"
"2144","415 GROUP FIGHT","1"
"1505","245 DOM VIOL IN PROG","1"
"1919","918 VIOLENT FEM","2"
"2141","245 AMB CUTTING","1"
"2155","415 FIGHT","9"
"0357","918 VIOLENT MALE","5"
"0557","242 BATTERY DOMESTIC","1"
"2139","242 DOM VIOL INVESTI","2"
"1806","245 DOM VIOL SUSP NO","2"
"0833","620 DOM VIOL R/O","5"
"1738","415 FIGHT","2"
"0462","245 DOM VIOL IN PROG","1"
"1037","620 DOM VIOL R/O","1"
"1118","620 DOM VIOL","4"
"1354","245 AMB CUTTING","3"
"0755","242 DOM VIOL INVESTI","1"
"1988","415 AMB FIGHT","1"
"0644","620 DOM VIOL R/O","3"
"1547","620 DOM VIOL","7"
"0729","620 DOM VIOL","1"
"0337","415 FIGHT","3"
"0522","415 FIGHT","6"
"0245","245 AMB DOM VIOL","1"
"0139","245 DOM VIOL SUSP NO","1"
"0514","415 GROUP FIGHT","3"
"2196","242 POSS DOM VIOL","1"
"1954","918 VIOLENT MALE","1"
"1653","415 FIGHT","10"
"0404","242 DOM VIOL SUSP","1"
"1526","242 BATTERY DOMESTIC","1"
"0531","242 DOM VIOL","7"
"0717","242 DOM VIOL","3"
"1772","242 DOM VIOL INVESTI","1"
"0646","242 POSS DOM VIOL","5"
"0935","242 DOM VIOL","26"
"0514","242 DOM VIOL SUSP","1"
"1251","242 DOM VIOL SUSP","7"
"0269","918 VIOLENT FEM","4"
"1372","242 BATTERY DOMESTIC","3"
"0453","245 AMB CUTTING","2"
"1958","245 DOM VIOL INVEST","1"
"1213","242 DOM VIOL","29"
"0824","620 DOM VIOL","3"
"0144","242 BATTERY DOMESTIC","2"
"0561","245 CUTTING INV","1"
"1256","242 POSS DOM VIOL","1"
"0314","242 DOM VIOL","27"
"1061","242 AMB DOM VIOL","1"
"0315","918 VIOLENT MALE","3"
"1999","415 FIGHT","1"
"0525","245 DOM VIOL IN PROG","1"
"1377","242 DOM VIOL INVESTI","1"
"0643","242 AMB DOM VIOL","3"
"0889","245 AMB DOM VIOL","1"
"0415","918 VIOLENT FEM","1"
"1791","245 AMB CUTTING","1"
"1613","415 GROUP FIGHT","1"
"0985","918 VIOLENT MALE","1"
"0331","415 GROUP FIGHT","2"
"1364","245 DOM VIOL SUSP J/","1"
"1025","242 DOM VIOL SUSP","1"
"1135","242 DOM VIOL","4"
"1999","242 AMB DOM VIOL","1"
"0833","242 AMB DOM VIOL","1"
"0838","620 DOM VIOL","2"
"0628","245 DOM VIOL","5"
"1363","918 VIOLENT FEM","5"
"0839","415 FIGHT","5"
"0356","245 CUTTING INV","2"
"1483","415 GROUP FIGHT","2"
"0909","242 POSS DOM VIOL","2"
"0424","918 VIOLENT FEM","1"
"0801","620 DOM VIOL R/O","1"
"0567","242 DOM VIOL","10"
"0806","415 FIGHT","1"
"1365","620 DOM VIOL","17"
"0889","918 VIOLENT FEM","1"
"1347","242 AMB DOM VIOL","1"
"0418","242 BATTERY INVEST","1"
"0403","242 BATTERY INVEST","1"
"1428","245 AMB DOM VIOL","1"
"1606","620 DOM VIOL","4"
"0532","918 VIOLENT FEM","2"
"1008","245 DOM VIOL SUSP","1"
"1065","245 DOM VIOL SUSP J/","1"
"2189","242 POSS DOM VIOL","2"
"1473","242 DOM VIOL SUSP","1"
"1917","245 POSS DOM VIOL I/","1"
"2029","245 DOM VIOL SUSP NO","1"
"0201","242 POSS DOM VIOL","2"
"1268","245 DOM VIOL SUSP NO","4"
"1162","918 VIOLENT FEM","2"
"0176","245 DOM VIOL INVEST","1"
"1701","415 FIGHT","6"
"0265","207 DOM VIOL","1"
"1232","245 DOM VIOL","2"
"0257","245 DOM VIOL SUSP J/","2"
"0375","242 AMB DOM VIOL","4"
"1596","415 GROUP FIGHT","1"
"0119","242 BATTERY","2"
"0438","245 DOM VIOL SUSP","1"
"0937","242 BATTERY INVEST","1"
"1797","242 DOM VIOL SUSP","1"
"0769","242 POSS DOM VIOL","1"
"0157","242 DOM VIOL","12"
"0395","245 DOM VIOL R/O","1"
"2054","415 FIGHT","3"
"0678","620 DOM VIOL","11"
"0307","242 DOM VIOL SUSP","1"
"1351","245 AMB CUTTING","3"
"1001","245 AMB CUTTING","3"
"1268","242 DOM VIOL INVESTI","4"
"1526","245 AMB CUTTING","2"
"1126","620 DOM VIOL R/O","3"
"1651","242 BATTERY DOMESTIC","3"
"0506","242 DOM VIOL SUSP","4"
"1962","918 VIOLENT FEM","1"
"1263","242 POSS DOM VIOL","1"
"2079","242 DOM VIOL R/O VIO","1"
"0745","242 BATTERY DOMESTIC","2"
"1172","245 DOM VIOL INVEST","1"
"1456","245 DOM VIOL","1"
"1657","242 POSS DOM VIOL","2"
"0882","242 POSS DOM VIOL","1"
"1245","245 DOM VIOL","9"
"1031","415 FIGHT","2"
"0625","242 DOM VIOL SUSP","2"
"0836","242 BATTERY INVEST","3"
"1256","242 DOM VIOL","23"
"1252","415 FIGHT","4"
"0156","620 DOM VIOL R/O","17"
"0638","242 BATTERY INVEST","1"
"1758","620 DOM VIOL","6"
"1257","245 DOM VIOL","9"
"1434","242 BATTERY","1"
"1028","245 DOM VIOL SUSP NO","1"
"0636","245 AMB CUTTING","15"
"1523","245 ADW POSS DOM VIO","1"
"1585","242 DOM VIOL SUSP","2"
"1263","620 DOM VIOL R/O","11"
"1963","242 DOM VIOL","14"
"0285","245 DOM VIOL SUSP","1"
"1265","620 DOM VIOL R/O","27"
"0734","245 AMB CUTTING","1"
"1944","242 BATTERY DOMESTIC","1"
"0778","918 VIOLENT FEM","1"
"1266","245 ADW POSS DOM VIO","1"
"1944","620 DOM VIOL","8"
"1395","242 BATTERY INVEST","1"
"1242","620 DOM VIOL R/O","13"
"1581","242 BATTERY DOMESTIC","2"
"1001","245 AMB DOM VIOL","1"
"1235","242 POSS DOM VIOL","2"
"0909","245 DOM VIOL SUSP","1"
"1999","245 DOM VIOL","3"
"1842","918 VIOLENT JUV","1"
"0479","242 BATTERY INVEST","3"
"1832","245 ADW POSS DOM VIO","2"
"0501","245 DOM VIOL","2"
"0526","245 DOM VIOL SUSP NO","2"
"1232","245 AMB CUTTING","1"
"0511","245 DOM VIOL SUSP J/","1"
"0637","242 AMB DOM VIOL","1"
"1444","242 DOM VIOL","7"
"1917","242 DOM VIOL SUSP","3"
"2071","918 VIOLENT MALE","2"
"0558","918 VIOLENT JUV","3"
"0785","242 POSS DOM VIOL","2"
"1414","415 FIGHT","9"
"1995","245 DOM VIOL SUSP NO","1"
"1474","242 BATTERY INVEST","1"
"1266","242 AMB DOM VIOL","6"
"1126","918 VIOLENT JUV","1"
"1767","242 BATTERY DOMESTIC","1"
"1822","242 DOM VIOL SUSP","3"
"1351","242 BATTERY INVEST","1"
"0195","242 DOM VIOL","10"
"1241","242 DOM VIOL","70"
"1638","245 AMB CUTTING","1"
"0147","245 DOM VIOL SUSP NO","1"
"1215","245 AMB CUTTING","5"
"1983","242 POSS DOM VIOL","2"
"2064","620 DOM VIOL R/O","1"
"1204","242 POSS DOM VIOL","1"
"0974","620 DOM VIOL R/O","3"
"1602","245 DOM VIOL INVEST","1"
"2042","415 FIGHT","1"
"2081","242 AMB DOM VIOL","2"
"0926","245 AMB DOM VIOL","1"
"1079","620 DOM VIOL","8"
"0396","242 DOM VIOL","21"
"0269","245 DOM VIOL SUSP NO","1"
"1747","245 DOM VIOL SUSP","1"
"1385","242 DOM VIOL","11"
"0529","918 VIOLENT MALE","2"
"0144","245 AMB DOM VIOL","1"
"1269","918 VIOLENT FEM","5"
"1687","242 DOM VIOL J/O","1"
"0837","620 DOM VIOL","1"
"0217","242 AMB DOM VIOL","1"
"2189","415 GROUP FIGHT","2"
"2104","415 FIGHT","2"
"0669","415 AMB FIGHT","1"
"1501","918 VIOLENT MALE","1"
"1353","242 BATTERY INVEST","1"
"1618","415 GROUP FIGHT","1"
"1075","918 VIOLENT JUV","1"
"0853","415 FIGHT","9"
"1656","415 FIGHT","3"
"0808","918 VIOLENT MALE","2"
"1585","245 AMB CUTTING","1"
"0128","242 BATTERY","1"
"0985","620 DOM VIOL","19"
"0248","415 GROUP FIGHT","2"
"1501","918 VIOLENT FEM","2"
"0638","242 POSS DOM VIOL","1"
"1822","245 AMB DOM VIOL","3"
"0632","415 FIGHT","4"
"1793","620 DOM VIOL","12"
"0937","242 DOM VIOL","4"
"0909","245 AMB CUTTING","3"
"1615","242 BATTERY DOMESTIC","1"
"1549","242 BATTERY","2"
"1313","620 DOM VIOL","28"
"1761","620 DOM VIOL","19"
"1562","242 BATTERY INVEST","2"
"1601","242 DOM VIOL SUSP","4"
"2133","242 DOM VIOL SUSP","1"
"2104","620 DOM VIOL","3"
"1018","620 DOM VIOL R/O","3"
"1918","245 DOM VIOL","2"
"1641","242 DOM VIOL R/O VIO","1"
"0361","415 GROUP FIGHT","4"
"2177","918 VIOLENT FEM","1"
"0393","415 GROUP FIGHT","3"
"0422","242 BATTERY DOMESTIC","2"
"1443","918 VIOLENT FEM","1"
"0361","242 BATTERY INVEST","1"
"2156","245 AMB CUTTING","1"
"1504","242 DOM VIOL SUSP","3"
"1832","245 DOM VIOL SUSP","1"
"0353","415 GROUP FIGHT","1"
"1377","242 BATTERY DOMESTIC","3"
"1018","242 AMB DOM VIOL","1"
"0246","245 DOM VIOL SUSP J/","1"
"0989","242 DOM VIOL INVESTI","1"
"0663","242 BATTERY INVEST","4"
"1749","918 VIOLENT FEM","5"
"2058","620 DOM VIOL","10"
"1402","242 DOM VIOL","1"
"0837","242 DOM VIOL","2"
"0331","242 DOM VIOL","9"
"1831","245 DOM VIOL INVEST","2"
"2062","242 POSS DOM VIOL","1"
"0787","242 DOM VIOL J/O","1"
"1345","242 BATTERY INVEST","1"
"0659","242 DOM VIOL","3"
"1231","245 DOM VIOL","2"
"1747","620 DOM VIOL R/O","3"
"0637","245 CUTTING INV","1"
"0518","242 DOM VIOL J/O","2"
"1717","242 BATTERY INVEST","1"
"0897","620 DOM VIOL R/O","1"
"1728","242 DOM VIOL","9"
"2146","245 ADW POSS DOM VIO","2"
"0463","620 DOM VIOL","10"
"1325","242 AMB DOM VIOL","1"
"0413","242 DOM VIOL","1"
"1371","245 DOM VIOL SUSP","1"
"0813","918 VIOLENT MALE","1"
"1803","242 POSS DOM VIOL","1"
"1613","242 BATTERY INVEST","1"
"0637","415 MAJ GRP FIGHT","1"
"1796","918 VIOLENT MALE","3"
"1139","245 DOM VIOL","1"
"0923","245 DOM VIOL","2"
"0359","245 AMB CUTTING","2"
"0396","242 BATTERY DOMESTIC","2"
"1842","415 FIGHT","19"
"1239","918 VIOLENT MALE","4"
"1248","245 ADW POSS DOM VIO","2"
"0529","242 AMB DOM VIOL","3"
"1354","242 DOM VIOL SUSP","2"
"0668","415 AMB FIGHT","1"
"0929","242 DOM VIOL","4"
"1177","918 VIOLENT MALE","1"
"1913","242 DOM VIOL SUSP","1"
"0638","620 DOM VIOL R/O","2"
"1657","242 DOM VIOL","14"
"1395","245 DOM VIOL","3"
"0192","245 CUTTING INV","19"
"0248","245 DOM VIOL IN PROG","1"
"0518","245 DOM VIOL","2"
"0429","242 AMB DOM VIOL","1"
"1266","242 BATTERY INVEST","2"
"0233","242 BATTERY DOMESTIC","4"
"0511","620 DOM VIOL","16"
"0946","415 FIGHT","5"
"0134","242 BATTERY DOMESTIC","1"
"1904","415 FIGHT","3"
"0727","620 DOM VIOL","2"
"2041","620 DOM VIOL R/O","2"
"0722","242 BATTERY INVEST","6"
"1269","245 ADW","1"
"0645","242 DOM VIOL SUSP","9"
"0981","242 DOM VIOL INVESTI","1"
"1709","620 DOM VIOL","5"
"1834","245 DOM VIOL R/O","1"
"0397","918 VIOLENT MALE","5"
"0201","242 BATTERY INVEST","6"
"0557","242 DOM VIOL SUSP","2"
"0789","620 DOM VIOL","6"
"0157","620 DOM VIOL R/O","17"
,"242 DOM VIOL SUSP","1"
"1838","415 FIGHT","4"
"1826","245 DOM VIOL INVEST","1"
"1149","242 DOM VIOL","4"
"1623","620 DOM VIOL R/O","10"
"1793","242 DOM VIOL INVESTI","1"
"0392","288 ASSAULT INVEST","1"
"1248","918 VIOLENT FEM","3"
"0461","245 DOM VIOL","1"
"0478","242 BATTERY","1"
"1519","415 GROUP FIGHT","2"
"1112","415 GROUP FIGHT","2"
"1313","918 VIOLENT MALE","1"
"0429","245 AMB CUTTING","1"
"1467","245 AMB CUTTING","1"
"0489","245 AMB DOM VIOL","1"
"1021","242 BATTERY INVEST","9"
"0778","245 AMB CUTTING","1"
"1459","620 DOM VIOL","2"
"0111","242 BATTERY DOMESTIC","3"
"1112","242 BATTERY INVEST","1"
"1844","245 DOM VIOL SUSP J/","2"
"0479","415 GROUP FIGHT","1"
"0639","620 DOM VIOL","9"
"0515","242 DOM VIOL INVESTI","1"
"0191","415 FIGHT","10"
"0271","242 BATTERY INVEST","7"
"1829","242 DOM VIOL INVESTI","1"
"1257","242 POSS DOM VIOL","3"
"0391","242 DOM VIOL SUSP","1"
"1981","242 AMB DOM VIOL","2"
"1044","415 GROUP FIGHT","1"
"2069","415 FIGHT","10"
"0445","242 POSS DOM VIOL","1"
"0162","242 DOM VIOL INVESTI","3"
"2014","242 POSS DOM VIOL","2"
"1908","620 DOM VIOL","10"
"1822","245 AMB CUTTING","12"
"0955","242 DOM VIOL","1"
"0752","620 DOM VIOL R/O","6"
"2076","245 DOM VIOL SUSP NO","4"
"1846","242 POSS DOM VIOL","2"
"1622","242 DOM VIOL","10"
"0676","242 DOM VIOL","7"
"1381","620 DOM VIOL R/O","1"
"1799","620 DOM VIOL","1"
"1501","620 DOM VIOL R/O","1"
"1138","242 AMB DOM VIOL","1"
"1327","620 DOM VIOL R/O","4"
"0354","918 VIOLENT FEM","1"
"0522","620 DOM VIOL R/O","7"
"2088","242 DOM VIOL","10"
"2093","242 DOM VIOL","7"
"1161","242 DOM VIOL","5"
"1641","242 DOM VIOL INVESTI","1"
"1365","242 BATTERY","1"
"1527","242 BATTERY INVEST","1"
"0489","620 DOM VIOL R/O","11"
"1242","242 DOM VIOL","16"
"1533","242 DOM VIOL SUSP","2"
"2125","415 FIGHT","7"
"0118","245 DOM VIOL SUSP NO","1"
"0111","242 DOM VIOL INVESTI","2"
"0946","245 DOM VIOL SUSP NO","1"
"0766","245 AMB CUTTING","2"
"2132","620 DOM VIOL","3"
"0147","245 ADW POSS DOM VIO","1"
"1863","242 DOM VIOL R/O VIO","1"
"1931","918 VIOLENT FEM","1"
"1802","245 DOM VIOL SUSP J/","3"
"2063","245 DOM VIOL SUSP NO","1"
"0628","242 DOM VIOL","9"
"1029","245 DOM VIOL SUSP NO","1"
"1091","245 DOM VIOL IN PROG","1"
"1313","242 AMB DOM VIOL SUS","1"
"1921","918 VIOLENT MALE","1"
"0409","242 DOM VIOL SUSP","2"
"0399","242 AMB DOM VIOL","1"
"2029","245 DOM VIOL INVEST","1"
"0807","242 DOM VIOL","2"
"0341","245 DOM VIOL","2"
"0202","620 DOM VIOL","10"
"1903","918 VIOLENT FEM","1"
"0943","288 ASSAULT INVEST","1"
"1018","245 DOM VIOL SUSP NO","1"
"0884","242 DOM VIOL R/O VIO","1"
"0396","245 DOM VIOL SUSP","1"
"0378","620 DOM VIOL R/O","5"
"1764","242 BATTERY DOMESTIC","1"
"0774","242 BATTERY DOMESTIC","1"
"1474","620 DOM VIOL R/O","1"
"2172","242 DOM VIOL","4"
"0147","242 DOM VIOL","10"
"0669","245 DOM VIOL SUSP J/","1"
"0269","242 POSS DOM VIOL","7"
"1796","620 DOM VIOL R/O","1"
"0788","242 DOM VIOL SUSP","1"
"1345","620 DOM VIOL","20"
"0853","242 DOM VIOL","7"
"1995","918 VIOLENT FEM","1"
"1517","918 VIOLENT MALE","1"
"0468","245 CUTTING INV","1"
"1107","415 GROUP FIGHT","1"
"2074","918 VIOLENT MALE","1"
"1006","242 POSS DOM VIOL","1"
"0453","245 CUTTING INV","8"
"0331","245 DOM VIOL SUSP J/","1"
"2157","918 VIOLENT FEM","2"
"0764","242 DOM VIOL","4"
"0676","242 POSS DOM VIOL","3"
"1637","245 DOM VIOL","1"
"1999","207 DOM VIOL INVEST","1"
"0628","207 DOM VIOL SUSP","1"
"1981","245 ADW POSS DOM VIO","3"
"2062","242 BATTERY INVEST","7"
"1267","207 DOM VIOL SUSP NO","1"
"1412","245 DOM VIOL SUSP","1"
"0303","415 FIGHT","3"
"0301","242 DOM VIOL","3"
"1737","620 DOM VIOL R/O","1"
"1754","245 DOM VIOL INVEST","1"
"0933","242 DOM VIOL SUSP","3"
"1908","245 DOM VIOL","1"
"1128","415 FIGHT","3"
"1431","245 DOM VIOL INVEST","1"
"0377","245 DOM VIOL SUSP","1"
"1605","245 AMB CUTTING","2"
"0919","415 GROUP FIGHT","2"
"1375","242 BATTERY INVEST","1"
"1981","242 BATTERY","2"
"1642","242 BATTERY INVEST","2"
"1698","245 DOM VIOL SUSP NO","2"
"0828","245 DOM VIOL","1"
"1829","245 DOM VIOL","7"
"0409","918 VIOLENT MALE","1"
"1239","245 DOM VIOL SUSP NO","1"
"1035","242 BATTERY INVEST","1"
"0414","620 DOM VIOL R/O","1"
"0256","620 DOM VIOL","7"
"0952","415 GROUP FIGHT","1"
"1119","918 VIOLENT MALE","3"
"0901","620 DOM VIOL R/O","8"
"1526","242 DOM VIOL R/O VIO","2"
"2177","245 AMB CUTTING","1"
"1596","415 FIGHT","1"
"1562","620 DOM VIOL","4"
"0338","242 BATTERY DOMESTIC","1"
"0406","620 DOM VIOL R/O","2"
"0847","245 DOM VIOL SUSP NO","1"
"1619","242 DOM VIOL","7"
"1115","245 AMB CUTTING","1"
"1781","415 FIGHT","8"
"0245","242 AMB DOM VIOL","5"
"1559","620 DOM VIOL","2"
"1705","242 DOM VIOL","3"
"1383","620 DOM VIOL","21"
"1912","620 DOM VIOL R/O","2"
"1717","245 CUTTING INV","1"
"0156","242 DOM VIOL INVESTI","3"
"0906","242 POSS DOM VIOL","3"
"2033","242 BATTERY INVEST","2"
"2013","245 DOM VIOL","2"
"2055","245 DOM VIOL IN PROG","1"
"1003","245 AMB CUTTING","4"
"0135","620 DOM VIOL","17"
"0507","242 DOM VIOL INVESTI","1"
"0266","245 DOM VIOL SUSP","1"
"0497","242 BATTERY INVEST","1"
"1793","242 BATTERY DOMESTIC","1"
"1215","918 VIOLENT FEM","5"
"1181","245 AMB CUTTING","1"
"1364","620 DOM VIOL R/O","3"
"2133","245 CUTTING INV","6"
"1754","415 FIGHT","1"
"0353","242 DOM VIOL SUSP","2"
"0295","245 AMB CUTTING","2"
"0166","242 POSS DOM VIOL","1"
"2129","918 VIOLENT JUV","1"
"0398","918 VIOLENT MALE","2"
"0129","242 DOM VIOL","2"
"0182","242 POSS DOM VIOL","3"
"0914","245 DOM VIOL","6"
"0233","620 DOM VIOL","15"
"0271","242 BATTERY DOMESTIC","2"
"0783","242 DOM VIOL","10"
"1918","620 DOM VIOL R/O","18"
"0246","242 BATTERY DOMESTIC","2"
"2185","245 DOM VIOL","2"
"0396","242 BATTERY INVEST","3"
"0678","242 POSS DOM VIOL","1"
"1653","242 DOM VIOL INVESTI","3"
"0625","242 DOM VIOL","6"
"0678","245 DOM VIOL","2"
"0143","918 VIOLENT FEM","1"
"0525","245 ADW POSS DOM VIO","1"
"1641","415 FIGHT","4"
"0128","245 AMB CUTTING","1"
"1972","245 DOM VIOL SUSP J/","1"
"1695","242 DOM VIOL J/O","1"
"0943","415 FIGHT","4"
"0469","242 BATTERY DOMESTIC","1"
"0245","415 FIGHT","21"
"0666","242 BATTERY INVEST","8"
"1467","415 FIGHT","3"
"0236","245 AMB DOM VIOL","2"
"0562","245 DOM VIOL SUSP","1"
"1908","245 DOM VIOL SUSP NO","1"
"1983","242 BATTERY DOMESTIC","3"
"1952","245 DOM VIOL SUSP","1"
"0778","245 DOM VIOL SUSP","1"
"1257","245 AMB DOM VIOL","1"
"1566","918 VIOLENT MALE","2"
"1205","918 VIOLENT MALE","1"
"0829","242 DOM VIOL","1"
"1941","918 VIOLENT MALE","2"
"0765","207 DOM VIOL J/O","1"
"2046","242 DOM VIOL","11"
"1414","245 AMB CUTTING","2"
"1795","242 BATTERY INVEST","1"
"0642","415 GROUP FIGHT","1"
"1346","245 ADW POSS DOM VIO","1"
"0506","620 DOM VIOL","19"
"0285","242 DOM VIOL J/O","1"
"1136","415 FIGHT","4"
"0397","245 AMB CUTTING","9"
"1515","245 DOM VIOL SUSP","1"
"1117","242 BATTERY INVEST","2"
"1362","245 AMB CUTTING","7"
"1186","415 GROUP FIGHT","2"
"0778","242 BATTERY INVEST","2"
"1049","242 DOM VIOL","3"
"1708","242 AMB DOM VIOL","1"
"0961","620 DOM VIOL","1"
"1283","620 DOM VIOL R/O","18"
"1496","415 GROUP FIGHT","1"
"1307","415 FIGHT","10"
"1258","620 DOM VIOL R/O","11"
"0354","415 GROUP FIGHT","1"
"2041","415 FIGHT","2"
"1984","242 BATTERY DOMESTIC","7"
"0469","245 AMB CUTTING","3"
"1353","415 FIGHT","9"
"1823","245 AMB DOM VIOL","1"
"2046","245 DOM VIOL INVEST","2"
"1782","242 POSS DOM VIOL","1"
"2128","620 DOM VIOL","11"
"2039","242 DOM VIOL","19"
"0329","415 FIGHT","1"
"0529","245 AMB CUTTING","6"
"0478","245 CUTTING INV","1"
"0407","245 AMB CUTTING","1"
"2039","245 AMB DOM VIOL","1"
"1821","242 BATTERY DOMESTIC","2"
"2105","415 FIGHT","1"
"0464","245 DOM VIOL SUSP","3"
"0261","245 DOM VIOL","2"
"0923","415 GROUP FIGHT","4"
"1213","415 GROUP FIGHT","4"
"2162","242 POSS DOM VIOL","1"
"1023","242 BATTERY DOMESTIC","1"
"1453","620 DOM VIOL","4"
"0219","242 BATTERY INVEST","2"
"2136","242 DOM VIOL INVESTI","1"
"0427","242 DOM VIOL SUSP","3"
"1901","242 DOM VIOL","10"
"1135","245 DOM VIOL IN PROG","1"
"1747","242 DOM VIOL","8"
"0711","242 DOM VIOL INVESTI","2"
"1613","245 DOM VIOL SUSP","1"
"1343","245 DOM VIOL","3"
"1415","415 FIGHT","14"
"0424","620 DOM VIOL","18"
"1241","415 FIGHT","13"
"1846","415 GROUP FIGHT","1"
"1958","242 AMB DOM VIOL","1"
"2001","620 DOM VIOL R/O","1"
"1061","245 AMB CUTTING","1"
"0311","242 DOM VIOL INVESTI","2"
"0898","918 VIOLENT JUV","1"
"1268","415 FIGHT","17"
"1658","620 DOM VIOL","2"
"2141","620 DOM VIOL R/O","2"
"2055","242 BATTERY INVEST","2"
"0839","620 DOM VIOL R/O","1"
"1265","245 AMB CUTTING","6"
"2175","242 POSS DOM VIOL","2"
"0151","242 DOM VIOL SUSP","1"
"2056","242 POSS DOM VIOL","1"
"0269","245 DOM VIOL","5"
"0923","245 DOM VIOL SUSP","1"
"0337","245 DOM VIOL SUSP NO","1"
"2148","245 DOM VIOL","1"
"1959","620 DOM VIOL","18"
"1078","242 DOM VIOL","2"
"0842","242 DOM VIOL","7"
"0895","242 BATTERY INVEST","1"
"1771","242 DOM VIOL","3"
"0923","242 DOM VIOL J/O","1"
"0489","918 VIOLENT MALE","2"
"0769","620 DOM VIOL","4"
"1591","242 BATTERY","1"
"0439","242 BATTERY INVEST","1"
"0176","242 AMB DOM VIOL","1"
"0511","242 AMB DOM VIOL","2"
"1341","245 ADW POSS DOM VIO","1"
"0101","918 VIOLENT MALE","1"
"1994","245 CUTTING INV","4"
"1693","245 DOM VIOL IN PROG","1"
"0118","242 DOM VIOL","13"
"0133","245 AMB CUTTING","1"
"1112","620 DOM VIOL","15"
"1362","242 DOM VIOL R/O VIO","2"
"1113","620 DOM VIOL","4"
"1241","242 AMB DOM VIOL","10"
"2079","242 BATTERY","1"
"2081","242 BATTERY DOMESTIC","1"
"0734","242 AMB DOM VIOL","1"
"1414","245 DOM VIOL SUSP","1"
"1985","242 BATTERY DOMESTIC","2"
"1327","242 POSS DOM VIOL","1"
"1657","242 DOM VIOL J/O","1"
"0893","242 BATTERY INVEST","1"
"1907","242 AMB DOM VIOL","1"
"0257","620 DOM VIOL R/O","9"
"1835","242 BATTERY INVEST","1"
"0248","245 DOM VIOL","3"
"1701","242 POSS DOM VIOL","3"
"0135","415 FIGHT","8"
"1862","918 VIOLENT FEM","2"
"1685","620 DOM VIOL R/O","6"
"1065","242 BATTERY DOMESTIC","2"
"1027","242 AMB DOM VIOL","1"
"0906","242 BATTERY INVEST","4"
"1505","918 VIOLENT MALE","1"
"1787","245 DOM VIOL","4"
"1343","620 DOM VIOL","24"
"1067","242 DOM VIOL","3"
"1033","245 DOM VIOL SUSP J/","1"
"1259","620 DOM VIOL","44"
"1205","242 DOM VIOL R/O VIO","1"
"1971","242 POSS DOM VIOL","5"
"1585","415 FIGHT","5"
"1008","242 POSS DOM VIOL","1"
"1526","245 ADW POSS DOM VIO","1"
"0884","415 FIGHT","8"
"2113","245 AMB DOM VIOL","1"
"0295","242 DOM VIOL J/O","1"
"0581","245 DOM VIOL SUSP J/","1"
"1171","918 VIOLENT FEM","1"
"1799","242 AMB DOM VIOL","1"
"0807","918 VIOLENT FEM","2"
"0645","245 DOM VIOL SUSP NO","1"
"1204","288 ASSAULT INVEST","1"
"1004","918 VIOLENT MALE","3"
"0976","242 DOM VIOL","1"
"0515","242 BATTERY INVEST","1"
"1003","620 DOM VIOL","23"
"0677","242 POSS DOM VIOL","2"
"1974","620 DOM VIOL","20"
"1043","415 GROUP FIGHT","2"
"1033","245 AMB CUTTING","2"
"0146","415 FIGHT","1"
"0642","242 BATTERY INVEST","2"
"0562","415 FIGHT","5"
"2161","415 FIGHT","1"
"0926","242 DOM VIOL J/O","2"
"0497","415 FIGHT","4"
"1256","242 DOM VIOL J/O","1"
"1415","415 GROUP FIGHT","5"
"1377","242 DOM VIOL","7"
"1827","242 BATTERY DOMESTIC","5"
"2025","918 VIOLENT MALE","1"
"0745","620 DOM VIOL","8"
"1988","620 DOM VIOL","5"
"1393","245 DOM VIOL SUSP NO","6"
"1801","242 BATTERY DOMESTIC","3"
"2023","918 VIOLENT FEM","1"
"1751","918 VIOLENT FEM","1"
"1112","245 POSS DOM VIOL I/","1"
"0897","245 DOM VIOL INVEST","1"
"0331","245 DOM VIOL","2"
"1474","242 DOM VIOL","3"
"1322","918 VIOLENT FEM","1"
"0363","242 DOM VIOL J/O","1"
"0722","918 VIOLENT FEM","1"
"1211","242 BATTERY INVEST","5"
"1331","242 BATTERY INVEST","10"
"1249","245 DOM VIOL SUSP NO","1"
"1645","415 FIGHT","3"
"0311","242 DOM VIOL","23"
"0429","242 DOM VIOL","15"
"1714","620 DOM VIOL","1"
"1149","620 DOM VIOL R/O","5"
"1559","918 VIOLENT JUV","1"
"1145","415 FIGHT","1"
"0318","415 GROUP FIGHT","1"
"1265","242 BATTERY DOMESTIC","4"
"0711","242 DOM VIOL SUSP","1"
"0427","245 DOM VIOL","1"
"1804","242 DOM VIOL SUSP","6"
"1905","620 DOM VIOL","5"
"0163","242 POSS DOM VIOL","1"
"1445","242 AMB DOM VIOL","1"
"1037","242 BATTERY INVEST","3"
"1322","242 DOM VIOL","11"
"0418","242 AMB DOM VIOL","1"
"1033","620 DOM VIOL R/O","6"
"1441","242 BATTERY","1"
"0311","242 DOM VIOL J/O","1"
"1169","242 DOM VIOL R/O VIO","1"
"1728","620 DOM VIOL R/O","3"
"0299","242 BATTERY DOMESTIC","1"
"1017","242 AMB DOM VIOL","1"
"1826","245 CUTTING INV","1"
"0303","620 DOM VIOL","1"
,"620 DOM VIOL","12"
"0639","242 BATTERY INVEST","3"
"1259","242 DOM VIOL INVESTI","1"
"0145","245 DOM VIOL INVEST","1"
"1097","918 VIOLENT JUV","4"
"1827","620 DOM VIOL","94"
"0723","242 DOM VIOL SUSP","3"
"1004","242 BATTERY DOMESTIC","1"
"1233","242 AMB DOM VIOL","2"
"0142","415 FIGHT","4"
"0914","242 BATTERY DOMESTIC","4"
"1972","415 GROUP FIGHT","1"
"1747","207 DOM VIOL","1"
"2091","620 DOM VIOL","1"
"1836","245 DOM VIOL INVEST","1"
"0192","242 DOM VIOL INVESTI","18"
"1837","245 ADW POSS DOM VIO","1"
"1118","242 BATTERY","1"
"0181","242 DOM VIOL","2"
"1373","242 DOM VIOL","12"
"1506","242 DOM VIOL SUSP","2"
"1667","242 AMB DOM VIOL","1"
"1063","242 DOM VIOL J/O","1"
"1715","415 FIGHT","2"
"1512","242 BATTERY INVEST","2"
"1441","415 GROUP FIGHT","9"
"1543","245 DOM VIOL","1"
"1181","620 DOM VIOL R/O","5"
"0479","242 DOM VIOL","9"
"0281","242 DOM VIOL INVESTI","1"
"1777","620 DOM VIOL","9"
"0765","245 DOM VIOL INVEST","1"
"1959","245 DOM VIOL","1"
"1995","242 DOM VIOL","6"
"1602","245 CUTTING INV","1"
"2042","242 POSS DOM VIOL","1"
"1239","918 VIOLENT JUV","4"
"0914","415 GROUP FIGHT","2"
"0443","245 DOM VIOL","1"
"1344","245 DOM VIOL SUSP NO","1"
"1341","242 AMB DOM VIOL","1"
"1881","245 AMB CUTTING","3"
"1907","918 VIOLENT MALE","1"
"1585","620 DOM VIOL","30"
"1967","415 FIGHT","4"
"0932","245 DOM VIOL","2"
"2058","245 DOM VIOL SUSP NO","1"
"1025","242 BATTERY DOMESTIC","2"
"0946","620 DOM VIOL","14"
"1555","242 BATTERY INVEST","4"
"1516","245 AMB CUTTING","1"
"0218","242 BATTERY DOMESTIC","2"
"0396","242 DOM VIOL J/O","1"
"0477","918 VIOLENT FEM","1"
"1075","415 FIGHT","2"
"0808","242 DOM VIOL","3"
"0659","620 DOM VIOL","5"
"1757","242 BATTERY INVEST","3"
"0811","242 POSS DOM VIOL","1"
"1925","620 DOM VIOL","14"
"0412","242 POSS DOM VIOL","1"
"1522","242 DOM VIOL J/O","1"
"0937","620 DOM VIOL R/O","1"
"0375","245 ADW","1"
"0235","245 DOM VIOL SUSP J/","1"
"1269","245 DOM VIOL SUSP J/","3"
"0195","620 DOM VIOL","9"
"0915","242 BATTERY INVEST","1"
"1799","620 DOM VIOL R/O","3"
"1231","242 DOM VIOL INVESTI","1"
"1039","415 FIGHT","7"
"0217","620 DOM VIOL","7"
"1235","245 DOM VIOL SUSP NO","2"
"1232","918 VIOLENT FEM","2"
"0239","415 FIGHT","3"
"1781","245 DOM VIOL","4"
"1241","242 BATTERY INVEST","11"
"2019","918 VIOLENT JUV","2"
"0313","245 DOM VIOL SUSP J/","1"
"0246","415 GROUP FIGHT","1"
"2144","242 DOM VIOL SUSP","1"
"1321","245 DOM VIOL SUSP","1"
"0765","242 DOM VIOL R/O VIO","1"
"2137","918 VIOLENT MALE","1"
"0396","245 AMB CUTTING","3"
"0416","620 DOM VIOL R/O","9"
"1265","242 DOM VIOL","30"
"0499","245 AMB CUTTING","2"
"0646","415 GROUP FIGHT","12"
"0329","245 DOM VIOL","2"
"2069","242 AMB DOM VIOL","2"
"0738","245 DOM VIOL SUSP","1"
"1849","242 DOM VIOL INVESTI","1"
"0811","245 DOM VIOL SUSP NO","1"
"0467","242 BATTERY INVEST","1"
"0636","242 DOM VIOL INVESTI","2"
"0732","415 GROUP FIGHT","1"
"0752","242 BATTERY","1"
"1037","918 VIOLENT MALE","1"
"1195","242 POSS DOM VIOL","1"
"1211","245 DOM VIOL INVEST","1"
"1838","242 POSS DOM VIOL","1"
"1231","245 DOM VIOL SUSP NO","2"
"1526","245 DOM VIOL SUSP NO","3"
"1974","242 AMB DOM VIOL","2"
"2079","620 DOM VIOL R/O","1"
"0749","245 DOM VIOL","1"
"2183","242 DOM VIOL INVESTI","2"
"0241","242 DOM VIOL J/O","1"
"1835","242 BATTERY DOMESTIC","1"
"0639","918 VIOLENT MALE","2"
"0811","242 DOM VIOL SUSP","1"
"0373","245 AMB CUTTING","1"
"0478","415 AMB FIGHT","1"
"1241","918 VIOLENT JUV","2"
"1323","245 DOM VIOL SUSP NO","1"
"0677","245 AMB CUTTING","1"
"0939","242 BATTERY DOMESTIC","1"
"1024","242 POSS DOM VIOL","2"
"2093","620 DOM VIOL","5"
"0237","415 FIGHT","8"
"1078","620 DOM VIOL R/O","3"
"0911","620 DOM VIOL","25"
"1762","242 DOM VIOL","7"
"1101","242 DOM VIOL SUSP","1"
"1707","620 DOM VIOL","2"
"1454","242 DOM VIOL INVESTI","7"
"1253","242 AMB DOM VIOL","2"
"1613","245 DOM VIOL","1"
"2144","415 FIGHT","2"
"1839","242 DOM VIOL SUSP","4"
"1134","415 FIGHT","5"
"0529","242 BATTERY DOMESTIC","3"
"1753","620 DOM VIOL","1"
"0396","620 DOM VIOL","17"
"1944","415 GROUP FIGHT","2"
"0974","242 POSS DOM VIOL","6"
"0154","245 DOM VIOL SUSP NO","2"
"2005","918 VIOLENT MALE","1"
"1394","918 VIOLENT MALE","2"
"1107","245 DOM VIOL SUSP NO","1"
"1391","245 DOM VIOL INVEST","1"
"0762","242 DOM VIOL INVESTI","1"
"1473","242 DOM VIOL","3"
"0212","242 DOM VIOL INVESTI","1"
"0473","245 AMB CUTTING","4"
"0426","918 VIOLENT MALE","4"
"2013","918 VIOLENT FEM","2"
"1245","245 ADW","1"
"1309","245 DOM VIOL SUSP NO","2"
"0312","620 DOM VIOL","20"
"1163","620 DOM VIOL R/O","5"
"1657","415 GROUP FIGHT","3"
"1842","918 VIOLENT FEM","4"
"1589","245 DOM VIOL SUSP NO","1"
"0509","245 DOM VIOL R/O","1"
"0701","620 DOM VIOL R/O","10"
"1529","245 DOM VIOL","1"
"1381","415 FIGHT","4"
"0153","245 AMB CUTTING","13"
"0753","620 DOM VIOL R/O","2"
"2196","620 DOM VIOL R/O","1"
"0941","620 DOM VIOL","32"
"0192","245 ADW","1"
"0583","242 BATTERY INVEST","1"
"1804","242 DOM VIOL J/O","1"
"1985","242 AMB DOM VIOL","4"
"1365","415 FIGHT","6"
"0147","242 BATTERY INVEST","3"
"1546","242 DOM VIOL","1"
"0963","242 BATTERY INVEST","13"
"0456","245 DOM VIOL","3"
"1161","620 DOM VIOL","6"
"0769","620 DOM VIOL R/O","2"
"1253","242 BATTERY DOMESTIC","3"
"0462","245 DOM VIOL SUSP NO","1"
"0111","918 VIOLENT FEM","2"
"0353","245 DOM VIOL","2"
"2126","620 DOM VIOL","6"
"1655","245 DOM VIOL IN PROG","1"
"1001","242 AMB DOM VIOL","1"
"0952","242 DOM VIOL INVESTI","3"
"1656","242 DOM VIOL","9"
"0933","242 BATTERY DOMESTIC","2"
"2139","245 DOM VIOL","4"
"0564","242 AMB DOM VIOL","4"
"1239","245 CUTTING INV","1"
"0333","242 BATTERY DOMESTIC","2"
"1141","242 DOM VIOL","7"
"1661","620 DOM VIOL R/O","2"
"2156","245 DOM VIOL INVEST","1"
"1132","242 DOM VIOL SUSP","2"
"1248","415 FIGHT","4"
"1362","415 GROUP FIGHT","3"
"1309","245 AMB CUTTING","3"
"1147","242 DOM VIOL","5"
"0338","415 FIGHT","3"
"2045","620 DOM VIOL R/O","2"
"0526","245 DOM VIOL","1"
"0413","620 DOM VIOL R/O","2"
"1915","242 AMB DOM VIOL","2"
"1881","918 VIOLENT MALE","3"
"0667","620 DOM VIOL R/O","9"
"1849","245 DOM VIOL SUSP NO","3"
"0531","415 FIGHT","2"
"2155","918 VIOLENT MALE","1"
"0163","242 BATTERY DOMESTIC","1"
"0182","620 DOM VIOL","69"
"1215","245 DOM VIOL INVEST","1"
"0514","620 DOM VIOL","25"
"1006","245 DOM VIOL","1"
"1801","245 DOM VIOL INVEST","1"
"1465","242 BATTERY INVEST","1"
"2058","242 BATTERY DOMESTIC","2"
"1643","415 GROUP FIGHT","2"
"0517","245 ADW POSS DOM VIO","1"
"0668","415 GROUP FIGHT","6"
"0247","245 DOM VIOL SUSP","3"
"0465","242 BATTERY INVEST","1"
"1243","242 DOM VIOL J/O","1"
"2156","415 GROUP FIGHT","4"
"1837","415 GROUP FIGHT","4"
"1693","242 BATTERY DOMESTIC","2"
"1849","245 AMB CUTTING","10"
"1881","242 DOM VIOL INVESTI","2"
"1543","245 ADW","1"
"1549","245 DOM VIOL","5"
"0836","415 FIGHT","1"
"1846","242 BATTERY DOMESTIC","3"
"0567","245 DOM VIOL SUSP J/","1"
"0315","245 DOM VIOL SUSP NO","2"
"0565","620 DOM VIOL R/O","2"
"1901","918 VIOLENT FEM","1"
"1524","245 DOM VIOL","2"
"0461","242 BATTERY INVEST","1"
"1505","242 DOM VIOL SUSP","6"
"0251","620 DOM VIOL","30"
"1842","245 DOM VIOL","11"
"1653","620 DOM VIOL","17"
"0841","242 POSS DOM VIOL","1"
"0182","245 DOM VIOL","8"
"2069","245 AMB CUTTING","4"
"1119","245 AMB CUTTING","1"
"1241","242 DOM VIOL INVESTI","1"
"1961","245 POSS DOM VIOL I/","1"
"1844","242 DOM VIOL R/O VIO","1"
"0393","245 AMB CUTTING","1"
"1331","242 DOM VIOL","17"
"1249","242 AMB DOM VIOL SUS","1"
"0524","245 DOM VIOL SUSP NO","1"
"0314","245 ADW POSS DOM VIO","3"
"0299","415 FIGHT","5"
"1959","242 DOM VIOL J/O","1"
"1107","242 DOM VIOL R/O VIO","1"
"2027","242 BATTERY INVEST","2"
"0398","242 AMB DOM VIOL","2"
"0392","245 AMB CUTTING","2"
"1681","918 VIOLENT MALE","1"
"0216","245 DOM VIOL SUSP NO","1"
"0156","245 DOM VIOL","11"
"1242","918 VIOLENT FEM","1"
"2041","415 GROUP FIGHT","1"
"1008","620 DOM VIOL","16"
"1621","245 ADW POSS DOM VIO","1"
"1606","242 DOM VIOL SUSP","1"
"1749","242 BATTERY DOMESTIC","1"
"0105","242 DOM VIOL SUSP","1"
"0121","242 BATTERY DOMESTIC","1"
"1623","620 DOM VIOL","10"
"1557","245 AMB CUTTING","2"
"1283","242 DOM VIOL SUSP","3"
"1747","242 AMB DOM VIOL","1"
"1455","242 BATTERY DOMESTIC","1"
"0174","245 DOM VIOL","3"
"0827","242 BATTERY DOMESTIC","1"
"0417","242 POSS DOM VIOL","1"
"1822","242 DOM VIOL","53"
"1373","245 DOM VIOL","3"
"1743","415 FIGHT","2"
"1881","415 FIGHT","6"
"0587","918 VIOLENT FEM","1"
"0163","620 DOM VIOL","11"
"1532","415 GROUP FIGHT","2"
"1806","245 DOM VIOL","4"
"1951","620 DOM VIOL R/O","2"
"1266","242 BATTERY DOMESTIC","8"
"0563","245 AMB CUTTING","2"
"1924","918 VIOLENT FEM","1"
"1105","242 DOM VIOL SUSP","1"
"1977","245 DOM VIOL SUSP NO","1"
"1015","242 POSS DOM VIOL","1"
"1643","620 DOM VIOL R/O","8"
"1921","242 DOM VIOL INVESTI","3"
"1354","415 FIGHT","5"
"0377","242 DOM VIOL","11"
"0506","245 AMB DOM VIOL","1"
"1163","245 DOM VIOL SUSP NO","1"
"1333","242 DOM VIOL","29"
"1171","620 DOM VIOL","7"
"2056","242 DOM VIOL SUSP","1"
"1253","242 BATTERY INVEST","5"
"1563","245 DOM VIOL","2"
"0131","242 DOM VIOL INVESTI","1"
"1831","245 AMB DOM VIOL","1"
"0964","245 ADW POSS DOM VIO","1"
"0159","245 AMB CUTTING","2"
"1132","242 DOM VIOL","9"
"2118","620 DOM VIOL R/O","4"
"2155","242 DOM VIOL","17"
"2177","245 CUTTING INV","1"
"1235","620 DOM VIOL R/O","20"
"0202","620 DOM VIOL R/O","2"
"1766","242 DOM VIOL SUSP","1"
"0376","242 DOM VIOL","19"
"1761","245 ADW POSS DOM VIO","1"
"0314","415 GROUP FIGHT","1"
"1936","620 DOM VIOL","5"
"1267","620 DOM VIOL","51"
"1323","245 DOM VIOL","5"
"0246","245 CUTTING INV","3"
"1752","242 DOM VIOL INVESTI","1"
"1309","415 MAJ GRP FIGHT","1"
"1351","918 VIOLENT MALE","1"
"1788","242 DOM VIOL","1"
"0881","242 POSS DOM VIOL","2"
"1601","242 DOM VIOL","7"
"2042","242 DOM VIOL","9"
"0295","242 DOM VIOL","20"
"1623","242 DOM VIOL","12"
"1787","245 ADW POSS DOM VIO","1"
"0804","620 DOM VIOL R/O","1"
"1698","242 DOM VIOL","5"
"1012","415 FIGHT","7"
"1545","415 FIGHT","3"
"1248","415 GROUP FIGHT","3"
"0154","620 DOM VIOL","18"
"0281","415 GROUP FIGHT","2"
"1347","242 POSS DOM VIOL","3"
"1504","242 BATTERY DOMESTIC","1"
"0427","245 CUTTING INV","1"
"0775","245 DOM VIOL SUSP NO","2"
"1158","242 DOM VIOL","5"
"0521","245 AMB DOM VIOL SUS","1"
"0336","245 AMB CUTTING","1"
"2183","242 DOM VIOL SUSP","1"
"1583","918 VIOLENT FEM","1"
"2156","245 DOM VIOL","1"
"1178","245 DOM VIOL","1"
"0143","242 DOM VIOL","2"
"1589","620 DOM VIOL R/O","5"
"0248","245 DOM VIOL SUSP","4"
"0421","415 FIGHT","2"
"1776","415 GROUP FIGHT","1"
"1361","918 VIOLENT FEM","2"
"1313","242 DOM VIOL","28"
"1333","245 DOM VIOL IN PROG","1"
"0246","242 DOM VIOL J/O","1"
"0449","242 AMB DOM VIOL","1"
"0153","242 DOM VIOL","17"
"2114","415 GROUP FIGHT","1"
"0412","207 DOM VIOL","1"
"1393","242 DOM VIOL J/O","1"
"1791","245 DOM VIOL SUSP NO","1"
"0375","245 AMB CUTTING","8"
"0656","245 DOM VIOL SUSP J/","1"
"0738","242 POSS DOM VIOL","1"
"1838","245 DOM VIOL IN PROG","2"
"0636","918 VIOLENT MALE","2"
"1391","242 DOM VIOL SUSP","3"
"0929","242 POSS DOM VIOL","1"
"1963","918 VIOLENT FEM","1"
"1656","242 DOM VIOL INVESTI","1"
"0424","620 DOM VIOL R/O","9"
"1958","245 DOM VIOL SUSP","1"
"1792","242 BATTERY DOMESTIC","2"
"2111","245 DOM VIOL","1"
"1323","918 VIOLENT FEM","3"
"0564","620 DOM VIOL","35"
"0396","245 DOM VIOL","8"
"0166","242 BATTERY DOMESTIC","1"
"1672","242 BATTERY INVEST","1"
"0803","242 DOM VIOL SUSP","1"
"1745","620 DOM VIOL R/O","9"
"1141","620 DOM VIOL R/O","2"
"2088","242 BATTERY DOMESTIC","1"
"0899","245 DOM VIOL SUSP","1"
"1361","245 AMB CUTTING","9"
"0657","245 DOM VIOL SUSP NO","1"
"1961","245 ADW POSS DOM VIO","1"
"0212","242 DOM VIOL","8"
"1321","245 DOM VIOL","3"
"1024","620 DOM VIOL","16"
"1787","620 DOM VIOL R/O","2"
"0631","620 DOM VIOL","3"
"0164","242 BATTERY DOMESTIC","5"
"1983","245 DOM VIOL SUSP NO","2"
"0818","242 DOM VIOL INVESTI","5"
"1344","242 BATTERY INVEST","3"
"0134","245 DOM VIOL SUSP NO","2"
"0231","415 GROUP FIGHT","2"
"0501","620 DOM VIOL","8"
"1128","242 DOM VIOL","4"
"1902","620 DOM VIOL R/O","3"
"1823","415 FIGHT","19"
"0804","242 DOM VIOL SUSP","1"
"0408","245 DOM VIOL SUSP NO","1"
"0585","415 FIGHT","7"
"2125","245 AMB CUTTING","1"
"1231","918 VIOLENT JUV","1"
"2102","242 DOM VIOL INVESTI","1"
"1178","242 BATTERY DOMESTIC","1"
"1802","245 DOM VIOL SUSP NO","4"
"1681","242 BATTERY INVEST","2"
"0585","242 DOM VIOL SUSP","5"
"0895","242 POSS DOM VIOL","1"
"0171","242 AMB DOM VIOL","2"
"0916","242 AMB DOM VIOL","1"
"1218","918 VIOLENT MALE","3"
"1102","415 GROUP FIGHT","1"
"1457","415 FIGHT","3"
"0806","918 VIOLENT FEM","1"
"1527","620 DOM VIOL R/O","1"
"1969","415 FIGHT","3"
"0831","415 FIGHT","2"
"1245","245 AMB CUTTING","4"
"0901","242 DOM VIOL","7"
"0971","242 DOM VIOL SUSP","3"
"0974","918 VIOLENT MALE","3"
"1849","242 AMB DOM VIOL","3"
"1487","620 DOM VIOL","4"
"0803","620 DOM VIOL","1"
"0897","242 DOM VIOL INVESTI","1"
"1133","918 VIOLENT MALE","3"
"1483","242 BATTERY INVEST","10"
"0504","242 DOM VIOL J/O","1"
"1362","245 DOM VIOL","4"
"1587","620 DOM VIOL","1"
"0316","242 DOM VIOL","13"
"2011","242 DOM VIOL SUSP","1"
"1029","242 DOM VIOL SUSP","2"
"1581","620 DOM VIOL R/O","5"
"0119","242 DOM VIOL SUSP","2"
"0333","242 DOM VIOL INVESTI","1"
"1803","245 DOM VIOL","1"
"1785","242 DOM VIOL INVESTI","3"
"1375","242 AMB DOM VIOL","3"
"0261","242 DOM VIOL R/O VIO","1"
"1456","245 POSS DOM VIOL I/","1"
"1043","620 DOM VIOL","13"
"2038","245 AMB CUTTING","2"
"0948","415 FIGHT","2"
"0587","620 DOM VIOL R/O","14"
"0204","620 DOM VIOL","10"
"1826","242 BATTERY INVEST","5"
"0275","245 CUTTING INV","1"
"1826","245 AMB CUTTING","3"
"1152","242 DOM VIOL","2"
"0643","415 GROUP FIGHT","5"
"1424","242 BATTERY INVEST","1"
"0185","415 FIGHT","6"
"1645","242 DOM VIOL","3"
"0629","620 DOM VIOL R/O","1"
"1176","620 DOM VIOL","7"
"0837","415 FIGHT","1"
"1004","245 DOM VIOL INVEST","2"
"1128","242 BATTERY INVEST","2"
"1129","620 DOM VIOL","15"
"1508","620 DOM VIOL R/O","1"
"1205","245 DOM VIOL SUSP","4"
"1849","620 DOM VIOL","36"
"0216","242 BATTERY INVEST","1"
"0589","242 BATTERY DOMESTIC","2"
"2097","242 BATTERY INVEST","1"
"1003","415 GROUP FIGHT","1"
"0849","242 POSS DOM VIOL","3"
"1377","242 AMB DOM VIOL","5"
"0679","245 AMB CUTTING","1"
"1599","620 DOM VIOL R/O","1"
"2024","245 DOM VIOL SUSP","1"
"1162","415 FIGHT","14"
"1549","242 AMB DOM VIOL","3"
"1362","415 FIGHT","10"
"0724","415 FIGHT","7"
"2125","242 DOM VIOL R/O VIO","1"
"0402","918 VIOLENT MALE","2"
"0478","242 BATTERY INVEST","4"
"1063","242 AMB DOM VIOL","4"
"0275","415 AMB FIGHT","1"
"1331","242 DOM VIOL INVESTI","2"
"1759","242 DOM VIOL","4"
"2001","245 DOM VIOL","1"
"1983","918 VIOLENT MALE","2"
"1283","415 FIGHT","12"
"1906","918 VIOLENT MALE","2"
"0218","242 DOM VIOL J/O","1"
"1936","242 DOM VIOL","6"
"1981","242 DOM VIOL INVESTI","1"
"1549","242 POSS DOM VIOL","1"
"0241","415 FIGHT","5"
"0132","242 DOM VIOL J/O","1"
"1327","242 DOM VIOL SUSP","2"
"2097","415 FIGHT","3"
"1251","918 VIOLENT MALE","2"
"1239","242 BATTERY","1"
"1909","620 DOM VIOL","6"
"1142","245 DOM VIOL","1"
"1794","415 GROUP FIGHT","1"
"1469","242 POSS DOM VIOL","1"
"1283","242 AMB DOM VIOL","5"
"1363","242 DOM VIOL INVESTI","1"
"2104","242 DOM VIOL SUSP","2"
"0827","620 DOM VIOL R/O","1"
"0803","415 FIGHT","2"
"2189","242 DOM VIOL INVESTI","2"
"1745","242 BATTERY INVEST","1"
"2143","415 FIGHT","6"
"0295","415 GROUP FIGHT","1"
"1129","918 VIOLENT FEM","1"
"1025","918 VIOLENT FEM","5"
"0237","245 AMB CUTTING","8"
"2045","242 DOM VIOL","11"
"1795","918 VIOLENT MALE","2"
"1824","242 AMB DOM VIOL","4"
"1263","242 DOM VIOL","20"
"0455","620 DOM VIOL","13"
"0399","242 BATTERY INVEST","1"
"1913","242 AMB DOM VIOL","2"
"0469","620 DOM VIOL","6"
"1142","620 DOM VIOL","10"
"1993","242 POSS DOM VIOL","2"
"0392","242 DOM VIOL SUSP","5"
"1656","245 AMB DOM VIOL","1"
"0466","242 POSS DOM VIOL","3"
"1362","242 DOM VIOL INVESTI","3"
"0916","245 AMB CUTTING","2"
"0246","245 ADW POSS DOM VIO","1"
"1823","620 DOM VIOL R/O","18"
"0663","918 VIOLENT FEM","3"
"0153","242 DOM VIOL SUSP","2"
"0249","242 BATTERY INVEST","1"
"0952","918 VIOLENT MALE","5"
"1729","242 DOM VIOL","2"
"0887","918 VIOLENT MALE","2"
"1083","242 BATTERY INVEST","1"
"0249","242 DOM VIOL INVESTI","3"
"0155","620 DOM VIOL R/O","5"
"0266","242 BATTERY INVEST","2"
"2027","245 DOM VIOL","2"
"1151","415 GROUP FIGHT","1"
"1712","242 POSS DOM VIOL","1"
"0858","242 AMB DOM VIOL","1"
"0249","242 AMB DOM VIOL","2"
"0646","245 DOM VIOL INVEST","2"
"0994","620 DOM VIOL R/O","6"
"1425","242 DOM VIOL SUSP","1"
"1453","242 AMB DOM VIOL","1"
"2126","242 DOM VIOL","6"
"1249","245 AMB DOM VIOL","1"
"1771","918 VIOLENT FEM","1"
"0935","242 DOM VIOL SUSP","2"
"0648","245 DOM VIOL SUSP","1"
"0148","620 DOM VIOL R/O","2"
"1586","620 DOM VIOL","5"
"1643","242 DOM VIOL SUSP","2"
"2148","242 DOM VIOL","11"
"0353","620 DOM VIOL","7"
"1385","918 VIOLENT MALE","1"
"0517","242 POSS DOM VIOL","2"
"1864","415 FIGHT","5"
"0507","415 GROUP FIGHT","1"
"0646","242 DOM VIOL","31"
"0118","620 DOM VIOL R/O","8"
"2104","242 BATTERY DOMESTIC","1"
"0564","245 DOM VIOL IN PROG","1"
"0154","415 GROUP FIGHT","2"
"1752","918 VIOLENT MALE","1"
"1273","242 DOM VIOL R/O VIO","1"
"0328","242 DOM VIOL","6"
"1391","245 DOM VIOL SUSP NO","2"
"0892","242 DOM VIOL","2"
"1525","620 DOM VIOL R/O","5"
"1162","242 DOM VIOL SUSP","3"
"0466","242 DOM VIOL SUSP","3"
"0439","245 AMB CUTTING","3"
"0742","918 VIOLENT JUV","1"
"0154","242 DOM VIOL","9"
"1984","918 VIOLENT JUV","1"
"1321","242 DOM VIOL J/O","1"
"0464","242 BATTERY INVEST","6"
"1445","918 VIOLENT MALE","1"
"1557","245 DOM VIOL SUSP NO","3"
"0677","242 BATTERY","1"
"1506","245 DOM VIOL R/O","1"
"0174","245 AMB CUTTING","3"
"0524","242 DOM VIOL","11"
"1684","245 DOM VIOL IN PROG","1"
"1971","242 DOM VIOL INVESTI","1"
"1124","242 DOM VIOL SUSP","1"
"0776","620 DOM VIOL R/O","3"
"0316","242 POSS DOM VIOL","1"
"1827","918 VIOLENT JUV","4"
"1651","245 DOM VIOL SUSP NO","2"
"0111","242 DOM VIOL","30"
"1634","242 DOM VIOL","1"
"1029","620 DOM VIOL R/O","15"
"1465","918 VIOLENT MALE","1"
"1268","245 AMB CUTTING","6"
"1268","242 BATTERY DOMESTIC","4"
"1102","242 DOM VIOL","6"
"1125","620 DOM VIOL R/O","2"
"1994","415 GROUP FIGHT","1"
"1532","245 DOM VIOL","1"
"1524","620 DOM VIOL","1"
"1563","242 BATTERY DOMESTIC","1"
"1077","620 DOM VIOL R/O","1"
"1526","918 VIOLENT MALE","1"
"0774","242 DOM VIOL J/O","1"
"1128","620 DOM VIOL R/O","1"
"0164","245 AMB CUTTING","6"
"1767","242 DOM VIOL SUSP","5"
"0521","242 POSS DOM VIOL","4"
"1153","620 DOM VIOL","2"
"1974","245 DOM VIOL SUSP NO","3"
"1658","415 FIGHT","3"
"0491","415 GROUP FIGHT","1"
"1823","918 VIOLENT FEM","3"
"1861","620 DOM VIOL","18"
"0439","242 DOM VIOL SUSP","1"
"0851","415 GROUP FIGHT","2"
"1799","415 FIGHT","4"
"2031","242 BATTERY DOMESTIC","1"
"2044","245 DOM VIOL SUSP NO","2"
"1834","415 FIGHT","8"
"1541","620 DOM VIOL R/O","1"
"0974","242 BATTERY DOMESTIC","2"
"0628","620 DOM VIOL R/O","1"
"1545","620 DOM VIOL","21"
"0392","415 GROUP FIGHT","3"
"2079","245 DOM VIOL SUSP J/","1"
"0515","242 DOM VIOL J/O","1"
"1523","242 POSS DOM VIOL","2"
"1008","242 DOM VIOL SUSP","1"
"0453","242 DOM VIOL J/O","1"
"1941","415 FIGHT","1"
"1633","242 DOM VIOL INVESTI","1"
"1623","415 GROUP FIGHT","3"
"1764","242 DOM VIOL J/O","2"
"0841","620 DOM VIOL R/O","1"
"1801","242 DOM VIOL J/O","1"
"1513","245 AMB CUTTING","1"
"1454","620 DOM VIOL R/O","1"
"0443","415 FIGHT","2"
"0247","242 AMB DOM VIOL","2"
"1715","242 DOM VIOL","1"
"1269","242 AMB DOM VIOL SUS","1"
"1756","242 DOM VIOL","4"
"0266","620 DOM VIOL R/O","6"
"0647","242 BATTERY DOMESTIC","2"
"1416","242 DOM VIOL","3"
"0783","242 DOM VIOL INVESTI","1"
"1362","242 BATTERY DOMESTIC","2"
"1251","242 DOM VIOL INVESTI","2"
"1181","242 DOM VIOL","7"
"1245","242 DOM VIOL INVESTI","1"
"1999","620 DOM VIOL R/O","33"
"0233","242 DOM VIOL","13"
"1266","620 DOM VIOL","53"
"1664","242 AMB DOM VIOL","1"
"1654","245 DOM VIOL IN PROG","1"
"0299","415 GROUP FIGHT","1"
"2074","242 DOM VIOL","8"
"0455","242 BATTERY INVEST","2"
"2147","918 VIOLENT MALE","2"
"0819","620 DOM VIOL","4"
"0438","242 BATTERY","1"
"0424","415 FIGHT","5"
"1251","242 AMB DOM VIOL","3"
"1372","245 DOM VIOL SUSP","1"
"1519","242 BATTERY","1"
"1774","620 DOM VIOL","1"
"1861","242 DOM VIOL R/O VIO","1"
"2011","620 DOM VIOL R/O","15"
"0904","620 DOM VIOL","14"
"0162","620 DOM VIOL","24"
"0477","245 DOM VIOL SUSP","1"
"1343","242 DOM VIOL SUSP","3"
"1367","242 BATTERY DOMESTIC","1"
"1351","245 DOM VIOL SUSP NO","3"
"1133","415 FIGHT","2"
"0509","245 DOM VIOL SUSP NO","3"
"1988","415 FIGHT","3"
"2046","242 DOM VIOL R/O VIO","2"
"1551","242 POSS DOM VIOL","1"
"1983","245 DOM VIOL INVEST","1"
"0926","245 ADW POSS DOM VIO","1"
"1256","245 DOM VIOL","8"
"0162","620 DOM VIOL R/O","7"
"1105","242 BATTERY INVEST","1"
"1219","415 GROUP FIGHT","1"
"1838","245 DOM VIOL","3"
"0881","415 FIGHT","6"
"0966","242 DOM VIOL","8"
"0645","242 BATTERY DOMESTIC","1"
"1821","242 POSS DOM VIOL","6"
"0429","242 BATTERY INVEST","1"
"0158","620 DOM VIOL","11"
"1327","620 DOM VIOL","11"
"1204","242 DOM VIOL INVESTI","1"
"2004","415 GROUP FIGHT","1"
"0135","242 BATTERY INVEST","3"
"1767","207 DOM VIOL","1"
"1505","242 DOM VIOL","11"
"0215","242 POSS DOM VIOL","1"
"0351","242 AMB DOM VIOL","2"
"0622","242 DOM VIOL INVESTI","1"
"0249","918 VIOLENT FEM","1"
"2107","620 DOM VIOL","20"
"1313","245 DOM VIOL SUSP","2"
"0171","415 FIGHT","6"
"1011","288 ASSAULT INVEST","1"
"1752","245 DOM VIOL IN PROG","1"
"0275","245 AMB CUTTING","4"
"0325","620 DOM VIOL R/O","1"
"1539","415 AMB FIGHT","1"
"1183","242 BATTERY DOMESTIC","1"
"0723","620 DOM VIOL R/O","3"
"2002","242 BATTERY DOMESTIC","2"
"1918","620 DOM VIOL","17"
"0461","415 GROUP FIGHT","1"
"1803","242 BATTERY DOMESTIC","1"
"0557","242 POSS DOM VIOL","5"
"1829","242 POSS DOM VIOL","3"
"1407","245 DOM VIOL SUSP","2"
"0649","620 DOM VIOL R/O","4"
"1727","245 DOM VIOL","1"
"0416","415 GROUP FIGHT","2"
"1521","620 DOM VIOL R/O","2"
"1864","242 DOM VIOL SUSP","1"
"0961","242 POSS DOM VIOL","1"
"1776","415 FIGHT","2"
"0939","245 ADW POSS DOM VIO","1"
"0514","620 DOM VIOL R/O","12"
"0279","620 DOM VIOL","6"
"0881","245 DOM VIOL","2"
"0515","620 DOM VIOL R/O","10"
"0464","242 AMB DOM VIOL SUS","1"
"1806","242 AMB DOM VIOL","1"
"0356","620 DOM VIOL","30"
"2002","242 DOM VIOL SUSP","3"
"1273","245 AMB CUTTING","3"
"0422","415 GROUP FIGHT","1"
"2034","242 POSS DOM VIOL","2"
"1344","620 DOM VIOL R/O","4"
"0467","245 ADW POSS DOM VIO","1"
"0341","242 DOM VIOL SUSP","2"
"0528","918 VIOLENT FEM","1"
"1172","242 DOM VIOL R/O VIO","1"
"1943","242 DOM VIOL","6"
"0998","620 DOM VIOL","3"
"1989","242 DOM VIOL","3"
"1503","242 DOM VIOL","8"
"0246","245 DOM VIOL IN PROG","1"
"0312","242 BATTERY DOMESTIC","2"
"1668","242 BATTERY INVEST","1"
"1871","245 DOM VIOL SUSP NO","1"
"1979","242 DOM VIOL","1"
"0204","620 DOM VIOL R/O","7"
"1902","415 GROUP FIGHT","2"
"0442","242 DOM VIOL","3"
"1235","245 DOM VIOL","3"
"1834","242 BATTERY INVEST","2"
"2058","242 AMB DOM VIOL","2"
"1089","245 ADW POSS DOM VIO","1"
"0256","415 FIGHT","6"
"0395","245 AMB DOM VIOL","1"
"0678","242 DOM VIOL","19"
"0963","620 DOM VIOL R/O","1"
"0477","245 DOM VIOL","3"
"0375","918 VIOLENT MALE","7"
"1832","620 DOM VIOL","35"
"0356","245 DOM VIOL SUSP J/","1"
"1323","242 BATTERY INVEST","1"
"0635","620 DOM VIOL R/O","2"
"1755","415 FIGHT","2"
"1443","620 DOM VIOL","3"
"2056","415 FIGHT","4"
"1826","242 AMB DOM VIOL","2"
"1642","242 DOM VIOL","4"
"0269","620 DOM VIOL","35"
"2145","245 DOM VIOL SUSP NO","1"
"0926","245 DOM VIOL SUSP NO","1"
"0466","242 BATTERY DOMESTIC","2"
"0753","918 VIOLENT FEM","4"
"1257","242 AMB DOM VIOL","1"
"0379","242 AMB DOM VIOL","1"
"0423","245 DOM VIOL","2"
"2036","242 BATTERY INVEST","1"
"1205","415 GROUP FIGHT","1"
"0636","242 BATTERY DOMESTIC","7"
"1479","415 FIGHT","2"
"0192","415 GROUP FIGHT","6"
"1984","245 DOM VIOL","6"
"1735","242 POSS DOM VIOL","1"
"1116","245 ADW POSS DOM VIO","1"
"1489","415 FIGHT","1"
"1964","245 AMB CUTTING","1"
"1543","620 DOM VIOL","19"
"1504","245 DOM VIOL","1"
"1985","620 DOM VIOL","50"
"1435","242 DOM VIOL","2"
"0512","415 FIGHT","1"
"0379","242 AMB DOM VIOL SUS","1"
"0412","245 DOM VIOL SUSP NO","1"
"0835","245 AMB DOM VIOL","1"
"2146","245 DOM VIOL SUSP NO","1"
"0749","415 GROUP FIGHT","2"
"0663","415 GROUP FIGHT","2"
"1273","242 DOM VIOL","17"
"1839","242 BATTERY INVEST","2"
"1169","242 DOM VIOL SUSP","1"
"1921","620 DOM VIOL R/O","3"
"2157","242 DOM VIOL","45"
"0335","245 AMB CUTTING","1"
"0246","242 DOM VIOL SUSP","1"
"1012","242 DOM VIOL","9"
"0311","242 POSS DOM VIOL","2"
"1365","242 AMB DOM VIOL","3"
"0317","620 DOM VIOL R/O","9"
"1691","245 AMB CUTTING","1"
"2033","415 FIGHT","19"
"0396","918 VIOLENT MALE","3"
"1208","242 DOM VIOL INVESTI","1"
"0133","242 DOM VIOL SUSP","1"
"0238","242 BATTERY INVEST","3"
"1834","245 CUTTING INV","1"
"0679","245 AMB DOM VIOL","2"
"1253","415 FIGHT","12"
"1826","242 DOM VIOL J/O","1"
"0152","242 DOM VIOL","10"
"1832","242 DOM VIOL J/O","1"
"1248","242 DOM VIOL","18"
"1426","242 DOM VIOL","1"
"0131","415 FIGHT","2"
"1437","918 VIOLENT JUV","1"
"0563","245 DOM VIOL SUSP NO","1"
"1263","242 AMB DOM VIOL","1"
"1249","242 DOM VIOL SUSP","6"
"1179","245 DOM VIOL IN PROG","1"
"0893","415 FIGHT","2"
"1492","415 GROUP FIGHT","1"
"1701","242 BATTERY DOMESTIC","1"
"2076","242 DOM VIOL J/O","2"
"1657","415 MAJ GRP FIGHT","1"
"1017","242 BATTERY DOMESTIC","1"
"0331","242 DOM VIOL SUSP","4"
"0508","918 VIOLENT MALE","3"
"2183","620 DOM VIOL","7"
"0906","245 DOM VIOL","1"
"2161","242 DOM VIOL SUSP","1"
"1635","620 DOM VIOL","3"
"1751","242 DOM VIOL","6"
"1463","242 BATTERY INVEST","4"
"1218","245 DOM VIOL IN PROG","1"
"1834","415 GROUP FIGHT","3"
"1945","242 DOM VIOL INVESTI","1"
"0892","620 DOM VIOL","6"
"0587","242 DOM VIOL","18"
"1801","288 ASSAULT INVEST","1"
"0524","245 DOM VIOL","1"
"1011","415 GROUP FIGHT","2"
"1313","245 ADW POSS DOM VIO","1"
"1268","242 DOM VIOL J/O","2"
"1792","242 AMB DOM VIOL","1"
"1687","245 AMB CUTTING","2"
"0261","245 AMB DOM VIOL","2"
"2033","242 DOM VIOL","27"
"2073","620 DOM VIOL R/O","1"
"0628","242 BATTERY DOMESTIC","1"
"0521","242 DOM VIOL R/O VIO","2"
"1619","242 POSS DOM VIOL","1"
"1395","242 BATTERY DOMESTIC","3"
"1352","918 VIOLENT JUV","2"
"1503","242 AMB DOM VIOL","2"
"1722","415 GROUP FIGHT","3"
"0779","242 BATTERY DOMESTIC","2"
"0657","620 DOM VIOL","12"
"0763","415 FIGHT","3"
"0212","242 BATTERY DOMESTIC","1"
"1428","620 DOM VIOL R/O","1"
"0836","620 DOM VIOL","4"
"0361","245 CUTTING INV","1"
"0713","242 DOM VIOL SUSP","1"
"1553","415 FIGHT","2"
"1324","242 POSS DOM VIOL","1"
"1496","620 DOM VIOL","8"
"1861","242 BATTERY INVEST","3"
"1838","242 BATTERY INVEST","1"
"1522","242 DOM VIOL","13"
"1805","415 FIGHT","3"
"1135","620 DOM VIOL","5"
"1479","245 AMB CUTTING","1"
"1653","242 BATTERY","1"
"1739","242 BATTERY DOMESTIC","1"
"1794","620 DOM VIOL","24"
"1999","245 DOM VIOL INVEST","3"
"0889","242 BATTERY INVEST","3"
"0702","242 BATTERY INVEST","1"
"2005","242 DOM VIOL","6"
"0231","245 POSS DOM VIOL I/","1"
"0358","242 BATTERY INVEST","2"
"0637","245 DOM VIOL SUSP","1"
"0517","620 DOM VIOL R/O","13"
"0971","620 DOM VIOL R/O","2"
"0357","918 VIOLENT JUV","1"
"1381","245 DOM VIOL R/O","1"
"1362","242 DOM VIOL SUSP","5"
"1762","415 FIGHT","8"
"1049","415 FIGHT","3"
"0161","242 DOM VIOL SUSP","4"
"1839","918 VIOLENT JUV","1"
"0785","245 DOM VIOL","3"
"0354","415 FIGHT","5"
"0355","245 AMB CUTTING","2"
"2031","242 DOM VIOL","4"
"0524","620 DOM VIOL","16"
"1251","620 DOM VIOL R/O","18"
"1834","245 DOM VIOL SUSP NO","2"
"1235","242 BATTERY DOMESTIC","1"
"0935","242 BATTERY INVEST","1"
"0943","245 DOM VIOL IN PROG","1"
"0952","242 POSS DOM VIOL","1"
"0299","245 DOM VIOL","1"
"1479","620 DOM VIOL","3"
"1126","245 DOM VIOL SUSP","1"
"0363","245 DOM VIOL IN PROG","1"
"1343","620 DOM VIOL R/O","8"
"1172","245 DOM VIOL","5"
"0733","242 DOM VIOL","2"
"0122","242 AMB DOM VIOL","1"
"1651","415 GROUP FIGHT","1"
"1373","245 DOM VIOL SUSP J/","1"
"1063","242 BATTERY INVEST","18"
"0455","620 DOM VIOL R/O","5"
"1785","620 DOM VIOL R/O","10"
"1913","245 DOM VIOL SUSP","1"
"1959","620 DOM VIOL R/O","5"
"0351","245 ADW","1"
"1801","245 DOM VIOL R/O","1"
"0564","620 DOM VIOL R/O","9"
"1213","242 DOM VIOL SUSP","6"
"1823","242 POSS DOM VIOL","3"
"0725","415 FIGHT","1"
"1994","918 VIOLENT MALE","3"
"1503","242 BATTERY INVEST","1"
"1836","242 BATTERY","1"
"1424","415 FIGHT","1"
"0315","242 AMB DOM VIOL","1"
"2071","415 FIGHT","8"
"0747","245 ADW POSS DOM VIO","1"
"1412","415 GROUP FIGHT","3"
"0161","415 FIGHT","11"
"1606","415 GROUP FIGHT","1"
"1801","245 DOM VIOL SUSP","5"
"2002","245 AMB CUTTING","2"
"0166","242 AMB DOM VIOL","3"
"1351","245 AMB DOM VIOL","2"
"1428","242 DOM VIOL","3"
"0233","242 DOM VIOL SUSP","5"
"1546","620 DOM VIOL R/O","2"
"0666","415 FIGHT","20"
"0838","245 DOM VIOL","1"
"0632","245 DOM VIOL","2"
"1764","245 DOM VIOL INVEST","1"
"1402","242 BATTERY INVEST","2"
"0666","245 ADW","2"
"1204","245 AMB CUTTING","1"
"1792","242 DOM VIOL","9"
"0501","242 AMB DOM VIOL","4"
"2069","245 DOM VIOL","2"
"0646","242 DOM VIOL SUSP","7"
"1712","242 BATTERY DOMESTIC","2"
"1827","242 BATTERY INVEST","2"
"1559","245 DOM VIOL IN PROG","1"
"1831","242 POSS DOM VIOL","2"
"1863","918 VIOLENT MALE","1"
"1691","242 DOM VIOL","3"
"1172","620 DOM VIOL","11"
"1791","415 GROUP FIGHT","1"
"2035","245 CUTTING INV","1"
"1008","245 DOM VIOL","6"
"1034","242 DOM VIOL SUSP","1"
"0923","242 BATTERY DOMESTIC","2"
"1347","245 DOM VIOL SUSP J/","2"
"1479","415 GROUP FIGHT","1"
"0789","415 FIGHT","1"
"1268","242 AMB DOM VIOL","5"
"1251","245 AMB CUTTING","6"
"1979","245 AMB CUTTING","1"
"1551","242 DOM VIOL","1"
"0775","620 DOM VIOL R/O","5"
"1701","918 VIOLENT MALE","2"
"0636","245 DOM VIOL SUSP NO","1"
"0128","620 DOM VIOL","4"
"1735","245 AMB DOM VIOL","1"
"2147","245 AMB CUTTING","5"
"1385","415 FIGHT","6"
"2073","245 DOM VIOL","1"
"0646","242 DOM VIOL J/O","1"
"1351","245 DOM VIOL SUSP","2"
"1653","245 DOM VIOL","3"
"0935","245 DOM VIOL","3"
"2031","245 DOM VIOL","1"
"1844","245 DOM VIOL SUSP NO","3"
"0147","415 FIGHT","11"
"2097","242 DOM VIOL","6"
"1611","620 DOM VIOL R/O","1"
"0265","242 BATTERY DOMESTIC","2"
"2129","415 GROUP FIGHT","1"
"0669","620 DOM VIOL","11"
"0969","245 DOM VIOL IN PROG","1"
"1977","620 DOM VIOL","9"
"0853","245 AMB CUTTING","1"
"0627","620 DOM VIOL","4"
"1256","918 VIOLENT MALE","3"
"1529","620 DOM VIOL","8"
"1257","245 AMB DOM VIOL SUS","1"
"0327","620 DOM VIOL","3"
"1039","245 DOM VIOL","2"
"2146","242 BATTERY INVEST","3"
"1506","245 ADW","1"
"0392","245 DOM VIOL SUSP","2"
"0407","620 DOM VIOL","6"
"1075","918 VIOLENT MALE","1"
"1804","242 DOM VIOL","36"
"0266","242 DOM VIOL J/O","1"
"0266","242 DOM VIOL R/O VIO","1"
"1218","918 VIOLENT FEM","3"
"1211","242 DOM VIOL INVESTI","3"
"1268","242 DOM VIOL R/O VIO","1"
"0356","242 DOM VIOL","25"
"1204","242 DOM VIOL SUSP","3"
"0171","620 DOM VIOL R/O","2"
"0564","242 DOM VIOL SUSP","5"
"0632","245 AMB CUTTING","2"
"1831","245 ADW POSS DOM VIO","1"
"1011","242 DOM VIOL SUSP","3"
"1293","242 BATTERY DOMESTIC","1"
"0721","620 DOM VIOL","12"
"2013","245 AMB DOM VIOL","1"
"1516","415 FIGHT","2"
"2143","242 BATTERY","1"
"2126","620 DOM VIOL R/O","2"
"2143","620 DOM VIOL","9"
"2114","620 DOM VIOL R/O","1"
"1313","242 POSS DOM VIOL","1"
"0438","242 DOM VIOL SUSP","3"
"1829","245 DOM VIOL SUSP","1"
"0842","242 POSS DOM VIOL","1"
"1242","242 POSS DOM VIOL","2"
"2115","245 DOM VIOL","1"
"1959","242 BATTERY INVEST","1"
"0426","242 DOM VIOL","5"
"0154","242 DOM VIOL J/O","1"
"2145","245 AMB CUTTING","1"
"0998","242 DOM VIOL","4"
"2115","415 GROUP FIGHT","2"
"1151","242 BATTERY INVEST","39"
"0153","242 BATTERY INVEST","7"
"0501","245 DOM VIOL SUSP NO","2"
"1985","415 GROUP FIGHT","3"
"1409","245 ADW POSS DOM VIO","1"
"1798","620 DOM VIOL","3"
"1123","242 DOM VIOL INVESTI","1"
"0158","918 VIOLENT FEM","3"
"0521","242 BATTERY INVEST","4"
"1543","242 POSS DOM VIOL","4"
"1961","242 POSS DOM VIOL","3"
"1004","245 CUTTING INV","3"
"0171","242 BATTERY INVEST","4"
"2128","242 DOM VIOL","16"
"1995","245 DOM VIOL SUSP J/","1"
"0204","245 DOM VIOL","2"
"2023","918 VIOLENT MALE","2"
"1454","620 DOM VIOL","6"
"1257","245 DOM VIOL SUSP","2"
"1988","620 DOM VIOL R/O","10"
"0897","242 BATTERY","1"
"0829","620 DOM VIOL R/O","2"
"1763","620 DOM VIOL","5"
"1851","245 DOM VIOL","5"
"0415","242 DOM VIOL","8"
"0395","242 POSS DOM VIOL","1"
"0765","207 DOM VIOL","1"
"0326","242 AMB DOM VIOL","3"
"0742","415 GROUP FIGHT","1"
"1205","620 DOM VIOL R/O","6"
"1317","242 BATTERY INVEST","3"
"0914","242 DOM VIOL SUSP","5"
"1321","415 GROUP FIGHT","5"
"1775","918 VIOLENT FEM","1"
"1505","620 DOM VIOL R/O","8"
"0362","620 DOM VIOL","58"
"1921","415 AMB FIGHT","1"
"1687","918 VIOLENT MALE","5"
"0131","245 DOM VIOL IN PROG","1"
"0778","245 AMB DOM VIOL J/O","1"
"1902","242 BATTERY DOMESTIC","1"
"2013","620 DOM VIOL","5"
"0315","918 VIOLENT JUV","1"
"1615","242 DOM VIOL","1"
"1255","918 VIOLENT JUV","1"
"2155","242 AMB DOM VIOL","2"
"1112","242 BATTERY DOMESTIC","1"
"0895","242 BATTERY","1"
"1549","415 GROUP FIGHT","4"
"1971","245 DOM VIOL SUSP J/","1"
"1162","620 DOM VIOL","18"
"1919","415 FIGHT","2"
"1984","242 DOM VIOL","51"
"2019","242 BATTERY DOMESTIC","4"
"1252","245 DOM VIOL SUSP J/","1"
"1183","242 DOM VIOL","4"
"0379","242 DOM VIOL SUSP","4"
"0524","242 DOM VIOL SUSP","5"
"0221","245 DOM VIOL INVEST","1"
"0733","242 DOM VIOL SUSP","1"
"1373","242 POSS DOM VIOL","2"
"1916","242 AMB DOM VIOL","1"
"0257","242 DOM VIOL J/O","2"
"0275","245 AMB DOM VIOL","1"
"0166","245 DOM VIOL SUSP NO","2"
"2038","242 DOM VIOL INVESTI","1"
"0932","245 ADW","1"
"0506","242 DOM VIOL","17"
"2049","242 DOM VIOL SUSP","4"
"1684","245 DOM VIOL SUSP J/","1"
"1257","620 DOM VIOL R/O","20"
"1352","245 CUTTING INV","1"
"0785","242 AMB DOM VIOL","1"
"1487","415 FIGHT","4"
"0551","245 AMB CUTTING","1"
"1208","415 FIGHT","11"
"1861","245 ADW POSS DOM VIO","3"
"0914","242 AMB DOM VIOL","2"
"1362","245 DOM VIOL IN PROG","1"
"0212","620 DOM VIOL R/O","5"
"0162","242 AMB DOM VIOL","2"
"0779","242 DOM VIOL","8"
"1351","242 BATTERY DOMESTIC","3"
"0395","918 VIOLENT FEM","1"
"1695","415 FIGHT","3"
"0285","245 DOM VIOL","2"
"0455","242 BATTERY DOMESTIC","1"
"1665","242 DOM VIOL","1"
"2056","620 DOM VIOL R/O","4"
"1463","415 FIGHT","8"
"2076","918 VIOLENT MALE","3"
"0811","918 VIOLENT MALE","2"
"0935","245 AMB DOM VIOL","1"
"2055","415 GROUP FIGHT","2"
"1569","242 BATTERY INVEST","1"
"1517","242 DOM VIOL SUSP","3"
"0412","620 DOM VIOL","12"
"1344","242 BATTERY DOMESTIC","1"
"0415","245 AMB CUTTING","1"
"1273","918 VIOLENT MALE","5"
"0479","242 POSS DOM VIOL","2"
"2074","620 DOM VIOL R/O","2"
"0979","245 DOM VIOL SUSP","1"
"2036","242 POSS DOM VIOL","1"
"1475","415 FIGHT","2"
"1259","242 BATTERY DOMESTIC","2"
"0904","245 DOM VIOL","1"
"1345","245 ADW POSS DOM VIO","1"
"0247","242 DOM VIOL","11"
"1189","245 AMB CUTTING","3"
"0752","245 DOM VIOL","2"
"1351","245 DOM VIOL","5"
"0505","245 AMB CUTTING","1"
"2071","245 DOM VIOL SUSP","1"
"1015","620 DOM VIOL","15"
"1846","918 VIOLENT MALE","4"
"0711","242 POSS DOM VIOL","1"
"1775","242 DOM VIOL","5"
"0678","242 AMB DOM VIOL","5"
"0357","918 VIOLENT FEM","4"
"1364","918 VIOLENT MALE","1"
"0524","245 DOM VIOL SUSP","2"
"2173","242 DOM VIOL SUSP","1"
"1762","415 GROUP FIGHT","1"
"1722","245 AMB CUTTING","4"
"1265","242 BATTERY INVEST","3"
"1764","242 AMB DOM VIOL","2"
"2149","242 DOM VIOL SUSP","1"
"0123","620 DOM VIOL","4"
"0412","242 AMB DOM VIOL","1"
"1207","245 AMB DOM VIOL","1"
"0668","620 DOM VIOL","11"
"0291","620 DOM VIOL R/O","3"
"1293","242 BATTERY INVEST","1"
"0855","242 BATTERY INVEST","2"
"1521","242 AMB DOM VIOL","1"
"1141","620 DOM VIOL","6"
"0899","620 DOM VIOL","4"
"1994","415 MAJ GRP FIGHT","1"
"0519","242 AMB DOM VIOL","2"
"1383","918 VIOLENT MALE","2"
"1135","245 DOM VIOL","3"
"1836","242 DOM VIOL J/O","1"
"1468","242 DOM VIOL SUSP","3"
"1325","415 GROUP FIGHT","3"
"1409","242 BATTERY DOMESTIC","1"
"1028","245 DOM VIOL","3"
"1677","918 VIOLENT MALE","1"
"1512","242 DOM VIOL","5"
"0893","245 AMB CUTTING","1"
"1802","245 AMB CUTTING","10"
"1146","620 DOM VIOL","8"
"2015","242 BATTERY DOMESTIC","1"
"0248","245 AMB CUTTING","1"
"1687","242 POSS DOM VIOL","2"
"1562","620 DOM VIOL R/O","1"
"1545","245 AMB CUTTING","1"
"0377","245 DOM VIOL SUSP NO","2"
"1508","242 POSS DOM VIOL","1"
"2017","918 VIOLENT FEM","1"
"1045","620 DOM VIOL","8"
"2063","620 DOM VIOL","5"
"2039","620 DOM VIOL R/O","8"
"1434","918 VIOLENT MALE","1"
"1952","415 FIGHT","1"
"1612","245 DOM VIOL SUSP","1"
"0467","245 DOM VIOL","3"
"1273","242 DOM VIOL SUSP","2"
"0926","242 POSS DOM VIOL","3"
"0784","242 BATTERY INVEST","1"
"1508","415 FIGHT","1"
"1352","245 DOM VIOL SUSP J/","3"
"1512","620 DOM VIOL","12"
"1383","207 POSS DOM VIOL I/","1"
"1596","242 DOM VIOL J/O","1"
"1849","415 FIGHT","5"
"0363","242 DOM VIOL SUSP","6"
"0637","242 BATTERY DOMESTIC","1"
"1615","242 DOM VIOL SUSP","2"
"2035","242 DOM VIOL","19"
"0524","620 DOM VIOL R/O","6"
"1065","242 DOM VIOL INVESTI","1"
"1112","918 VIOLENT MALE","1"
"0331","245 DOM VIOL SUSP NO","2"
"0632","918 VIOLENT MALE","1"
"1675","242 BATTERY","2"
"0171","620 DOM VIOL","2"
"0963","245 CUTTING INV","2"
"1846","245 DOM VIOL","8"
"1133","242 AMB DOM VIOL","1"
"1753","245 DOM VIOL","1"
"0265","620 DOM VIOL","19"
"1693","415 FIGHT","2"
"1994","415 FIGHT","3"
"0758","415 FIGHT","7"
"0923","242 POSS DOM VIOL","1"
"1253","245 AMB CUTTING","3"
"2026","245 DOM VIOL SUSP","4"
"0397","242 BATTERY INVEST","12"
"1243","242 AMB DOM VIOL","2"
"0119","415 GROUP FIGHT","2"
"0961","242 DOM VIOL R/O VIO","1"
"0439","242 POSS DOM VIOL","4"
"2104","242 DOM VIOL","8"
"1233","242 DOM VIOL R/O VIO","1"
"1617","415 FIGHT","3"
"0779","242 DOM VIOL INVESTI","1"
"1931","242 DOM VIOL INVESTI","12"
"2031","415 GROUP FIGHT","3"
"1352","620 DOM VIOL R/O","11"
"2002","242 BATTERY INVEST","1"
"0221","245 DOM VIOL","1"
"1707","918 VIOLENT MALE","1"
"0783","245 DOM VIOL","2"
"0238","245 DOM VIOL","1"
"0156","242 POSS DOM VIOL","1"
"0334","245 DOM VIOL IN PROG","1"
"1636","242 DOM VIOL","2"
"1065","245 DOM VIOL","4"
"0735","242 AMB DOM VIOL","1"
"0979","242 DOM VIOL","3"
"0736","242 DOM VIOL","5"
"1385","245 DOM VIOL R/O","1"
"1437","242 AMB DOM VIOL","1"
"0202","245 DOM VIOL","1"
"0159","242 POSS DOM VIOL","1"
"0245","242 DOM VIOL J/O","2"
"2038","242 DOM VIOL SUSP","2"
"1483","242 POSS DOM VIOL","1"
"1003","245 DOM VIOL SUSP NO","2"
"0463","207 DOM VIOL J/O","1"
"1464","242 POSS DOM VIOL","1"
"1211","245 AMB DOM VIOL SUS","1"
"2177","242 DOM VIOL SUSP","6"
"1654","918 VIOLENT MALE","1"
"1209","620 DOM VIOL R/O","7"
"2111","620 DOM VIOL","3"
"1251","918 VIOLENT FEM","3"
"0396","245 DOM VIOL SUSP NO","3"
"1829","918 VIOLENT MALE","1"
"1675","242 POSS DOM VIOL","1"
"1088","415 GROUP FIGHT","1"
"0233","245 DOM VIOL SUSP","1"
"0205","415 FIGHT","5"
"0581","242 DOM VIOL","1"
"1967","918 VIOLENT MALE","1"
"0645","620 DOM VIOL R/O","11"
"1545","918 VIOLENT MALE","1"
"1232","242 BATTERY DOMESTIC","1"
"1841","242 BATTERY DOMESTIC","3"
"1902","918 VIOLENT MALE","3"
"2019","242 BATTERY INVEST","6"
"1931","242 DOM VIOL J/O","1"
"1207","242 DOM VIOL J/O","2"
"1925","245 AMB CUTTING","1"
"2035","242 DOM VIOL SUSP","2"
"2024","242 BATTERY","1"
"0131","242 DOM VIOL SUSP","3"
"2055","620 DOM VIOL","22"
"0517","245 DOM VIOL SUSP","1"
"1531","620 DOM VIOL R/O","1"
"1317","245 DOM VIOL","3"
"0736","620 DOM VIOL R/O","1"
"1331","242 POSS DOM VIOL","1"
"1998","242 DOM VIOL","5"
"0212","620 DOM VIOL","21"
"1151","245 AMB CUTTING","2"
"1484","415 FIGHT","1"
"0245","245 ADW POSS DOM VIO","4"
"0142","245 AMB CUTTING","5"
"1253","918 VIOLENT JUV","1"
"1105","620 DOM VIOL","2"
"1557","242 POSS DOM VIOL","2"
"0338","918 VIOLENT MALE","2"
"0307","242 BATTERY DOMESTIC","1"
"0182","245 ADW POSS DOM VIO","3"
"0834","245 AMB CUTTING","1"
"0299","242 BATTERY INVEST","3"
"0329","620 DOM VIOL R/O","2"
"0929","245 DOM VIOL","1"
"1273","245 DOM VIOL","1"
"1267","242 BATTERY DOMESTIC","3"
"0466","620 DOM VIOL","27"
"1685","245 DOM VIOL","5"
"2058","245 DOM VIOL SUSP","1"
"2099","242 DOM VIOL","8"
"0736","620 DOM VIOL","7"
"1831","242 DOM VIOL INVESTI","3"
"0466","242 DOM VIOL INVESTI","1"
"1043","242 DOM VIOL","10"
"1668","245 DOM VIOL","2"
"0443","242 BATTERY","1"
"0884","242 DOM VIOL","5"
"1587","242 DOM VIOL","1"
"1263","242 DOM VIOL SUSP","6"
"0668","242 DOM VIOL J/O","1"
"2158","245 DOM VIOL SUSP","1"
"2149","620 DOM VIOL","5"
"0158","242 DOM VIOL INVESTI","1"
"1532","620 DOM VIOL","4"
"2019","242 DOM VIOL J/O","1"
"2133","245 DOM VIOL SUSP","1"
"1457","242 DOM VIOL SUSP","1"
"2144","918 VIOLENT JUV","1"
"1526","242 BATTERY","1"
"2062","245 AMB CUTTING","1"
"0622","245 DOM VIOL SUSP NO","2"
"0397","415 FIGHT","12"
"0246","242 AMB DOM VIOL","2"
"2053","242 POSS DOM VIOL","1"
"0427","245 AMB CUTTING","2"
"0122","620 DOM VIOL","2"
"1909","242 DOM VIOL","2"
"1935","242 BATTERY","1"
"1656","415 GROUP FIGHT","1"
"0566","245 ADW POSS DOM VIO","1"
"0471","242 DOM VIOL","3"
"0401","245 AMB CUTTING","1"
"1252","245 AMB CUTTING","1"
"0734","620 DOM VIOL R/O","3"
"0257","242 BATTERY INVEST","27"
"1622","918 VIOLENT FEM","1"
"0257","245 DOM VIOL SUSP","1"
"0201","242 BATTERY DOMESTIC","3"
"1488","245 AMB CUTTING","1"
"0524","415 FIGHT","3"
"1515","245 DOM VIOL","3"
"0236","242 DOM VIOL J/O","2"
"1834","620 DOM VIOL R/O","20"
"0649","242 DOM VIOL SUSP","1"
"0356","245 DOM VIOL SUSP NO","2"
"1657","918 VIOLENT FEM","2"
"0182","620 DOM VIOL R/O","9"
"1799","918 VIOLENT MALE","1"
"0527","242 DOM VIOL","1"
"1323","620 DOM VIOL R/O","7"
"0926","918 VIOLENT MALE","2"
"1586","245 AMB CUTTING","4"
"1738","918 VIOLENT MALE","1"
"1691","620 DOM VIOL R/O","1"
"2137","242 BATTERY INVEST","1"
"0733","415 FIGHT","3"
"0429","242 POSS DOM VIOL","2"
"0668","620 DOM VIOL R/O","5"
"1147","415 GROUP FIGHT","1"
"0824","288 ASSAULT INVEST","1"
"0141","242 DOM VIOL SUSP","1"
"0789","242 BATTERY INVEST","1"
"0519","245 DOM VIOL R/O","1"
"0774","918 VIOLENT MALE","2"
"1698","620 DOM VIOL","11"
"1675","245 AMB CUTTING","3"
"1213","288 ASSAULT INVEST","1"
"1035","415 FIGHT","4"
"1488","620 DOM VIOL R/O","5"
"0721","245 DOM VIOL","1"
"0565","242 BATTERY DOMESTIC","1"
"0162","242 POSS DOM VIOL","2"
"0409","245 DOM VIOL SUSP NO","1"
"0238","245 ADW POSS DOM VIO","1"
"1745","415 GROUP FIGHT","4"
"0758","245 ADW POSS DOM VIO","1"
"1333","245 DOM VIOL INVEST","1"
"1941","620 DOM VIOL","2"
"0241","242 DOM VIOL SUSP","1"
"0303","242 POSS DOM VIOL","1"
"1207","620 DOM VIOL","19"
"0773","242 BATTERY DOMESTIC","1"
"1717","415 GROUP FIGHT","4"
"1759","242 DOM VIOL INVESTI","2"
"1501","918 VIOLENT JUV","1"
"0216","620 DOM VIOL R/O","3"
"1722","242 DOM VIOL","7"
"1427","242 DOM VIOL","4"
"1987","415 FIGHT","2"
"1802","415 AMB FIGHT","1"
"1152","242 AMB DOM VIOL","2"
"1034","620 DOM VIOL","9"
"1446","242 BATTERY INVEST","1"
"1044","620 DOM VIOL","10"
"2026","245 DOM VIOL","7"
"0374","918 VIOLENT FEM","2"
"0679","415 GROUP FIGHT","1"
"1532","918 VIOLENT FEM","1"
"1008","415 GROUP FIGHT","2"
"0721","242 DOM VIOL","7"
"0701","242 POSS DOM VIOL","2"
"2132","242 DOM VIOL","4"
"0836","918 VIOLENT MALE","1"
"1135","620 DOM VIOL R/O","2"
"0517","242 DOM VIOL J/O","1"
"2076","242 DOM VIOL SUSP","5"
"1964","245 DOM VIOL SUSP NO","2"
"1203","242 DOM VIOL J/O","2"
"1658","620 DOM VIOL R/O","1"
"0646","245 AMB CUTTING","8"
"1749","245 AMB CUTTING","1"
"1259","242 DOM VIOL SUSP","7"
"0246","242 DOM VIOL R/O VIO","1"
"0128","415 FIGHT","6"
"0145","415 FIGHT","10"
"1962","620 DOM VIOL","10"
"0271","918 VIOLENT FEM","1"
"1902","242 POSS DOM VIOL","1"
"0442","620 DOM VIOL","1"
"0885","242 DOM VIOL","1"
"0285","620 DOM VIOL R/O","4"
"1211","242 BATTERY DOMESTIC","3"
"0212","245 ADW POSS DOM VIO","2"
"1829","620 DOM VIOL R/O","8"
"0279","242 DOM VIOL SUSP","2"
"2105","242 BATTERY DOMESTIC","2"
"2093","620 DOM VIOL R/O","3"
"2053","620 DOM VIOL R/O","1"
"0833","918 VIOLENT FEM","1"
"1641","245 ADW POSS DOM VIO","1"
"0926","620 DOM VIOL","22"
"1727","415 FIGHT","3"
"2187","918 VIOLENT FEM","1"
"0735","245 DOM VIOL","1"
"2136","245 DOM VIOL SUSP","3"
"1656","242 DOM VIOL SUSP","1"
"1065","245 ADW POSS DOM VIO","1"
"0373","242 DOM VIOL R/O VIO","1"
"0245","245 DOM VIOL SUSP J/","1"
"1437","918 VIOLENT MALE","2"
"0706","620 DOM VIOL","8"
"2157","415 FIGHT","9"
"2136","918 VIOLENT MALE","5"
,"242 BATTERY","2"
"1959","245 DOM VIOL SUSP NO","2"
"0449","918 VIOLENT MALE","1"
"2038","415 FIGHT","8"
"0201","620 DOM VIOL","30"
"0295","620 DOM VIOL R/O","2"
"0312","415 FIGHT","8"
"1687","620 DOM VIOL","16"
"2162","620 DOM VIOL R/O","2"
"0392","918 VIOLENT JUV","2"
"0231","242 DOM VIOL INVESTI","1"
"0657","245 DOM VIOL IN PROG","1"
"0526","242 DOM VIOL INVESTI","1"
"0181","415 FIGHT","2"
"1209","242 BATTERY INVEST","1"
"0396","245 AMB DOM VIOL","1"
"1799","242 DOM VIOL","2"
"1372","245 DOM VIOL SUSP J/","1"
"2039","242 DOM VIOL INVESTI","1"
"0626","918 VIOLENT MALE","1"
"1829","620 DOM VIOL","21"
"2105","620 DOM VIOL","25"
"0399","620 DOM VIOL R/O","6"
"1497","242 DOM VIOL SUSP","1"
"1211","242 AMB DOM VIOL","2"
"1864","242 DOM VIOL INVESTI","1"
"0532","242 AMB DOM VIOL","1"
"1905","242 DOM VIOL","3"
"1801","242 POSS DOM VIOL","6"
"1151","245 ADW POSS DOM VIO","1"
"0719","415 FIGHT","2"
"1689","242 DOM VIOL J/O","1"
"1533","620 DOM VIOL","2"
"1176","918 VIOLENT FEM","1"
"1151","245 DOM VIOL INVEST","3"
"1538","242 BATTERY INVEST","3"
"1521","242 DOM VIOL J/O","1"
"1424","415 GROUP FIGHT","1"
"0391","245 DOM VIOL","1"
"0625","918 VIOLENT MALE","1"
"0478","242 BATTERY DOMESTIC","1"
"0517","242 BATTERY DOMESTIC","1"
"0202","415 FIGHT","9"
"1729","242 BATTERY DOMESTIC","1"
"1415","242 POSS DOM VIOL","2"
"0499","242 DOM VIOL INVESTI","2"
"0626","242 BATTERY DOMESTIC","1"
"1658","918 VIOLENT MALE","1"
"0406","242 BATTERY DOMESTIC","1"
"0779","242 POSS DOM VIOL","1"
"0532","245 DOM VIOL","5"
"1249","415 FIGHT","13"
"2046","415 GROUP FIGHT","1"
"1982","242 DOM VIOL SUSP","1"
"0513","918 VIOLENT MALE","1"
"0154","242 DOM VIOL INVESTI","2"
"1044","415 FIGHT","2"
"1905","415 FIGHT","1"
"1455","918 VIOLENT MALE","1"
"1821","415 GROUP FIGHT","4"
"1394","242 BATTERY INVEST","2"
"1453","242 BATTERY INVEST","3"
"0719","620 DOM VIOL R/O","2"
"1361","207 DOM VIOL SUSP NO","1"
"0307","620 DOM VIOL R/O","3"
"0515","415 FIGHT","9"
"1783","620 DOM VIOL","3"
"0249","242 BATTERY","1"
"1557","415 GROUP FIGHT","1"
"2177","620 DOM VIOL R/O","4"
"1441","918 VIOLENT MALE","1"
"1435","415 FIGHT","5"
"1525","245 ADW POSS DOM VIO","1"
"0808","245 DOM VIOL SUSP NO","1"
"0256","245 DOM VIOL SUSP NO","1"
"0101","242 DOM VIOL INVESTI","1"
"2142","242 DOM VIOL","3"
"0361","245 DOM VIOL","7"
"1427","242 POSS DOM VIOL","3"
"0784","918 VIOLENT MALE","1"
"1363","620 DOM VIOL R/O","11"
"1826","242 DOM VIOL R/O VIO","1"
"0828","242 POSS DOM VIOL","1"
"1383","918 VIOLENT JUV","1"
"0526","242 DOM VIOL J/O","1"
"0976","415 FIGHT","1"
"0251","245 DOM VIOL SUSP","2"
"1258","620 DOM VIOL","50"
"0138","415 AMB FIGHT","1"
"0392","242 AMB DOM VIOL","2"
"1981","620 DOM VIOL","23"
"1488","242 DOM VIOL INVESTI","1"
"1432","620 DOM VIOL","8"
"1465","245 ADW POSS DOM VIO","1"
"1917","242 DOM VIOL","17"
"1031","245 AMB CUTTING","1"
"1864","242 BATTERY INVEST","2"
"1766","918 VIOLENT JUV","5"
"1977","242 DOM VIOL SUSP","1"
"1333","242 DOM VIOL INVESTI","1"
"1477","620 DOM VIOL","4"
"0316","245 AMB CUTTING","3"
"0567","620 DOM VIOL R/O","9"
"0842","242 DOM VIOL SUSP","1"
"1766","415 FIGHT","4"
"0154","242 BATTERY INVEST","2"
"1035","245 AMB DOM VIOL SUS","1"
"1615","918 VIOLENT MALE","1"
"1761","242 DOM VIOL R/O VIO","1"
"1331","620 DOM VIOL R/O","22"
"1353","242 AMB DOM VIOL","1"
"0143","620 DOM VIOL","6"
"1078","620 DOM VIOL","7"
"0261","242 BATTERY DOMESTIC","1"
"0636","245 DOM VIOL","7"
"1102","245 ADW POSS DOM VIO","1"
"0238","620 DOM VIOL R/O","5"
"1767","245 DOM VIOL IN PROG","1"
"0964","245 DOM VIOL","1"
"1049","245 AMB CUTTING","1"
"1322","242 POSS DOM VIOL","2"
"1752","620 DOM VIOL R/O","12"
"0817","620 DOM VIOL R/O","1"
"1944","242 AMB DOM VIOL","1"
"0646","415 FIGHT","25"
"1795","918 VIOLENT FEM","1"
"1152","245 AMB CUTTING","1"
"1508","620 DOM VIOL","6"
"1539","620 DOM VIOL","10"
"1163","620 DOM VIOL","4"
"1468","242 DOM VIOL INVESTI","1"
"0109","242 DOM VIOL","2"
"1822","245 DOM VIOL SUSP NO","3"
"1259","242 POSS DOM VIOL","1"
"0824","245 DOM VIOL IN PROG","1"
"0487","620 DOM VIOL R/O","4"
"0645","242 BATTERY","1"
"0643","242 BATTERY","1"
"0911","415 GROUP FIGHT","2"
"1433","415 FIGHT","1"
"0626","245 DOM VIOL SUSP","2"
"0156","245 ADW","1"
"0317","415 GROUP FIGHT","3"
"0838","242 BATTERY INVEST","1"
"1346","242 DOM VIOL","15"
"1754","242 DOM VIOL SUSP","1"
"0118","415 GROUP FIGHT","3"
"0473","242 POSS DOM VIOL","4"
"0829","620 DOM VIOL","6"
"1249","245 ADW POSS DOM VIO","3"
"1028","415 FIGHT","6"
"0735","245 AMB CUTTING","2"
"0163","242 DOM VIOL","9"
"1557","242 AMB DOM VIOL","1"
"0762","620 DOM VIOL","6"
"1525","245 DOM VIOL SUSP NO","1"
"2136","242 BATTERY DOMESTIC","4"
"0835","918 VIOLENT MALE","1"
"1435","242 BATTERY DOMESTIC","1"
"0144","242 DOM VIOL","8"
"0497","242 AMB DOM VIOL","1"
"0677","918 VIOLENT MALE","1"
"0766","242 DOM VIOL SUSP","1"
"1637","245 DOM VIOL SUSP NO","1"
"0849","415 FIGHT","8"
"0397","242 DOM VIOL SUSP","5"
"0776","620 DOM VIOL","11"
"0338","620 DOM VIOL","2"
"1653","242 DOM VIOL SUSP","6"
"1152","415 FIGHT","1"
"1494","620 DOM VIOL","1"
"0111","207 POSS DOM VIOL I/","1"
"0835","620 DOM VIOL","6"
"1307","620 DOM VIOL R/O","13"
"1331","245 DOM VIOL SUSP","3"
"0245","242 DOM VIOL","39"
"1361","245 DOM VIOL","3"
"1346","620 DOM VIOL R/O","2"
"1655","242 DOM VIOL R/O VIO","1"
"0335","245 DOM VIOL","1"
"1091","918 VIOLENT FEM","3"
"0335","242 DOM VIOL INVESTI","1"
"0231","242 DOM VIOL","11"
"1322","245 DOM VIOL","1"
"1864","242 BATTERY","1"
"1841","242 DOM VIOL","35"
"1252","288 ASSAULT INVEST","1"
"2044","918 VIOLENT FEM","1"
"1689","620 DOM VIOL R/O","2"
"0477","245 AMB CUTTING","1"
"0329","245 AMB CUTTING","1"
"1438","620 DOM VIOL","4"
"0522","620 DOM VIOL","26"
"1987","242 DOM VIOL SUSP","5"
"0723","242 BATTERY","2"
"1916","242 POSS DOM VIOL","1"
"1151","242 DOM VIOL","10"
"1943","242 POSS DOM VIOL","2"
"1844","242 BATTERY INVEST","5"
"1391","918 VIOLENT MALE","1"
"2024","918 VIOLENT FEM","1"
"0119","245 CUTTING INV","1"
"1432","620 DOM VIOL R/O","4"
"1213","245 DOM VIOL R/O","1"
"1128","918 VIOLENT MALE","2"
"0564","245 DOM VIOL","1"
"1967","242 DOM VIOL SUSP","2"
"1547","245 AMB CUTTING","3"
"1068","620 DOM VIOL","1"
"0518","242 DOM VIOL","11"
"0532","415 GROUP FIGHT","1"
"0642","242 BATTERY DOMESTIC","1"
"1007","415 FIGHT","1"
"1267","245 DOM VIOL SUSP NO","2"
"1203","242 BATTERY INVEST","1"
"0517","245 AMB CUTTING","1"
"1782","242 BATTERY INVEST","1"
"2016","242 DOM VIOL","10"
"1538","245 AMB CUTTING","1"
"1749","620 DOM VIOL","8"
"0218","242 POSS DOM VIOL","1"
"0249","245 CUTTING INV","1"
"1001","620 DOM VIOL R/O","3"
"0185","242 BATTERY DOMESTIC","5"
"1239","242 AMB DOM VIOL SUS","1"
"0411","245 AMB CUTTING","3"
"2157","245 DOM VIOL SUSP","1"
"0642","245 DOM VIOL","1"
"1035","242 DOM VIOL","10"
"0203","242 DOM VIOL","7"
"0467","245 DOM VIOL SUSP NO","3"
"0564","245 DOM VIOL INVEST","1"
"1916","415 GROUP FIGHT","4"
"2015","242 DOM VIOL INVESTI","2"
"1235","918 VIOLENT JUV","1"
"2002","918 VIOLENT MALE","1"
"1657","242 BATTERY INVEST","2"
"1891","245 DOM VIOL","4"
"0315","245 AMB DOM VIOL","1"
"0499","242 DOM VIOL","9"
"0158","245 ADW","1"
"0632","242 POSS DOM VIOL","2"
"0237","245 DOM VIOL SUSP","2"
"1249","242 DOM VIOL","25"
"1061","415 FIGHT","1"
"2069","918 VIOLENT MALE","3"
"2019","620 DOM VIOL R/O","8"
"0504","245 DOM VIOL","2"
"0145","242 AMB DOM VIOL SUS","1"
"1473","242 DOM VIOL INVESTI","1"
"1464","245 DOM VIOL","1"
"0285","242 DOM VIOL","10"
"0361","918 VIOLENT JUV","2"
"1151","245 CUTTING INV","5"
"0806","620 DOM VIOL","2"
"0221","918 VIOLENT JUV","1"
"0569","242 DOM VIOL INVESTI","1"
"1519","620 DOM VIOL","27"
"0765","242 AMB DOM VIOL","2"
"0341","620 DOM VIOL R/O","2"
"1525","918 VIOLENT FEM","2"
"0747","242 DOM VIOL SUSP","1"
"0246","245 AMB CUTTING","23"
"1283","242 DOM VIOL J/O","3"
"1525","415 FIGHT","17"
"1555","245 DOM VIOL","2"
"1208","245 DOM VIOL SUSP","2"
"1245","918 VIOLENT FEM","3"
"0841","245 DOM VIOL","1"
"0656","242 AMB DOM VIOL","1"
"1186","415 FIGHT","1"
"1971","415 FIGHT","2"
"0914","918 VIOLENT JUV","2"
"1322","620 DOM VIOL","5"
"0357","242 BATTERY INVEST","1"
"1543","242 DOM VIOL","10"
"1471","620 DOM VIOL R/O","1"
"0528","242 DOM VIOL R/O VIO","1"
"0759","242 BATTERY DOMESTIC","2"
"0391","242 POSS DOM VIOL","2"
"0154","242 BATTERY DOMESTIC","4"
"0285","918 VIOLENT MALE","3"
"0669","242 POSS DOM VIOL","2"
"0883","620 DOM VIOL","2"
"1514","620 DOM VIOL","12"
"0615","242 DOM VIOL","5"
"2026","242 DOM VIOL SUSP","3"
"0361","242 POSS DOM VIOL","6"
"0526","242 POSS DOM VIOL","1"
"2113","415 FIGHT","1"
"0503","245 DOM VIOL IN PROG","2"
"0473","620 DOM VIOL R/O","1"
"1754","242 DOM VIOL INVESTI","1"
"1834","242 DOM VIOL INVESTI","1"
"0784","415 GROUP FIGHT","1"
"1985","245 ADW POSS DOM VIO","3"
"0998","415 GROUP FIGHT","1"
"2022","620 DOM VIOL R/O","4"
"1521","620 DOM VIOL","17"
"0848","918 VIOLENT FEM","1"
"1959","918 VIOLENT MALE","3"
"0237","242 BATTERY INVEST","3"
"1118","245 ADW POSS DOM VIO","1"
"2155","620 DOM VIOL","33"
"1901","620 DOM VIOL","9"
"1687","242 BATTERY","1"
"1663","242 DOM VIOL","13"
"0336","620 DOM VIOL","4"
"0755","620 DOM VIOL","6"
"1695","242 DOM VIOL SUSP","2"
"1352","245 DOM VIOL","3"
"2005","242 DOM VIOL INVESTI","1"
"0468","245 AMB CUTTING","1"
"1621","245 AMB DOM VIOL","1"
"0514","245 AMB CUTTING","1"
"0357","415 GROUP FIGHT","3"
"0217","242 DOM VIOL","6"
"1373","415 FIGHT","2"
"0459","918 VIOLENT FEM","1"
"1918","242 BATTERY INVEST","1"
"2045","245 DOM VIOL","3"
"1982","415 GROUP FIGHT","3"
"1157","620 DOM VIOL","2"
"0657","242 DOM VIOL J/O","1"
"2145","620 DOM VIOL","5"
"1955","620 DOM VIOL","8"
"1015","415 FIGHT","1"
"1001","918 VIOLENT MALE","5"
"1007","242 DOM VIOL","4"
"0734","245 DOM VIOL SUSP J/","1"
"1265","245 DOM VIOL","9"
"0711","245 CUTTING INV","1"
"0565","242 DOM VIOL INVESTI","1"
"1449","620 DOM VIOL","2"
"1431","415 GROUP FIGHT","3"
"1489","242 DOM VIOL","2"
"1313","242 BATTERY DOMESTIC","1"
"1412","242 BATTERY INVEST","6"
"0417","242 DOM VIOL INVESTI","1"
"1323","415 FIGHT","4"
"1431","245 DOM VIOL","2"
"1245","620 DOM VIOL","58"
"1433","620 DOM VIOL","3"
"0356","415 FIGHT","10"
"2024","245 DOM VIOL","4"
"0164","242 AMB DOM VIOL SUS","2"
"0734","620 DOM VIOL","31"
"1015","415 GROUP FIGHT","1"
"1779","620 DOM VIOL","5"
"0157","245 DOM VIOL SUSP NO","3"
"0236","245 DOM VIOL SUSP NO","6"
"2189","245 DOM VIOL","3"
"0391","288 ASSAULT INVEST","1"
"1189","242 BATTERY INVEST","2"
"0632","242 DOM VIOL","12"
"1977","242 DOM VIOL INVESTI","1"
"1566","245 DOM VIOL IN PROG","1"
"0906","415 FIGHT","10"
"1367","918 VIOLENT MALE","1"
"0941","245 AMB CUTTING","2"
"1317","242 BATTERY DOMESTIC","2"
"1497","620 DOM VIOL","1"
"1077","242 DOM VIOL J/O","1"
"0182","242 DOM VIOL SUSP","7"
"0289","245 DOM VIOL","2"
"1468","242 BATTERY DOMESTIC","1"
"0998","918 VIOLENT FEM","1"
"0585","242 BATTERY DOMESTIC","3"
"0464","620 DOM VIOL R/O","8"
"0632","620 DOM VIOL","12"
"1984","245 AMB DOM VIOL SUS","1"
"0828","242 BATTERY INVEST","2"
"2145","242 DOM VIOL","6"
"0889","245 DOM VIOL INVEST","1"
"1477","242 BATTERY DOMESTIC","1"
"0166","245 DOM VIOL","4"
"2045","242 DOM VIOL SUSP","2"
"0142","918 VIOLENT MALE","1"
"1371","245 AMB DOM VIOL","2"
"1936","242 BATTERY INVEST","1"
"1263","245 POSS DOM VIOL I/","1"
"0378","242 DOM VIOL SUSP","2"
"0281","620 DOM VIOL","8"
"0152","245 AMB CUTTING","11"
"1772","242 POSS DOM VIOL","1"
"2041","620 DOM VIOL","4"
"1253","207 DOM VIOL SUSP NO","1"
"1589","245 DOM VIOL SUSP","2"
"0131","620 DOM VIOL","17"
"0422","242 AMB DOM VIOL","1"
"0421","242 DOM VIOL SUSP","1"
"2137","245 DOM VIOL SUSP NO","1"
"2158","242 DOM VIOL","26"
"1708","242 POSS DOM VIOL","2"
"0119","620 DOM VIOL","7"
"0424","415 GROUP FIGHT","3"
"1839","918 VIOLENT FEM","1"
"1989","245 DOM VIOL","2"
"1021","918 VIOLENT MALE","1"
"1822","245 DOM VIOL SUSP J/","1"
"0393","242 DOM VIOL INVESTI","1"
"0357","245 DOM VIOL INVEST","1"
"1138","245 DOM VIOL","2"
"2103","242 DOM VIOL","6"
"1487","242 DOM VIOL SUSP","1"
"0765","245 ADW POSS DOM VIO","2"
"1752","242 POSS DOM VIOL","3"
"0321","242 BATTERY DOMESTIC","1"
"0817","242 POSS DOM VIOL","2"
"1039","620 DOM VIOL","20"
"1453","242 DOM VIOL","4"
"1179","245 DOM VIOL","2"
"1505","242 BATTERY DOMESTIC","1"
"1242","245 ADW POSS DOM VIO","1"
"1485","242 POSS DOM VIOL","1"
"1637","242 DOM VIOL","8"
"2126","918 VIOLENT MALE","13"
"0504","242 BATTERY INVEST","2"
"0462","918 VIOLENT MALE","1"
"0899","620 DOM VIOL R/O","1"
"0275","242 BATTERY DOMESTIC","2"
"0257","242 POSS DOM VIOL","4"
"2125","620 DOM VIOL","9"
"1383","242 AMB DOM VIOL","3"
"0929","242 DOM VIOL SUSP","1"
"1265","245 DOM VIOL SUSP J/","1"
"0937","242 AMB DOM VIOL","1"
"1999","242 BATTERY INVEST","29"
"2118","242 DOM VIOL","9"
"1029","245 AMB CUTTING","2"
"1044","245 AMB DOM VIOL","1"
"1504","918 VIOLENT FEM","1"
"1862","242 BATTERY INVEST","3"
"1333","415 FIGHT","9"
"0555","242 BATTERY INVEST","1"
"1752","242 DOM VIOL","18"
"0657","918 VIOLENT JUV","3"
"1522","245 DOM VIOL SUSP NO","1"
"0378","415 FIGHT","8"
"1538","415 GROUP FIGHT","2"
"0985","620 DOM VIOL R/O","6"
"2111","918 VIOLENT MALE","1"
"0375","620 DOM VIOL","29"
"1407","242 DOM VIOL J/O","1"
"0394","918 VIOLENT MALE","1"
"0504","245 DOM VIOL SUSP NO","1"
"0477","620 DOM VIOL","7"
"1521","242 POSS DOM VIOL","2"
"1207","242 AMB DOM VIOL","2"
"1523","242 BATTERY INVEST","1"
"1832","242 DOM VIOL","21"
"0216","242 POSS DOM VIOL","1"
"1313","245 ADW","1"
"0182","245 DOM VIOL SUSP","3"
"0855","620 DOM VIOL","9"
"1791","245 DOM VIOL IN PROG","1"
"1267","245 DOM VIOL SUSP J/","3"
"1782","415 GROUP FIGHT","4"
"0952","245 DOM VIOL","1"
"0333","620 DOM VIOL R/O","2"
"0334","620 DOM VIOL R/O","7"
"1851","242 DOM VIOL INVESTI","2"
"0401","242 DOM VIOL","2"
"0946","245 DOM VIOL","3"
"2183","620 DOM VIOL R/O","2"
"0914","242 DOM VIOL INVESTI","7"
"0329","245 DOM VIOL SUSP NO","2"
"0952","242 DOM VIOL J/O","2"
"1539","245 DOM VIOL SUSP","1"
"1132","620 DOM VIOL R/O","5"
"2071","242 AMB DOM VIOL","2"
"1322","415 FIGHT","3"
"0356","415 AMB FIGHT","1"
"0499","242 POSS DOM VIOL","1"
"0964","242 DOM VIOL SUSP","1"
"1954","415 GROUP FIGHT","3"
"1219","242 BATTERY DOMESTIC","1"
"1924","245 DOM VIOL IN PROG","1"
"1841","415 FIGHT","7"
"1143","242 DOM VIOL","5"
"0478","620 DOM VIOL","17"
"1249","242 AMB DOM VIOL","1"
"2071","242 BATTERY DOMESTIC","1"
"1011","918 VIOLENT MALE","2"
"2187","415 FIGHT","10"
"2076","620 DOM VIOL","18"
"0964","415 GROUP FIGHT","2"
"2105","245 AMB CUTTING","1"
"1759","242 AMB DOM VIOL","1"
"1231","620 DOM VIOL R/O","2"
"0311","245 DOM VIOL SUSP NO","1"
"1268","415 GROUP FIGHT","3"
"1555","242 DOM VIOL","20"
"1004","245 DOM VIOL","5"
"0724","245 DOM VIOL SUSP J/","1"
"1344","415 GROUP FIGHT","5"
"0847","245 AMB CUTTING","1"
"1043","242 DOM VIOL SUSP","2"
"2158","242 BATTERY","1"
"1834","242 DOM VIOL SUSP","4"
"1747","245 DOM VIOL INVEST","1"
"0457","245 CUTTING INV","1"
"0257","242 DOM VIOL","23"
"1383","245 DOM VIOL SUSP J/","2"
"0423","620 DOM VIOL R/O","2"
"2142","242 POSS DOM VIOL","1"
"1043","620 DOM VIOL R/O","10"
"2103","245 DOM VIOL","1"
"1676","245 AMB DOM VIOL","1"
"1001","245 DOM VIOL SUSP","1"
"1995","620 DOM VIOL","14"
"1797","918 VIOLENT MALE","1"
"0461","415 FIGHT","4"
"0667","242 BATTERY INVEST","3"
"1654","415 FIGHT","3"
"1446","245 DOM VIOL SUSP NO","1"
"1979","242 POSS DOM VIOL","1"
"1124","242 DOM VIOL","19"
"0732","242 DOM VIOL SUSP","1"
"0939","242 DOM VIOL","4"
"1529","245 AMB CUTTING","1"
"2033","245 CUTTING INV","1"
"1601","415 FIGHT","3"
"1934","242 DOM VIOL J/O","1"
"0132","245 AMB CUTTING","1"
"1309","242 DOM VIOL SUSP","1"
"1258","245 ADW POSS DOM VIO","1"
"1783","918 VIOLENT MALE","1"
"0885","415 GROUP FIGHT","1"
"1526","242 DOM VIOL J/O","2"
"0834","918 VIOLENT MALE","1"
"1962","245 DOM VIOL SUSP J/","1"
"1075","242 DOM VIOL","5"
"1258","415 GROUP FIGHT","3"
"0784","620 DOM VIOL","8"
"1756","245 AMB CUTTING","2"
"2022","620 DOM VIOL","22"
"0237","245 DOM VIOL SUSP J/","1"
"1608","620 DOM VIOL R/O","2"
"0893","242 POSS DOM VIOL","1"
"1267","242 AMB DOM VIOL","2"
"1091","620 DOM VIOL","4"
"0564","918 VIOLENT JUV","1"
"0522","242 POSS DOM VIOL","2"
"0911","242 BATTERY","2"
"1641","620 DOM VIOL R/O","11"
"0563","245 DOM VIOL SUSP","5"
"1569","620 DOM VIOL R/O","2"
"1849","242 DOM VIOL SUSP","6"
"1684","242 AMB DOM VIOL","1"
"1909","415 FIGHT","1"
"1207","245 DOM VIOL","2"
"1793","242 DOM VIOL SUSP","1"
"1846","245 AMB CUTTING","7"
"1515","620 DOM VIOL R/O","12"
"1745","620 DOM VIOL","26"
"1691","242 BATTERY INVEST","2"
"1107","245 CUTTING INV","1"
"0734","242 POSS DOM VIOL","2"
"1837","245 AMB DOM VIOL","1"
"2033","242 DOM VIOL INVESTI","1"
"1342","242 POSS DOM VIOL","2"
"1991","242 DOM VIOL","15"
"1805","620 DOM VIOL","9"
"1283","242 DOM VIOL INVESTI","4"
"1039","242 DOM VIOL SUSP","2"
"0519","415 FIGHT","2"
"0135","245 DOM VIOL SUSP","2"
"2014","620 DOM VIOL R/O","3"
"0649","245 ADW POSS DOM VIO","2"
"1039","245 AMB CUTTING","1"
"1925","242 DOM VIOL J/O","1"
"1351","242 DOM VIOL","36"
"1476","242 DOM VIOL","2"
"1983","242 DOM VIOL R/O VIO","1"
"2004","242 BATTERY DOMESTIC","1"
"1767","242 DOM VIOL","18"
"0919","242 DOM VIOL SUSP","2"
"0881","242 BATTERY INVEST","2"
"1524","245 DOM VIOL INVEST","1"
"1768","620 DOM VIOL","2"
"1559","242 DOM VIOL","1"
"1027","415 AMB FIGHT","1"
"1519","242 BATTERY DOMESTIC","2"
"1517","242 DOM VIOL J/O","1"
"1039","918 VIOLENT JUV","1"
"1393","242 BATTERY DOMESTIC","1"
"1908","415 GROUP FIGHT","1"
"1804","245 DOM VIOL SUSP NO","3"
"0737","242 POSS DOM VIOL","2"
"0713","415 FIGHT","2"
"1994","918 VIOLENT FEM","4"
"2014","415 GROUP FIGHT","1"
"0859","245 DOM VIOL INVEST","1"
"0859","242 BATTERY INVEST","2"
"1047","620 DOM VIOL","5"
"2105","245 DOM VIOL IN PROG","1"
"1991","415 FIGHT","1"
"1256","620 DOM VIOL","25"
"1258","242 POSS DOM VIOL","3"
"2033","620 DOM VIOL","16"
"1548","620 DOM VIOL R/O","25"
"1657","918 VIOLENT MALE","2"
"1757","620 DOM VIOL R/O","1"
"0426","918 VIOLENT FEM","2"
"0154","245 DOM VIOL","3"
"0398","242 DOM VIOL J/O","3"
"1184","245 DOM VIOL SUSP NO","1"
"0529","620 DOM VIOL R/O","21"
"0285","415 GROUP FIGHT","1"
"1958","620 DOM VIOL R/O","4"
"0985","242 POSS DOM VIOL","1"
"1837","620 DOM VIOL","32"
"2022","245 DOM VIOL","1"
"2019","245 DOM VIOL SUSP J/","1"
"0119","415 AMB FIGHT","1"
"1844","415 AMB FIGHT","1"
"1269","242 DOM VIOL INVESTI","6"
"2019","245 DOM VIOL SUSP","3"
"2014","242 DOM VIOL","16"
"1178","242 DOM VIOL","5"
"1266","415 GROUP FIGHT","1"
"0354","245 DOM VIOL R/O","1"
"0341","242 DOM VIOL","4"
"1549","242 BATTERY INVEST","2"
"0487","245 AMB CUTTING","1"
"1346","245 DOM VIOL SUSP NO","3"
"0955","242 BATTERY INVEST","1"
"1249","245 DOM VIOL SUSP","2"
"0246","245 DOM VIOL SUSP NO","2"
"1441","415 FIGHT","9"
"0701","242 DOM VIOL","9"
"0517","242 DOM VIOL SUSP","5"
"1353","242 DOM VIOL","29"
"1463","242 DOM VIOL","7"
"0563","207 POSS DOM VIOL SU","1"
"0563","288 ASSAULT INVEST","1"
"0393","415 FIGHT","6"
"2033","245 DOM VIOL","4"
"1027","620 DOM VIOL","9"
"0415","918 VIOLENT MALE","1"
"0338","620 DOM VIOL R/O","1"
"1171","918 VIOLENT MALE","1"
"2046","918 VIOLENT MALE","1"
"0636","242 DOM VIOL","30"
"1621","918 VIOLENT FEM","4"
"0105","242 DOM VIOL","2"
"0515","242 AMB DOM VIOL","1"
"1515","415 FIGHT","5"
"1698","242 BATTERY DOMESTIC","1"
"0765","415 FIGHT","16"
"0667","415 GROUP FIGHT","1"
"1645","245 AMB DOM VIOL","1"
"1486","620 DOM VIOL","1"
"1158","620 DOM VIOL R/O","1"
"0334","242 DOM VIOL INVESTI","1"
"0831","242 DOM VIOL SUSP","1"
"0541","415 GROUP FIGHT","3"
"0154","245 AMB CUTTING","5"
"0457","918 VIOLENT MALE","2"
"0932","245 CUTTING INV","1"
"0158","918 VIOLENT MALE","1"
"1802","245 DOM VIOL SUSP","4"
"1775","620 DOM VIOL R/O","2"
"2138","242 POSS DOM VIOL","2"
"0361","620 DOM VIOL","47"
"0315","242 DOM VIOL SUSP","2"
"0964","242 BATTERY INVEST","3"
"1361","620 DOM VIOL R/O","11"
"0279","245 ADW POSS DOM VIO","1"
"1675","245 AMB DOM VIOL","1"
"1756","242 AMB DOM VIOL","1"
"1983","620 DOM VIOL R/O","9"
"0919","242 POSS DOM VIOL","1"
"0147","245 AMB CUTTING","19"
"1479","245 DOM VIOL SUSP NO","1"
"0164","242 DOM VIOL J/O","2"
"0394","245 AMB CUTTING","2"
"1505","245 AMB DOM VIOL SUS","1"
"1147","918 VIOLENT JUV","3"
"2175","242 DOM VIOL","29"
"1975","415 FIGHT","1"
"0271","242 DOM VIOL R/O VIO","1"
"0151","620 DOM VIOL","3"
"0714","415 FIGHT","4"
"0111","245 DOM VIOL SUSP NO","5"
"1759","620 DOM VIOL R/O","3"
"0916","620 DOM VIOL","12"
"0842","245 DOM VIOL","1"
"0473","242 DOM VIOL SUSP","2"
"0156","245 AMB DOM VIOL J/O","1"
"1601","245 CUTTING INV","1"
"0507","242 POSS DOM VIOL","1"
"1695","245 DOM VIOL SUSP NO","1"
"1043","415 FIGHT","11"
"1102","620 DOM VIOL R/O","4"
"2136","415 GROUP FIGHT","5"
"0558","242 POSS DOM VIOL","3"
"0438","242 BATTERY DOMESTIC","1"
"0437","620 DOM VIOL","8"
"1826","245 DOM VIOL SUSP NO","2"
"1024","242 DOM VIOL","11"
"1663","207 DOM VIOL SUSP J/","1"
"0266","245 DOM VIOL","4"
"1134","620 DOM VIOL","12"
"0635","242 POSS DOM VIOL","1"
"1239","242 DOM VIOL","35"
"0316","415 GROUP FIGHT","2"
"0467","245 AMB CUTTING","2"
"1132","415 FIGHT","7"
"1172","620 DOM VIOL R/O","4"
"1904","620 DOM VIOL","12"
"1821","245 AMB CUTTING","4"
"1307","245 DOM VIOL","1"
"0529","245 AMB DOM VIOL","1"
"1757","415 FIGHT","3"
"0245","245 AMB CUTTING","35"
"1764","620 DOM VIOL R/O","5"
"1689","415 GROUP FIGHT","1"
"1345","245 DOM VIOL SUSP","1"
"0437","242 DOM VIOL J/O","1"
"1689","245 DOM VIOL SUSP","1"
"1031","918 VIOLENT JUV","1"
"1788","620 DOM VIOL","3"
"1985","245 AMB CUTTING","4"
"0373","245 DOM VIOL","2"
"1595","245 DOM VIOL SUSP","1"
"0648","245 AMB CUTTING","5"
"1756","620 DOM VIOL","9"
"1962","245 AMB CUTTING","1"
"2157","245 DOM VIOL","9"
"0291","918 VIOLENT MALE","2"
"1047","242 BATTERY INVEST","1"
"1354","242 DOM VIOL","14"
"0221","245 DOM VIOL SUSP","2"
"1548","242 DOM VIOL J/O","1"
"1146","415 GROUP FIGHT","1"
"0311","245 DOM VIOL SUSP","2"
"1361","620 DOM VIOL","27"
"1617","918 VIOLENT MALE","2"
"0734","242 DOM VIOL J/O","1"
"1283","242 DOM VIOL","23"
"0428","245 AMB CUTTING","2"
"1958","620 DOM VIOL","9"
"1687","245 DOM VIOL INVEST","1"
"0164","415 FIGHT","5"
"1428","245 AMB CUTTING","1"
"0251","242 BATTERY DOMESTIC","3"
"0752","242 DOM VIOL","5"
"2083","242 DOM VIOL","2"
"1521","245 DOM VIOL","2"
"1747","245 DOM VIOL","2"
"0589","415 FIGHT","1"
"0123","242 DOM VIOL","1"
"0648","242 DOM VIOL INVESTI","1"
"0265","245 CUTTING INV","1"
"1513","245 DOM VIOL","2"
"1912","245 DOM VIOL","1"
"1152","242 POSS DOM VIOL","1"
"1503","242 DOM VIOL SUSP","5"
"2062","415 GROUP FIGHT","3"
"1041","242 DOM VIOL","5"
"0231","242 DOM VIOL SUSP","2"
"2159","620 DOM VIOL R/O","2"
"0438","242 POSS DOM VIOL","1"
"1891","242 DOM VIOL INVESTI","2"
"0176","918 VIOLENT FEM","1"
"0776","918 VIOLENT FEM","1"
"1437","415 FIGHT","9"
"0909","620 DOM VIOL R/O","3"
"0144","415 GROUP FIGHT","1"
"1162","242 DOM VIOL","16"
"0784","620 DOM VIOL R/O","2"
"1139","918 VIOLENT JUV","4"
"1988","245 DOM VIOL SUSP","1"
"1047","415 FIGHT","2"
"2024","620 DOM VIOL","12"
"0424","242 BATTERY DOMESTIC","1"
"1133","242 DOM VIOL SUSP","1"
"2141","242 BATTERY INVEST","1"
"0642","620 DOM VIOL","2"
"1557","415 FIGHT","4"
"1065","620 DOM VIOL R/O","9"
"1344","242 AMB DOM VIOL","1"
"2128","242 AMB DOM VIOL","1"
"0204","245 AMB CUTTING","1"
"0989","242 BATTERY INVEST","1"
"0881","242 BATTERY DOMESTIC","2"
"2113","620 DOM VIOL","10"
"1531","620 DOM VIOL","4"
"1231","242 POSS DOM VIOL","1"
"2044","242 BATTERY INVEST","2"
"0403","245 AMB CUTTING","1"
"1464","245 DOM VIOL SUSP","1"
"0219","242 POSS DOM VIOL","1"
"0351","242 BATTERY INVEST","1"
"0776","242 DOM VIOL","14"
"0359","620 DOM VIOL","2"
"1506","245 DOM VIOL","2"
"1846","242 BATTERY INVEST","5"
"1548","242 DOM VIOL","22"
"2093","242 BATTERY INVEST","3"
"0915","245 DOM VIOL","3"
"1385","242 DOM VIOL SUSP","3"
"0237","242 DOM VIOL SUSP","4"
"0131","245 DOM VIOL SUSP","2"
"1031","242 DOM VIOL","2"
"0783","415 FIGHT","3"
"1469","918 VIOLENT MALE","2"
"1752","242 BATTERY DOMESTIC","2"
"1211","245 CUTTING INV","1"
"1557","620 DOM VIOL","12"
"0158","242 DOM VIOL SUSP","1"
"1371","918 VIOLENT MALE","1"
"2143","245 AMB CUTTING","2"
"0221","242 DOM VIOL","14"
"0158","415 FIGHT","2"
"1713","242 DOM VIOL SUSP","1"
"0308","415 GROUP FIGHT","1"
"0643","245 DOM VIOL","2"
"1458","415 FIGHT","1"
"2126","415 FIGHT","2"
"1467","242 DOM VIOL","7"
"1599","242 BATTERY INVEST","1"
"2069","918 VIOLENT FEM","2"
"0644","242 DOM VIOL INVESTI","1"
"0935","620 DOM VIOL R/O","10"
"1113","245 AMB CUTTING","1"
"1961","620 DOM VIOL","20"
"2045","620 DOM VIOL","9"
"2036","242 DOM VIOL J/O","1"
"0766","415 GROUP FIGHT","1"
"1844","620 DOM VIOL R/O","19"
"0233","918 VIOLENT MALE","4"
"1539","415 FIGHT","4"
"1473","918 VIOLENT FEM","1"
"1395","245 DOM VIOL SUSP NO","1"
"0479","620 DOM VIOL","10"
"1924","918 VIOLENT JUV","1"
"0246","242 DOM VIOL INVESTI","3"
"1653","242 POSS DOM VIOL","1"
"1259","242 DOM VIOL","30"
"0964","620 DOM VIOL","14"
"0275","242 AMB DOM VIOL","1"
"0563","918 VIOLENT MALE","4"
"1837","245 DOM VIOL SUSP NO","2"
"1801","918 VIOLENT FEM","1"
"0466","245 DOM VIOL SUSP NO","4"
"1011","620 DOM VIOL R/O","3"
"0628","415 GROUP FIGHT","1"
"1516","918 VIOLENT JUV","1"
"1126","242 POSS DOM VIOL","2"
"1371","620 DOM VIOL","31"
"0558","242 DOM VIOL SUSP","2"
"1522","620 DOM VIOL","16"
"1791","242 DOM VIOL INVESTI","2"
"0325","245 DOM VIOL","2"
"1414","620 DOM VIOL R/O","2"
"0398","620 DOM VIOL","23"
"2044","242 DOM VIOL","11"
"1323","245 AMB CUTTING","4"
"1901","242 BATTERY INVEST","1"
"1043","245 DOM VIOL INVEST","1"
"0636","620 DOM VIOL R/O","8"
"1835","242 DOM VIOL SUSP","1"
"0192","245 AMB DOM VIOL INV","1"
"2022","242 DOM VIOL SUSP","5"
"0139","242 AMB DOM VIOL","1"
"1178","242 AMB DOM VIOL","1"
"0883","245 AMB CUTTING","1"
"0645","415 FIGHT","25"
"1501","245 DOM VIOL SUSP","2"
"1983","620 DOM VIOL","47"
"1255","918 VIOLENT MALE","3"
"0163","242 BATTERY INVEST","2"
"1959","242 DOM VIOL","7"
"2097","620 DOM VIOL R/O","1"
"1543","242 BATTERY","1"
"0191","245 AMB CUTTING","2"
"2173","620 DOM VIOL","2"
"0882","620 DOM VIOL","5"
"1761","415 GROUP FIGHT","1"
"1751","242 BATTERY INVEST","1"
"0182","242 DOM VIOL INVESTI","1"
"1618","918 VIOLENT FEM","1"
"1015","242 DOM VIOL SUSP","1"
"0245","242 POSS DOM VIOL","5"
"0426","245 DOM VIOL","1"
"2103","415 FIGHT","2"
"0143","620 DOM VIOL R/O","1"
"1517","918 VIOLENT JUV","1"
"1517","242 POSS DOM VIOL","1"
"1589","245 DOM VIOL","1"
"1681","918 VIOLENT JUV","1"
"1729","620 DOM VIOL","7"
"1656","620 DOM VIOL R/O","5"
"1452","242 DOM VIOL","4"
"0904","245 DOM VIOL SUSP NO","1"
"1737","242 DOM VIOL","6"
"0442","415 FIGHT","1"
"1801","245 DOM VIOL","13"
"0439","242 AMB DOM VIOL","1"
"0133","242 DOM VIOL","3"
"1698","245 DOM VIOL","3"
"1171","242 BATTERY INVEST","1"
"1531","918 VIOLENT MALE","2"
"0343","245 DOM VIOL SUSP NO","1"
"1395","918 VIOLENT MALE","1"
"0822","242 DOM VIOL J/O","1"
"0138","415 FIGHT","8"
"1832","245 DOM VIOL R/O","1"
"0154","245 DOM VIOL INVEST","1"
"1977","245 DOM VIOL","5"
"1119","620 DOM VIOL R/O","3"
"1985","245 DOM VIOL R/O","1"
"1549","245 DOM VIOL SUSP NO","1"
"0915","242 DOM VIOL","13"
"1767","918 VIOLENT MALE","1"
"0724","620 DOM VIOL","4"
"1672","245 DOM VIOL INVEST","1"
"0215","620 DOM VIOL","1"
"0478","245 DOM VIOL SUSP NO","2"
"0938","620 DOM VIOL","5"
"0295","415 MAJ GRP FIGHT","1"
"0931","242 BATTERY INVEST","1"
"1569","245 DOM VIOL IN PROG","1"
"0702","245 AMB DOM VIOL","1"
"2017","245 AMB CUTTING","2"
"2157","242 POSS DOM VIOL","3"
"0889","620 DOM VIOL R/O","9"
"0502","415 FIGHT","2"
"1061","242 BATTERY INVEST","1"
"2062","245 ADW POSS DOM VIO","1"
"0154","620 DOM VIOL R/O","9"
"1394","918 VIOLENT JUV","1"
"0119","245 AMB DOM VIOL","2"
"0291","415 FIGHT","6"
"1269","245 DOM VIOL SUSP","5"
"0937","242 DOM VIOL SUSP","2"
"0466","242 BATTERY INVEST","2"
"0566","245 DOM VIOL","8"
"1795","242 DOM VIOL INVESTI","1"
"0961","242 AMB DOM VIOL","1"
"1913","242 DOM VIOL","8"
"0415","245 ADW POSS DOM VIO","1"
"1915","242 DOM VIOL","16"
"0445","242 BATTERY INVEST","2"
"1144","245 DOM VIOL","1"
"1621","242 BATTERY DOMESTIC","2"
"1242","245 DOM VIOL","2"
"0853","242 POSS DOM VIOL","3"
"1204","242 AMB DOM VIOL","1"
"1454","242 BATTERY DOMESTIC","1"
"1128","415 GROUP FIGHT","1"
"1998","245 AMB CUTTING","2"
"0233","242 POSS DOM VIOL","4"
"1805","242 POSS DOM VIOL","1"
"0952","242 DOM VIOL SUSP","6"
"1841","242 DOM VIOL INVESTI","1"
"0656","242 POSS DOM VIOL","1"
"1723","918 VIOLENT MALE","1"
"1599","620 DOM VIOL","8"
"2111","242 DOM VIOL","3"
"0331","415 FIGHT","2"
"1033","415 FIGHT","5"
"0119","245 AMB CUTTING","9"
"0807","245 DOM VIOL SUSP NO","1"
"1502","242 DOM VIOL","3"
"1972","245 DOM VIOL","2"
"1761","415 FIGHT","4"
"1158","245 DOM VIOL SUSP NO","1"
"0787","620 DOM VIOL","1"
"0164","242 BATTERY","1"
"0841","242 DOM VIOL J/O","1"
"1651","245 DOM VIOL","5"
"1821","242 BATTERY INVEST","3"
"0933","245 AMB CUTTING","4"
"2011","245 DOM VIOL SUSP NO","1"
"1033","245 CUTTING INV","1"
"0964","415 FIGHT","6"
"1735","918 VIOLENT JUV","1"
"0563","415 FIGHT","12"
"0765","918 VIOLENT MALE","1"
"0905","245 DOM VIOL SUSP NO","2"
"1985","620 DOM VIOL R/O","26"
"1729","242 DOM VIOL SUSP","1"
"2158","620 DOM VIOL R/O","11"
"2033","242 POSS DOM VIOL","3"
"1651","242 DOM VIOL","2"
"2046","245 CUTTING INV","1"
"1364","245 AMB CUTTING","2"
"2187","242 DOM VIOL SUSP","2"
"1961","242 BATTERY INVEST","5"
"0416","415 FIGHT","4"
"1881","620 DOM VIOL","14"
"1547","242 BATTERY","1"
"0914","242 DOM VIOL J/O","1"
"1115","620 DOM VIOL R/O","4"
"0325","245 DOM VIOL SUSP J/","1"
"0587","415 FIGHT","6"
"2024","242 AMB DOM VIOL","2"
"1638","245 AMB DOM VIOL","1"
"1525","242 BATTERY INVEST","2"
"1317","245 ADW","1"
"1924","242 BATTERY DOMESTIC","1"
"0666","620 DOM VIOL","40"
"1003","620 DOM VIOL R/O","7"
"0157","245 DOM VIOL SUSP","1"
"0919","415 FIGHT","5"
"1425","918 VIOLENT JUV","1"
"1391","245 AMB CUTTING","1"
"1682","242 DOM VIOL J/O","1"
"1831","918 VIOLENT MALE","3"
"1371","242 POSS DOM VIOL","4"
"0886","242 POSS DOM VIOL","1"
"0656","415 GROUP FIGHT","1"
"1253","242 DOM VIOL INVESTI","1"
"1925","918 VIOLENT MALE","1"
"1708","620 DOM VIOL","4"
"0735","242 DOM VIOL SUSP","2"
"1211","207 DOM VIOL SUSP NO","1"
"1027","245 DOM VIOL","3"
"0517","242 BATTERY INVEST","3"
"1023","245 DOM VIOL SUSP NO","1"
"1684","245 CUTTING INV","2"
"0637","620 DOM VIOL R/O","2"
"1908","242 DOM VIOL SUSP","1"
"2144","245 AMB CUTTING","1"
"1204","415 GROUP FIGHT","1"
"1019","620 DOM VIOL","4"
"0317","415 FIGHT","5"
"0915","415 FIGHT","4"
"0438","620 DOM VIOL","9"
"2019","242 DOM VIOL","31"
"1402","242 POSS DOM VIOL","1"
"1097","242 BATTERY INVEST","1"
"1934","242 DOM VIOL","6"
"2071","242 DOM VIOL SUSP","2"
"0882","415 FIGHT","4"
"1179","620 DOM VIOL","9"
"1735","415 FIGHT","4"
"1645","245 ADW POSS DOM VIO","1"
"1178","620 DOM VIOL R/O","2"
"0141","242 DOM VIOL","9"
"1293","620 DOM VIOL R/O","2"
"1094","415 GROUP FIGHT","2"
"0248","620 DOM VIOL","28"
"0121","242 DOM VIOL","2"
"1268","242 DOM VIOL","62"
"0357","415 FIGHT","8"
"1907","245 DOM VIOL SUSP","1"
"0787","245 ADW","1"
"1431","242 DOM VIOL SUSP","1"
"1767","620 DOM VIOL","36"
"1793","245 DOM VIOL IN PROG","1"
"0565","245 DOM VIOL SUSP NO","1"
"0735","242 DOM VIOL","6"
"1008","242 AMB DOM VIOL","1"
"1753","242 DOM VIOL J/O","1"
"0566","918 VIOLENT MALE","1"
"1521","242 BATTERY INVEST","3"
"0203","242 POSS DOM VIOL","1"
"1659","245 DOM VIOL","1"
"1443","242 DOM VIOL","4"
"0563","242 DOM VIOL SUSP","6"
"1149","620 DOM VIOL","12"
"2175","620 DOM VIOL","33"
"1258","242 DOM VIOL R/O VIO","1"
"0759","245 ADW POSS DOM VIO","1"
"1466","620 DOM VIOL","1"
"2169","620 DOM VIOL R/O","1"
"1749","242 BATTERY INVEST","1"
"1834","245 AMB DOM VIOL","1"
"0311","620 DOM VIOL","17"
"0285","242 DOM VIOL SUSP","4"
"0147","620 DOM VIOL","11"
"0723","242 BATTERY INVEST","15"
"0881","242 DOM VIOL SUSP","3"
"2031","245 DOM VIOL IN PROG","1"
"0452","245 DOM VIOL SUSP NO","1"
"1553","242 DOM VIOL","9"
"1239","245 DOM VIOL SUSP J/","1"
"1681","242 DOM VIOL","13"
"0312","245 DOM VIOL IN PROG","1"
"1346","415 FIGHT","10"
"1505","242 POSS DOM VIOL","2"
"1313","245 DOM VIOL R/O","1"
"0503","245 DOM VIOL SUSP","2"
"0398","918 VIOLENT JUV","1"
"1995","918 VIOLENT JUV","1"
"0721","242 DOM VIOL SUSP","3"
"2004","242 DOM VIOL SUSP","1"
"1836","242 DOM VIOL SUSP","3"
"0375","245 DOM VIOL SUSP","2"
"0835","245 DOM VIOL","1"
"1122","620 DOM VIOL","1"
"0722","620 DOM VIOL","5"
"1695","242 BATTERY INVEST","2"
"0818","242 BATTERY INVEST","6"
"0529","245 DOM VIOL","2"
"0787","918 VIOLENT MALE","1"
"1267","245 DOM VIOL IN PROG","2"
"1677","415 FIGHT","2"
"1918","242 AMB DOM VIOL","2"
"0929","242 BATTERY INVEST","1"
"0327","245 DOM VIOL SUSP NO","1"
"1506","620 DOM VIOL","19"
"0897","242 POSS DOM VIOL","1"
"2175","242 DOM VIOL SUSP","7"
"1687","242 DOM VIOL","14"
"1841","245 DOM VIOL SUSP J/","1"
"1684","242 BATTERY DOMESTIC","7"
"0461","620 DOM VIOL R/O","2"
"1144","242 DOM VIOL INVESTI","3"
"0777","242 POSS DOM VIOL","1"
"0245","620 DOM VIOL","34"
"1881","620 DOM VIOL R/O","8"
"2129","245 DOM VIOL SUSP J/","1"
"0471","620 DOM VIOL","2"
"2128","245 DOM VIOL","6"
"1189","918 VIOLENT FEM","1"
"0248","242 DOM VIOL SUSP","7"
"1321","245 CUTTING INV","1"
"0139","242 DOM VIOL","6"
"1028","620 DOM VIOL R/O","3"
"1633","918 VIOLENT FEM","2"
"0713","242 BATTERY INVEST","1"
"1538","918 VIOLENT MALE","3"
"0443","245 ADW","1"
"0336","918 VIOLENT MALE","1"
"1979","620 DOM VIOL","12"
"1352","242 DOM VIOL SUSP","8"
"0412","245 DOM VIOL INVEST","1"
"0144","242 DOM VIOL SUSP","3"
"1563","242 DOM VIOL","4"
"0415","242 BATTERY DOMESTIC","2"
"0392","245 DOM VIOL R/O","2"
"1469","242 BATTERY DOMESTIC","1"
"1373","245 AMB CUTTING","3"
"1331","242 DOM VIOL SUSP","6"
"0326","242 DOM VIOL INVESTI","1"
"1782","620 DOM VIOL","6"
"0406","415 FIGHT","1"
"0851","620 DOM VIOL","4"
"1393","242 POSS DOM VIOL","1"
"1952","242 DOM VIOL","6"
"1255","242 POSS DOM VIOL","3"
"0948","620 DOM VIOL R/O","3"
"0235","242 BATTERY INVEST","1"
"0615","918 VIOLENT FEM","1"
"0715","620 DOM VIOL","2"
"1342","242 BATTERY INVEST","2"
"0526","415 GROUP FIGHT","2"
"1065","245 AMB CUTTING","3"
"1798","918 VIOLENT MALE","3"
"1958","415 FIGHT","5"
"2132","620 DOM VIOL R/O","2"
"0176","620 DOM VIOL","4"
"1971","245 AMB CUTTING","2"
"0765","242 DOM VIOL SUSP","2"
"1911","415 FIGHT","1"
"0966","415 FIGHT","1"
"1019","242 DOM VIOL","3"
"0142","242 AMB DOM VIOL","2"
"1832","415 GROUP FIGHT","1"
"1675","415 FIGHT","5"
"0437","242 DOM VIOL","10"
"0938","918 VIOLENT FEM","1"
"1367","620 DOM VIOL R/O","13"
"0406","245 DOM VIOL","2"
"0587","245 DOM VIOL SUSP NO","3"
"1664","620 DOM VIOL","3"
"0379","242 DOM VIOL J/O","1"
"1116","620 DOM VIOL R/O","1"
"0906","245 DOM VIOL SUSP NO","1"
"0516","918 VIOLENT MALE","1"
"1608","620 DOM VIOL","6"
"1611","245 DOM VIOL","2"
"1633","620 DOM VIOL","9"
"1589","242 BATTERY DOMESTIC","1"
"1173","245 DOM VIOL","1"
"1849","918 VIOLENT FEM","1"
"2155","245 DOM VIOL","2"
"1881","245 DOM VIOL R/O","1"
"1622","242 DOM VIOL INVESTI","1"
"0643","242 BATTERY INVEST","1"
"1675","620 DOM VIOL","4"
"1346","242 AMB DOM VIOL","2"
"1835","242 DOM VIOL J/O","1"
"1831","242 BATTERY INVEST","2"
"2102","245 DOM VIOL SUSP","1"
"1325","620 DOM VIOL R/O","5"
"2125","242 DOM VIOL SUSP","1"
"0269","242 DOM VIOL R/O VIO","1"
"1325","242 DOM VIOL","8"
"1003","242 DOM VIOL","19"
"0677","620 DOM VIOL R/O","5"
"1637","242 DOM VIOL SUSP","3"
"0488","242 DOM VIOL SUSP","2"
"0882","245 AMB DOM VIOL INV","1"
"1101","415 FIGHT","3"
"2039","242 BATTERY INVEST","1"
"0509","415 GROUP FIGHT","3"
"0471","620 DOM VIOL R/O","1"
"1258","242 DOM VIOL INVESTI","4"
"0129","415 FIGHT","3"
"1655","245 AMB DOM VIOL","1"
"1407","620 DOM VIOL R/O","7"
"0377","242 POSS DOM VIOL","1"
"0943","242 BATTERY INVEST","8"
"1427","242 BATTERY DOMESTIC","1"
"0159","242 DOM VIOL","4"
"1533","242 DOM VIOL","2"
"1172","242 DOM VIOL INVESTI","1"
"1685","242 DOM VIOL SUSP","5"
"0319","242 AMB DOM VIOL","3"
"0361","242 DOM VIOL SUSP","5"
"1565","620 DOM VIOL","3"
"0723","415 FIGHT","11"
"1001","415 AMB FIGHT","1"
"0583","620 DOM VIOL","6"
"1977","620 DOM VIOL R/O","3"
"0645","245 AMB DOM VIOL","1"
"1352","242 BATTERY INVEST","3"
"1406","242 DOM VIOL","3"
"1367","620 DOM VIOL","31"
"0622","242 DOM VIOL SUSP","2"
"0773","415 FIGHT","3"
"1043","245 DOM VIOL SUSP J/","1"
"1966","242 DOM VIOL J/O","2"
"0396","242 DOM VIOL INVESTI","2"
"1266","242 BATTERY","1"
"1901","242 DOM VIOL INVESTI","1"
"0407","918 VIOLENT FEM","2"
"1999","242 POSS DOM VIOL","2"
"1504","242 DOM VIOL","17"
"1491","245 AMB CUTTING","2"
"1252","207 POSS DOM VIOL I/","1"
"1794","245 DOM VIOL","2"
"0181","242 DOM VIOL SUSP","1"
"0905","245 DOM VIOL SUSP","1"
"1094","620 DOM VIOL","2"
"1432","245 AMB CUTTING","2"
"1924","245 AMB CUTTING","1"
"1139","620 DOM VIOL R/O","2"
"1232","242 AMB DOM VIOL","2"
"0857","415 GROUP FIGHT","1"
"2196","415 GROUP FIGHT","1"
"0657","242 AMB DOM VIOL","1"
"2025","620 DOM VIOL R/O","10"
"0943","242 DOM VIOL SUSP","2"
"1708","245 AMB DOM VIOL","1"
"2177","242 BATTERY","1"
"0134","242 DOM VIOL","6"
"1987","242 BATTERY DOMESTIC","1"
"1409","415 FIGHT","7"
"1425","620 DOM VIOL","4"
"2136","245 DOM VIOL SUSP NO","1"
"0462","242 AMB DOM VIOL","1"
"1203","245 DOM VIOL SUSP","2"
"1795","415 GROUP FIGHT","2"
"0363","242 DOM VIOL R/O VIO","1"
"1189","242 DOM VIOL SUSP","1"
"2102","245 DOM VIOL IN PROG","1"
"1352","415 GROUP FIGHT","4"
"0299","242 AMB DOM VIOL","1"
"2058","242 BATTERY INVEST","1"
"2033","245 DOM VIOL SUSP","2"
"0313","245 DOM VIOL","2"
"1684","242 DOM VIOL","19"
"1127","245 DOM VIOL","3"
"1602","242 DOM VIOL INVESTI","2"
"0195","242 DOM VIOL INVESTI","1"
"2023","620 DOM VIOL","22"
"0551","242 POSS DOM VIOL","4"
"0246","245 DOM VIOL R/O","1"
"1268","245 DOM VIOL","7"
"1832","242 BATTERY DOMESTIC","3"
"1441","245 DOM VIOL","3"
"0231","415 FIGHT","8"
"0424","242 DOM VIOL R/O VIO","1"
"0935","415 GROUP FIGHT","3"
"1535","415 GROUP FIGHT","1"
"0145","245 AMB CUTTING","4"
"0504","242 AMB DOM VIOL","1"
"0459","242 DOM VIOL","5"
"1161","415 FIGHT","1"
"0526","620 DOM VIOL R/O","9"
"1657","918 VIOLENT MALE/FEM","1"
"0833","242 DOM VIOL","5"
"0245","245 CUTTING INV","1"
"1381","415 GROUP FIGHT","1"
"0998","918 VIOLENT MALE","2"
"2105","918 VIOLENT MALE","1"
"2015","415 FIGHT","8"
"0155","245 DOM VIOL SUSP","1"
"0941","242 AMB DOM VIOL","2"
"2035","620 DOM VIOL","25"
"1452","242 DOM VIOL SUSP","1"
"1913","620 DOM VIOL","20"
"0448","415 FIGHT","6"
"1213","245 DOM VIOL SUSP J/","1"
"0124","242 BATTERY INVEST","1"
"1039","245 DOM VIOL SUSP J/","1"
"1204","245 ADW POSS DOM VIO","1"
"0134","415 GROUP FIGHT","2"
"0157","242 AMB DOM VIOL","1"
"0202","245 DOM VIOL SUSP NO","1"
"0134","918 VIOLENT MALE","1"
"1385","245 AMB CUTTING","4"
"1452","242 AMB DOM VIOL","1"
"1665","242 BATTERY DOMESTIC","1"
"1467","242 AMB DOM VIOL","1"
"2146","242 DOM VIOL INVESTI","1"
"0335","242 DOM VIOL SUSP","2"
"0567","245 DOM VIOL","3"
"1207","620 DOM VIOL R/O","2"
"0356","245 DOM VIOL SUSP","1"
"0408","242 BATTERY DOMESTIC","1"
"0155","242 BATTERY DOMESTIC","1"
"1243","415 GROUP FIGHT","3"
"1823","242 BATTERY DOMESTIC","7"
"1787","242 DOM VIOL INVESTI","1"
"1659","620 DOM VIOL","7"
"0643","245 ADW","1"
"1204","245 DOM VIOL IN PROG","1"
"0233","245 AMB CUTTING","1"
"1179","242 DOM VIOL SUSP","1"
"1232","242 DOM VIOL INVESTI","2"
"0541","242 BATTERY DOMESTIC","1"
"0561","620 DOM VIOL","3"
"1975","242 DOM VIOL","2"
"0769","242 DOM VIOL","3"
"1049","242 BATTERY INVEST","1"
"1307","245 AMB CUTTING","10"
"1113","242 DOM VIOL","7"
"0158","245 DOM VIOL SUSP NO","4"
"1821","245 DOM VIOL SUSP","1"
"1987","415 AMB FIGHT","1"
"1771","620 DOM VIOL","2"
"0359","242 DOM VIOL","6"
"1361","242 DOM VIOL","29"
"1385","242 BATTERY DOMESTIC","1"
"1169","245 DOM VIOL SUSP NO","1"
"1546","245 AMB CUTTING","1"
"0249","415 GROUP FIGHT","1"
"0245","207 DOM VIOL INVEST","1"
"0663","620 DOM VIOL R/O","4"
"1005","415 FIGHT","1"
"2189","415 FIGHT","10"
"0528","245 CUTTING INV","1"
"1513","242 BATTERY","1"
"0719","242 BATTERY INVEST","1"
"0281","242 DOM VIOL SUSP","1"
"1453","620 DOM VIOL R/O","4"
"2046","242 DOM VIOL SUSP","2"
"0749","242 AMB DOM VIOL","1"
"0313","245 AMB CUTTING","1"
"0148","245 AMB CUTTING","7"
"0221","242 DOM VIOL SUSP","1"
"1499","242 BATTERY INVEST","1"
"0325","242 POSS DOM VIOL","1"
"1172","242 BATTERY INVEST","1"
"1918","245 DOM VIOL SUSP","2"
"0562","245 DOM VIOL SUSP NO","3"
"0784","242 BATTERY DOMESTIC","1"
"2128","242 DOM VIOL R/O VIO","1"
"1445","242 POSS DOM VIOL","1"
"1394","245 AMB CUTTING","2"
"1838","245 DOM VIOL SUSP","2"
"1503","415 GROUP FIGHT","2"
"1991","242 AMB DOM VIOL","1"
"0456","242 AMB DOM VIOL","1"
"1333","245 DOM VIOL SUSP J/","2"
"1548","242 AMB DOM VIOL","3"
"0469","245 DOM VIOL","2"
"0448","918 VIOLENT FEM","2"
"1024","918 VIOLENT JUV","3"
"0142","242 DOM VIOL","10"
"1737","245 DOM VIOL","1"
"1441","245 AMB DOM VIOL SUS","1"
"0321","245 DOM VIOL SUSP","1"
"1313","415 FIGHT","12"
"0643","245 CUTTING INV","2"
"1689","242 DOM VIOL SUSP","1"
"1822","415 GROUP FIGHT","8"
"0939","242 AMB DOM VIOL","1"
"1712","242 DOM VIOL","1"
"1756","415 FIGHT","1"
"0643","245 POSS DOM VIOL I/","1"
"0525","242 DOM VIOL","13"
"1974","918 VIOLENT FEM","1"
"2036","245 DOM VIOL","5"
"0646","245 DOM VIOL SUSP NO","2"
"2063","415 FIGHT","2"
"0833","415 FIGHT","3"
"1004","918 VIOLENT JUV","1"
"0858","242 DOM VIOL","2"
"0161","245 AMB CUTTING","1"
"0857","620 DOM VIOL","6"
"1033","918 VIOLENT JUV","1"
"2058","245 DOM VIOL","1"
"0777","245 ADW POSS DOM VIO","1"
"2161","242 DOM VIOL","2"
"0782","242 AMB DOM VIOL","1"
"0427","245 DOM VIOL SUSP NO","2"
"2074","242 AMB DOM VIOL","2"
"0621","415 FIGHT","1"
"0943","245 AMB CUTTING","2"
"0884","245 DOM VIOL","2"
"0489","620 DOM VIOL","9"
"1713","620 DOM VIOL","4"
"0762","415 FIGHT","2"
"0766","245 DOM VIOL","1"
"0332","620 DOM VIOL R/O","4"
"0231","620 DOM VIOL","22"
"0455","242 DOM VIOL J/O","2"
"0789","245 DOM VIOL IN PROG","1"
"1134","415 GROUP FIGHT","2"
"0735","242 BATTERY DOMESTIC","1"
"0462","245 CUTTING INV","1"
"1722","620 DOM VIOL","13"
"2069","245 ADW POSS DOM VIO","1"
"1454","415 GROUP FIGHT","1"
"1259","245 AMB CUTTING","5"
"2025","242 BATTERY INVEST","1"
"0648","245 DOM VIOL SUSP NO","2"
"1342","620 DOM VIOL","18"
"2107","245 DOM VIOL SUSP","1"
"1437","620 DOM VIOL","7"
"1752","245 DOM VIOL SUSP J/","1"
"1684","918 VIOLENT MALE","4"
"0295","245 DOM VIOL INVEST","1"
"1602","242 AMB DOM VIOL","1"
"0838","415 FIGHT","1"
"2137","242 BATTERY DOMESTIC","1"
"1327","245 ADW POSS DOM VIO","1"
"1249","620 DOM VIOL R/O","16"
"2039","245 AMB CUTTING","1"
"0439","245 DOM VIOL","5"
"1844","415 GROUP FIGHT","6"
"1416","918 VIOLENT JUV","1"
"1158","918 VIOLENT MALE","1"
"0635","242 DOM VIOL SUSP","2"
"1199","415 FIGHT","1"
"0513","242 AMB DOM VIOL","3"
"0119","242 DOM VIOL","8"
"1372","415 FIGHT","8"
"0105","242 DOM VIOL INVESTI","1"
"1504","242 POSS DOM VIOL","1"
"1832","245 AMB CUTTING","1"
"1924","242 DOM VIOL SUSP","5"
"1435","242 BATTERY INVEST","1"
"1961","620 DOM VIOL R/O","3"
"0679","242 DOM VIOL SUSP","2"
"1241","620 DOM VIOL R/O","50"
"2093","918 VIOLENT MALE","2"
"0391","245 DOM VIOL R/O","2"
"0281","245 DOM VIOL","1"
"0427","415 GROUP FIGHT","2"
"0564","245 CUTTING INV","1"
"0914","245 AMB DOM VIOL","1"
"1245","245 AMB DOM VIOL SUS","1"
"0397","245 DOM VIOL","8"
"0131","242 AMB DOM VIOL","1"
"0506","245 DOM VIOL","1"
"0153","918 VIOLENT MALE","1"
"0455","245 DOM VIOL","2"
"0732","620 DOM VIOL R/O","1"
"2036","245 AMB CUTTING","2"
"0558","242 DOM VIOL","15"
"2076","415 GROUP FIGHT","1"
"1538","620 DOM VIOL","22"
"1519","242 DOM VIOL SUSP","4"
"0899","245 DOM VIOL SUSP NO","1"
"1383","245 DOM VIOL SUSP","1"
"1751","918 VIOLENT MALE","2"
"0246","242 DOM VIOL","12"
"2073","242 DOM VIOL","5"
"2062","242 DOM VIOL SUSP","2"
"2054","242 POSS DOM VIOL","2"
"0773","245 DOM VIOL","1"
"1273","242 DOM VIOL J/O","1"
"1715","245 DOM VIOL SUSP NO","1"
"0415","620 DOM VIOL R/O","4"
"1802","918 VIOLENT MALE","4"
"0774","415 FIGHT","4"
"1737","620 DOM VIOL","7"
"2093","415 FIGHT","3"
"0156","242 DOM VIOL J/O","1"
"0399","245 DOM VIOL SUSP","1"
"1125","415 FIGHT","4"
"1183","245 DOM VIOL SUSP","1"
"0145","242 BATTERY INVEST","3"
"1163","415 FIGHT","5"
"1128","245 DOM VIOL","2"
"0112","242 BATTERY INVEST","2"
"1034","245 DOM VIOL IN PROG","1"
"0566","242 POSS DOM VIOL","3"
"0989","620 DOM VIOL","13"
"1906","242 POSS DOM VIOL","1"
"2102","918 VIOLENT MALE","1"
"1691","245 AMB DOM VIOL","1"
"0892","620 DOM VIOL R/O","2"
"0499","620 DOM VIOL","8"
"1602","620 DOM VIOL","33"
"0497","242 DOM VIOL SUSP","5"
"1654","242 DOM VIOL","11"
"1266","918 VIOLENT FEM","2"
"0363","242 BATTERY INVEST","3"
"1824","242 DOM VIOL J/O","2"
"1269","245 ADW POSS DOM VIO","3"
"0204","415 FIGHT","5"
"1033","918 VIOLENT FEM","2"
"0391","242 DOM VIOL","7"
"1961","245 AMB CUTTING","3"
"1377","415 GROUP FIGHT","1"
"0563","245 DOM VIOL SUSP J/","1"
"0442","242 BATTERY INVEST","2"
"1695","242 DOM VIOL","21"
"1902","245 DOM VIOL SUSP","1"
"1759","242 DOM VIOL SUSP","1"
"1406","620 DOM VIOL R/O","2"
"0438","242 DOM VIOL","7"
"1785","242 BATTERY INVEST","2"
"2125","242 BATTERY","1"
"1605","245 DOM VIOL SUSP NO","1"
"1351","245 DOM VIOL SUSP J/","2"
"0409","242 DOM VIOL INVESTI","1"
"1124","242 BATTERY DOMESTIC","1"
"0859","620 DOM VIOL","12"
"1034","242 DOM VIOL","12"
"1265","245 DOM VIOL SUSP NO","6"
"1768","242 DOM VIOL","3"
"1546","918 VIOLENT FEM","1"
"0152","620 DOM VIOL","8"
"1502","245 DOM VIOL SUSP","1"
"1127","242 DOM VIOL","4"
"1871","918 VIOLENT FEM","1"
"0248","245 DOM VIOL INVEST","1"
"1331","245 DOM VIOL","1"
"1527","620 DOM VIOL","11"
"1842","245 DOM VIOL SUSP NO","3"
"0473","620 DOM VIOL","17"
"1635","245 DOM VIOL","1"
"0457","242 BATTERY DOMESTIC","3"
"0518","242 DOM VIOL SUSP","1"
"0466","245 CUTTING INV","1"
"1125","242 AMB DOM VIOL","1"
"2099","620 DOM VIOL","5"
"1438","415 FIGHT","2"
"1464","242 DOM VIOL SUSP","2"
"1765","242 POSS DOM VIOL","1"
"0236","242 BATTERY DOMESTIC","3"
"0416","242 DOM VIOL","4"
"2029","242 AMB DOM VIOL","2"
"1801","415 GROUP FIGHT","9"
"1841","245 DOM VIOL SUSP NO","3"
"1241","245 AMB CUTTING","10"
"1945","918 VIOLENT JUV","2"
"1685","918 VIOLENT MALE","2"
"1377","242 DOM VIOL SUSP","5"
"1431","245 AMB CUTTING","4"
"1371","415 FIGHT","12"
"1538","242 AMB DOM VIOL","3"
"0649","242 BATTERY DOMESTIC","1"
"1998","242 DOM VIOL INVESTI","1"
"1346","620 DOM VIOL","27"
"1449","415 GROUP FIGHT","2"
"1823","245 DOM VIOL","5"
"1714","620 DOM VIOL R/O","1"
"1535","620 DOM VIOL","24"
"1341","415 GROUP FIGHT","5"
"1139","242 DOM VIOL INVESTI","1"
"1658","242 BATTERY INVEST","2"
"1401","242 BATTERY DOMESTIC","1"
"0211","242 DOM VIOL","11"
"1539","242 DOM VIOL INVESTI","1"
"0374","415 GROUP FIGHT","2"
"2025","620 DOM VIOL","30"
"0491","242 BATTERY DOMESTIC","1"
"1169","245 DOM VIOL","1"
"1361","918 VIOLENT MALE","4"
"1985","242 DOM VIOL R/O VIO","1"
"0669","242 DOM VIOL SUSP","2"
"1239","242 POSS DOM VIOL","4"
"1169","918 VIOLENT FEM","1"
"2189","242 DOM VIOL","18"
"0663","242 DOM VIOL","26"
"0905","245 DOM VIOL R/O","1"
"1829","415 GROUP FIGHT","2"
"0438","918 VIOLENT MALE","3"
"0467","242 DOM VIOL","9"
"1434","415 GROUP FIGHT","1"
"1313","245 DOM VIOL","6"
"1365","242 DOM VIOL SUSP","2"
"0663","245 DOM VIOL","2"
"1441","242 BATTERY DOMESTIC","1"
"1488","242 AMB DOM VIOL","1"
"1029","242 DOM VIOL J/O","1"
"1232","918 VIOLENT MALE","1"
"1663","242 POSS DOM VIOL","2"
"0937","415 GROUP FIGHT","1"
"1831","245 CUTTING INV","1"
"0295","415 AMB FIGHT","1"
"1984","245 DOM VIOL SUSP NO","3"
"0567","242 BATTERY DOMESTIC","3"
"0919","242 DOM VIOL","11"
"1617","242 BATTERY INVEST","4"
"0979","245 DOM VIOL","1"
"1233","415 GROUP FIGHT","4"
"1519","245 AMB CUTTING","1"
"1881","245 DOM VIOL SUSP NO","1"
"1457","245 DOM VIOL SUSP J/","1"
"1004","242 AMB DOM VIOL","1"
"0271","245 AMB CUTTING","1"
"0111","242 BATTERY","2"
"0393","242 BATTERY","1"
"1381","620 DOM VIOL","8"
"1995","620 DOM VIOL R/O","11"
"2103","242 POSS DOM VIOL","2"
"0769","918 VIOLENT MALE","1"
"1802","242 BATTERY","1"
"1484","620 DOM VIOL","1"
"1721","242 DOM VIOL","3"
"0266","918 VIOLENT FEM","1"
"0148","242 BATTERY INVEST","3"
"1099","918 VIOLENT MALE","1"
"2196","245 DOM VIOL","3"
"1172","918 VIOLENT MALE","1"
"0166","242 DOM VIOL J/O","1"
"0855","415 FIGHT","3"
"0557","245 DOM VIOL IN PROG","1"
"1988","242 DOM VIOL SUSP","1"
"0355","245 CUTTING INV","2"
"0489","918 VIOLENT FEM","1"
"0363","242 DOM VIOL INVESTI","3"
"0147","242 BATTERY","2"
"1723","242 BATTERY INVEST","1"
"0249","620 DOM VIOL","30"
"1931","242 DOM VIOL","6"
"2134","918 VIOLENT FEM","3"
"2025","242 AMB DOM VIOL","4"
"1409","242 BATTERY INVEST","9"
"1602","245 DOM VIOL","1"
"0943","242 BATTERY","1"
"0409","242 BATTERY DOMESTIC","3"
"1012","918 VIOLENT MALE","1"
"0144","245 DOM VIOL SUSP","1"
"1269","245 DOM VIOL IN PROG","3"
"0711","245 DOM VIOL","1"
"0727","245 DOM VIOL SUSP NO","1"
"0506","415 FIGHT","4"
"0811","620 DOM VIOL","5"
"0753","242 BATTERY INVEST","17"
"1902","918 VIOLENT FEM","1"
"0775","242 AMB DOM VIOL","1"
"2034","245 DOM VIOL SUSP","1"
"0636","415 FIGHT","42"
"1434","415 FIGHT","2"
"1525","242 DOM VIOL SUSP","2"
"0488","242 DOM VIOL","1"
"0257","245 ADW POSS DOM VIO","2"
"1172","245 AMB CUTTING","1"
"0459","245 DOM VIOL SUSP","1"
"1681","620 DOM VIOL","7"
"0318","620 DOM VIOL R/O","2"
"2033","242 BATTERY DOMESTIC","4"
"0562","242 BATTERY INVEST","2"
"1441","245 AMB CUTTING","2"
"0246","620 DOM VIOL R/O","5"
"0363","245 AMB CUTTING","9"
"1761","242 BATTERY DOMESTIC","1"
"0857","918 VIOLENT MALE","1"
"0378","620 DOM VIOL","7"
"2023","242 POSS DOM VIOL","1"
"0519","620 DOM VIOL R/O","3"
"1544","242 DOM VIOL","1"
"1701","242 DOM VIOL","14"
"0765","415 GROUP FIGHT","6"
"1767","620 DOM VIOL R/O","17"
"1413","242 DOM VIOL","2"
"1621","620 DOM VIOL R/O","15"
"1532","620 DOM VIOL R/O","3"
"1283","620 DOM VIOL","71"
"1273","245 DOM VIOL SUSP","2"
"0415","242 POSS DOM VIOL","2"
"1142","242 AMB DOM VIOL","1"
"0979","620 DOM VIOL R/O","2"
"1313","242 BATTERY INVEST","5"
"1251","245 AMB DOM VIOL SUS","1"
"1595","415 FIGHT","2"
"2055","620 DOM VIOL R/O","2"
"0395","245 DOM VIOL SUSP","5"
"1559","415 FIGHT","1"
"0852","242 DOM VIOL","5"
"0221","242 POSS DOM VIOL","3"
"1211","245 DOM VIOL SUSP J/","1"
"0237","245 DOM VIOL IN PROG","3"
"2169","242 BATTERY DOMESTIC","1"
"1767","245 AMB CUTTING","1"
"1372","242 DOM VIOL SUSP","3"
"1526","415 FIGHT","12"
"1317","415 GROUP FIGHT","2"
"1839","245 ADW POSS DOM VIO","2"
"0156","918 VIOLENT FEM","4"
"1256","245 CUTTING INV","1"
"1169","242 AMB DOM VIOL","1"
"0909","245 DOM VIOL","2"
"2076","242 AMB DOM VIOL","1"
"0901","245 DOM VIOL SUSP","1"
"0663","242 BATTERY DOMESTIC","2"
"1699","242 DOM VIOL SUSP","1"
"1563","242 POSS DOM VIOL","1"
"1249","415 GROUP FIGHT","8"
"1982","620 DOM VIOL","13"
"0152","620 DOM VIOL R/O","3"
"1128","242 DOM VIOL INVESTI","1"
"2053","415 FIGHT","2"
"0585","245 AMB DOM VIOL","2"
"2175","242 BATTERY INVEST","1"
"1994","242 BATTERY DOMESTIC","1"
"2133","620 DOM VIOL","13"
"1203","245 ADW POSS DOM VIO","3"
"1411","415 GROUP FIGHT","1"
"1367","242 DOM VIOL SUSP","2"
"0567","415 FIGHT","13"
"0204","415 GROUP FIGHT","1"
"0883","415 FIGHT","8"
"1371","242 DOM VIOL","20"
"0147","245 ADW","1"
"1527","242 DOM VIOL SUSP","1"
"1476","242 DOM VIOL INVESTI","1"
"0663","242 AMB DOM VIOL","3"
"0291","918 VIOLENT JUV","4"
"1738","620 DOM VIOL R/O","1"
"1375","415 FIGHT","7"
"1747","242 DOM VIOL J/O","1"
"1303","415 MAJ GRP FIGHT","1"
"1612","245 AMB CUTTING","1"
"2025","242 DOM VIOL J/O","1"
"1972","918 VIOLENT JUV","1"
"1994","242 DOM VIOL","13"
"1341","242 POSS DOM VIOL","2"
"1499","620 DOM VIOL R/O","1"
"0409","620 DOM VIOL R/O","13"
"0376","245 DOM VIOL INVEST","1"
"1586","245 ADW POSS DOM VIO","1"
"0909","242 DOM VIOL INVESTI","1"
"1782","242 DOM VIOL","5"
"0261","245 DOM VIOL R/O","1"
"0511","918 VIOLENT MALE","2"
"1681","415 FIGHT","1"
"1065","242 DOM VIOL R/O VIO","1"
"0626","620 DOM VIOL R/O","4"
"0906","242 DOM VIOL INVESTI","2"
"1989","620 DOM VIOL","1"
"1617","415 GROUP FIGHT","2"
"1342","242 DOM VIOL","13"
"0753","242 DOM VIOL J/O","1"
"1009","242 POSS DOM VIOL","1"
"0678","242 DOM VIOL SUSP","2"
"0356","242 POSS DOM VIOL","2"
"0231","288 ASSAULT INVEST","1"
"1361","415 GROUP FIGHT","2"
"0307","242 POSS DOM VIOL","2"
"2074","245 DOM VIOL","3"
"0333","415 GROUP FIGHT","1"
"1256","245 AMB CUTTING","8"
"1367","242 POSS DOM VIOL","3"
"0468","242 BATTERY INVEST","1"
"1675","918 VIOLENT MALE","2"
"1465","918 VIOLENT JUV","1"
"1951","245 AMB CUTTING","1"
"1471","415 FIGHT","1"
"1606","918 VIOLENT MALE","2"
"1219","415 FIGHT","2"
"0423","415 GROUP FIGHT","1"
"1263","620 DOM VIOL","30"
"1519","242 DOM VIOL","9"
"1143","620 DOM VIOL","6"
"2026","415 GROUP FIGHT","1"
"1091","415 GROUP FIGHT","1"
"0989","242 DOM VIOL","9"
"0437","918 VIOLENT FEM","1"
"1039","918 VIOLENT MALE","1"
"2137","242 AMB DOM VIOL","1"
"1793","242 DOM VIOL","6"
"1835","620 DOM VIOL","6"
"1253","918 VIOLENT MALE","4"
"0636","242 AMB DOM VIOL","3"
"2146","245 ADW","1"
"1838","242 DOM VIOL SUSP","6"
"1527","242 AMB DOM VIOL","1"
"0758","242 POSS DOM VIOL","1"
"1766","415 GROUP FIGHT","1"
"0826","415 FIGHT","1"
"1403","242 BATTERY INVEST","2"
"1372","242 POSS DOM VIOL","1"
"1952","620 DOM VIOL R/O","10"
"1983","415 GROUP FIGHT","4"
"1716","620 DOM VIOL","2"
"2189","242 AMB DOM VIOL SUS","1"
"1998","245 DOM VIOL","1"
"1149","242 DOM VIOL SUSP","2"
"1307","918 VIOLENT MALE","2"
"1021","245 DOM VIOL","3"
"0359","242 DOM VIOL SUSP","1"
"1849","242 BATTERY DOMESTIC","2"
"0657","620 DOM VIOL R/O","9"
"1994","242 DOM VIOL INVESTI","5"
"1935","620 DOM VIOL","6"
"0218","415 GROUP FIGHT","1"
"2005","242 POSS DOM VIOL","3"
"0155","918 VIOLENT MALE","1"
"0933","242 DOM VIOL R/O VIO","1"
"1541","242 POSS DOM VIOL","2"
"0891","242 DOM VIOL","4"
"1441","620 DOM VIOL","13"
"0911","245 DOM VIOL SUSP J/","1"
"1105","242 DOM VIOL","1"
"0701","245 DOM VIOL SUSP","1"
"1743","242 BATTERY INVEST","1"
"2053","620 DOM VIOL","17"
"2138","620 DOM VIOL","14"
"0131","620 DOM VIOL R/O","1"
"1837","242 BATTERY DOMESTIC","3"
"0765","242 DOM VIOL","14"
"0363","242 POSS DOM VIOL","4"
"0212","415 FIGHT","10"
"0745","245 AMB CUTTING","2"
"0334","415 FIGHT","4"
"0849","620 DOM VIOL","10"
"0445","242 DOM VIOL SUSP","1"
"0841","242 BATTERY INVEST","1"
"2148","242 DOM VIOL SUSP","3"
"0241","242 BATTERY DOMESTIC","2"
"1239","242 BATTERY DOMESTIC","2"
"0895","242 DOM VIOL J/O","1"
"2019","242 AMB DOM VIOL","5"
"0438","245 AMB CUTTING","2"
"0668","242 DOM VIOL","24"
"1361","242 DOM VIOL J/O","1"
"2111","245 DOM VIOL SUSP NO","1"
"0202","288 ASSAULT INVEST","1"
"1251","245 AMB DOM VIOL","1"
"1428","242 POSS DOM VIOL","3"
"0842","245 AMB CUTTING","1"
"2177","918 VIOLENT MALE","5"
"0221","242 AMB DOM VIOL","1"
"1485","620 DOM VIOL","2"
"0782","242 DOM VIOL R/O VIO","1"
"2198","242 DOM VIOL","1"
"0192","242 DOM VIOL SUSP","3"
"2177","415 FIGHT","3"
"1256","415 FIGHT","12"
"1249","242 BATTERY DOMESTIC","1"
"1394","620 DOM VIOL R/O","4"
"1372","242 DOM VIOL","12"
"1522","242 BATTERY DOMESTIC","1"
"1498","415 FIGHT","1"
"0926","415 FIGHT","9"
"1601","620 DOM VIOL R/O","3"
"0421","620 DOM VIOL","16"
"1141","245 DOM VIOL","1"
"1755","242 DOM VIOL","1"
"1776","242 DOM VIOL","1"
"1124","415 GROUP FIGHT","1"
"1313","918 VIOLENT FEM","1"
"0245","242 BATTERY DOMESTIC","4"
"1367","415 GROUP FIGHT","5"
"0833","242 BATTERY INVEST","1"
"1716","245 DOM VIOL SUSP","1"
"0147","245 DOM VIOL","1"
"1991","242 BATTERY DOMESTIC","2"
"1243","918 VIOLENT MALE","3"
"2034","620 DOM VIOL","14"
"1018","415 GROUP FIGHT","1"
"1041","620 DOM VIOL","6"
"1496","245 AMB CUTTING","1"
"1428","245 POSS DOM VIOL I/","1"
"1475","620 DOM VIOL","1"
"0148","242 DOM VIOL","7"
"0678","415 FIGHT","8"
"1749","415 GROUP FIGHT","2"
"0834","245 ADW POSS DOM VIO","1"
"0497","245 DOM VIOL SUSP NO","1"
"0829","245 AMB CUTTING","1"
"0261","245 DOM VIOL INVEST","1"
"1901","242 BATTERY DOMESTIC","2"
"1205","242 DOM VIOL SUSP","1"
"0882","245 ADW","1"
"0269","242 DOM VIOL","25"
"1037","242 BATTERY DOMESTIC","2"
"1995","415 GROUP FIGHT","5"
"1354","242 BATTERY DOMESTIC","1"
"1213","242 BATTERY DOMESTIC","3"
"1208","242 BATTERY DOMESTIC","6"
"1781","242 DOM VIOL R/O VIO","1"
"0438","620 DOM VIOL R/O","9"
"2156","242 POSS DOM VIOL","1"
"1821","242 DOM VIOL","34"
"0236","242 BATTERY","1"
"0442","620 DOM VIOL R/O","1"
"0391","242 AMB DOM VIOL","1"
"0648","918 VIOLENT JUV","1"
"1003","245 AMB DOM VIOL","2"
"1824","245 ADW POSS DOM VIO","4"
"1018","242 BATTERY DOMESTIC","2"
"1549","242 BATTERY DOMESTIC","2"
"0521","242 DOM VIOL","2"
"0985","242 BATTERY INVEST","1"
"0111","245 AMB CUTTING","20"
"2034","242 DOM VIOL SUSP","1"
"1283","245 DOM VIOL IN PROG","1"
"0377","245 DOM VIOL","2"
"0836","242 DOM VIOL","6"
"1545","415 GROUP FIGHT","1"
"0678","415 GROUP FIGHT","1"
"1373","415 GROUP FIGHT","6"
"0516","415 FIGHT","3"
"0152","245 DOM VIOL","4"
"1966","620 DOM VIOL","9"
"0897","415 FIGHT","3"
"1117","918 VIOLENT MALE","1"
"0721","242 DOM VIOL INVESTI","1"
"0332","242 DOM VIOL SUSP","1"
"0583","918 VIOLENT FEM","1"
"1667","415 GROUP FIGHT","1"
"2022","242 BATTERY","1"
"1944","918 VIOLENT MALE","1"
"0638","207 DOM VIOL SUSP NO","1"
"0192","415 FIGHT","27"
"1343","415 FIGHT","9"
"1984","918 VIOLENT MALE","3"
"0305","245 DOM VIOL SUSP NO","1"
"0315","620 DOM VIOL","20"
"1413","620 DOM VIOL R/O","3"
"0313","620 DOM VIOL","13"
"1801","415 FIGHT","22"
"0218","245 DOM VIOL SUSP","1"
"1906","242 DOM VIOL SUSP","1"
"1449","242 DOM VIOL SUSP","2"
"1846","918 VIOLENT JUV","2"
"0363","620 DOM VIOL R/O","19"
"0422","245 DOM VIOL","2"
"1945","415 GROUP FIGHT","2"
"1539","242 POSS DOM VIOL","1"
"0764","242 BATTERY DOMESTIC","2"
"0717","620 DOM VIOL","2"
"1219","242 DOM VIOL SUSP","1"
"1925","415 FIGHT","7"
"1012","620 DOM VIOL R/O","3"
"0182","245 CUTTING INV","2"
"0158","242 POSS DOM VIOL","2"
"2079","245 DOM VIOL INVEST","2"
"1675","245 ADW POSS DOM VIO","1"
"1521","242 DOM VIOL","9"
"0638","245 DOM VIOL SUSP","1"
"0279","242 POSS DOM VIOL","1"
"1535","245 AMB CUTTING","1"
"1757","242 DOM VIOL SUSP","1"
"1862","245 CUTTING INV","2"
"1487","620 DOM VIOL R/O","3"
"1248","242 AMB DOM VIOL","3"
"1705","918 VIOLENT MALE","1"
"0898","620 DOM VIOL R/O","1"
"0513","242 DOM VIOL SUSP","1"
"0529","620 DOM VIOL","25"
"0743","620 DOM VIOL","9"
"0185","245 DOM VIOL INVEST","1"
"1347","620 DOM VIOL R/O","11"
"2113","620 DOM VIOL R/O","2"
"0408","242 POSS DOM VIOL","1"
"2105","242 DOM VIOL","16"
"0932","242 DOM VIOL SUSP","1"
"0747","620 DOM VIOL","3"
"0454","245 DOM VIOL SUSP","1"
"1394","415 FIGHT","6"
"2111","415 FIGHT","1"
"1961","242 BATTERY DOMESTIC","1"
"1801","242 DOM VIOL SUSP","9"
"0506","918 VIOLENT MALE","4"
"0487","242 DOM VIOL","7"
"1465","242 DOM VIOL SUSP","1"
"1524","242 BATTERY DOMESTIC","1"
"0517","242 AMB DOM VIOL","1"
"1615","918 VIOLENT FEM","1"
"0361","245 DOM VIOL SUSP NO","5"
"1497","242 DOM VIOL","1"
"1641","245 DOM VIOL","2"
"2088","242 DOM VIOL SUSP","1"
"1383","245 DOM VIOL INVEST","1"
"2063","620 DOM VIOL R/O","2"
"2026","242 DOM VIOL INVESTI","1"
"0235","245 DOM VIOL INVEST","1"
"0156","245 DOM VIOL SUSP","6"
"0839","620 DOM VIOL","4"
"0314","415 FIGHT","9"
"0269","242 BATTERY DOMESTIC","3"
"1959","245 DOM VIOL IN PROG","2"
"0265","242 DOM VIOL J/O","1"
"1161","242 DOM VIOL SUSP","2"
"1787","242 DOM VIOL","18"
"0646","918 VIOLENT MALE","3"
"1777","242 DOM VIOL SUSP","2"
"1798","918 VIOLENT JUV","2"
"0328","620 DOM VIOL","3"
"1522","918 VIOLENT JUV","1"
"0166","245 DOM VIOL SUSP","2"
"1377","620 DOM VIOL R/O","7"
"2029","620 DOM VIOL","19"
"1341","242 BATTERY INVEST","4"
"0119","242 BATTERY INVEST","16"
"2156","242 DOM VIOL","6"
"1321","242 BATTERY","1"
"0818","245 DOM VIOL","1"
"1549","242 DOM VIOL INVESTI","1"
"2103","245 DOM VIOL SUSP NO","1"
"0657","242 DOM VIOL SUSP","2"
"1722","415 FIGHT","5"
"0971","245 DOM VIOL","2"
"0399","245 DOM VIOL","1"
"1805","245 DOM VIOL SUSP","1"
"0666","918 VIOLENT MALE","1"
"1615","242 DOM VIOL J/O","1"
"1148","918 VIOLENT FEM","2"
"1532","245 DOM VIOL SUSP","1"
"1326","620 DOM VIOL","3"
"0453","242 DOM VIOL INVESTI","1"
"0326","620 DOM VIOL R/O","8"
"2026","242 BATTERY INVEST","1"
"1902","620 DOM VIOL","13"
"0235","242 DOM VIOL","25"
"1377","245 DOM VIOL INVEST","1"
"1268","242 POSS DOM VIOL","3"
"1804","415 FIGHT","6"
"0998","620 DOM VIOL R/O","2"
"2133","620 DOM VIOL R/O","2"
"1097","242 DOM VIOL R/O VIO","1"
"0427","242 DOM VIOL J/O","1"
"1759","245 DOM VIOL","1"
"0374","245 DOM VIOL SUSP","3"
"1823","245 AMB CUTTING","3"
"0906","242 DOM VIOL SUSP","1"
"1136","245 AMB CUTTING","3"
"1215","245 DOM VIOL IN PROG","1"
"1162","245 CUTTING INV","4"
"1805","415 GROUP FIGHT","1"
"1326","242 DOM VIOL SUSP","2"
"2035","242 AMB DOM VIOL","2"
"0705","245 DOM VIOL","2"
"1654","242 DOM VIOL SUSP","5"
"1506","242 POSS DOM VIOL","1"
"1443","245 ADW POSS DOM VIO","1"
"1144","242 BATTERY INVEST","9"
"1323","242 BATTERY DOMESTIC","2"
"1383","245 DOM VIOL","7"
"0153","245 DOM VIOL SUSP","1"
"1136","242 BATTERY INVEST","1"
"1438","245 DOM VIOL SUSP","1"
"2197","242 BATTERY INVEST","1"
"1352","245 ADW POSS DOM VIO","1"
"0236","242 POSS DOM VIOL","5"
"0219","245 DOM VIOL","2"
"0881","242 AMB DOM VIOL","1"
"1211","245 DOM VIOL SUSP","2"
"1902","242 BATTERY INVEST","1"
"1665","620 DOM VIOL R/O","2"
"0955","415 FIGHT","1"
"1347","242 BATTERY","1"
"1211","415 GROUP FIGHT","3"
"1655","620 DOM VIOL R/O","1"
"1533","242 DOM VIOL J/O","1"
"2036","620 DOM VIOL","16"
"0514","918 VIOLENT MALE","2"
"1841","242 DOM VIOL J/O","1"
"1347","242 DOM VIOL R/O VIO","1"
"0176","245 DOM VIOL SUSP J/","1"
"1033","242 BATTERY INVEST","8"
"1851","245 DOM VIOL SUSP NO","3"
"1602","245 DOM VIOL SUSP","1"
"1365","242 POSS DOM VIOL","2"
"1488","245 DOM VIOL","4"
"1491","415 FIGHT","5"
"1012","288 ASSAULT INVEST","1"
"1115","245 ADW POSS DOM VIO","1"
"0491","415 FIGHT","2"
"0145","242 DOM VIOL INVESTI","1"
"1151","242 DOM VIOL INVESTI","4"
"1826","620 DOM VIOL","56"
"1502","918 VIOLENT MALE","1"
"1241","245 CUTTING INV","2"
"1383","245 DOM VIOL SUSP NO","5"
"0755","918 VIOLENT MALE","1"
"1401","620 DOM VIOL","2"
"2146","620 DOM VIOL R/O","8"
"1908","242 BATTERY INVEST","3"
"2138","242 DOM VIOL INVESTI","1"
"1684","242 BATTERY INVEST","5"
"1521","415 FIGHT","3"
"1352","415 FIGHT","13"
"1171","918 VIOLENT JUV","1"
"1623","242 BATTERY DOMESTIC","1"
"1258","242 AMB DOM VIOL SUS","1"
"1799","245 DOM VIOL","2"
"1596","242 POSS DOM VIOL","1"
"0663","245 ADW POSS DOM VIO","2"
"1991","242 DOM VIOL SUSP","2"
"1586","415 FIGHT","11"
"0851","415 FIGHT","4"
"0635","415 FIGHT","3"
"1257","415 FIGHT","9"
"0859","918 VIOLENT MALE","2"
"1245","415 FIGHT","18"
"0782","242 DOM VIOL","12"
"0354","918 VIOLENT JUV","1"
"0261","245 AMB CUTTING","6"
"1367","242 AMB DOM VIOL","3"
"1411","415 FIGHT","1"
"0468","415 GROUP FIGHT","1"
"0231","245 DOM VIOL INVEST","1"
"1267","620 DOM VIOL R/O","16"
"1781","242 BATTERY DOMESTIC","1"
"1257","245 DOM VIOL SUSP NO","1"
"0301","620 DOM VIOL","8"
"0394","245 DOM VIOL SUSP","2"
"2002","620 DOM VIOL R/O","3"
"0635","242 DOM VIOL","2"
"1802","415 GROUP FIGHT","6"
"0159","415 FIGHT","6"
"0745","245 DOM VIOL SUSP J/","1"
"1126","242 BATTERY DOMESTIC","1"
"2036","242 DOM VIOL SUSP","4"
"0319","242 DOM VIOL INVESTI","1"
"1801","242 AMB DOM VIOL","4"
"1393","918 VIOLENT MALE","2"
"0403","242 DOM VIOL","3"
"2185","242 DOM VIOL SUSP","1"
"0211","242 DOM VIOL SUSP","4"
"1325","918 VIOLENT MALE","1"
"0459","415 GROUP FIGHT","3"
"1391","918 VIOLENT JUV","1"
"0938","620 DOM VIOL R/O","5"
"0479","242 DOM VIOL SUSP","3"
"0836","245 DOM VIOL","1"
"0375","242 DOM VIOL J/O","1"
"0564","242 DOM VIOL","27"
"2019","245 ADW POSS DOM VIO","1"
"0216","918 VIOLENT JUV","1"
"1248","245 DOM VIOL SUSP","2"
"1373","242 DOM VIOL J/O","2"
"1908","415 FIGHT","4"
"0923","245 DOM VIOL INVEST","1"
"0211","242 DOM VIOL J/O","1"
"1362","242 POSS DOM VIOL","1"
"2144","242 BATTERY DOMESTIC","1"
"0325","245 AMB CUTTING","2"
"1969","245 DOM VIOL","1"
"0132","620 DOM VIOL","11"
"1664","415 FIGHT","1"
"1129","415 FIGHT","2"
"0991","620 DOM VIOL","5"
"1391","620 DOM VIOL R/O","3"
"1469","415 FIGHT","9"
"1317","242 DOM VIOL","10"
"0362","245 AMB CUTTING","6"
"1251","242 DOM VIOL","39"
"0438","918 VIOLENT JUV","3"
"1303","242 AMB DOM VIOL","1"
"0976","620 DOM VIOL R/O","1"
"0532","242 DOM VIOL","9"
"1925","242 BATTERY DOMESTIC","1"
"0331","918 VIOLENT FEM","1"
"0415","415 FIGHT","5"
"1842","245 DOM VIOL R/O","1"
"1667","245 DOM VIOL","2"
"1982","620 DOM VIOL R/O","6"
"1152","242 DOM VIOL J/O","1"
"0804","415 FIGHT","1"
"1162","245 DOM VIOL INVEST","1"
"1548","242 BATTERY DOMESTIC","3"
"1841","245 AMB DOM VIOL SUS","1"
"1549","620 DOM VIOL R/O","2"
"1327","415 GROUP FIGHT","2"
"0122","620 DOM VIOL R/O","3"
"0154","242 DOM VIOL SUSP","3"
"2138","242 AMB DOM VIOL","1"
"0938","242 DOM VIOL","3"
"0421","245 DOM VIOL","3"
"0245","242 BATTERY INVEST","1"
"0511","415 FIGHT","2"
"0904","242 BATTERY INVEST","3"
"2027","415 GROUP FIGHT","3"
"1179","620 DOM VIOL R/O","2"
"1617","245 DOM VIOL","1"
"0473","242 DOM VIOL INVESTI","2"
"1128","620 DOM VIOL","10"
"1723","245 DOM VIOL SUSP","1"
"1434","620 DOM VIOL","6"
"0153","245 DOM VIOL","6"
"2148","620 DOM VIOL","11"
"0182","242 BATTERY","1"
"1842","245 AMB CUTTING","5"
"0456","415 FIGHT","2"
"1583","242 POSS DOM VIOL","1"
"0202","918 VIOLENT MALE","1"
"1962","245 DOM VIOL SUSP NO","2"
"1248","242 BATTERY DOMESTIC","4"
"1362","245 DOM VIOL SUSP","3"
"0394","242 DOM VIOL","5"
"1527","415 FIGHT","3"
"1456","245 ADW POSS DOM VIO","1"
"0842","415 FIGHT","8"
"1317","620 DOM VIOL","9"
"1511","242 DOM VIOL SUSP","2"
"1137","415 GROUP FIGHT","1"
"0659","245 AMB CUTTING","1"
"1999","245 CUTTING INV","4"
"1538","242 DOM VIOL SUSP","3"
"1964","245 DOM VIOL","2"
"1612","620 DOM VIOL","17"
"0397","245 ADW POSS DOM VIO","1"
"0666","242 POSS DOM VIOL","8"
"1745","245 DOM VIOL SUSP J/","1"
"0562","245 AMB DOM VIOL","1"
"0361","245 DOM VIOL SUSP","4"
"0525","415 GROUP FIGHT","4"
"0777","620 DOM VIOL","5"
"0935","918 VIOLENT MALE","1"
"1138","620 DOM VIOL","3"
"1241","918 VIOLENT FEM","4"
"0261","245 ADW POSS DOM VIO","1"
"0901","918 VIOLENT FEM","3"
"0312","242 DOM VIOL SUSP","4"
"1454","918 VIOLENT MALE","1"
"1135","242 DOM VIOL SUSP","1"
"2157","245 DOM VIOL SUSP NO","2"
"0357","242 BATTERY DOMESTIC","1"
"0985","245 DOM VIOL SUSP NO","1"
"1205","245 DOM VIOL INVEST","1"
"0414","620 DOM VIOL","2"
"0647","245 DOM VIOL SUSP","3"
"0775","415 FIGHT","11"
"2056","620 DOM VIOL","24"
"0305","245 DOM VIOL","1"
"1621","245 DOM VIOL SUSP J/","2"
"0809","242 DOM VIOL","1"
"1693","242 DOM VIOL SUSP","3"
"0555","242 BATTERY DOMESTIC","1"
"0521","415 FIGHT","3"
"1514","415 FIGHT","2"
"1317","620 DOM VIOL R/O","1"
"1931","245 DOM VIOL INVEST","2"
"1413","415 FIGHT","1"
"0391","620 DOM VIOL","9"
"2069","242 POSS DOM VIOL","1"
"0589","620 DOM VIOL","2"
"0923","620 DOM VIOL","24"
"1601","918 VIOLENT MALE","1"
"0861","245 AMB CUTTING","1"
"1791","242 POSS DOM VIOL","2"
"0135","245 DOM VIOL IN PROG","1"
"1655","242 BATTERY DOMESTIC","1"
"0235","245 DOM VIOL","1"
"1218","245 AMB CUTTING","5"
"0563","918 VIOLENT FEM","2"
"0356","245 DOM VIOL","6"
"2027","245 CUTTING INV","1"
"1145","288 ASSAULT INVEST","1"
"0669","245 DOM VIOL IN PROG","1"
"0443","415 GROUP FIGHT","1"
"1838","415 GROUP FIGHT","4"
"1904","918 VIOLENT MALE","3"
"0849","245 DOM VIOL","2"
"0887","242 BATTERY INVEST","1"
"0392","415 FIGHT","11"
"1566","242 POSS DOM VIOL","1"
"0341","415 FIGHT","1"
"1971","245 DOM VIOL","4"
"0887","242 DOM VIOL","1"
"1256","245 DOM VIOL SUSP NO","2"
"2069","242 DOM VIOL","19"
"1458","242 DOM VIOL INVESTI","1"
"1044","918 VIOLENT MALE","1"
"0749","415 FIGHT","4"
"0266","245 AMB DOM VIOL","1"
"2134","620 DOM VIOL R/O","7"
"0265","245 DOM VIOL","2"
"0245","415 GROUP FIGHT","5"
"1962","242 DOM VIOL","14"
"0291","242 POSS DOM VIOL","1"
"0905","415 FIGHT","2"
"0464","415 FIGHT","8"
"0532","245 DOM VIOL IN PROG","1"
"0551","242 DOM VIOL J/O","1"
"1991","918 VIOLENT MALE","1"
"1931","242 DOM VIOL SUSP","1"
"0926","242 DOM VIOL SUSP","6"
"1267","245 AMB CUTTING","4"
"1822","242 BATTERY DOMESTIC","5"
"0415","620 DOM VIOL","10"
"1211","242 POSS DOM VIOL","3"
"0456","415 GROUP FIGHT","1"
"1061","918 VIOLENT MALE","1"
"0966","620 DOM VIOL","3"
"0151","245 DOM VIOL SUSP J/","1"
"0657","245 DOM VIOL","1"
"0932","620 DOM VIOL","13"
"0644","918 VIOLENT MALE","2"
"1171","242 DOM VIOL SUSP","2"
"1172","918 VIOLENT FEM","1"
"0393","620 DOM VIOL","25"
"1794","415 FIGHT","6"
"2036","620 DOM VIOL R/O","2"
"2145","415 GROUP FIGHT","1"
"1901","918 VIOLENT MALE","1"
"1902","242 DOM VIOL","11"
"1455","620 DOM VIOL","8"
"0174","620 DOM VIOL","11"
"1266","242 DOM VIOL J/O","1"
"1412","242 POSS DOM VIOL","1"
"0899","245 DOM VIOL","2"
"1822","415 FIGHT","24"
"2074","415 GROUP FIGHT","2"
"0353","245 AMB CUTTING","1"
"1654","415 GROUP FIGHT","1"
"0507","245 DOM VIOL","4"
"0895","918 VIOLENT JUV","2"
"1065","415 FIGHT","5"
"0738","415 FIGHT","3"
"1924","620 DOM VIOL","26"
"0989","245 DOM VIOL SUSP NO","2"
"1126","242 DOM VIOL","6"
"0622","620 DOM VIOL","10"
"1005","242 DOM VIOL","7"
"2062","242 DOM VIOL INVESTI","1"
"0393","620 DOM VIOL R/O","6"
"0392","918 VIOLENT MALE","4"
"0518","242 BATTERY DOMESTIC","1"
"1018","620 DOM VIOL","6"
"0464","242 DOM VIOL SUSP","5"
"0813","242 DOM VIOL SUSP","1"
"1955","245 DOM VIOL","2"
"1468","415 GROUP FIGHT","3"
"0101","415 FIGHT","6"
"0251","245 AMB CUTTING","5"
"1393","242 DOM VIOL SUSP","5"
"1393","242 AMB DOM VIOL","1"
"1325","242 BATTERY DOMESTIC","1"
"0853","242 AMB DOM VIOL","3"
"0269","245 ADW","1"
"1642","242 DOM VIOL J/O","2"
"0567","242 POSS DOM VIOL","1"
"2129","242 DOM VIOL","4"
"1363","918 VIOLENT JUV","1"
"1047","620 DOM VIOL R/O","4"
"0657","242 BATTERY DOMESTIC","2"
"1496","242 BATTERY INVEST","2"
"1269","245 DOM VIOL","7"
"2133","242 DOM VIOL INVESTI","9"
"0513","620 DOM VIOL R/O","7"
"0266","242 AMB DOM VIOL","1"
"0466","415 FIGHT","6"
"0839","918 VIOLENT FEM","1"
"2022","242 BATTERY INVEST","1"
"0454","620 DOM VIOL","12"
"0823","242 DOM VIOL","1"
"1245","242 POSS DOM VIOL","3"
"0105","245 DOM VIOL SUSP","1"
"0566","242 DOM VIOL INVESTI","1"
"0563","245 DOM VIOL","5"
"0257","242 BATTERY DOMESTIC","3"
"0946","242 AMB DOM VIOL","2"
"0981","620 DOM VIOL","7"
"0182","245 DOM VIOL INVEST","2"
"1035","242 BATTERY DOMESTIC","1"
"0827","242 DOM VIOL","5"
"2137","620 DOM VIOL R/O","11"
"0119","918 VIOLENT MALE","2"
"0312","242 BATTERY INVEST","2"
"2025","242 BATTERY DOMESTIC","2"
"0518","918 VIOLENT MALE","1"
"0427","242 BATTERY DOMESTIC","1"
"0642","242 AMB DOM VIOL","1"
"0397","415 GROUP FIGHT","3"
"1794","918 VIOLENT MALE","4"
"0994","245 ADW POSS DOM VIO","1"
"1521","242 DOM VIOL SUSP","3"
"1172","242 DOM VIOL SUSP","2"
"0835","242 POSS DOM VIOL","1"
"0241","245 AMB CUTTING","3"
"1751","242 DOM VIOL SUSP","1"
"0585","620 DOM VIOL","31"
"1464","415 FIGHT","1"
"2148","415 GROUP FIGHT","2"
"0421","245 DOM VIOL SUSP NO","1"
"0248","242 DOM VIOL","17"
"0176","245 DOM VIOL SUSP NO","1"
"0152","242 AMB DOM VIOL","2"
"1792","415 GROUP FIGHT","1"
"0211","242 BATTERY DOMESTIC","3"
"1415","242 DOM VIOL","4"
"0784","242 DOM VIOL","5"
"1585","245 DOM VIOL","3"
"0523","245 DOM VIOL","1"
"1559","620 DOM VIOL R/O","2"
"1353","918 VIOLENT FEM","1"
"0765","242 BATTERY INVEST","1"
"1345","245 DOM VIOL SUSP NO","1"
"0192","242 DOM VIOL","16"
"1125","918 VIOLENT MALE","1"
"1912","242 POSS DOM VIOL","1"
"1981","242 DOM VIOL","37"
"0747","245 DOM VIOL SUSP NO","1"
"1303","288 ASSAULT INVEST","1"
"2189","620 DOM VIOL","18"
"0566","245 DOM VIOL SUSP J/","1"
"2062","415 AMB FIGHT","1"
"0702","242 DOM VIOL SUSP","2"
"0237","242 DOM VIOL J/O","1"
"0164","242 DOM VIOL SUSP","7"
"1255","242 BATTERY DOMESTIC","2"
"1269","242 DOM VIOL","52"
"2016","620 DOM VIOL R/O","2"
"0241","242 POSS DOM VIOL","3"
"1851","242 AMB DOM VIOL","4"
"1446","620 DOM VIOL","5"
"0911","245 DOM VIOL INVEST","1"
"1171","245 DOM VIOL SUSP NO","1"
"1231","245 DOM VIOL SUSP","1"
"1003","918 VIOLENT FEM","2"
"1777","242 DOM VIOL J/O","1"
"1437","242 DOM VIOL J/O","2"
"0275","620 DOM VIOL","19"
"0321","242 DOM VIOL","7"
"1601","620 DOM VIOL","10"
"1371","242 BATTERY","1"
"1982","242 DOM VIOL","16"
"0752","245 DOM VIOL SUSP NO","1"
"0156","245 AMB CUTTING","20"
"2158","242 BATTERY DOMESTIC","1"
"0402","620 DOM VIOL R/O","4"
"1245","242 DOM VIOL SUSP","9"
"0659","245 DOM VIOL","2"
"1924","620 DOM VIOL R/O","14"
"1383","242 BATTERY DOMESTIC","4"
"1027","415 GROUP FIGHT","1"
"1443","242 BATTERY DOMESTIC","1"
"1832","245 AMB DOM VIOL","1"
"0966","245 DOM VIOL","1"
"1779","242 DOM VIOL SUSP","1"
"1839","245 AMB DOM VIOL","1"
"1715","242 BATTERY INVEST","1"
"1251","415 GROUP FIGHT","6"
"0911","242 BATTERY INVEST","1"
"1363","242 DOM VIOL SUSP","4"
"0518","415 FIGHT","1"
"0513","242 BATTERY INVEST","17"
"1667","415 FIGHT","3"
"1804","242 POSS DOM VIOL","2"
"1477","620 DOM VIOL R/O","1"
"0566","620 DOM VIOL R/O","11"
"1414","620 DOM VIOL","14"
"0989","242 BATTERY DOMESTIC","1"
"0329","620 DOM VIOL","2"
"1509","242 DOM VIOL","4"
"1204","245 AMB DOM VIOL","1"
"0933","242 POSS DOM VIOL","3"
"1309","620 DOM VIOL","8"
"1918","918 VIOLENT MALE","1"
"0221","918 VIOLENT MALE","1"
"0408","288 ASSAULT INVEST","1"
"0676","242 BATTERY DOMESTIC","1"
"2079","245 DOM VIOL SUSP NO","1"
"1641","242 DOM VIOL J/O","1"
"1745","245 DOM VIOL IN PROG","1"
"1881","242 BATTERY","1"
"1777","242 DOM VIOL","4"
"0185","620 DOM VIOL","19"
"0182","242 BATTERY DOMESTIC","2"
"1756","245 DOM VIOL SUSP NO","1"
"0762","415 GROUP FIGHT","3"
"0451","242 DOM VIOL","3"
"0587","242 DOM VIOL INVESTI","1"
"0644","245 DOM VIOL SUSP","2"
"0285","242 BATTERY DOMESTIC","1"
"0656","415 FIGHT","8"
"1623","242 AMB DOM VIOL","1"
"0353","242 DOM VIOL J/O","1"
"0511","620 DOM VIOL R/O","11"
"0134","242 BATTERY INVEST","4"
"1547","415 FIGHT","2"
"1837","242 BATTERY INVEST","1"
"1915","620 DOM VIOL","13"
"1904","242 DOM VIOL","7"
"1413","918 VIOLENT FEM","1"
"1179","245 DOM VIOL SUSP","1"
"0882","245 AMB CUTTING","1"
"0706","245 ADW POSS DOM VIO","1"
"0131","242 BATTERY DOMESTIC","1"
"1501","207 DOM VIOL J/O","1"
"1585","242 POSS DOM VIOL","1"
"0541","620 DOM VIOL","9"
"0134","245 DOM VIOL","1"
"0881","620 DOM VIOL","15"
"2097","242 POSS DOM VIOL","1"
"0774","620 DOM VIOL R/O","4"
"1146","415 FIGHT","2"
"0981","242 DOM VIOL SUSP","2"
"1605","242 DOM VIOL SUSP","1"
"1109","242 DOM VIOL","4"
"1658","242 DOM VIOL","2"
"1622","415 GROUP FIGHT","5"
"1265","245 DOM VIOL IN PROG","2"
"1501","242 DOM VIOL","8"
"1259","245 ADW POSS DOM VIO","1"
"1735","242 BATTERY INVEST","3"
"0241","288 ASSAULT INVEST","2"
"0663","245 AMB DOM VIOL","1"
"1698","242 DOM VIOL SUSP","2"
"0984","620 DOM VIOL","2"
"0886","242 BATTERY DOMESTIC","1"
"2029","415 GROUP FIGHT","7"
"1972","245 DOM VIOL SUSP","1"
"0355","245 DOM VIOL SUSP NO","2"
"1313","242 DOM VIOL INVESTI","1"
"0525","245 AMB CUTTING","4"
"2113","242 DOM VIOL SUSP","1"
"1065","415 GROUP FIGHT","2"
"0404","918 VIOLENT JUV","1"
"1517","242 DOM VIOL","7"
"1269","620 DOM VIOL R/O","32"
"1761","245 CUTTING INV","1"
"0295","245 DOM VIOL SUSP J/","1"
"0759","242 DOM VIOL R/O VIO","1"
"2147","242 BATTERY INVEST","1"
"1525","620 DOM VIOL","21"
"0839","245 ADW","1"
"0713","245 DOM VIOL SUSP","1"
"0467","242 POSS DOM VIOL","1"
"1352","245 DOM VIOL SUSP","1"
"2015","242 POSS DOM VIOL","4"
"0666","242 DOM VIOL","24"
"2105","620 DOM VIOL R/O","5"
"1039","415 GROUP FIGHT","1"
"1324","242 DOM VIOL R/O VIO","1"
"1023","918 VIOLENT FEM","1"
"1752","620 DOM VIOL","26"
"2017","245 DOM VIOL","3"
"0453","242 DOM VIOL","7"
"0427","918 VIOLENT FEM","2"
"0513","245 DOM VIOL INVEST","1"
"1675","242 BATTERY INVEST","3"
"1622","918 VIOLENT MALE","1"
"0157","242 BATTERY INVEST","5"
"1203","918 VIOLENT MALE","7"
"2022","245 AMB CUTTING","6"
"1024","245 DOM VIOL","4"
"1432","242 DOM VIOL SUSP","1"
"2031","245 DOM VIOL SUSP NO","1"
"1097","918 VIOLENT MALE","1"
"1363","242 AMB DOM VIOL","2"
"1612","288 ASSAULT INVEST","1"
"1178","620 DOM VIOL","6"
"2175","620 DOM VIOL R/O","5"
"2002","245 DOM VIOL SUSP","1"
"1259","918 VIOLENT FEM","5"
"2062","245 ADW","1"
"1775","245 DOM VIOL IN PROG","1"
"0941","242 BATTERY INVEST","3"
"1218","288 ASSAULT INVEST","1"
"1613","620 DOM VIOL","14"
"0981","245 AMB CUTTING","1"
"1682","245 DOM VIOL","2"
"1118","918 VIOLENT FEM","1"
"2125","245 DOM VIOL SUSP NO","1"
"0145","620 DOM VIOL R/O","2"
"1916","242 DOM VIOL","12"
"1522","242 POSS DOM VIOL","3"
"2049","242 DOM VIOL","10"
"0638","415 GROUP FIGHT","1"
"1735","918 VIOLENT MALE","2"
"0266","242 POSS DOM VIOL","1"
"2144","620 DOM VIOL R/O","1"
"1049","620 DOM VIOL","1"
"0416","242 AMB DOM VIOL","2"
"1257","245 DOM VIOL SUSP J/","1"
"1525","245 AMB CUTTING","2"
"1256","242 BATTERY DOMESTIC","2"
"0752","245 AMB DOM VIOL","1"
"1638","620 DOM VIOL","6"
"0505","620 DOM VIOL R/O","2"
"0647","242 DOM VIOL INVESTI","3"
"0135","245 AMB CUTTING","3"
"1958","918 VIOLENT FEM","1"
"1375","415 GROUP FIGHT","1"
"0964","620 DOM VIOL R/O","7"
"0154","918 VIOLENT MALE","1"
"0395","620 DOM VIOL R/O","5"
"1375","242 DOM VIOL","27"
"1591","245 DOM VIOL","1"
"1258","242 DOM VIOL","31"
"1232","415 FIGHT","8"
"2115","242 DOM VIOL","3"
"0811","245 DOM VIOL SUSP","1"
"1755","620 DOM VIOL","6"
"0911","245 AMB DOM VIOL","2"
"1005","620 DOM VIOL","7"
"1668","415 GROUP FIGHT","2"
"0148","245 CUTTING INV","1"
"0212","245 DOM VIOL","1"
"2136","242 POSS DOM VIOL","2"
"1137","242 BATTERY INVEST","1"
"0478","242 DOM VIOL J/O","2"
"0359","242 DOM VIOL INVESTI","1"
"0636","207 DOM VIOL J/O","1"
"1623","242 DOM VIOL INVESTI","1"
"0121","242 DOM VIOL SUSP","3"
"1023","242 BATTERY INVEST","2"
"1465","620 DOM VIOL","4"
"0453","245 DOM VIOL INVEST","4"
"1243","245 DOM VIOL SUSP","3"
"0439","918 VIOLENT MALE","3"
"0308","620 DOM VIOL R/O","2"
"0822","242 DOM VIOL SUSP","1"
"0565","242 DOM VIOL SUSP","4"
"0353","242 POSS DOM VIOL","1"
"2139","245 ADW POSS DOM VIO","1"
"1613","918 VIOLENT MALE","4"
"1524","245 DOM VIOL SUSP J/","1"
"0524","415 GROUP FIGHT","1"
"1781","918 VIOLENT JUV","1"
"0269","242 AMB DOM VIOL","3"
"0257","245 DOM VIOL SUSP NO","2"
"0904","242 AMB DOM VIOL","2"
"0776","245 DOM VIOL SUSP NO","1"
"0396","415 FIGHT","12"
"0215","415 GROUP FIGHT","3"
"0138","242 DOM VIOL","7"
"0375","245 DOM VIOL INVEST","1"
"1622","245 AMB CUTTING","2"
"1259","620 DOM VIOL R/O","34"
"1823","245 DOM VIOL SUSP","2"
"0504","620 DOM VIOL","9"
"0762","918 VIOLENT FEM","1"
"1881","245 DOM VIOL SUSP","1"
"1963","620 DOM VIOL R/O","10"
"2111","242 DOM VIOL SUSP","3"
"1343","245 AMB CUTTING","8"
"0161","242 POSS DOM VIOL","1"
"1001","245 ADW POSS DOM VIO","1"
"0336","620 DOM VIOL R/O","2"
"0375","245 DOM VIOL SUSP NO","2"
"1974","918 VIOLENT MALE","1"
"0502","242 AMB DOM VIOL","1"
"0629","620 DOM VIOL","1"
"0237","242 BATTERY DOMESTIC","3"
"0101","918 VIOLENT FEM","1"
"1716","242 AMB DOM VIOL","1"
"1475","242 POSS DOM VIOL","1"
"1407","242 DOM VIOL","10"
"0456","620 DOM VIOL","21"
"2081","620 DOM VIOL","23"
"0402","620 DOM VIOL","6"
"1269","415 GROUP FIGHT","6"
"1003","415 FIGHT","4"
"1267","245 DOM VIOL","14"
"0236","245 DOM VIOL SUSP","1"
"2141","918 VIOLENT FEM","2"
"1803","620 DOM VIOL","7"
"2113","242 DOM VIOL","4"
"1215","245 AMB DOM VIOL","1"
"0931","415 FIGHT","4"
"1963","918 VIOLENT MALE","1"
"1791","918 VIOLENT MALE","4"
"1778","242 DOM VIOL","1"
"0391","918 VIOLENT MALE","5"
"1203","242 BATTERY","1"
"0133","245 DOM VIOL INVEST","1"
"0138","245 DOM VIOL SUSP J/","1"
"0466","918 VIOLENT MALE","2"
"2064","242 BATTERY","1"
"0585","242 DOM VIOL J/O","1"
"0525","620 DOM VIOL","19"
"0135","242 BATTERY","1"
"1189","620 DOM VIOL R/O","1"
"0726","620 DOM VIOL","1"
"1802","245 ADW POSS DOM VIO","2"
"1651","245 AMB CUTTING","3"
"1213","918 VIOLENT JUV","1"
"1341","245 DOM VIOL SUSP","1"
"0238","415 GROUP FIGHT","2"
"2073","242 BATTERY INVEST","1"
"0585","242 BATTERY INVEST","1"
"1599","918 VIOLENT FEM","1"
"1977","242 BATTERY DOMESTIC","1"
"0521","242 DOM VIOL SUSP","3"
"1681","415 GROUP FIGHT","1"
"1159","620 DOM VIOL","2"
"0219","918 VIOLENT MALE","1"
"1555","242 AMB DOM VIOL","2"
"1716","242 DOM VIOL","2"
"0859","245 AMB CUTTING","1"
"1907","242 DOM VIOL SUSP","1"
"0886","242 DOM VIOL","1"
"2027","242 DOM VIOL INVESTI","2"
"2001","620 DOM VIOL","10"
"1241","245 DOM VIOL SUSP","5"
"2035","242 POSS DOM VIOL","1"
"1717","620 DOM VIOL R/O","3"
"1067","620 DOM VIOL R/O","5"
"1905","245 DOM VIOL SUSP","1"
"2022","242 AMB DOM VIOL","1"
"1139","242 DOM VIOL SUSP","2"
"0974","918 VIOLENT FEM","1"
"1118","245 DOM VIOL SUSP","1"
"1802","242 DOM VIOL SUSP","8"
"1831","620 DOM VIOL","27"
"0247","242 DOM VIOL SUSP","2"
"0668","245 ADW POSS DOM VIO","2"
"0721","918 VIOLENT JUV","1"
"2173","242 DOM VIOL","1"
"2016","242 BATTERY DOMESTIC","2"
"1039","242 POSS DOM VIOL","2"
"0281","242 POSS DOM VIOL","1"
"2014","242 AMB DOM VIOL","1"
"0448","245 DOM VIOL INVEST","1"
"0719","620 DOM VIOL","3"
"2196","620 DOM VIOL","10"
"0356","620 DOM VIOL R/O","6"
"0185","242 DOM VIOL SUSP","4"
"1775","245 DOM VIOL","1"
"1522","242 DOM VIOL INVESTI","1"
"1218","242 BATTERY INVEST","3"
"0394","245 DOM VIOL","1"
"0463","245 DOM VIOL SUSP NO","1"
"0202","242 DOM VIOL","14"
"2113","245 DOM VIOL","1"
"1242","620 DOM VIOL","10"
"1162","245 AMB CUTTING","4"
"1516","245 DOM VIOL IN PROG","1"
"1823","245 ADW POSS DOM VIO","1"
"0809","415 GROUP FIGHT","1"
"0451","242 BATTERY INVEST","1"
"1215","918 VIOLENT JUV","2"
"0747","245 AMB CUTTING","1"
"1409","242 DOM VIOL","5"
"0937","620 DOM VIOL","14"
"1079","245 DOM VIOL IN PROG","1"
"1781","245 DOM VIOL SUSP NO","1"
"1322","415 GROUP FIGHT","3"
"0256","245 AMB CUTTING","17"
"1806","242 DOM VIOL INVESTI","3"
"2036","918 VIOLENT JUV","1"
"1242","415 FIGHT","2"
"0269","245 ADW POSS DOM VIO","2"
"2175","245 AMB CUTTING","2"
"2038","242 BATTERY DOMESTIC","4"
"0515","245 AMB CUTTING","2"
"0408","242 DOM VIOL","10"
"2088","245 AMB CUTTING","1"
"0656","242 DOM VIOL J/O","1"
"1677","242 DOM VIOL","2"
"1612","242 DOM VIOL SUSP","8"
"0468","242 DOM VIOL SUSP","2"
"0667","242 DOM VIOL SUSP","2"
"0558","620 DOM VIOL R/O","5"
"0526","245 AMB CUTTING","3"
"0236","242 AMB DOM VIOL","2"
"0317","245 AMB DOM VIOL","1"
"1794","207 DOM VIOL","1"
"0391","242 DOM VIOL J/O","1"
"1023","242 AMB DOM VIOL","3"
"0249","620 DOM VIOL R/O","4"
"2187","620 DOM VIOL","10"
"0466","245 AMB CUTTING","2"
"1241","242 BATTERY DOMESTIC","3"
"0271","245 DOM VIOL","3"
"1107","242 DOM VIOL","2"
"1208","242 DOM VIOL J/O","3"
"1029","415 FIGHT","6"
"1207","242 DOM VIOL SUSP","6"
"0399","245 AMB CUTTING","1"
"0424","288 ASSAULT INVEST","1"
"1513","620 DOM VIOL","10"
"1708","620 DOM VIOL R/O","2"
"2024","242 BATTERY INVEST","1"
"0353","620 DOM VIOL R/O","5"
"0185","245 DOM VIOL SUSP","1"
"1945","242 BATTERY DOMESTIC","1"
"1407","242 AMB DOM VIOL","2"
"0269","245 AMB CUTTING","6"
"0935","245 DOM VIOL SUSP NO","1"
"0406","245 DOM VIOL SUSP NO","1"
"1993","918 VIOLENT MALE","1"
"1641","242 POSS DOM VIOL","2"
"1268","620 DOM VIOL","51"
"1496","245 ADW POSS DOM VIO","1"
"2062","242 AMB DOM VIOL","1"
"0729","242 BATTERY INVEST","1"
"0245","242 DOM VIOL INVESTI","2"
"1255","242 DOM VIOL","13"
"1364","242 BATTERY DOMESTIC","1"
"1643","620 DOM VIOL","13"
"0392","242 DOM VIOL INVESTI","2"
"0331","245 AMB CUTTING","2"
"0557","415 GROUP FIGHT","3"
"0915","245 AMB DOM VIOL","1"
"0311","242 BATTERY DOMESTIC","4"
"0909","242 DOM VIOL","19"
"0148","245 ADW","1"
"1077","415 FIGHT","1"
"0271","620 DOM VIOL","19"
"1677","620 DOM VIOL R/O","1"
"0333","242 DOM VIOL","6"
"1385","620 DOM VIOL R/O","8"
"0679","242 POSS DOM VIOL","2"
"1006","242 DOM VIOL","4"
"1839","242 BATTERY DOMESTIC","2"
"0584","245 DOM VIOL","2"
"1018","242 DOM VIOL SUSP","3"
"1802","245 DOM VIOL IN PROG","2"
"1137","245 DOM VIOL SUSP","3"
"1516","242 DOM VIOL SUSP","2"
"1759","620 DOM VIOL","9"
"1503","245 AMB CUTTING","2"
"1323","242 DOM VIOL SUSP","2"
"1243","245 DOM VIOL SUSP J/","1"
"1469","620 DOM VIOL R/O","5"
"0503","242 DOM VIOL","14"
"0399","242 DOM VIOL","9"
"0201","415 GROUP FIGHT","2"
"1826","242 DOM VIOL","31"
"0775","245 AMB CUTTING","2"
"1432","245 DOM VIOL","1"
"1363","242 DOM VIOL R/O VIO","1"
"1655","918 VIOLENT JUV","2"
"1844","242 AMB DOM VIOL","8"
"1566","245 DOM VIOL SUSP J/","1"
"0901","245 DOM VIOL","5"
"2125","242 DOM VIOL","10"
"1849","242 BATTERY INVEST","4"
"1728","242 POSS DOM VIOL","1"
"0832","918 VIOLENT MALE","1"
"0643","245 DOM VIOL SUSP NO","1"
"1527","245 DOM VIOL SUSP J/","1"
"1324","918 VIOLENT JUV","1"
"0308","242 BATTERY DOMESTIC","1"
"2146","245 AMB CUTTING","2"
"2091","918 VIOLENT MALE","1"
"0827","242 POSS DOM VIOL","3"
"1163","242 AMB DOM VIOL","1"
"1245","245 DOM VIOL INVEST","1"
"1944","415 FIGHT","1"
"1469","242 BATTERY INVEST","1"
"1842","245 DOM VIOL SUSP","2"
"1273","245 DOM VIOL SUSP NO","6"
"2024","620 DOM VIOL R/O","9"
"0513","415 FIGHT","7"
"0155","245 DOM VIOL","1"
"0204","245 DOM VIOL SUSP NO","2"
"1377","245 DOM VIOL SUSP","3"
"1764","918 VIOLENT JUV","3"
"1097","620 DOM VIOL","21"
"1921","245 DOM VIOL","3"
"2062","242 BATTERY DOMESTIC","1"
"0531","620 DOM VIOL","25"
"1701","415 GROUP FIGHT","1"
"1601","245 AMB CUTTING","1"
"1981","415 GROUP FIGHT","3"
"0437","245 DOM VIOL","2"
"1735","242 DOM VIOL SUSP","2"
"0669","245 AMB CUTTING","1"
"1527","918 VIOLENT FEM","1"
"1351","415 GROUP FIGHT","1"
"0946","918 VIOLENT MALE","2"
"1596","245 DOM VIOL","1"
"0948","620 DOM VIOL","3"
"0191","620 DOM VIOL","4"
"0507","242 BATTERY DOMESTIC","2"
"0943","620 DOM VIOL","13"
"0238","242 DOM VIOL INVESTI","1"
"1044","620 DOM VIOL R/O","1"
"1979","415 GROUP FIGHT","1"
"1679","242 DOM VIOL","1"
"2024","242 DOM VIOL","13"
"1902","288 ASSAULT INVEST","1"
"0827","242 DOM VIOL SUSP","1"
"1143","415 FIGHT","3"
"1345","242 DOM VIOL SUSP","2"
"0327","415 FIGHT","1"
"1836","245 AMB CUTTING","2"
"1075","245 DOM VIOL SUSP","1"
"0635","620 DOM VIOL","4"
"0507","918 VIOLENT FEM","1"
"1383","415 FIGHT","7"
"1207","245 DOM VIOL SUSP NO","1"
"0636","242 BATTERY INVEST","4"
"1651","620 DOM VIOL","19"
"0514","415 FIGHT","9"
"1835","918 VIOLENT MALE","1"
"0773","620 DOM VIOL R/O","4"
"0566","242 AMB DOM VIOL","1"
"1258","245 DOM VIOL SUSP NO","2"
"0398","415 FIGHT","6"
"0676","620 DOM VIOL R/O","6"
"0163","245 DOM VIOL SUSP NO","1"
"1445","620 DOM VIOL R/O","2"
"0145","415 GROUP FIGHT","1"
"0914","415 AMB FIGHT","1"
"0966","620 DOM VIOL R/O","3"
"1313","245 DOM VIOL SUSP J/","1"
"0439","245 DOM VIOL INVEST","1"
"1025","242 DOM VIOL","17"
"2134","242 DOM VIOL","12"
"0249","245 ADW","1"
"1211","242 DOM VIOL SUSP","1"
"0964","918 VIOLENT MALE","2"
"2136","620 DOM VIOL R/O","16"
"0248","242 AMB DOM VIOL","1"
"1267","245 ADW","1"
"1802","245 DOM VIOL R/O","2"
"1151","288 ASSAULT INVEST","1"
"0522","288 ASSAULTING","1"
"0457","620 DOM VIOL","9"
"0231","242 AMB DOM VIOL","2"
"2107","415 GROUP FIGHT","1"
"1477","918 VIOLENT JUV","1"
"1747","242 BATTERY DOMESTIC","2"
"0361","242 AMB DOM VIOL","2"
"1641","242 DOM VIOL SUSP","1"
"1637","415 FIGHT","4"
"1249","918 VIOLENT MALE","2"
"1454","245 AMB DOM VIOL","1"
"1545","245 DOM VIOL INVEST","1"
"0101","415 GROUP FIGHT","1"
"0426","620 DOM VIOL R/O","2"
"1641","918 VIOLENT FEM","1"
"0514","245 DOM VIOL SUSP","2"
"1203","415 FIGHT","13"
"1861","245 DOM VIOL SUSP","1"
"0503","242 BATTERY INVEST","1"
"0745","918 VIOLENT MALE","2"
"1203","242 DOM VIOL","20"
"0422","620 DOM VIOL","14"
"1827","620 DOM VIOL R/O","19"
"0822","620 DOM VIOL","4"
"0532","918 VIOLENT MALE","1"
"2049","245 AMB CUTTING","2"
"1785","242 POSS DOM VIOL","2"
"0904","918 VIOLENT JUV","1"
"1383","245 AMB CUTTING","7"
"1313","242 DOM VIOL J/O","1"
"0984","242 DOM VIOL J/O","1"
"0706","242 DOM VIOL J/O","1"
"2132","245 DOM VIOL","1"
"0166","242 DOM VIOL SUSP","3"
"0246","415 FIGHT","19"
"0952","245 DOM VIOL SUSP","1"
"0849","620 DOM VIOL R/O","7"
"1791","245 DOM VIOL","2"
"0639","242 DOM VIOL SUSP","1"
"0377","245 ADW POSS DOM VIO","2"
"0782","620 DOM VIOL R/O","4"
"1931","620 DOM VIOL","2"
"1416","415 FIGHT","1"
"1176","415 FIGHT","3"
"0765","245 DOM VIOL SUSP NO","2"
"2173","620 DOM VIOL R/O","2"
"1468","245 DOM VIOL SUSP","1"
"1535","245 DOM VIOL","2"
"0468","242 AMB DOM VIOL","1"
"1777","245 DOM VIOL","2"
"1834","620 DOM VIOL","29"
"1982","918 VIOLENT JUV","1"
"1268","245 DOM VIOL SUSP","1"
"1708","245 AMB CUTTING","2"
"0557","918 VIOLENT MALE","2"
"1943","620 DOM VIOL","5"
"1078","415 FIGHT","1"
"1517","245 DOM VIOL SUSP NO","1"
"0105","415 FIGHT","1"
"1994","620 DOM VIOL R/O","4"
"2013","242 DOM VIOL SUSP","1"
"1331","415 GROUP FIGHT","3"
"1606","245 DOM VIOL","1"
"1902","918 VIOLENT JUV","1"
"1405","620 DOM VIOL","3"
"1993","245 AMB CUTTING","1"
"2073","242 BATTERY DOMESTIC","1"
"1687","245 DOM VIOL","2"
"1161","245 DOM VIOL SUSP","1"
"0141","245 DOM VIOL SUSP","1"
"1862","242 BATTERY DOMESTIC","5"
"1393","620 DOM VIOL R/O","19"
"1851","415 FIGHT","6"
"1601","245 AMB DOM VIOL","1"
"0734","245 DOM VIOL","5"
"1489","620 DOM VIOL R/O","1"
"1119","242 BATTERY","1"
"1414","242 DOM VIOL","3"
"0532","620 DOM VIOL R/O","5"
"1762","245 AMB CUTTING","1"
"2031","242 BATTERY INVEST","2"
"2024","415 FIGHT","20"
"0847","242 DOM VIOL","7"
"0789","245 AMB CUTTING","1"
"1008","245 ADW","1"
"1621","242 AMB DOM VIOL","3"
"0469","918 VIOLENT MALE","1"
"1346","207 POSS DOM VIOL SU","1"
"1682","242 DOM VIOL INVESTI","1"
"1177","242 BATTERY INVEST","1"
"1049","242 POSS DOM VIOL","1"
"0329","242 DOM VIOL","2"
"0319","245 DOM VIOL SUSP J/","1"
"1738","245 ADW POSS DOM VIO","1"
"0666","245 DOM VIOL IN PROG","1"
"2157","245 DOM VIOL INVEST","1"
"1663","415 FIGHT","5"
"1331","242 BATTERY DOMESTIC","2"
"1147","245 DOM VIOL SUSP NO","1"
"1477","242 DOM VIOL","3"
"0923","415 AMB FIGHT","1"
"0338","242 DOM VIOL","3"
"0396","242 POSS DOM VIOL","4"
"0666","245 ADW POSS DOM VIO","2"
"0585","242 AMB DOM VIOL","2"
"0649","918 VIOLENT JUV","1"
"1243","415 FIGHT","16"
"0319","918 VIOLENT FEM","3"
"0529","918 VIOLENT FEM","1"
"1489","242 DOM VIOL R/O VIO","1"
"0174","242 POSS DOM VIOL","1"
"1367","918 VIOLENT JUV","1"
"1006","620 DOM VIOL","5"
"1983","918 VIOLENT FEM","2"
"0562","620 DOM VIOL","11"
"2069","620 DOM VIOL","30"
"0376","245 DOM VIOL","4"
"0911","242 POSS DOM VIOL","3"
"0557","242 DOM VIOL J/O","1"
"1035","242 DOM VIOL SUSP","1"
"1979","620 DOM VIOL R/O","1"
"1676","242 BATTERY INVEST","1"
"0235","242 DOM VIOL INVESTI","1"
"0465","415 GROUP FIGHT","6"
"0642","245 AMB CUTTING","2"
"1027","242 BATTERY INVEST","1"
"0237","245 ADW POSS DOM VIO","1"
"1215","245 DOM VIOL SUSP","3"
"1612","245 ADW POSS DOM VIO","1"
"0929","620 DOM VIOL","7"
"2173","415 FIGHT","1"
"1438","245 CUTTING INV","1"
"0679","242 AMB DOM VIOL","1"
"1622","242 AMB DOM VIOL","3"
"1249","242 DOM VIOL R/O VIO","1"
"0852","918 VIOLENT JUV","1"
"0312","242 DOM VIOL INVESTI","1"
"1904","245 AMB CUTTING","1"
"1762","242 POSS DOM VIOL","1"
"1613","620 DOM VIOL R/O","11"
"1523","242 BATTERY","1"
"0835","245 DOM VIOL SUSP NO","1"
"1971","620 DOM VIOL","23"
"0646","620 DOM VIOL","37"
"1913","620 DOM VIOL R/O","17"
"0135","245 DOM VIOL SUSP NO","2"
"1862","245 DOM VIOL","9"
"1083","918 VIOLENT MALE","1"
"0111","242 POSS DOM VIOL","6"
"0501","242 DOM VIOL J/O","1"
"1829","242 DOM VIOL","24"
"1637","245 AMB CUTTING","1"
"0957","620 DOM VIOL","1"
"0123","242 BATTERY INVEST","1"
"0503","242 POSS DOM VIOL","1"
"1477","245 AMB CUTTING","1"
"0541","245 ADW POSS DOM VIO","1"
"2042","242 BATTERY DOMESTIC","1"
"1698","620 DOM VIOL R/O","7"
"2044","242 BATTERY DOMESTIC","1"
"1526","245 DOM VIOL","3"
"1622","620 DOM VIOL","13"
"0932","245 DOM VIOL SUSP","1"
"1513","242 DOM VIOL","6"
"2029","245 AMB CUTTING","4"
"1241","242 POSS DOM VIOL","6"
"1024","918 VIOLENT FEM","1"
"1257","245 CUTTING INV","1"
"0354","242 DOM VIOL","9"
"1179","242 DOM VIOL","7"
"2197","242 DOM VIOL","1"
"1346","245 AMB CUTTING","3"
"1677","242 BATTERY INVEST","3"
"2049","242 AMB DOM VIOL","3"
"1841","415 AMB FIGHT","1"
"2014","245 CUTTING INV","1"
"1761","245 AMB CUTTING","1"
"2189","242 BATTERY DOMESTIC","3"
"1963","415 FIGHT","3"
"0316","242 BATTERY INVEST","3"
"1354","620 DOM VIOL R/O","7"
"0464","242 BATTERY DOMESTIC","2"
"0437","242 DOM VIOL SUSP","6"
"0321","620 DOM VIOL R/O","3"
"1395","620 DOM VIOL R/O","14"
"0914","245 CUTTING INV","8"
"1243","242 BATTERY INVEST","2"
"1256","415 GROUP FIGHT","3"
"1823","242 DOM VIOL J/O","4"
"1453","245 DOM VIOL","1"
"2107","415 FIGHT","6"
"1469","245 AMB CUTTING","1"
"1437","242 POSS DOM VIOL","1"
"1322","245 ADW POSS DOM VIO","1"
"0363","918 VIOLENT FEM","2"
"0853","918 VIOLENT MALE","2"
"0627","620 DOM VIOL R/O","5"
"1805","620 DOM VIOL R/O","13"
"0932","242 DOM VIOL J/O","1"
"0279","242 DOM VIOL J/O","1"
"0828","242 AMB DOM VIOL","1"
"1839","620 DOM VIOL R/O","2"
"1317","242 DOM VIOL SUSP","1"
"1747","415 FIGHT","4"
"1401","245 DOM VIOL","1"
"1972","415 FIGHT","5"
"0919","620 DOM VIOL","10"
"1273","415 GROUP FIGHT","1"
"0502","242 DOM VIOL SUSP","1"
"2054","245 DOM VIOL SUSP NO","1"
"0311","245 AMB DOM VIOL","1"
"0265","245 DOM VIOL SUSP J/","1"
"0885","415 FIGHT","1"
"2107","242 DOM VIOL SUSP","1"
"0176","242 DOM VIOL","12"
"2126","242 DOM VIOL J/O","1"
"1024","242 BATTERY INVEST","2"
"1524","242 DOM VIOL","2"
"1844","245 AMB CUTTING","5"
"1995","415 FIGHT","7"
"0933","620 DOM VIOL R/O","5"
"0165","245 DOM VIOL","1"
"2011","242 BATTERY DOMESTIC","2"
"1391","415 FIGHT","5"
"0523","620 DOM VIOL R/O","3"
"2158","245 DOM VIOL SUSP NO","3"
"2134","415 FIGHT","4"
"0121","620 DOM VIOL","7"
"0832","620 DOM VIOL","10"
"1794","620 DOM VIOL R/O","11"
"0464","242 DOM VIOL J/O","1"
"1257","242 DOM VIOL INVESTI","1"
"2156","620 DOM VIOL","12"
"0777","242 BATTERY INVEST","1"
"0269","620 DOM VIOL R/O","23"
"1309","242 BATTERY INVEST","6"
"0667","245 DOM VIOL SUSP","1"
"1834","245 AMB CUTTING","3"
"2141","242 DOM VIOL","3"
"2063","242 DOM VIOL","3"
"1029","242 POSS DOM VIOL","2"
"0516","242 DOM VIOL","11"
"0314","245 DOM VIOL SUSP","1"
"1342","245 DOM VIOL","1"
"1333","415 GROUP FIGHT","6"
"0648","245 DOM VIOL SUSP J/","1"
"1431","415 FIGHT","18"
"1967","242 DOM VIOL INVESTI","2"
"1676","245 AMB CUTTING","2"
"1063","245 DOM VIOL","3"
"1342","245 ADW POSS DOM VIO","2"
"1127","242 POSS DOM VIOL","1"
"1562","245 ADW POSS DOM VIO","1"
"1806","620 DOM VIOL R/O","3"
"2187","415 GROUP FIGHT","2"
"0426","415 FIGHT","2"
"0678","918 VIOLENT MALE","2"
"0311","242 DOM VIOL SUSP","2"
"1864","245 DOM VIOL IN PROG","1"
"1211","242 DOM VIOL J/O","1"
"1242","245 DOM VIOL SUSP J/","1"
"1394","242 BATTERY DOMESTIC","1"
"0637","242 POSS DOM VIOL","2"
"0904","242 AMB DOM VIOL SUS","1"
"0669","415 FIGHT","3"
"0395","242 BATTERY DOMESTIC","2"
"1792","620 DOM VIOL","2"
"1526","242 BATTERY INVEST","1"
"1663","242 BATTERY INVEST","11"
"1342","242 AMB DOM VIOL","1"
"1675","242 DOM VIOL INVESTI","1"
"0522","242 DOM VIOL","17"
"1457","245 DOM VIOL","1"
"1718","620 DOM VIOL R/O","1"
"0524","242 BATTERY DOMESTIC","1"
"0326","242 DOM VIOL SUSP","1"
"1913","242 DOM VIOL R/O VIO","1"
"0148","245 DOM VIOL","1"
"1622","242 POSS DOM VIOL","2"
"1612","242 BATTERY INVEST","3"
"0231","245 DOM VIOL SUSP NO","1"
"1265","242 DOM VIOL SUSP","11"
"1541","242 BATTERY INVEST","1"
"1861","245 DOM VIOL INVEST","1"
"0238","918 VIOLENT FEM","1"
"1824","242 DOM VIOL INVESTI","1"
"0765","242 DOM VIOL INVESTI","3"
"1779","415 FIGHT","2"
"1137","242 DOM VIOL INVESTI","1"
"1842","242 DOM VIOL SUSP","12"
"0998","242 BATTERY DOMESTIC","1"
"1966","245 AMB CUTTING","1"
"0985","242 AMB DOM VIOL","2"
"1428","620 DOM VIOL","4"
"0789","242 AMB DOM VIOL","1"
"1203","242 DOM VIOL SUSP","3"
"1753","242 DOM VIOL","3"
"0525","242 DOM VIOL SUSP","2"
"1849","245 DOM VIOL IN PROG","1"
"0667","242 DOM VIOL","13"
"1258","415 FIGHT","14"
"1794","242 DOM VIOL","16"
"0555","415 GROUP FIGHT","4"
"1701","242 DOM VIOL INVESTI","1"
"1365","242 BATTERY INVEST","4"
"1391","245 DOM VIOL","2"
"1669","245 AMB CUTTING","1"
"1204","242 DOM VIOL","14"
"1468","620 DOM VIOL R/O","3"
"1266","242 DOM VIOL","46"
"0122","242 DOM VIOL","3"
"1353","415 MAJ GRP FIGHT","1"
"0905","242 DOM VIOL J/O","1"
"1826","242 DOM VIOL SUSP","2"
"0455","242 DOM VIOL INVESTI","1"
"0749","242 DOM VIOL","2"
"0585","245 DOM VIOL SUSP NO","1"
"0378","242 DOM VIOL J/O","1"
"0467","415 FIGHT","9"
"0376","918 VIOLENT FEM","3"
"1827","415 GROUP FIGHT","3"
"1231","245 AMB CUTTING","1"
"0558","242 BATTERY INVEST","1"
"1846","242 AMB DOM VIOL","5"
"0235","415 GROUP FIGHT","3"
"0516","245 CUTTING INV","1"
"1258","245 DOM VIOL SUSP","1"
"0923","245 AMB CUTTING","2"
"1037","620 DOM VIOL","1"
"0269","415 GROUP FIGHT","1"
"0218","918 VIOLENT FEM","1"
"1988","242 DOM VIOL","4"
"0457","918 VIOLENT FEM","4"
"1256","207 POSS DOM VIOL SU","1"
"0375","415 GROUP FIGHT","5"
"0402","245 DOM VIOL","1"
"1834","245 DOM VIOL SUSP","2"
"1395","242 DOM VIOL","18"
"0525","245 DOM VIOL SUSP","2"
"1804","242 BATTERY DOMESTIC","1"
"0235","245 AMB CUTTING","3"
"0497","245 AMB DOM VIOL","1"
"1322","245 AMB CUTTING","3"
"0525","245 DOM VIOL SUSP J/","1"
"0587","245 DOM VIOL","4"
"0637","620 DOM VIOL","16"
"0517","620 DOM VIOL","8"
"0645","620 DOM VIOL","39"
"0333","415 FIGHT","6"
"0237","242 DOM VIOL","32"
"1345","245 DOM VIOL R/O","1"
"1255","620 DOM VIOL R/O","4"
"1663","245 AMB DOM VIOL","1"
"2039","918 VIOLENT JUV","3"
"0505","242 DOM VIOL","1"
"0963","415 FIGHT","3"
"1681","620 DOM VIOL R/O","1"
"0525","918 VIOLENT FEM","1"
"2015","242 BATTERY INVEST","1"
"1989","918 VIOLENT JUV","1"
"0317","620 DOM VIOL","14"
"2147","242 DOM VIOL","4"
"1822","245 CUTTING INV","3"
"0974","242 BATTERY INVEST","1"
"1257","918 VIOLENT MALE","4"
"1945","242 BATTERY","1"
"1613","245 AMB CUTTING","2"
"1667","918 VIOLENT MALE","1"
"1981","245 DOM VIOL","6"
"1803","242 DOM VIOL","10"
"1906","620 DOM VIOL","3"
"0417","415 FIGHT","1"
"1991","620 DOM VIOL R/O","12"
"0295","245 ADW","1"
"1139","918 VIOLENT FEM","1"
"1766","242 DOM VIOL","1"
"0666","242 DOM VIOL SUSP","2"
"1963","245 DOM VIOL IN PROG","2"
"0257","620 DOM VIOL","44"
"1502","620 DOM VIOL","21"
"1779","242 DOM VIOL","2"
"1034","245 DOM VIOL SUSP","1"
"0158","242 DOM VIOL","14"
"1143","918 VIOLENT MALE","1"
"0295","245 DOM VIOL","3"
"2027","242 POSS DOM VIOL","1"
"1506","242 BATTERY DOMESTIC","1"
"0919","242 AMB DOM VIOL","3"
"0201","918 VIOLENT MALE","9"
"0657","415 FIGHT","9"
"0646","245 ADW","1"
"1841","620 DOM VIOL R/O","21"
"1862","245 DOM VIOL SUSP NO","4"
"1341","242 DOM VIOL SUSP","4"
"0398","245 DOM VIOL","1"
"1015","245 DOM VIOL","1"
"0963","242 DOM VIOL SUSP","1"
"0816","620 DOM VIOL","1"
"1821","918 VIOLENT MALE","4"
"1487","242 DOM VIOL","7"
"0289","415 FIGHT","3"
"1511","415 FIGHT","4"
"2054","620 DOM VIOL","9"
"1213","207 DOM VIOL SUSP","1"
"1327","245 DOM VIOL","1"
"1585","415 GROUP FIGHT","1"
"0747","620 DOM VIOL R/O","5"
"1918","245 AMB DOM VIOL","2"
"0152","415 FIGHT","34"
"1468","242 DOM VIOL","8"
"0937","242 POSS DOM VIOL","1"
"1232","245 DOM VIOL IN PROG","1"
"1043","918 VIOLENT MALE","5"
"1754","620 DOM VIOL R/O","3"
"0518","245 DOM VIOL SUSP NO","1"
"1787","245 DOM VIOL SUSP NO","1"
"0315","245 AMB CUTTING","2"
"0191","245 DOM VIOL IN PROG","1"
"0397","620 DOM VIOL R/O","5"
"1643","415 FIGHT","4"
"1791","918 VIOLENT FEM","1"
"2105","415 GROUP FIGHT","2"
"1004","415 FIGHT","7"
"1004","415 GROUP FIGHT","1"
"0511","245 DOM VIOL SUSP","1"
"0321","620 DOM VIOL","14"
"1772","620 DOM VIOL R/O","1"
"1209","242 AMB DOM VIOL","2"
"1253","245 DOM VIOL","8"
"1804","415 GROUP FIGHT","3"
"1533","620 DOM VIOL R/O","6"
"1713","245 DOM VIOL","1"
"0886","620 DOM VIOL","2"
"0896","245 AMB CUTTING","1"
"0377","242 BATTERY INVEST","2"
"0926","242 BATTERY DOMESTIC","1"
"1713","918 VIOLENT JUV","1"
"0158","245 DOM VIOL SUSP","3"
"1864","242 DOM VIOL","10"
"1018","242 POSS DOM VIOL","2"
"1024","415 GROUP FIGHT","1"
"1989","918 VIOLENT FEM","2"
"1347","245 DOM VIOL","7"
"1303","245 DOM VIOL SUSP NO","2"
"1044","245 DOM VIOL","1"
"0374","242 DOM VIOL","4"
"0842","620 DOM VIOL","11"
"1514","245 DOM VIOL","1"
"1526","242 POSS DOM VIOL","3"
"1837","245 DOM VIOL INVEST","1"
"0759","415 GROUP FIGHT","1"
"1364","207 POSS DOM VIOL SU","1"
"0152","245 DOM VIOL SUSP","1"
"1469","242 BATTERY","1"
"1535","242 DOM VIOL INVESTI","1"
"1822","918 VIOLENT FEM","3"
"0355","245 AMB DOM VIOL","1"
"1273","242 BATTERY","1"
"0143","242 BATTERY","1"
"0541","242 BATTERY INVEST","1"
"2175","242 AMB DOM VIOL","3"
"1136","242 DOM VIOL","10"
"0882","242 DOM VIOL","4"
"0666","918 VIOLENT FEM","1"
"1901","242 BATTERY","1"
"1151","620 DOM VIOL","23"
"0645","918 VIOLENT FEM","1"
"2045","245 DOM VIOL SUSP NO","1"
"1365","242 BATTERY DOMESTIC","1"
"1823","245 DOM VIOL INVEST","2"
"0391","242 DOM VIOL INVESTI","1"
"1832","242 AMB DOM VIOL","3"
"1109","918 VIOLENT FEM","1"
"0157","245 CUTTING INV","2"
"0911","620 DOM VIOL R/O","21"
"2001","242 POSS DOM VIOL","1"
"2187","245 DOM VIOL","1"
"0318","620 DOM VIOL","1"
"0855","242 DOM VIOL","7"
"1535","242 BATTERY INVEST","3"
"1341","245 DOM VIOL","1"
"1152","918 VIOLENT FEM","1"
"1367","245 DOM VIOL SUSP J/","2"
"1529","207 DOM VIOL SUSP J/","1"
"0135","415 GROUP FIGHT","4"
"1795","245 DOM VIOL SUSP NO","1"
"1169","415 GROUP FIGHT","1"
"1823","242 DOM VIOL INVESTI","3"
"0914","245 DOM VIOL SUSP NO","3"
"1455","415 FIGHT","4"
"1139","245 DOM VIOL INVEST","1"
"1259","415 GROUP FIGHT","4"
"0701","245 DOM VIOL R/O","1"
"1333","242 POSS DOM VIOL","3"
"1521","918 VIOLENT FEM","4"
"0532","620 DOM VIOL","8"
"2137","918 VIOLENT JUV","1"
"1424","242 DOM VIOL","2"
"1364","620 DOM VIOL","15"
"0889","242 DOM VIOL SUSP","1"
"0516","242 AMB DOM VIOL","1"
"1508","245 DOM VIOL IN PROG","1"
"1719","918 VIOLENT MALE","1"
"1513","918 VIOLENT FEM","1"
"0467","620 DOM VIOL R/O","2"
"1864","245 DOM VIOL SUSP J/","1"
"0566","245 DOM VIOL SUSP","2"
"0239","242 DOM VIOL","5"
"1918","245 DOM VIOL SUSP NO","1"
"2005","620 DOM VIOL","14"
"0121","242 AMB DOM VIOL","1"
"1645","242 DOM VIOL SUSP","1"
"1642","415 FIGHT","2"
"1326","415 FIGHT","1"
"0981","245 DOM VIOL","2"
"0513","242 BATTERY","1"
"1512","245 DOM VIOL IN PROG","1"
"0237","918 VIOLENT FEM","2"
"0354","242 BATTERY INVEST","1"
"0915","918 VIOLENT MALE","1"
"0668","245 DOM VIOL SUSP NO","2"
"1924","242 DOM VIOL","15"
"1353","245 AMB CUTTING","4"
"1124","245 DOM VIOL SUSP NO","1"
"1437","242 BATTERY INVEST","1"
"0702","242 BATTERY DOMESTIC","1"
"1851","245 DOM VIOL SUSP","2"
"1839","242 POSS DOM VIOL","2"
"1375","620 DOM VIOL","12"
"2169","415 GROUP FIGHT","1"
"1025","918 VIOLENT MALE","8"
"1455","242 DOM VIOL","5"
"2069","288 ASSAULT INVEST","1"
"1668","415 FIGHT","1"
"1909","620 DOM VIOL R/O","5"
"1918","242 POSS DOM VIOL","3"
"2073","620 DOM VIOL","2"
"0776","242 DOM VIOL SUSP","4"
"0403","242 BATTERY DOMESTIC","2"
"0285","242 BATTERY INVEST","2"
"1148","242 DOM VIOL SUSP","2"
"1303","242 DOM VIOL SUSP","3"
"0636","242 BATTERY","1"
"1761","242 DOM VIOL SUSP","3"
"0161","245 DOM VIOL SUSP NO","1"
"1211","918 VIOLENT MALE","3"
"0424","242 DOM VIOL","14"
"2105","245 DOM VIOL","1"
"0669","242 BATTERY INVEST","4"
"1209","620 DOM VIOL","5"
"0132","245 DOM VIOL IN PROG","1"
"1987","242 BATTERY INVEST","3"
"1472","415 FIGHT","7"
"0281","918 VIOLENT MALE","2"
"1802","245 DOM VIOL","10"
"1303","242 BATTERY INVEST","1"
"1831","245 DOM VIOL SUSP J/","1"
"0146","918 VIOLENT MALE","1"
"1851","242 BATTERY DOMESTIC","1"
"1985","245 DOM VIOL","5"
,"242 DOM VIOL","11"
"1463","242 POSS DOM VIOL","3"
"1772","242 DOM VIOL SUSP","1"
"0147","918 VIOLENT FEM","1"
"1006","918 VIOLENT FEM","2"
"0143","415 FIGHT","6"
"0512","918 VIOLENT FEM","1"
"1829","242 BATTERY","1"
"0374","242 BATTERY DOMESTIC","1"
"0812","620 DOM VIOL","2"
"0192","245 DOM VIOL","5"
"1363","242 DOM VIOL","17"
"1924","242 DOM VIOL INVESTI","1"
"0636","415 AMB FIGHT","1"
"0256","242 DOM VIOL INVESTI","1"
"1434","242 AMB DOM VIOL","2"
"0676","620 DOM VIOL","17"
"1088","245 DOM VIOL","1"
"1623","242 DOM VIOL SUSP","2"
"1383","242 POSS DOM VIOL","3"
"1035","620 DOM VIOL R/O","9"
"0775","245 DOM VIOL","1"
"1915","245 AMB DOM VIOL","1"
"0911","245 AMB CUTTING","2"
"1793","245 DOM VIOL","2"
"1907","242 DOM VIOL","10"
"0469","242 DOM VIOL","7"
"1475","242 BATTERY INVEST","2"
"0827","245 DOM VIOL","1"
"1321","245 DOM VIOL SUSP NO","3"
"2005","620 DOM VIOL R/O","4"
"1322","245 DOM VIOL SUSP NO","1"
"2157","245 DOM VIOL SUSP J/","1"
"0328","242 BATTERY INVEST","4"
"1999","242 BATTERY DOMESTIC","2"
"0246","242 BATTERY INVEST","8"
"1831","245 DOM VIOL SUSP","1"
"1021","242 DOM VIOL","11"
"0123","415 FIGHT","3"
"2137","620 DOM VIOL","6"
"0521","245 DOM VIOL INVEST","2"
"2081","245 AMB CUTTING","1"
"2004","242 DOM VIOL","6"
"1832","245 DOM VIOL","8"
"0563","620 DOM VIOL R/O","20"
"0477","245 ADW POSS DOM VIO","1"
"2062","415 FIGHT","6"
"1549","415 FIGHT","17"
"1633","245 AMB CUTTING","1"
"1147","918 VIOLENT FEM","1"
"1172","242 POSS DOM VIOL","1"
"0632","918 VIOLENT JUV","1"
"1239","620 DOM VIOL R/O","12"
"0235","415 FIGHT","12"
"1772","415 FIGHT","1"
"0269","415 FIGHT","7"
"2136","242 DOM VIOL","20"
"1245","245 DOM VIOL SUSP","2"
"1751","620 DOM VIOL R/O","6"
"2149","242 DOM VIOL","5"
"1836","242 POSS DOM VIOL","1"
"1063","620 DOM VIOL R/O","13"
"1353","918 VIOLENT MALE","4"
"0393","245 DOM VIOL SUSP NO","2"
"1252","242 BATTERY DOMESTIC","4"
"1684","620 DOM VIOL","33"
"0132","245 DOM VIOL","1"
"0955","620 DOM VIOL","1"
"0916","245 ADW POSS DOM VIO","1"
"0135","242 POSS DOM VIOL","1"
"1861","245 DOM VIOL SUSP NO","2"
"1622","207 DOM VIOL INVEST","1"
"1432","415 FIGHT","9"
"0551","415 FIGHT","5"
"2105","242 BATTERY INVEST","3"
"1158","245 ADW POSS DOM VIO","1"
"1446","242 DOM VIOL INVESTI","2"
"1637","415 GROUP FIGHT","1"
"0174","415 FIGHT","4"
"1506","620 DOM VIOL R/O","5"
"1313","242 BATTERY","2"
"1245","245 DOM VIOL SUSP J/","1"
"1964","242 BATTERY DOMESTIC","1"
"0358","620 DOM VIOL","1"
"1596","620 DOM VIOL R/O","2"
"2046","242 POSS DOM VIOL","3"
"2155","242 DOM VIOL INVESTI","3"
"1871","245 AMB CUTTING","2"
"1689","620 DOM VIOL","3"
"0363","245 DOM VIOL","8"
"0257","242 AMB DOM VIOL","4"
"1045","242 POSS DOM VIOL","1"
"0124","415 FIGHT","2"
"2034","242 DOM VIOL","8"
"0271","245 DOM VIOL SUSP NO","1"
"0784","245 DOM VIOL SUSP J/","1"
"0775","245 DOM VIOL SUSP","1"
"0812","242 DOM VIOL SUSP","1"
"0881","415 GROUP FIGHT","2"
"1331","245 DOM VIOL SUSP NO","2"
"1863","242 BATTERY INVEST","1"
"0585","245 DOM VIOL SUSP J/","1"
"0363","245 DOM VIOL SUSP J/","1"
"1468","620 DOM VIOL","6"
"1717","242 DOM VIOL","2"
"0932","620 DOM VIOL R/O","3"
"1351","245 AMB DOM VIOL SUS","1"
"0152","242 DOM VIOL INVESTI","2"
"1863","245 AMB DOM VIOL","1"
"0336","242 BATTERY DOMESTIC","1"
"1861","415 GROUP FIGHT","1"
"1248","245 DOM VIOL","5"
"0666","242 BATTERY DOMESTIC","6"
"1962","242 AMB DOM VIOL","1"
"1367","415 FIGHT","7"
"1839","245 DOM VIOL SUSP","2"
"0645","245 DOM VIOL SUSP","1"
"1377","918 VIOLENT JUV","2"
"0774","245 DOM VIOL","2"
"0147","415 GROUP FIGHT","1"
"0734","415 FIGHT","2"
"1385","245 DOM VIOL","2"
"1263","918 VIOLENT MALE","1"
"0726","242 BATTERY INVEST","1"
"0529","242 POSS DOM VIOL","3"
"0236","620 DOM VIOL R/O","8"
"1323","242 POSS DOM VIOL","1"
"1401","242 BATTERY INVEST","1"
"1545","242 DOM VIOL SUSP","1"
"1503","245 DOM VIOL SUSP","2"
"1972","242 AMB DOM VIOL","1"
"1861","245 DOM VIOL R/O","1"
"1203","242 BATTERY DOMESTIC","3"
"1668","620 DOM VIOL","3"
"0315","245 AMB DOM VIOL SUS","1"
"1469","245 DOM VIOL SUSP","1"
"1975","245 DOM VIOL","1"
"1862","242 POSS DOM VIOL","3"
"0462","415 FIGHT","3"
"0336","242 BATTERY INVEST","1"
"2177","242 AMB DOM VIOL","1"
"1664","918 VIOLENT MALE","1"
"1452","415 GROUP FIGHT","1"
"1822","242 BATTERY","1"
"0583","242 POSS DOM VIOL","1"
"2071","242 DOM VIOL J/O","1"
"1075","245 DOM VIOL","1"
"0734","242 BATTERY INVEST","2"
"1621","242 BATTERY INVEST","3"
"0758","918 VIOLENT MALE","1"
"0923","242 DOM VIOL","11"
"0666","415 GROUP FIGHT","3"
"0648","242 POSS DOM VIOL","5"
"0203","918 VIOLENT JUV","1"
"0337","242 DOM VIOL","9"
"1544","620 DOM VIOL","2"
"1101","245 DOM VIOL","3"
"1834","242 AMB DOM VIOL","1"
"0734","245 DOM VIOL SUSP","1"
"0841","918 VIOLENT FEM","1"
"0807","245 DOM VIOL IN PROG","1"
"2036","415 GROUP FIGHT","4"
"1458","620 DOM VIOL","5"
"1799","242 DOM VIOL SUSP","1"
"2172","415 FIGHT","1"
,"242 DOM VIOL INVESTI","32"
"0247","245 DOM VIOL","2"
"1031","245 DOM VIOL SUSP NO","2"
"1678","242 DOM VIOL","1"
"1256","242 BATTERY INVEST","3"
"1802","918 VIOLENT FEM","3"
"0142","242 BATTERY INVEST","3"
"2073","415 GROUP FIGHT","1"
"0504","242 BATTERY DOMESTIC","2"
"1488","242 BATTERY DOMESTIC","2"
"1668","620 DOM VIOL R/O","1"
"0767","242 DOM VIOL","2"
"1503","242 BATTERY DOMESTIC","1"
"1642","245 DOM VIOL","1"
"1011","245 DOM VIOL SUSP NO","3"
"0762","242 BATTERY INVEST","4"
"0279","242 BATTERY DOMESTIC","1"
"2049","620 DOM VIOL R/O","5"
"0787","242 BATTERY DOMESTIC","1"
"0562","242 POSS DOM VIOL","1"
"0236","415 FIGHT","12"
"1078","245 DOM VIOL","1"
"1475","918 VIOLENT MALE","1"
"2101","620 DOM VIOL","3"
"0802","242 DOM VIOL","3"
"0203","620 DOM VIOL R/O","1"
"0678","245 DOM VIOL SUSP NO","1"
"0443","245 DOM VIOL INVEST","1"
"1011","245 DOM VIOL","1"
"0279","415 FIGHT","3"
"0508","242 BATTERY DOMESTIC","1"
"1716","620 DOM VIOL R/O","1"
"0145","918 VIOLENT MALE","2"
"0821","620 DOM VIOL","1"
"2158","242 BATTERY INVEST","5"
"1385","242 DOM VIOL J/O","1"
"1395","620 DOM VIOL","13"
"1919","242 DOM VIOL SUSP","1"
"0233","245 ADW POSS DOM VIO","1"
"1797","620 DOM VIOL R/O","1"
"0142","620 DOM VIOL","7"
"2146","242 AMB DOM VIOL","1"
"0702","245 DOM VIOL SUSP NO","1"
"2172","620 DOM VIOL","3"
"1488","415 GROUP FIGHT","4"
"1444","242 BATTERY INVEST","1"
"0453","245 DOM VIOL SUSP J/","2"
"0373","620 DOM VIOL","8"
"1829","415 FIGHT","10"
"0531","620 DOM VIOL R/O","8"
"1718","242 DOM VIOL","2"
"1839","245 DOM VIOL R/O","1"
"2142","620 DOM VIOL","8"
"0488","242 BATTERY INVEST","2"
"0783","620 DOM VIOL R/O","2"
"1837","415 FIGHT","2"
"0305","620 DOM VIOL R/O","1"
"0732","245 AMB CUTTING","2"
"2101","245 DOM VIOL","1"
"0926","620 DOM VIOL R/O","10"
"1441","242 BATTERY INVEST","4"
"2019","620 DOM VIOL","39"
"1416","242 BATTERY DOMESTIC","1"
"0355","245 DOM VIOL","2"
"0525","242 BATTERY INVEST","2"
"1664","415 GROUP FIGHT","2"
"2142","918 VIOLENT MALE","1"
"1283","245 AMB DOM VIOL","2"
"1245","245 DOM VIOL IN PROG","1"
"0359","242 BATTERY INVEST","3"
"0308","242 DOM VIOL SUSP","3"
"0507","242 BATTERY INVEST","1"
"0667","245 AMB CUTTING","3"
"1504","620 DOM VIOL R/O","9"
"1961","242 DOM VIOL","12"
"0776","242 BATTERY INVEST","1"
"2091","415 FIGHT","4"
"2016","415 FIGHT","4"
"1344","242 DOM VIOL SUSP","2"
"0449","245 AMB CUTTING","1"
"1394","245 DOM VIOL","1"
"0122","242 BATTERY INVEST","2"
"0134","242 AMB DOM VIOL","1"
"1137","620 DOM VIOL","2"
"0839","415 GROUP FIGHT","3"
"0154","415 FIGHT","9"
"0935","415 FIGHT","4"
"1803","620 DOM VIOL R/O","8"
"1695","242 AMB DOM VIOL","1"
"1955","918 VIOLENT MALE","1"
"0192","245 DOM VIOL INVEST","2"
"1116","415 FIGHT","2"
"0129","245 AMB DOM VIOL","1"
"1835","242 DOM VIOL","2"
"0203","620 DOM VIOL","2"
"0218","242 AMB DOM VIOL","1"
"1758","620 DOM VIOL R/O","5"
"0916","242 DOM VIOL SUSP","1"
"0469","242 DOM VIOL SUSP","1"
"0101","245 DOM VIOL SUSP NO","2"
"0909","242 BATTERY DOMESTIC","3"
"0939","415 FIGHT","5"
"0327","242 DOM VIOL","3"
"2019","245 DOM VIOL SUSP NO","3"
"0355","415 FIGHT","7"
"0766","620 DOM VIOL R/O","5"
"0202","415 GROUP FIGHT","1"
"2026","242 AMB DOM VIOL","1"
"1034","245 DOM VIOL","1"
"0904","245 DOM VIOL INVEST","1"
"0515","242 DOM VIOL","16"
"2101","415 FIGHT","1"
"1983","242 DOM VIOL","20"
"1375","245 DOM VIOL SUSP","2"
"1266","245 DOM VIOL SUSP","2"
"0858","245 DOM VIOL SUSP","1"
"1606","242 BATTERY INVEST","1"
"0251","242 DOM VIOL SUSP","6"
"0247","918 VIOLENT MALE","2"
"0356","242 BATTERY DOMESTIC","4"
"0551","242 AMB DOM VIOL","2"
"1793","242 BATTERY INVEST","2"
"1545","245 DOM VIOL","1"
"1444","242 BATTERY DOMESTIC","1"
"1913","415 FIGHT","2"
"1258","242 DOM VIOL J/O","1"
"1971","245 ADW POSS DOM VIO","1"
"0787","415 FIGHT","2"
"2002","242 DOM VIOL","9"
"0974","242 DOM VIOL SUSP","2"
"1446","918 VIOLENT JUV","2"
"0501","288 ASSAULT INVEST","1"
"1994","242 POSS DOM VIOL","3"
"0101","245 AMB DOM VIOL","1"
"0989","242 BATTERY","1"
"0211","415 GROUP FIGHT","1"
"1173","415 FIGHT","3"
"0246","242 BATTERY","2"
"2016","415 GROUP FIGHT","1"
"0362","242 BATTERY INVEST","3"
"2103","620 DOM VIOL R/O","1"
"0356","918 VIOLENT FEM","2"
"1354","620 DOM VIOL","17"
"1233","242 POSS DOM VIOL","2"
"0448","620 DOM VIOL","19"
"0203","245 DOM VIOL SUSP NO","1"
"1761","245 DOM VIOL","2"
"0644","242 BATTERY INVEST","3"
"1364","245 DOM VIOL SUSP NO","1"
"1541","245 DOM VIOL","1"
"0151","415 FIGHT","2"
"0203","242 BATTERY INVEST","1"
"1489","242 POSS DOM VIOL","1"
"1676","620 DOM VIOL","14"
"0931","620 DOM VIOL","3"
"0789","242 DOM VIOL SUSP","2"
"0971","242 DOM VIOL","7"
"0162","245 DOM VIOL IN PROG","1"
"1943","415 GROUP FIGHT","1"
"0355","242 DOM VIOL INVESTI","1"
"1602","242 BATTERY INVEST","14"
"0312","245 DOM VIOL","3"
"1984","242 BATTERY INVEST","8"
"0587","242 BATTERY INVEST","3"
"0529","245 DOM VIOL IN PROG","1"
"0355","245 DOM VIOL SUSP","2"
"1543","242 AMB DOM VIOL","1"
"1467","620 DOM VIOL","6"
"1532","242 DOM VIOL SUSP","2"
"1401","918 VIOLENT FEM","2"
"0457","245 DOM VIOL SUSP J/","1"
"0313","242 DOM VIOL SUSP","1"
"1458","245 DOM VIOL SUSP","1"
"1999","242 DOM VIOL INVESTI","13"
"0565","620 DOM VIOL","22"
"0584","242 DOM VIOL SUSP","1"
"1827","918 VIOLENT MALE","2"
"0216","918 VIOLENT FEM","1"
"1641","242 BATTERY INVEST","1"
"0916","242 BATTERY INVEST","1"
"0455","242 DOM VIOL","13"
"1951","242 DOM VIOL SUSP","1"
"1364","242 DOM VIOL","8"
"0379","620 DOM VIOL","12"
"0469","620 DOM VIOL R/O","4"
"1333","242 BATTERY DOMESTIC","2"
"2111","242 BATTERY INVEST","1"
"0822","242 DOM VIOL","3"
"1954","245 DOM VIOL","1"
"0919","242 BATTERY INVEST","1"
"0562","415 GROUP FIGHT","1"
"1473","620 DOM VIOL","8"
"0218","242 BATTERY INVEST","2"
"0135","918 VIOLENT MALE","1"
"2064","242 DOM VIOL","3"
"1791","242 DOM VIOL SUSP","2"
"2026","918 VIOLENT FEM","3"
"1548","242 BATTERY INVEST","5"
"1851","242 DOM VIOL","11"
"1618","245 DOM VIOL R/O","3"
"0828","620 DOM VIOL","4"
"0497","245 DOM VIOL","5"
"0774","242 DOM VIOL SUSP","2"
"0931","242 DOM VIOL","3"
"0316","245 DOM VIOL SUSP NO","2"
"1189","415 FIGHT","5"
"0118","242 BATTERY INVEST","2"
"0509","620 DOM VIOL R/O","11"
"1283","245 CUTTING INV","1"
"0914","245 DOM VIOL SUSP","1"
"2029","242 POSS DOM VIOL","3"
"1395","242 AMB DOM VIOL","2"
"1612","242 DOM VIOL R/O VIO","1"
"1881","245 DOM VIOL","3"
"1656","242 BATTERY INVEST","1"
"0356","242 AMB DOM VIOL","3"
"1459","242 DOM VIOL R/O VIO","1"
"1045","242 DOM VIOL","9"
"1361","245 DOM VIOL SUSP","1"
"1829","245 DOM VIOL SUSP NO","2"
"2133","242 DOM VIOL","8"
"0758","245 DOM VIOL SUSP NO","1"
"1125","242 DOM VIOL INVESTI","2"
"1844","242 DOM VIOL SUSP","5"
"1636","620 DOM VIOL R/O","1"
"0723","620 DOM VIOL","5"
"2138","242 BATTERY INVEST","1"
"1365","415 GROUP FIGHT","6"
"1268","918 VIOLENT FEM","1"
"0239","242 DOM VIOL SUSP","1"
"0713","242 DOM VIOL","8"
"2114","918 VIOLENT FEM","1"
"0391","245 ADW POSS DOM VIO","4"
"1394","415 GROUP FIGHT","2"
"1454","242 BATTERY INVEST","13"
"2093","245 AMB CUTTING","1"
"0745","242 DOM VIOL SUSP","1"
"1526","245 DOM VIOL SUSP","2"
"1824","415 GROUP FIGHT","6"
"1079","415 FIGHT","2"
"0897","245 DOM VIOL SUSP NO","1"
"0163","242 DOM VIOL INVESTI","1"
"1863","245 DOM VIOL SUSP","1"
"2076","242 DOM VIOL","11"
"0477","245 DOM VIOL R/O","1"
"1437","245 DOM VIOL","1"
"1642","620 DOM VIOL R/O","8"
"1806","245 AMB DOM VIOL","1"
"0236","242 DOM VIOL SUSP","5"
"1585","242 AMB DOM VIOL","1"
"1147","242 POSS DOM VIOL","2"
"1977","245 DOM VIOL IN PROG","1"
"0721","245 CUTTING INV","2"
"0313","415 FIGHT","2"
"2044","918 VIOLENT MALE","2"
"1248","242 POSS DOM VIOL","1"
"0138","620 DOM VIOL R/O","1"
"1218","242 DOM VIOL INVESTI","1"
"1655","245 ADW","1"
"1602","620 DOM VIOL R/O","23"
"1455","242 DOM VIOL INVESTI","1"
"0303","242 BATTERY INVEST","1"
"1372","620 DOM VIOL R/O","18"
"1021","242 BATTERY DOMESTIC","1"
"0745","415 GROUP FIGHT","1"
"1117","242 AMB DOM VIOL","3"
"1931","245 AMB CUTTING","2"
"2143","242 POSS DOM VIOL","1"
"1232","415 GROUP FIGHT","3"
"1177","415 FIGHT","11"
"1344","245 AMB CUTTING","1"
"2143","620 DOM VIOL R/O","5"
"1333","918 VIOLENT MALE","4"
"0833","245 DOM VIOL IN PROG","1"
"2042","620 DOM VIOL","13"
"1364","415 FIGHT","4"
"0443","918 VIOLENT FEM","2"
"1981","415 FIGHT","12"
"0338","245 ADW","1"
"2017","245 DOM VIOL R/O","1"
"0332","245 DOM VIOL INVEST","1"
"1821","245 DOM VIOL SUSP NO","3"
"1215","242 BATTERY","1"
"0375","242 BATTERY DOMESTIC","1"
"0906","245 AMB DOM VIOL SUS","1"
"1243","242 DOM VIOL SUSP","9"
"1446","620 DOM VIOL R/O","5"
"1203","620 DOM VIOL R/O","7"
"0847","245 DOM VIOL","1"
"0237","620 DOM VIOL R/O","24"
"2036","245 DOM VIOL SUSP NO","3"
"2107","245 DOM VIOL SUSP NO","1"
"1151","242 BATTERY","1"
"0337","242 DOM VIOL R/O VIO","1"
"0669","242 DOM VIOL","8"
"0719","242 DOM VIOL SUSP","1"
"1612","245 DOM VIOL IN PROG","1"
"1143","242 DOM VIOL INVESTI","1"
"1162","620 DOM VIOL R/O","7"
"0813","242 BATTERY INVEST","1"
"1011","242 BATTERY INVEST","1"
"1862","207 POSS DOM VIOL I/","1"
"1391","620 DOM VIOL","8"
"0677","620 DOM VIOL","9"
"1364","245 ADW POSS DOM VIO","1"
"0551","242 BATTERY DOMESTIC","1"
"1643","245 DOM VIOL","2"
"1218","415 FIGHT","12"
"0162","415 FIGHT","24"
"0128","245 DOM VIOL INVEST","1"
"2155","242 DOM VIOL SUSP","6"
"0463","242 DOM VIOL","4"
"1972","242 BATTERY INVEST","3"
"0722","245 DOM VIOL","1"
"0361","918 VIOLENT FEM","2"
"1502","245 AMB CUTTING","1"
"2134","415 AMB FIGHT","1"
"1218","245 ADW POSS DOM VIO","5"
"2015","245 DOM VIOL SUSP","1"
"0943","242 DOM VIOL INVESTI","2"
"1239","242 DOM VIOL INVESTI","2"
"2141","918 VIOLENT MALE","3"
"0279","245 AMB CUTTING","1"
"1761","918 VIOLENT FEM","2"
"1375","245 DOM VIOL INVEST","1"
"0532","242 DOM VIOL SUSP","1"
"0362","245 AMB DOM VIOL","2"
"0774","620 DOM VIOL","11"
"2069","242 BATTERY INVEST","8"
"1526","242 DOM VIOL SUSP","4"
"1446","415 FIGHT","6"
"2026","242 DOM VIOL J/O","2"
"1313","415 AMB FIGHT","1"
"0563","242 BATTERY INVEST","3"
"0531","918 VIOLENT MALE","1"
"1377","245 DOM VIOL SUSP NO","2"
"0848","620 DOM VIOL","2"
"1371","245 DOM VIOL","7"
"1806","242 DOM VIOL J/O","1"
"1307","245 DOM VIOL SUSP J/","1"
"1063","918 VIOLENT MALE","2"
"1253","242 DOM VIOL SUSP","5"
"1663","620 DOM VIOL","20"
"1502","918 VIOLENT FEM","1"
"0499","245 DOM VIOL","2"
"1317","245 DOM VIOL SUSP","1"
"1684","415 GROUP FIGHT","3"
"0565","415 GROUP FIGHT","3"
"1846","245 CUTTING INV","1"
"1999","242 DOM VIOL","21"
"0155","242 DOM VIOL SUSP","1"
"2129","918 VIOLENT FEM","1"
"0943","242 DOM VIOL","10"
"1506","242 DOM VIOL J/O","1"
"0247","415 GROUP FIGHT","2"
"1179","415 GROUP FIGHT","1"
"0326","415 GROUP FIGHT","6"
"0638","415 FIGHT","10"
"1215","242 POSS DOM VIOL","1"
"1678","620 DOM VIOL","2"
"1936","242 POSS DOM VIOL","1"
"1321","242 AMB DOM VIOL","4"
"1109","415 FIGHT","2"
"1019","620 DOM VIOL R/O","2"
"0235","620 DOM VIOL R/O","8"
"1543","245 DOM VIOL SUSP NO","1"
"0557","620 DOM VIOL","29"
"2001","415 GROUP FIGHT","1"
"0636","242 DOM VIOL SUSP","4"
"1793","415 GROUP FIGHT","1"
"1149","415 FIGHT","1"
"0806","242 BATTERY DOMESTIC","1"
"0132","242 BATTERY INVEST","4"
"1861","415 FIGHT","1"
"1025","242 BATTERY INVEST","2"
"2136","245 CUTTING INV","1"
"0271","415 AMB FIGHT","1"
"1596","918 VIOLENT JUV","1"
"0506","620 DOM VIOL R/O","7"
"0831","620 DOM VIOL","8"
"0397","620 DOM VIOL","27"
"1767","245 DOM VIOL","4"
"2126","245 DOM VIOL SUSP NO","1"
"0889","415 GROUP FIGHT","1"
"0158","245 DOM VIOL","1"
"1235","245 AMB CUTTING","1"
"1563","620 DOM VIOL R/O","6"
"1004","242 DOM VIOL INVESTI","10"
"1474","620 DOM VIOL","2"
"0719","242 DOM VIOL","1"
"1112","242 POSS DOM VIOL","1"
"1151","242 POSS DOM VIOL","8"
"0702","918 VIOLENT MALE","1"
"0558","245 ADW POSS DOM VIO","1"
"2118","918 VIOLENT MALE","3"
"1395","245 DOM VIOL SUSP J/","1"
"2024","245 AMB CUTTING","9"
"0622","918 VIOLENT MALE","2"
"1129","242 DOM VIOL","9"
"0636","245 DOM VIOL IN PROG","2"
"2196","245 CUTTING INV","1"
"0648","620 DOM VIOL R/O","5"
"0393","918 VIOLENT FEM","3"
"1033","918 VIOLENT MALE","1"
"0838","242 DOM VIOL","3"
"2081","415 FIGHT","7"
"0587","242 AMB DOM VIOL","2"
"0896","415 FIGHT","1"
"0422","620 DOM VIOL R/O","3"
"2036","242 BATTERY","1"
"0676","245 AMB DOM VIOL","1"
"0644","620 DOM VIOL","12"
"1785","918 VIOLENT FEM","3"
"0308","245 AMB CUTTING","2"
"1678","242 DOM VIOL SUSP","1"
"1802","620 DOM VIOL R/O","36"
"0249","242 DOM VIOL","14"
"0919","245 DOM VIOL","2"
"1792","245 DOM VIOL SUSP","1"
"0325","242 BATTERY INVEST","1"
"0128","242 BATTERY INVEST","2"
"0201","245 ADW POSS DOM VIO","3"
"1341","245 AMB CUTTING","5"
"1303","415 FIGHT","1"
"1469","918 VIOLENT FEM","1"
"1596","918 VIOLENT FEM","1"
"1123","620 DOM VIOL R/O","2"
"2156","242 DOM VIOL SUSP","3"
"1125","242 DOM VIOL SUSP","1"
"0462","245 AMB CUTTING","2"
"0642","918 VIOLENT MALE","6"
"1842","242 BATTERY DOMESTIC","4"
"2033","620 DOM VIOL R/O","7"
"0105","245 AMB CUTTING","1"
"1758","242 BATTERY INVEST","2"
"1256","242 AMB DOM VIOL","1"
"1061","242 DOM VIOL","2"
"1266","242 AMB DOM VIOL SUS","1"
"1249","242 BATTERY INVEST","4"
"0147","620 DOM VIOL R/O","2"
"1623","242 POSS DOM VIOL","3"
"0457","242 POSS DOM VIOL","3"
"2004","620 DOM VIOL R/O","2"
"0159","245 AMB DOM VIOL","1"
"1617","242 BATTERY DOMESTIC","2"
"1925","242 DOM VIOL SUSP","1"
"0375","415 FIGHT","12"
"0395","242 AMB DOM VIOL","7"
"0745","620 DOM VIOL R/O","2"
"0195","415 FIGHT","6"
"0331","918 VIOLENT MALE","2"
"2063","918 VIOLENT MALE","1"
"0309","620 DOM VIOL","1"
"1129","620 DOM VIOL R/O","5"
"2139","242 BATTERY DOMESTIC","1"
"1152","620 DOM VIOL R/O","10"
"0312","242 DOM VIOL","16"
"2139","242 BATTERY INVEST","1"
"0158","620 DOM VIOL R/O","5"
"1142","242 DOM VIOL","11"
"2031","242 DOM VIOL INVESTI","1"
"1905","242 DOM VIOL INVESTI","1"
"1464","242 BATTERY DOMESTIC","1"
"1112","242 DOM VIOL","8"
"0218","620 DOM VIOL","20"
"2024","242 DOM VIOL SUSP","5"
"1258","918 VIOLENT FEM","1"
"1999","620 DOM VIOL","22"
"0289","242 BATTERY DOMESTIC","3"
"2038","242 AMB DOM VIOL","1"
"1177","620 DOM VIOL","8"
"1512","245 DOM VIOL SUSP NO","1"
"0752","620 DOM VIOL","11"
"0889","245 DOM VIOL","1"
"1881","245 ADW POSS DOM VIO","1"
"0235","242 DOM VIOL SUSP","1"
"0328","245 DOM VIOL","1"
"1351","620 DOM VIOL","38"
"0952","242 DOM VIOL","16"
"1251","245 DOM VIOL SUSP NO","2"
"1435","415 GROUP FIGHT","3"
"1687","415 GROUP FIGHT","2"
"1925","245 DOM VIOL","3"
"0156","242 BATTERY INVEST","5"
"0566","415 GROUP FIGHT","1"
"0437","242 POSS DOM VIOL","1"
"1078","918 VIOLENT MALE","1"
"0256","620 DOM VIOL R/O","1"
"1441","245 DOM VIOL INVEST","1"
"2146","918 VIOLENT FEM","4"
"2044","242 DOM VIOL R/O VIO","1"
"1795","242 DOM VIOL","15"
"0464","242 DOM VIOL","15"
"1512","415 FIGHT","5"
"1523","620 DOM VIOL R/O","4"
"2014","242 DOM VIOL SUSP","1"
"1123","245 DOM VIOL IN PROG","1"
"0238","918 VIOLENT JUV","1"
"0119","415 FIGHT","25"
"0622","245 AMB CUTTING","1"
"0325","242 DOM VIOL","5"
"1441","242 POSS DOM VIOL","5"
"1215","242 DOM VIOL","38"
"1512","918 VIOLENT MALE","1"
"1836","918 VIOLENT FEM","2"
"1431","620 DOM VIOL R/O","6"
"0408","620 DOM VIOL","9"
"0647","242 POSS DOM VIOL","2"
"1443","242 POSS DOM VIOL","1"
"0522","245 DOM VIOL","2"
"1796","242 DOM VIOL","1"
"1967","620 DOM VIOL R/O","3"
"1995","245 DOM VIOL","1"
"0847","415 FIGHT","2"
"1383","245 DOM VIOL IN PROG","1"
"1844","918 VIOLENT MALE","2"
"1326","242 AMB DOM VIOL","1"
"1184","620 DOM VIOL","7"
"0581","242 DOM VIOL R/O VIO","1"
"1144","620 DOM VIOL","6"
"1458","242 DOM VIOL","4"
"1591","415 FIGHT","4"
"0752","242 BATTERY INVEST","1"
"0361","620 DOM VIOL R/O","13"
"0139","242 BATTERY INVEST","1"
"1637","242 DOM VIOL INVESTI","1"
"0565","242 DOM VIOL","15"
"1822","245 DOM VIOL SUSP","2"
"0135","242 AMB DOM VIOL SUS","1"
"0904","242 POSS DOM VIOL","2"
"0202","245 DOM VIOL IN PROG","1"
"0895","620 DOM VIOL","1"
"0448","245 DOM VIOL IN PROG","1"
"2034","245 DOM VIOL","1"
"0164","245 ADW POSS DOM VIO","1"
"1141","415 FIGHT","3"
"0892","242 BATTERY INVEST","1"
"0336","242 DOM VIOL J/O","1"
"1324","245 DOM VIOL","1"
"0231","245 DOM VIOL","2"
"0488","415 FIGHT","1"
"0316","415 FIGHT","5"
"1526","242 AMB DOM VIOL","1"
"0753","415 FIGHT","12"
"1871","245 DOM VIOL","1"
"2125","245 ADW POSS DOM VIO","1"
"1566","620 DOM VIOL","5"
"2157","242 DOM VIOL J/O","2"
"1407","245 DOM VIOL","1"
"1455","620 DOM VIOL R/O","6"
"1139","242 DOM VIOL","5"
"0378","242 DOM VIOL","7"
"2114","918 VIOLENT MALE","1"
"1258","242 BATTERY INVEST","3"
"0163","415 GROUP FIGHT","4"
"2038","245 DOM VIOL INVEST","1"
"1998","918 VIOLENT MALE","4"
"0882","245 ADW POSS DOM VIO","1"
"1163","242 DOM VIOL","9"
"0648","245 ADW POSS DOM VIO","2"
"1023","415 FIGHT","3"
"2149","415 FIGHT","6"
"0905","620 DOM VIOL","30"
"1752","242 DOM VIOL SUSP","2"
"1215","242 BATTERY DOMESTIC","1"
"0138","242 DOM VIOL SUSP","1"
"1101","242 BATTERY INVEST","1"
"1039","242 BATTERY INVEST","2"
"0813","620 DOM VIOL","1"
"1771","245 AMB CUTTING","1"
"2031","918 VIOLENT FEM","1"
"1027","242 DOM VIOL SUSP","1"
"1393","620 DOM VIOL","26"
"1661","620 DOM VIOL","2"
"0892","245 ADW POSS DOM VIO","1"
"1787","245 AMB CUTTING","2"
"0195","245 AMB CUTTING","4"
"2058","242 POSS DOM VIOL","1"
"2103","242 DOM VIOL R/O VIO","1"
"0628","245 AMB CUTTING","1"
"0646","242 BATTERY INVEST","7"
"1824","415 FIGHT","7"
"0808","242 BATTERY INVEST","1"
"2159","242 DOM VIOL","2"
"1788","415 FIGHT","2"
"1459","242 DOM VIOL","5"
"1984","415 GROUP FIGHT","4"
"0523","242 DOM VIOL INVESTI","1"
"2081","242 DOM VIOL J/O","1"
"0732","242 DOM VIOL","5"
"0394","242 BATTERY INVEST","1"
"0111","415 FIGHT","24"
"0615","245 AMB CUTTING","1"
"0788","242 AMB DOM VIOL","1"
"1129","245 DOM VIOL SUSP","1"
"1266","245 DOM VIOL SUSP NO","4"
"1394","918 VIOLENT FEM","1"
"2173","918 VIOLENT MALE","1"
"0328","245 DOM VIOL SUSP","1"
"1012","620 DOM VIOL","7"
"1539","245 AMB CUTTING","2"
"1259","918 VIOLENT MALE","6"
"0418","242 DOM VIOL","1"
"0639","620 DOM VIOL R/O","8"
"0935","245 AMB CUTTING","4"
"0759","245 AMB CUTTING","1"
"1653","242 DOM VIOL","10"
"1489","415 AMB FIGHT","2"
"1827","245 AMB DOM VIOL","1"
"1745","242 DOM VIOL SUSP","1"
"1549","242 DOM VIOL J/O","2"
"0453","415 GROUP FIGHT","1"
"2189","918 VIOLENT JUV","1"
"1599","415 GROUP FIGHT","3"
"0216","620 DOM VIOL","11"
"1313","242 DOM VIOL R/O VIO","1"
"0943","620 DOM VIOL R/O","1"
"0811","242 DOM VIOL","7"
"1061","620 DOM VIOL","5"
"0645","245 DOM VIOL","5"
"0334","242 AMB DOM VIOL","1"
"0249","242 DOM VIOL SUSP","3"
"2102","620 DOM VIOL","6"
"2044","245 AMB CUTTING","2"
"1248","245 AMB CUTTING","6"
"1213","245 DOM VIOL","13"
"0112","245 AMB CUTTING","1"
"1601","242 AMB DOM VIOL","1"
"0769","415 GROUP FIGHT","2"
"1718","242 DOM VIOL SUSP","1"
"0508","242 DOM VIOL","3"
"1764","415 GROUP FIGHT","2"
"2016","918 VIOLENT MALE","1"
"1204","415 FIGHT","6"
"1798","242 AMB DOM VIOL","1"
"1723","918 VIOLENT JUV","1"
"2017","242 POSS DOM VIOL","1"
"0182","245 AMB DOM VIOL","1"
"1693","245 AMB CUTTING","1"
"0171","245 DOM VIOL SUSP","1"
"0454","245 DOM VIOL SUSP NO","1"
"0313","242 BATTERY","1"
"0112","245 AMB DOM VIOL","1"
"1172","415 FIGHT","6"
"0933","415 FIGHT","5"
"0146","242 DOM VIOL","1"
"0439","242 DOM VIOL","16"
"1824","242 DOM VIOL","18"
"0507","918 VIOLENT JUV","1"
"0645","245 DOM VIOL INVEST","1"
"1539","242 DOM VIOL","5"
"0119","242 POSS DOM VIOL","1"
"0952","620 DOM VIOL","26"
"0295","415 FIGHT","8"
"0237","245 DOM VIOL","5"
"0355","242 DOM VIOL","19"
"1836","415 FIGHT","5"
"1215","415 FIGHT","10"
"1972","620 DOM VIOL R/O","6"
"0636","242 DOM VIOL J/O","4"
"0646","918 VIOLENT FEM","2"
"1781","918 VIOLENT MALE","3"
"1967","918 VIOLENT FEM","1"
"2114","415 FIGHT","2"
"0906","242 DOM VIOL","15"
"0818","245 CUTTING INV","4"
"0834","620 DOM VIOL R/O","3"
"0555","245 ADW POSS DOM VIO","2"
"1412","918 VIOLENT MALE","1"
"1987","242 POSS DOM VIOL","1"
"0766","242 DOM VIOL","2"
"0429","242 BATTERY DOMESTIC","1"
"1063","242 DOM VIOL INVESTI","8"
"0312","415 GROUP FIGHT","1"
"0418","918 VIOLENT FEM","3"
"1341","242 DOM VIOL INVESTI","1"
"0158","242 AMB DOM VIOL","4"
"0775","242 BATTERY DOMESTIC","1"
"1089","620 DOM VIOL R/O","1"
"1496","242 AMB DOM VIOL","1"
"1218","245 AMB DOM VIOL","1"
"1521","415 GROUP FIGHT","1"
"1525","242 DOM VIOL","17"
"1673","415 FIGHT","1"
"1205","620 DOM VIOL","10"
"0239","620 DOM VIOL","3"
"0627","415 FIGHT","1"
"1824","245 DOM VIOL SUSP NO","2"
"2079","245 AMB CUTTING","1"
"0782","918 VIOLENT FEM","1"
"1617","242 DOM VIOL","5"
"0782","242 DOM VIOL SUSP","2"
"1444","242 DOM VIOL INVESTI","2"
"1267","242 DOM VIOL","47"
"1611","242 DOM VIOL","12"
"0785","918 VIOLENT MALE","2"
"1846","415 FIGHT","6"
"2015","242 DOM VIOL SUSP","6"
"1362","245 AMB DOM VIOL","1"
"0659","242 DOM VIOL INVESTI","1"
"1468","415 FIGHT","3"
"0587","415 GROUP FIGHT","3"
"0132","242 DOM VIOL INVESTI","3"
"0491","245 AMB CUTTING","1"
"0373","415 FIGHT","5"
"1136","245 AMB DOM VIOL","1"
"1562","415 GROUP FIGHT","1"
"1745","242 DOM VIOL INVESTI","1"
"0407","415 FIGHT","2"
"0315","918 VIOLENT FEM","1"
"1964","918 VIOLENT MALE","3"
"1547","242 DOM VIOL SUSP","2"
"1841","415 GROUP FIGHT","2"
"0269","245 DOM VIOL SUSP","2"
"1555","415 FIGHT","9"
"2196","415 FIGHT","2"
"0637","245 DOM VIOL","3"
"1235","245 CUTTING INV","1"
"1037","242 DOM VIOL INVESTI","1"
"0454","620 DOM VIOL R/O","1"
"1794","245 DOM VIOL IN PROG","1"
"1972","242 DOM VIOL SUSP","4"
"1008","242 DOM VIOL","13"
"1213","620 DOM VIOL","58"
"0195","918 VIOLENT MALE","2"
"0295","242 AMB DOM VIOL","1"
"1033","245 DOM VIOL","1"
"0513","242 BATTERY DOMESTIC","3"
"1213","245 DOM VIOL INVEST","1"
"1043","242 DOM VIOL J/O","1"
"0221","620 DOM VIOL","16"
"0632","245 DOM VIOL SUSP NO","1"
"1269","415 FIGHT","11"
"0164","242 AMB DOM VIOL","3"
"1793","245 DOM VIOL SUSP NO","1"
"0111","415 GROUP FIGHT","4"
"0156","245 AMB DOM VIOL","1"
"0469","415 FIGHT","3"
"1189","620 DOM VIOL","14"
"1143","245 ADW POSS DOM VIO","1"
"2002","415 GROUP FIGHT","1"
"0489","242 BATTERY DOMESTIC","1"
"0804","242 POSS DOM VIOL","1"
"1134","242 BATTERY INVEST","2"
"1035","415 GROUP FIGHT","3"
"0943","245 CUTTING INV","1"
"1435","620 DOM VIOL","10"
"1862","415 FIGHT","4"
"1846","242 DOM VIOL","36"
"1124","620 DOM VIOL R/O","2"
"0237","242 DOM VIOL INVESTI","2"
"1657","245 DOM VIOL INVEST","1"
"2073","415 FIGHT","1"
"1203","242 AMB DOM VIOL","3"
"1473","415 FIGHT","1"
"1472","620 DOM VIOL","5"
"1362","242 DOM VIOL","20"
"0587","918 VIOLENT MALE","4"
"1435","245 CUTTING INV","1"
"0464","918 VIOLENT JUV","1"
"0256","245 DOM VIOL","2"
"0266","245 DOM VIOL IN PROG","1"
"1354","242 POSS DOM VIOL","1"
"1583","242 BATTERY INVEST","4"
"1672","620 DOM VIOL R/O","4"
"0101","620 DOM VIOL R/O","12"
"2143","918 VIOLENT MALE","2"
"0289","242 DOM VIOL","8"
"1243","245 CUTTING INV","2"
"0336","242 DOM VIOL","10"
"0525","415 FIGHT","2"
"1918","288 ASSAULT INVEST","1"
"0587","620 DOM VIOL","24"
"1116","245 DOM VIOL","1"
"0311","245 DOM VIOL","4"
"1844","242 DOM VIOL","32"
"0656","242 BATTERY DOMESTIC","2"
"0375","242 DOM VIOL SUSP","1"
"1005","242 DOM VIOL SUSP","1"
"1834","918 VIOLENT MALE","2"
"0904","242 DOM VIOL SUSP","4"
"0146","242 BATTERY INVEST","1"
"0235","245 CUTTING INV","1"
"1766","918 VIOLENT FEM","4"
"0657","415 GROUP FIGHT","3"
"1252","242 DOM VIOL","16"
"1714","242 DOM VIOL","1"
"1539","242 BATTERY","1"
"1673","242 DOM VIOL","2"
"0426","288 ASSAULT INVEST","1"
"1252","415 GROUP FIGHT","2"
"1596","242 BATTERY DOMESTIC","1"
"0509","242 BATTERY INVEST","1"
"0561","620 DOM VIOL R/O","1"
"1489","620 DOM VIOL","4"
"0443","245 CUTTING INV","12"
"0749","620 DOM VIOL","3"
"1162","242 BATTERY INVEST","40"
"1028","242 BATTERY INVEST","1"
"0399","242 DOM VIOL SUSP","3"
"1181","415 FIGHT","6"
"0783","245 DOM VIOL SUSP J/","1"
"1458","620 DOM VIOL R/O","2"
"1974","415 FIGHT","7"
"1967","242 DOM VIOL","12"
"2015","918 VIOLENT MALE","3"
"0807","620 DOM VIOL","3"
"1067","415 GROUP FIGHT","2"
"1146","242 DOM VIOL SUSP","2"
"0621","620 DOM VIOL","1"
"1761","242 BATTERY INVEST","4"
"0501","245 AMB CUTTING","1"
"1684","415 FIGHT","14"
"1372","245 ADW POSS DOM VIO","1"
"0333","242 BATTERY INVEST","1"
"1738","242 DOM VIOL SUSP","1"
"1821","245 DOM VIOL","7"
"1265","245 ADW POSS DOM VIO","1"
"0216","415 FIGHT","5"
"0155","242 DOM VIOL","4"
"1341","415 FIGHT","5"
"1676","415 FIGHT","4"
"0359","245 CUTTING INV","1"
"1483","918 VIOLENT MALE","1"
"1643","242 AMB DOM VIOL","1"
"1097","242 BATTERY DOMESTIC","1"
"1891","242 DOM VIOL SUSP","2"
"0979","620 DOM VIOL","3"
"0101","242 BATTERY INVEST","2"
"0523","415 FIGHT","1"
"0158","242 BATTERY","2"
"2139","918 VIOLENT MALE","2"
"0526","242 AMB DOM VIOL","2"
"1754","245 DOM VIOL","1"
"0518","620 DOM VIOL R/O","6"
"1991","242 POSS DOM VIOL","1"
"1215","242 BATTERY INVEST","1"
"1824","620 DOM VIOL","32"
"0174","245 DOM VIOL R/O","1"
"1394","620 DOM VIOL","11"
"0315","620 DOM VIOL R/O","2"
"1015","245 AMB DOM VIOL INV","1"
"1954","620 DOM VIOL","13"
"0762","242 POSS DOM VIOL","1"
"1268","242 BATTERY","2"
"1981","245 AMB CUTTING","4"
"1822","242 AMB DOM VIOL","4"
"2177","242 DOM VIOL","18"
"1113","918 VIOLENT MALE","1"
"1794","242 AMB DOM VIOL","2"
"0513","242 DOM VIOL","30"
"0805","242 DOM VIOL SUSP","1"
"2128","242 DOM VIOL SUSP","1"
"0491","242 BATTERY INVEST","1"
"2102","242 DOM VIOL","10"
"1088","620 DOM VIOL","3"
"1431","415 AMB FIGHT","1"
"0162","242 BATTERY","2"
"1964","242 POSS DOM VIOL","1"
"0319","415 FIGHT","5"
"0823","620 DOM VIOL","1"
"1243","918 VIOLENT JUV","1"
"2022","242 POSS DOM VIOL","2"
"0743","415 FIGHT","2"
"0752","242 POSS DOM VIOL","1"
"1824","245 DOM VIOL INVEST","1"
"0823","415 GROUP FIGHT","2"
"1611","242 DOM VIOL SUSP","3"
"0162","242 DOM VIOL SUSP","5"
"1361","245 ADW POSS DOM VIO","1"
"1142","242 POSS DOM VIOL","3"
"0811","245 DOM VIOL","1"
"1548","242 POSS DOM VIOL","1"
"2029","245 CUTTING INV","1"
"0636","245 ADW POSS DOM VIO","1"
"1043","245 DOM VIOL SUSP NO","3"
"1829","245 DOM VIOL R/O","1"
"1403","415 FIGHT","1"
"0328","918 VIOLENT MALE","2"
"0218","620 DOM VIOL R/O","6"
"1431","242 POSS DOM VIOL","1"
"1241","245 DOM VIOL SUSP J/","3"
"0631","242 DOM VIOL","1"
"0361","415 FIGHT","16"
"1519","415 FIGHT","20"
"0478","245 AMB CUTTING","2"
"0261","620 DOM VIOL R/O","17"
"0221","918 VIOLENT FEM","1"
"1283","245 AMB CUTTING","2"
"0395","242 DOM VIOL J/O","1"
"2062","620 DOM VIOL","9"
"0854","242 BATTERY INVEST","1"
"0859","242 DOM VIOL SUSP","1"
"1837","620 DOM VIOL R/O","10"
"0883","242 DOM VIOL SUSP","1"
"1255","245 DOM VIOL SUSP NO","2"
"0557","245 ADW","1"
"0394","242 DOM VIOL SUSP","1"
"1555","620 DOM VIOL","32"
"0452","242 BATTERY DOMESTIC","1"
"0467","242 BATTERY DOMESTIC","2"
"2076","918 VIOLENT FEM","2"
"1466","620 DOM VIOL R/O","4"
"0211","242 POSS DOM VIOL","2"
"2183","242 DOM VIOL","5"
"1617","242 DOM VIOL SUSP","1"
"0218","242 DOM VIOL SUSP","1"
"1124","245 AMB CUTTING","2"
"1517","620 DOM VIOL R/O","2"
"2025","245 AMB CUTTING","1"
"1464","242 DOM VIOL","13"
"1344","242 DOM VIOL J/O","2"
"1964","620 DOM VIOL","16"
"0504","242 DOM VIOL","11"
"1919","620 DOM VIOL R/O","1"
"1831","415 FIGHT","12"
"0135","242 DOM VIOL SUSP","5"
"0764","918 VIOLENT MALE","1"
"2017","415 GROUP FIGHT","3"
"0375","245 ADW POSS DOM VIO","1"
"0503","620 DOM VIOL","27"
"0248","242 BATTERY DOMESTIC","2"
"1525","918 VIOLENT JUV","1"
"1037","415 FIGHT","2"
"0409","207 POSS DOM VIOL SU","1"
"1841","242 BATTERY INVEST","5"
"1307","242 DOM VIOL J/O","1"
"1524","415 FIGHT","7"
"1707","242 BATTERY DOMESTIC","1"
"0411","242 POSS DOM VIOL","1"
"1916","245 DOM VIOL SUSP","1"
"1548","918 VIOLENT MALE","2"
"2013","242 POSS DOM VIOL","1"
"2004","620 DOM VIOL","8"
"0421","245 AMB CUTTING","1"
"0291","242 AMB DOM VIOL","1"
"0525","620 DOM VIOL R/O","14"
"2142","242 DOM VIOL INVESTI","1"
"0638","242 DOM VIOL SUSP","2"
"1787","620 DOM VIOL","8"
"1512","242 DOM VIOL SUSP","2"
"0522","245 AMB CUTTING","2"
"0247","245 AMB CUTTING","6"
"0507","245 AMB CUTTING","1"
"1267","242 BATTERY INVEST","3"
"0153","242 POSS DOM VIOL","2"
"1541","242 DOM VIOL","9"
"1004","918 VIOLENT FEM","1"
"1149","242 DOM VIOL J/O","1"
"2053","245 DOM VIOL SUSP NO","1"
"1151","245 DOM VIOL","3"
"1323","415 GROUP FIGHT","4"
"1088","415 FIGHT","1"
"0411","415 FIGHT","2"
"1767","918 VIOLENT FEM","2"
"0471","245 DOM VIOL","2"
"1723","620 DOM VIOL R/O","5"
"1483","245 DOM VIOL INVEST","1"
"1586","242 DOM VIOL","3"
"1862","242 DOM VIOL","33"
"1687","620 DOM VIOL R/O","14"
"0394","245 ADW","1"
"1615","245 DOM VIOL","2"
"0762","620 DOM VIOL R/O","7"
"2118","245 DOM VIOL IN PROG","1"
"0396","620 DOM VIOL R/O","11"
"0905","242 POSS DOM VIOL","1"
"0257","245 CUTTING INV","10"
"0838","245 AMB CUTTING","1"
"0185","242 BATTERY INVEST","5"
"1441","620 DOM VIOL R/O","23"
"1144","415 FIGHT","1"
"1663","242 DOM VIOL SUSP","3"
"2106","242 DOM VIOL","2"
"0644","415 FIGHT","5"
"1105","242 BATTERY","1"
"0994","242 DOM VIOL","1"
"0905","242 DOM VIOL","14"
"1377","245 DOM VIOL IN PROG","1"
"1908","242 DOM VIOL","12"
"0459","918 VIOLENT MALE","3"
"0509","245 DOM VIOL","3"
"1411","245 AMB CUTTING","2"
"1464","620 DOM VIOL","5"
"2038","415 GROUP FIGHT","5"
"1483","415 FIGHT","4"
"1169","620 DOM VIOL R/O","1"
"2044","620 DOM VIOL R/O","1"
"0185","620 DOM VIOL R/O","7"
"0249","242 DOM VIOL R/O VIO","1"
"1984","245 AMB CUTTING","3"
"1977","242 DOM VIOL","4"
"0218","242 DOM VIOL INVESTI","1"
"1851","242 DOM VIOL SUSP","2"
"1797","242 DOM VIOL","3"
"2058","918 VIOLENT JUV","1"
"0555","620 DOM VIOL","21"
"1913","242 BATTERY INVEST","1"
"1684","245 DOM VIOL SUSP NO","4"
"1837","242 DOM VIOL SUSP","9"
"1158","242 BATTERY INVEST","3"
"0449","245 DOM VIOL SUSP","1"
"0974","245 AMB CUTTING","1"
"1911","245 DOM VIOL SUSP NO","1"
"2044","245 DOM VIOL R/O","1"
"1908","242 AMB DOM VIOL","1"
"1293","415 FIGHT","1"
"0849","242 DOM VIOL","3"
"1751","620 DOM VIOL","7"
"1864","245 DOM VIOL SUSP NO","1"
"0758","415 GROUP FIGHT","2"
"0779","242 AMB DOM VIOL","1"
"1127","918 VIOLENT MALE","2"
"1235","918 VIOLENT MALE","1"
"1415","918 VIOLENT JUV","1"
"0464","245 DOM VIOL","2"
"0211","415 FIGHT","5"
"1324","620 DOM VIOL R/O","10"
"0333","620 DOM VIOL","12"
"1763","242 BATTERY INVEST","2"
"0952","245 AMB CUTTING","1"
"1864","245 DOM VIOL INVEST","1"
"1735","620 DOM VIOL","10"
"1583","918 VIOLENT MALE","1"
"0271","242 DOM VIOL","13"
"0463","242 DOM VIOL J/O","1"
"1133","242 DOM VIOL","7"
"1452","242 BATTERY INVEST","1"
"1727","918 VIOLENT MALE","1"
"1243","620 DOM VIOL R/O","19"
"0157","918 VIOLENT FEM","3"
"0637","242 DOM VIOL J/O","1"
"0629","415 FIGHT","1"
"1089","242 DOM VIOL","1"
"0409","620 DOM VIOL","21"
"1964","245 AMB DOM VIOL","1"
,"245 DOM VIOL INVEST","14"
"0321","415 FIGHT","6"
"1517","620 DOM VIOL","14"
"0923","415 FIGHT","3"
"0315","242 BATTERY INVEST","12"
"1663","918 VIOLENT FEM","1"
"1667","620 DOM VIOL","7"
"1657","242 BATTERY DOMESTIC","1"
"0338","242 BATTERY INVEST","1"
"0833","620 DOM VIOL","4"
"1963","245 DOM VIOL SUSP NO","1"
"0233","415 GROUP FIGHT","1"
"1962","415 GROUP FIGHT","4"
"1557","242 DOM VIOL","4"
"0245","620 DOM VIOL R/O","11"
"0507","242 DOM VIOL","7"
"0174","242 DOM VIOL SUSP","1"
"0457","620 DOM VIOL R/O","7"
"1915","242 DOM VIOL SUSP","3"
"1023","918 VIOLENT MALE","7"
"0164","245 DOM VIOL SUSP","4"
"1863","242 BATTERY DOMESTIC","2"
"1905","245 DOM VIOL","2"
"0231","242 BATTERY DOMESTIC","1"
"0156","242 DOM VIOL","28"
"1137","415 FIGHT","3"
"1501","245 AMB CUTTING","1"
"1612","918 VIOLENT JUV","3"
"0769","242 BATTERY INVEST","2"
"1361","245 AMB DOM VIOL","1"
"0392","245 DOM VIOL","6"
"0851","620 DOM VIOL R/O","2"
"2129","242 BATTERY DOMESTIC","2"
"0854","245 DOM VIOL","1"
"2187","242 BATTERY","1"
"0584","620 DOM VIOL","19"
"0437","242 DOM VIOL INVESTI","1"
"1258","242 BATTERY DOMESTIC","6"
"1589","242 BATTERY INVEST","1"
"1468","242 BATTERY INVEST","2"
"1211","242 DOM VIOL","23"
"1917","242 AMB DOM VIOL","1"
"2158","415 GROUP FIGHT","2"
"1473","245 DOM VIOL INVEST","1"
"2133","242 BATTERY INVEST","20"
"1107","918 VIOLENT MALE","1"
"1428","245 DOM VIOL","1"
"2044","245 DOM VIOL SUSP","1"
"0395","245 ADW POSS DOM VIO","3"
"1983","245 AMB CUTTING","1"
"1255","620 DOM VIOL","18"
"0402","242 DOM VIOL","2"
"1844","245 CUTTING INV","1"
"1712","245 DOM VIOL SUSP NO","1"
"2146","415 GROUP FIGHT","2"
"0144","242 BATTERY INVEST","1"
"1242","242 AMB DOM VIOL","1"
"1539","415 GROUP FIGHT","1"
"1716","245 DOM VIOL SUSP NO","1"
"0251","242 AMB DOM VIOL","3"
"1984","242 DOM VIOL J/O","1"
"1633","242 POSS DOM VIOL","1"
"1344","245 DOM VIOL","2"
"0669","245 DOM VIOL R/O","1"
"0418","245 DOM VIOL","2"
"1172","242 DOM VIOL","7"
"1141","242 DOM VIOL SUSP","4"
"0964","242 DOM VIOL","5"
"1173","242 BATTERY INVEST","1"
"0233","242 DOM VIOL INVESTI","3"
"0118","918 VIOLENT FEM","5"
"1844","620 DOM VIOL","47"
"1313","242 AMB DOM VIOL","2"
"1553","415 GROUP FIGHT","1"
"1567","415 FIGHT","5"
"1256","245 ADW POSS DOM VIO","1"
"1904","242 DOM VIOL SUSP","2"
"1347","415 GROUP FIGHT","1"
"1361","242 BATTERY INVEST","3"
"1239","242 AMB DOM VIOL","4"
"1163","242 BATTERY","1"
"1685","245 AMB CUTTING","1"
"1689","415 FIGHT","1"
"0328","245 CUTTING INV","2"
"1149","918 VIOLENT MALE","1"
"0138","242 AMB DOM VIOL","1"
"0491","242 AMB DOM VIOL","1"
"2097","245 DOM VIOL","1"
"0555","242 POSS DOM VIOL","3"
"1763","918 VIOLENT MALE","3"
"0948","242 DOM VIOL","6"
"1353","242 DOM VIOL J/O","1"
"1265","242 DOM VIOL INVESTI","1"
"1837","245 DOM VIOL","5"
"1152","242 DOM VIOL SUSP","1"
"1213","242 BATTERY INVEST","5"
"1307","242 BATTERY DOMESTIC","3"
"1208","918 VIOLENT MALE","4"
"0395","245 AMB CUTTING","2"
"0647","620 DOM VIOL","37"
"0399","245 CUTTING INV","1"
"2126","242 DOM VIOL SUSP","2"
"1985","918 VIOLENT MALE","3"
"1209","245 DOM VIOL SUSP J/","1"
"0541","242 DOM VIOL","20"
"0551","245 DOM VIOL SUSP NO","1"
"1964","242 BATTERY INVEST","1"
"0831","242 BATTERY DOMESTIC","1"
"0192","245 DOM VIOL SUSP NO","1"
"1132","242 POSS DOM VIOL","2"
"2137","415 FIGHT","7"
"1409","242 DOM VIOL SUSP","2"
"0217","242 BATTERY INVEST","2"
"0105","620 DOM VIOL R/O","1"
"0531","242 BATTERY INVEST","2"
"1514","620 DOM VIOL R/O","4"
"1195","415 FIGHT","2"
"0841","242 DOM VIOL","4"
"0155","245 DOM VIOL SUSP NO","1"
"0164","242 POSS DOM VIOL","1"
"1024","242 BATTERY DOMESTIC","1"
"1475","620 DOM VIOL R/O","1"
"1181","918 VIOLENT MALE","1"
"0785","242 BATTERY DOMESTIC","2"
"1602","242 DOM VIOL SUSP","5"
"1307","245 AMB DOM VIOL","1"
"0314","245 DOM VIOL IN PROG","1"
"2145","242 DOM VIOL SUSP","1"
"0745","415 FIGHT","3"
"0453","620 DOM VIOL R/O","3"
"1838","620 DOM VIOL","27"
"0166","245 DOM VIOL IN PROG","1"
"1581","242 BATTERY INVEST","2"
"2021","620 DOM VIOL","3"
"1918","242 BATTERY","1"
"0889","620 DOM VIOL","14"
"2039","245 DOM VIOL SUSP NO","2"
"1353","245 DOM VIOL","3"
"0565","245 AMB CUTTING","1"
"1891","415 FIGHT","3"
"1476","620 DOM VIOL","2"
"2137","242 DOM VIOL SUSP","2"
"2002","245 DOM VIOL","1"
"1239","415 FIGHT","12"
"0319","207 DOM VIOL SUSP","1"
"0657","242 DOM VIOL","7"
"0817","242 BATTERY INVEST","2"
"0932","242 DOM VIOL","10"
"1017","242 DOM VIOL","8"
"1637","620 DOM VIOL","5"
"0455","242 DOM VIOL SUSP","3"
"1377","620 DOM VIOL","19"
"0663","242 POSS DOM VIOL","4"
"1754","242 DOM VIOL","1"
"0668","242 BATTERY INVEST","5"
"0773","242 DOM VIOL","5"
"1776","918 VIOLENT JUV","1"
"1267","242 DOM VIOL SUSP","5"
"2005","242 DOM VIOL SUSP","4"
"0503","415 GROUP FIGHT","2"
"0393","242 DOM VIOL","13"
"1655","242 AMB DOM VIOL","1"
"1709","415 GROUP FIGHT","1"
"1136","245 DOM VIOL","2"
"2024","245 CUTTING INV","1"
"1437","242 DOM VIOL SUSP","1"
"0516","242 DOM VIOL INVESTI","2"
"1783","245 AMB DOM VIOL","1"
"1763","242 DOM VIOL","2"
"1638","242 DOM VIOL SUSP","1"
"1243","245 ADW","1"
"0314","245 AMB CUTTING","1"
"1505","620 DOM VIOL","11"
"1008","415 FIGHT","12"
"0215","242 DOM VIOL","2"
"0558","245 DOM VIOL","3"
"1464","620 DOM VIOL R/O","4"
"1215","245 DOM VIOL SUSP J/","3"
"1489","245 AMB CUTTING","1"
"1148","245 AMB CUTTING","1"
"1395","245 AMB CUTTING","3"
"1008","245 AMB CUTTING","4"
"0314","620 DOM VIOL R/O","10"
"1266","242 DOM VIOL SUSP","17"
"0166","415 FIGHT","11"
"2185","242 DOM VIOL","8"
"1651","918 VIOLENT FEM","2"
"0563","245 AMB DOM VIOL","2"
"2115","245 ADW POSS DOM VIO","1"
"0326","620 DOM VIOL","19"
"0334","918 VIOLENT FEM","1"
"1449","415 FIGHT","1"
"1587","288 ASSAULT INVEST","1"
"1612","415 GROUP FIGHT","2"
"1407","242 BATTERY INVEST","2"
"1263","415 FIGHT","7"
"1672","918 VIOLENT FEM","2"
"1147","242 DOM VIOL J/O","1"
"1834","918 VIOLENT JUV","1"
"1268","245 AMB DOM VIOL","1"
"0628","242 POSS DOM VIOL","1"
"1361","242 DOM VIOL R/O VIO","1"
"1791","620 DOM VIOL R/O","11"
"0743","415 GROUP FIGHT","1"
"1824","242 DOM VIOL SUSP","4"
"1101","242 DOM VIOL","3"
"2115","242 DOM VIOL SUSP","1"
"1617","620 DOM VIOL R/O","2"
"1695","245 DOM VIOL SUSP","1"
"2137","242 POSS DOM VIOL","3"
"1988","918 VIOLENT MALE","4"
"1243","245 AMB DOM VIOL SUS","1"
"0663","245 AMB CUTTING","3"
"1321","245 AMB CUTTING","5"
"1352","918 VIOLENT MALE","1"
"2177","245 DOM VIOL","1"
"0454","242 DOM VIOL INVESTI","1"
"1974","242 POSS DOM VIOL","2"
"1466","245 AMB CUTTING","1"
"1372","242 BATTERY INVEST","3"
"1787","242 DOM VIOL SUSP","1"
"1653","245 AMB CUTTING","2"
"1044","242 DOM VIOL","8"
"1945","415 FIGHT","2"
"0659","242 BATTERY INVEST","9"
"1018","245 CUTTING INV","1"
"2029","245 ADW POSS DOM VIO","2"
"0521","415 GROUP FIGHT","1"
"1829","242 BATTERY INVEST","1"
"0423","242 DOM VIOL","7"
"1327","245 AMB CUTTING","1"
"1242","245 AMB DOM VIOL SUS","1"
"0336","242 DOM VIOL SUSP","1"
"0515","620 DOM VIOL","11"
"0564","245 AMB CUTTING","3"
"2042","242 AMB DOM VIOL","1"
"0373","242 DOM VIOL","5"
"1079","242 DOM VIOL SUSP","1"
"1523","620 DOM VIOL","11"
"2011","245 AMB CUTTING","1"
"2183","242 BATTERY INVEST","1"
"2139","620 DOM VIOL R/O","2"
"0427","620 DOM VIOL","14"
"1767","242 AMB DOM VIOL","1"
"1916","245 DOM VIOL","1"
"2105","918 VIOLENT JUV","1"
"1241","245 DOM VIOL IN PROG","3"
"2107","245 DOM VIOL","1"
"0417","242 DOM VIOL","5"
"2118","242 DOM VIOL SUSP","4"
"0773","918 VIOLENT MALE","2"
"0427","620 DOM VIOL R/O","10"
"1243","242 BATTERY DOMESTIC","1"
"0667","242 DOM VIOL INVESTI","3"
"1413","415 GROUP FIGHT","1"
"1184","245 AMB CUTTING","1"
"0783","245 DOM VIOL INVEST","1"
"0587","242 POSS DOM VIOL","1"
"0639","242 AMB DOM VIOL","1"
"0479","620 DOM VIOL R/O","6"
"1127","242 BATTERY INVEST","3"
"1781","620 DOM VIOL","17"
"1881","242 BATTERY DOMESTIC","1"
"0561","415 FIGHT","1"
"0501","245 DOM VIOL R/O","1"
"1158","620 DOM VIOL","6"
"0645","245 DOM VIOL IN PROG","2"
"1181","242 POSS DOM VIOL","1"
"1127","245 AMB CUTTING","1"
"0404","242 DOM VIOL","1"
"0166","918 VIOLENT FEM","3"
"1981","620 DOM VIOL R/O","7"
"0649","415 FIGHT","3"
"0318","242 DOM VIOL SUSP","2"
"2147","620 DOM VIOL R/O","2"
"0237","620 DOM VIOL","45"
"0221","245 DOM VIOL R/O","1"
"0702","415 GROUP FIGHT","3"
"1353","242 BATTERY DOMESTIC","3"
"1063","245 DOM VIOL SUSP NO","2"
"0393","242 BATTERY INVEST","4"
"1904","918 VIOLENT FEM","2"
"1393","415 GROUP FIGHT","2"
"1792","245 DOM VIOL SUSP NO","1"
"0974","242 DOM VIOL R/O VIO","1"
"1796","620 DOM VIOL","7"
"1483","242 DOM VIOL SUSP","1"
"0514","242 DOM VIOL","26"
"1345","242 POSS DOM VIOL","1"
"1723","415 GROUP FIGHT","2"
"1793","245 ADW","1"
"0312","918 VIOLENT MALE","2"
"1353","245 DOM VIOL SUSP NO","2"
"0849","242 BATTERY DOMESTIC","1"
"0215","620 DOM VIOL R/O","3"
"1078","242 DOM VIOL J/O","1"
"1801","242 BATTERY INVEST","5"
"0402","242 BATTERY INVEST","1"
"1663","245 CUTTING INV","3"
"1669","620 DOM VIOL","1"
"2038","242 DOM VIOL","14"
"1863","245 DOM VIOL SUSP NO","4"
"1589","242 DOM VIOL J/O","1"
"1255","245 DOM VIOL","5"
"0357","242 AMB DOM VIOL","1"
"0146","245 AMB CUTTING","4"
"0926","242 AMB DOM VIOL","5"
"1801","245 DOM VIOL SUSP NO","2"
"1375","242 DOM VIOL SUSP","2"
"1864","918 VIOLENT FEM","1"
"1365","242 DOM VIOL","14"
"1621","620 DOM VIOL","28"
"0615","415 FIGHT","3"
"2157","415 GROUP FIGHT","2"
"1917","245 DOM VIOL SUSP NO","1"
"0555","245 DOM VIOL SUSP","2"
"0317","242 BATTERY DOMESTIC","1"
"0181","415 GROUP FIGHT","1"
"0353","242 AMB DOM VIOL","3"
"0637","918 VIOLENT JUV","1"
"2136","245 DOM VIOL","4"
"1325","620 DOM VIOL","8"
"0217","242 DOM VIOL SUSP","1"
"1045","415 FIGHT","2"
"0182","242 AMB DOM VIOL","5"
"1846","245 DOM VIOL R/O","1"
"0584","242 DOM VIOL","2"
"1248","245 AMB DOM VIOL","1"
"1367","245 AMB CUTTING","5"
"1621","245 AMB DOM VIOL SUS","1"
"0705","620 DOM VIOL R/O","2"
"1531","242 DOM VIOL","5"
"1263","245 DOM VIOL SUSP NO","4"
"1723","242 AMB DOM VIOL","1"
"0401","415 FIGHT","1"
"0153","415 FIGHT","25"
"0312","242 DOM VIOL R/O VIO","1"
"1503","242 DOM VIOL INVESTI","1"
"1988","245 AMB CUTTING","1"
"0519","242 POSS DOM VIOL","2"
"0309","245 DOM VIOL","1"
"0363","242 AMB DOM VIOL","4"
"0911","242 DOM VIOL INVESTI","1"
"0256","242 BATTERY INVEST","1"
"2158","242 POSS DOM VIOL","6"
"0937","918 VIOLENT JUV","2"
"1019","918 VIOLENT JUV","1"
"1924","242 AMB DOM VIOL","2"
"0779","245 DOM VIOL SUSP","1"
"0784","245 DOM VIOL SUSP NO","1"
"2029","918 VIOLENT FEM","2"
"1129","242 POSS DOM VIOL","2"
"1871","242 BATTERY INVEST","4"
"0766","242 AMB DOM VIOL","1"
"1912","415 FIGHT","1"
"0735","242 DOM VIOL INVESTI","1"
"0497","620 DOM VIOL R/O","18"
"0395","415 FIGHT","7"
"2027","245 AMB DOM VIOL","1"
"1757","245 AMB CUTTING","1"
"0153","245 ADW POSS DOM VIO","1"
"0762","242 DOM VIOL","8"
"2079","918 VIOLENT FEM","2"
"0118","242 BATTERY DOMESTIC","1"
"0705","242 DOM VIOL","6"
"2147","242 DOM VIOL SUSP","1"
"1173","620 DOM VIOL","3"
"0923","918 VIOLENT MALE","1"
"1637","620 DOM VIOL R/O","4"
"1033","415 GROUP FIGHT","1"
"1213","620 DOM VIOL R/O","18"
"0397","242 DOM VIOL J/O","1"
"1781","242 DOM VIOL SUSP","3"
"2023","242 DOM VIOL SUSP","1"
"0734","242 DOM VIOL INVESTI","2"
"0257","288 ASSAULT INVEST","1"
"1232","620 DOM VIOL R/O","12"
"0667","245 DOM VIOL","3"
"1132","245 DOM VIOL SUSP J/","1"
"1245","620 DOM VIOL R/O","24"
"0403","620 DOM VIOL","2"
"0637","242 DOM VIOL","10"
"1779","620 DOM VIOL R/O","4"
"1695","620 DOM VIOL","15"
"0832","242 DOM VIOL SUSP","2"
"0566","620 DOM VIOL","38"
"0522","245 DOM VIOL SUSP","1"
"1215","242 AMB DOM VIOL SUS","1"
"1638","245 DOM VIOL SUSP NO","1"
"1267","242 POSS DOM VIOL","6"
"2115","620 DOM VIOL R/O","1"
"1656","245 DOM VIOL","1"
"2049","245 AMB DOM VIOL","1"
"0525","245 AMB DOM VIOL","1"
"1826","245 DOM VIOL","12"
"1777","242 DOM VIOL INVESTI","1"
"1699","245 AMB CUTTING","1"
"0831","415 GROUP FIGHT","1"
"1983","245 DOM VIOL SUSP","4"
"1393","242 DOM VIOL","19"
"0646","620 DOM VIOL R/O","12"
"0144","620 DOM VIOL R/O","14"
"0974","415 FIGHT","7"
"0478","620 DOM VIOL R/O","12"
"1211","245 DOM VIOL","3"
"1157","245 DOM VIOL SUSP NO","1"
"1881","242 DOM VIOL SUSP","1"
"0312","242 AMB DOM VIOL","2"
"0176","245 AMB CUTTING","7"
"1345","242 DOM VIOL","10"
"0499","242 DOM VIOL SUSP","1"
"1723","242 DOM VIOL INVESTI","1"
"0292","242 DOM VIOL","1"
"1665","918 VIOLENT JUV","1"
"1132","245 DOM VIOL","2"
"0299","242 DOM VIOL SUSP","2"
"1331","242 DOM VIOL J/O","1"
"1823","242 DOM VIOL SUSP","5"
"0316","242 BATTERY DOMESTIC","2"
"1031","415 GROUP FIGHT","1"
"1414","242 BATTERY INVEST","3"
"1637","242 BATTERY INVEST","1"
"0899","918 VIOLENT MALE","1"
"0398","242 DOM VIOL SUSP","5"
"0971","620 DOM VIOL","3"
"0249","245 AMB CUTTING","2"
"1526","242 DOM VIOL","15"
"1115","620 DOM VIOL","6"
"1025","245 DOM VIOL SUSP","1"
"0393","242 POSS DOM VIOL","1"
"0897","245 DOM VIOL","1"
"1505","245 DOM VIOL","1"
"0835","242 BATTERY INVEST","3"
"0933","245 DOM VIOL","1"
"2036","242 DOM VIOL INVESTI","2"
"0154","245 DOM VIOL SUSP J/","1"
"1347","242 BATTERY INVEST","3"
"0392","242 POSS DOM VIOL","1"
"1846","245 DOM VIOL SUSP J/","1"
"1802","242 POSS DOM VIOL","2"
"1109","245 DOM VIOL","1"
"1138","242 DOM VIOL J/O","1"
"0146","245 DOM VIOL","1"
"1039","242 DOM VIOL","19"
"1793","918 VIOLENT FEM","1"
"0991","242 AMB DOM VIOL","1"
"0502","242 DOM VIOL","1"
"0351","415 FIGHT","1"
"1831","242 DOM VIOL SUSP","3"
"0667","245 DOM VIOL SUSP NO","1"
"0979","415 FIGHT","1"
"1708","415 FIGHT","1"
"0362","245 POSS DOM VIOL I/","1"
"2141","245 DOM VIOL","1"
"0336","245 DOM VIOL","1"
"0859","415 FIGHT","8"
"1124","620 DOM VIOL","16"
"0445","415 FIGHT","1"
"1962","245 DOM VIOL IN PROG","1"
"2058","242 DOM VIOL","8"
"1251","245 DOM VIOL SUSP","3"
"0529","242 DOM VIOL SUSP","4"
"0311","918 VIOLENT FEM","1"
"0946","242 DOM VIOL SUSP","1"
"0119","242 BATTERY DOMESTIC","1"
"1134","918 VIOLENT MALE","1"
"1765","620 DOM VIOL","1"
"2035","245 DOM VIOL","2"
"1864","245 DOM VIOL SUSP","3"
"1459","245 DOM VIOL","1"
"1158","245 DOM VIOL","4"
"1925","620 DOM VIOL R/O","6"
"1269","242 AMB DOM VIOL","6"
"0532","242 BATTERY DOMESTIC","1"
"1615","620 DOM VIOL","10"
"1655","242 DOM VIOL SUSP","1"
"2115","620 DOM VIOL","5"
"1454","242 DOM VIOL","8"
"1083","245 DOM VIOL","1"
"0439","245 DOM VIOL IN PROG","2"
"2071","245 ADW POSS DOM VIO","1"
"0275","245 DOM VIOL SUSP","1"
"1801","245 DOM VIOL SUSP J/","1"
"1269","245 CUTTING INV","2"
"0338","245 DOM VIOL","1"
"1675","242 BATTERY DOMESTIC","1"
"0393","245 DOM VIOL R/O","1"
"1516","918 VIOLENT FEM","1"
"0909","918 VIOLENT JUV","3"
"1385","242 AMB DOM VIOL","2"
"1643","242 DOM VIOL","8"
"1012","242 POSS DOM VIOL","2"
"0561","245 DOM VIOL SUSP NO","1"
"1469","245 DOM VIOL","3"
"0526","245 ADW","1"
"1547","620 DOM VIOL R/O","7"
"0631","242 DOM VIOL INVESTI","1"
"1326","415 GROUP FIGHT","1"
"2111","242 POSS DOM VIOL","1"
"0165","415 GROUP FIGHT","1"
"0397","245 AMB DOM VIOL","1"
"1608","242 DOM VIOL SUSP","1"
"0732","918 VIOLENT MALE","1"
"0392","620 DOM VIOL","27"
"2113","242 DOM VIOL J/O","1"
"0923","245 ADW POSS DOM VIO","1"
"1863","918 VIOLENT FEM","3"
"1822","242 POSS DOM VIOL","3"
"1313","245 AMB CUTTING","8"
"0156","620 DOM VIOL","30"
"1839","415 FIGHT","4"
"1524","242 POSS DOM VIOL","1"
"1826","415 GROUP FIGHT","7"
"0219","620 DOM VIOL R/O","6"
"0211","242 BATTERY","1"
"1219","620 DOM VIOL R/O","1"
"1145","620 DOM VIOL","7"
"0295","242 DOM VIOL SUSP","5"
"1526","620 DOM VIOL R/O","12"
"1802","207 DOM VIOL","1"
"2088","620 DOM VIOL R/O","6"
"0398","242 DOM VIOL","11"
"1383","245 CUTTING INV","1"
"1427","415 FIGHT","2"
"0202","245 DOM VIOL INVEST","1"
"0656","245 AMB DOM VIOL","1"
"0526","242 DOM VIOL SUSP","1"
"0647","242 DOM VIOL J/O","1"
"1567","242 DOM VIOL INVESTI","1"
"0215","245 DOM VIOL","2"
"0329","415 GROUP FIGHT","1"
"1981","242 BATTERY INVEST","4"
"0834","242 DOM VIOL","8"
"0911","918 VIOLENT MALE","1"
"0429","620 DOM VIOL","10"
"0525","918 VIOLENT MALE","1"
"1352","245 DOM VIOL SUSP NO","4"
"1231","245 DOM VIOL SUSP J/","1"
"2033","242 AMB DOM VIOL","2"
"0647","918 VIOLENT MALE","2"
"1102","242 DOM VIOL SUSP","1"
"2128","918 VIOLENT MALE","1"
"0946","620 DOM VIOL R/O","5"
"0833","415 GROUP FIGHT","1"
"1506","415 FIGHT","3"
"1021","620 DOM VIOL","10"
"1655","620 DOM VIOL","3"
"0632","242 AMB DOM VIOL","1"
"1351","245 DOM VIOL IN PROG","2"
"1951","245 DOM VIOL","1"
"1587","245 DOM VIOL SUSP NO","1"
"2026","918 VIOLENT MALE","3"
"0375","242 BATTERY INVEST","1"
"0713","620 DOM VIOL","11"
"1834","245 DOM VIOL","5"
"0911","242 AMB DOM VIOL","2"
"0817","242 DOM VIOL SUSP","1"
"1381","245 DOM VIOL","1"
"0892","242 POSS DOM VIOL","1"
"2161","620 DOM VIOL","3"
"2031","620 DOM VIOL R/O","1"
"1943","245 DOM VIOL SUSP NO","1"
"1861","918 VIOLENT FEM","1"
"1526","245 AMB DOM VIOL","1"
"1903","242 DOM VIOL","1"
"1787","242 AMB DOM VIOL","1"
"1982","245 AMB CUTTING","2"
"1372","245 AMB CUTTING","4"
"0391","245 ADW","2"
"0638","620 DOM VIOL","17"
"1794","242 DOM VIOL INVESTI","2"
"0501","242 POSS DOM VIOL","1"
"0516","242 DOM VIOL SUSP","2"
"0926","242 BATTERY","1"
"1322","245 DOM VIOL INVEST","1"
"0883","415 GROUP FIGHT","2"
"1952","245 DOM VIOL IN PROG","1"
"1901","620 DOM VIOL R/O","3"
"1257","242 DOM VIOL","21"
"0331","242 BATTERY DOMESTIC","2"
"1774","415 FIGHT","1"
"1775","415 GROUP FIGHT","2"
"1684","242 DOM VIOL J/O","1"
"2079","242 POSS DOM VIOL","2"
"0647","415 GROUP FIGHT","3"
"0892","245 DOM VIOL INVEST","1"
"0155","242 AMB DOM VIOL","1"
"0638","242 BATTERY DOMESTIC","1"
"1747","242 POSS DOM VIOL","2"
"1324","415 FIGHT","4"
"1317","242 POSS DOM VIOL","3"
"1365","918 VIOLENT FEM","1"
"0759","242 BATTERY INVEST","1"
"1331","918 VIOLENT JUV","1"
"1047","242 DOM VIOL SUSP","4"
,"245 CUTTING INV","23"
"0201","415 FIGHT","9"
"1508","242 DOM VIOL","1"
"2013","415 FIGHT","4"
"1472","242 DOM VIOL","2"
"0721","415 FIGHT","8"
"1266","245 AMB CUTTING","5"
"0157","415 FIGHT","3"
"0706","918 VIOLENT MALE","1"
"0354","245 AMB CUTTING","3"
"1799","415 GROUP FIGHT","1"
"0162","245 DOM VIOL R/O","1"
"1547","242 DOM VIOL INVESTI","2"
"1796","242 BATTERY INVEST","1"
"0357","242 POSS DOM VIOL","1"
"2023","242 DOM VIOL","15"
"1602","242 BATTERY","1"
"1823","918 VIOLENT MALE","3"
"1555","242 DOM VIOL INVESTI","2"
"1977","415 GROUP FIGHT","1"
"0648","415 FIGHT","19"
"0251","242 DOM VIOL INVESTI","1"
"1321","415 FIGHT","10"
"2039","242 DOM VIOL SUSP","4"
"1001","242 DOM VIOL SUSP","1"
"1862","242 DOM VIOL SUSP","2"
"0245","918 VIOLENT FEM","1"
"1693","918 VIOLENT MALE","1"
"1971","918 VIOLENT MALE","2"
"0743","620 DOM VIOL R/O","1"
"0241","620 DOM VIOL","11"
"1907","620 DOM VIOL R/O","2"
"0564","242 POSS DOM VIOL","2"
"0457","415 GROUP FIGHT","1"
"1208","245 ADW POSS DOM VIO","2"
"1531","415 FIGHT","1"
"1795","620 DOM VIOL","11"
"1797","242 BATTERY DOMESTIC","1"
"2044","415 FIGHT","4"
"1535","918 VIOLENT FEM","1"
"2055","242 DOM VIOL SUSP","5"
"0156","242 BATTERY","1"
"0325","242 DOM VIOL SUSP","2"
"0356","918 VIOLENT MALE","2"
"2137","245 DOM VIOL IN PROG","1"
"2035","242 DOM VIOL INVESTI","1"
"0656","242 DOM VIOL SUSP","2"
"0135","242 DOM VIOL","9"
"1935","415 FIGHT","1"
"1249","245 DOM VIOL","3"
"1676","415 GROUP FIGHT","2"
"1924","245 DOM VIOL SUSP NO","1"
"1509","620 DOM VIOL R/O","1"
"1183","245 AMB CUTTING","3"
"1687","242 DOM VIOL SUSP","3"
"1362","245 DOM VIOL SUSP J/","1"
"1255","245 DOM VIOL INVEST","3"
"0881","245 AMB CUTTING","1"
"1691","415 FIGHT","2"
"0237","415 GROUP FIGHT","2"
"0142","242 DOM VIOL SUSP","2"
"1233","245 DOM VIOL","2"
"1012","245 DOM VIOL INVEST","1"
"1215","245 DOM VIOL R/O","1"
"2041","242 BATTERY INVEST","2"
"1504","245 DOM VIOL SUSP NO","1"
"1513","918 VIOLENT MALE","2"
"1467","245 ADW POSS DOM VIO","1"
"2101","288 ASSAULT INVEST","1"
"1698","918 VIOLENT JUV","1"
"0941","242 DOM VIOL","14"
"2063","242 DOM VIOL SUSP","1"
"1365","245 DOM VIOL","5"
"1969","242 DOM VIOL","5"
"1562","242 DOM VIOL","4"
"0407","242 DOM VIOL","10"
"1255","242 DOM VIOL INVESTI","1"
"0325","918 VIOLENT FEM","1"
"0182","245 DOM VIOL IN PROG","2"
"1891","242 BATTERY INVEST","2"
"1333","245 AMB CUTTING","2"
"1309","415 FIGHT","4"
"0701","918 VIOLENT FEM","1"
"0165","918 VIOLENT MALE","4"
"1203","918 VIOLENT FEM","1"
"1268","245 DOM VIOL SUSP J/","1"
"1645","415 GROUP FIGHT","3"
"1031","620 DOM VIOL R/O","2"
"0143","415 GROUP FIGHT","4"
"0415","242 AMB DOM VIOL","1"
"2133","242 AMB DOM VIOL","2"
"1512","242 DOM VIOL INVESTI","1"
"0376","415 FIGHT","4"
"0777","620 DOM VIOL R/O","1"
"1268","242 BATTERY INVEST","6"
"1919","242 DOM VIOL","1"
"1488","415 FIGHT","8"
"0637","242 DOM VIOL SUSP","2"
"0938","242 DOM VIOL SUSP","1"
"1132","415 GROUP FIGHT","1"
"1457","242 DOM VIOL","4"
"0158","245 AMB CUTTING","3"
"1031","242 DOM VIOL SUSP","1"
"1253","620 DOM VIOL R/O","6"
"1325","245 DOM VIOL SUSP","1"
"1146","620 DOM VIOL R/O","5"
"0532","242 POSS DOM VIOL","1"
"1695","245 DOM VIOL","1"
"0362","242 AMB DOM VIOL","4"
"1023","620 DOM VIOL","25"
"1341","245 DOM VIOL SUSP NO","1"
"0335","620 DOM VIOL R/O","5"
"1243","245 DOM VIOL","6"
"1959","415 FIGHT","2"
"1921","242 POSS DOM VIOL","2"
"1824","620 DOM VIOL R/O","10"
"1891","245 DOM VIOL SUSP J/","2"
"0221","242 BATTERY DOMESTIC","1"
"2039","918 VIOLENT FEM","1"
"1581","242 DOM VIOL","4"
"0765","620 DOM VIOL","22"
"0359","242 DOM VIOL J/O","1"
"1253","245 DOM VIOL SUSP","2"
"0392","242 BATTERY DOMESTIC","1"
"0749","245 AMB CUTTING","1"
"1235","242 DOM VIOL SUSP","3"
"2071","620 DOM VIOL","9"
"1205","242 AMB DOM VIOL","1"
"1407","620 DOM VIOL","12"
"1693","245 ADW POSS DOM VIO","1"
"0449","415 GROUP FIGHT","3"
"0504","620 DOM VIOL R/O","9"
"0205","245 DOM VIOL SUSP NO","1"
"1827","245 ADW POSS DOM VIO","1"
"0919","245 ADW","1"
"1958","242 BATTERY INVEST","1"
"1487","245 DOM VIOL","3"
"1974","242 BATTERY INVEST","2"
"0142","245 DOM VIOL SUSP NO","1"
"0473","242 DOM VIOL","11"
"1208","415 GROUP FIGHT","1"
"0636","415 GROUP FIGHT","11"
"0422","415 FIGHT","3"
"1213","245 ADW POSS DOM VIO","1"
"0587","245 DOM VIOL IN PROG","1"
"0151","245 CUTTING INV","1"
"1252","620 DOM VIOL","19"
"0502","242 BATTERY INVEST","1"
"1693","918 VIOLENT FEM","1"
"1004","620 DOM VIOL","9"
"0376","245 AMB DOM VIOL","2"
"1343","242 DOM VIOL","13"
"0774","242 POSS DOM VIOL","1"
"1205","242 DOM VIOL J/O","2"
"1249","245 AMB CUTTING","8"
"0362","245 DOM VIOL","4"
"0785","415 FIGHT","2"
"1663","918 VIOLENT MALE","4"
"0261","415 GROUP FIGHT","2"
"2091","242 DOM VIOL","1"
"1351","242 DOM VIOL R/O VIO","1"
"1538","918 VIOLENT FEM","1"
"1371","245 AMB CUTTING","4"
"1265","415 GROUP FIGHT","3"
"1015","918 VIOLENT MALE","1"
"2115","245 AMB DOM VIOL","1"
"1035","620 DOM VIOL","18"
"1065","242 BATTERY INVEST","2"
"1466","918 VIOLENT MALE","1"
"1029","245 DOM VIOL","1"
"0305","242 DOM VIOL","1"
"2014","620 DOM VIOL","12"
"1012","242 BATTERY DOMESTIC","1"
"0503","245 DOM VIOL SUSP NO","3"
"1638","918 VIOLENT FEM","2"
"2055","245 DOM VIOL SUSP NO","1"
"0395","242 DOM VIOL SUSP","7"
"1553","918 VIOLENT JUV","1"
"1432","415 GROUP FIGHT","2"
"0394","620 DOM VIOL R/O","1"
"1063","242 DOM VIOL SUSP","1"
"1863","242 DOM VIOL","24"
"1145","245 DOM VIOL","1"
"0513","620 DOM VIOL","19"
"1352","242 DOM VIOL","21"
"0881","918 VIOLENT FEM","1"
"1432","242 POSS DOM VIOL","1"
"1361","245 POSS DOM VIOL I/","1"
"1861","918 VIOLENT MALE","1"
"1967","242 AMB DOM VIOL","1"
"1189","242 POSS DOM VIOL","1"
"0557","918 VIOLENT FEM","2"
"1253","245 AMB DOM VIOL","1"
"1088","242 DOM VIOL","5"
"0265","245 DOM VIOL IN PROG","2"
"0203","245 DOM VIOL SUSP J/","1"
"0777","242 DOM VIOL","1"
"2155","242 BATTERY DOMESTIC","1"
"0663","242 DOM VIOL SUSP","7"
"1803","245 DOM VIOL SUSP NO","1"
"0328","620 DOM VIOL R/O","3"
"1805","245 DOM VIOL SUSP NO","1"
"1045","245 DOM VIOL SUSP","1"
"1622","242 DOM VIOL SUSP","2"
"1754","242 DOM VIOL J/O","1"
"0759","620 DOM VIOL R/O","5"
"2039","620 DOM VIOL","21"
"2169","620 DOM VIOL","3"
"1466","242 DOM VIOL","1"
"1822","242 BATTERY INVEST","5"
"0449","415 FIGHT","2"
"0557","415 FIGHT","12"
"1162","245 ADW","1"
"1522","918 VIOLENT MALE","2"
"0374","415 FIGHT","2"
"0489","242 DOM VIOL","12"
"2015","620 DOM VIOL","16"
"1651","918 VIOLENT MALE","2"
"0468","620 DOM VIOL","8"
"2129","620 DOM VIOL R/O","2"
"1951","415 FIGHT","1"
"2045","242 POSS DOM VIOL","2"
"2004","245 DOM VIOL SUSP NO","1"
"1583","415 FIGHT","2"
"2129","620 DOM VIOL","10"
"1846","245 AMB DOM VIOL","2"
"1488","242 POSS DOM VIOL","2"
"1203","620 DOM VIOL","29"
"0139","415 FIGHT","2"
"1959","242 AMB DOM VIOL","1"
"0551","918 VIOLENT MALE","1"
"1539","245 DOM VIOL","2"
"1787","415 FIGHT","2"
"0281","415 FIGHT","8"
"0668","242 BATTERY DOMESTIC","1"
"0159","245 DOM VIOL","1"
"0911","242 DOM VIOL SUSP","8"
"2189","918 VIOLENT FEM","1"
"1015","242 BATTERY INVEST","5"
"0528","245 DOM VIOL","1"
"0897","245 DOM VIOL SUSP","1"
"0789","245 ADW POSS DOM VIO","1"
"1913","918 VIOLENT FEM","2"
"1804","620 DOM VIOL","17"
"1132","242 AMB DOM VIOL","1"
"1605","620 DOM VIOL","5"
"0762","242 DOM VIOL SUSP","2"
"1941","242 DOM VIOL","2"
"0341","245 DOM VIOL SUSP","2"
"1208","242 POSS DOM VIOL","3"
"0128","242 DOM VIOL","5"
"0427","242 DOM VIOL","8"
"0128","242 BATTERY DOMESTIC","1"
"1412","620 DOM VIOL","11"
"1827","242 DOM VIOL","42"
"0466","415 GROUP FIGHT","1"
"1145","918 VIOLENT FEM","1"
"0139","620 DOM VIOL R/O","3"
"1622","242 BATTERY INVEST","2"
"0507","918 VIOLENT MALE","1"
"1215","415 GROUP FIGHT","2"
"0784","918 VIOLENT FEM","1"
"1829","242 AMB DOM VIOL","1"
"0469","245 DOM VIOL SUSP NO","1"
"0952","918 VIOLENT JUV","1"
"0788","620 DOM VIOL","1"
"1024","620 DOM VIOL R/O","7"
"1241","242 DOM VIOL J/O","3"
"1737","918 VIOLENT MALE","1"
"0333","245 AMB CUTTING","1"
"0466","242 AMB DOM VIOL","1"
"1005","245 ADW POSS DOM VIO","1"
"0669","245 DOM VIOL","1"
"2102","415 FIGHT","1"
"0506","918 VIOLENT FEM","1"
"1964","245 DOM VIOL INVEST","1"
"1966","242 DOM VIOL INVESTI","1"
"0659","415 FIGHT","3"
"2002","415 FIGHT","8"
"1861","242 POSS DOM VIOL","2"
"1203","242 DOM VIOL INVESTI","2"
"0523","242 DOM VIOL","1"
"1792","245 ADW","1"
"0174","242 DOM VIOL","6"
"0889","242 AMB DOM VIOL","1"
"1394","242 DOM VIOL SUSP","1"
"1409","918 VIOLENT JUV","1"
"1547","242 DOM VIOL","9"
"0463","415 GROUP FIGHT","2"
"1142","620 DOM VIOL R/O","1"
"1643","242 POSS DOM VIOL","1"
"1311","415 FIGHT","1"
"1826","242 POSS DOM VIOL","3"
"2027","242 DOM VIOL R/O VIO","1"
"1918","415 FIGHT","2"
"1553","242 DOM VIOL SUSP","3"
"0448","242 AMB DOM VIOL","2"
"0457","245 DOM VIOL SUSP","1"
"1519","620 DOM VIOL R/O","5"
"2137","242 DOM VIOL","11"
"1924","242 POSS DOM VIOL","1"
"0162","242 DOM VIOL","31"
"0557","242 DOM VIOL","19"
"2079","242 BATTERY INVEST","4"
"0563","415 GROUP FIGHT","6"
"1321","242 DOM VIOL","22"
"1189","242 DOM VIOL","7"
"0827","620 DOM VIOL","16"
"2113","918 VIOLENT FEM","2"
"0449","242 DOM VIOL","8"
"0236","415 GROUP FIGHT","1"
"1838","918 VIOLENT JUV","2"
"1993","245 DOM VIOL SUSP","1"
"1638","620 DOM VIOL R/O","1"
"0422","242 DOM VIOL INVESTI","1"
"0326","242 DOM VIOL","11"
"1207","918 VIOLENT MALE","4"
"1758","242 DOM VIOL","1"
"1635","242 DOM VIOL","1"
"0326","242 POSS DOM VIOL","1"
"1836","918 VIOLENT JUV","1"
"1682","245 DOM VIOL SUSP","1"
"1467","620 DOM VIOL R/O","3"
"0506","242 BATTERY INVEST","2"
"1067","620 DOM VIOL","10"
"0314","242 DOM VIOL SUSP","4"
"1049","242 AMB DOM VIOL","1"
"1831","242 BATTERY DOMESTIC","1"
"0335","242 DOM VIOL","7"
"1025","245 DOM VIOL INVEST","1"
"1935","242 DOM VIOL J/O","1"
"2023","242 BATTERY DOMESTIC","2"
"0157","245 AMB DOM VIOL","2"
"0787","242 BATTERY INVEST","1"
"0336","245 DOM VIOL SUSP","1"
"0897","242 AMB DOM VIOL","1"
"1764","242 DOM VIOL SUSP","2"
"0557","620 DOM VIOL R/O","6"
"0455","245 AMB CUTTING","5"
"1169","415 FIGHT","1"
"2136","918 VIOLENT JUV","1"
"2031","242 BATTERY","2"
"1723","918 VIOLENT FEM","1"
"1458","245 ADW POSS DOM VIO","1"
"1514","242 POSS DOM VIOL","2"
"0156","415 GROUP FIGHT","6"
"1259","415 FIGHT","17"
"0392","245 AMB DOM VIOL","1"
"1089","242 BATTERY DOMESTIC","1"
"1684","242 DOM VIOL SUSP","5"
"0331","242 BATTERY INVEST","2"
"2025","245 DOM VIOL SUSP","1"
"0162","415 GROUP FIGHT","7"
"1846","242 DOM VIOL INVESTI","3"
"1243","242 POSS DOM VIOL","1"
"0335","415 GROUP FIGHT","3"
"0923","918 VIOLENT FEM","1"
"0279","242 DOM VIOL INVESTI","2"
"0941","415 FIGHT","7"
"0489","242 DOM VIOL SUSP","1"
"0248","415 FIGHT","9"
"0132","242 DOM VIOL","12"
"1954","620 DOM VIOL R/O","8"
"1842","242 POSS DOM VIOL","1"
"1492","415 FIGHT","1"
"0465","242 DOM VIOL SUSP","2"
"0448","918 VIOLENT MALE","3"
"0132","242 BATTERY DOMESTIC","1"
"0182","242 BATTERY INVEST","7"
"1409","620 DOM VIOL","8"
"1712","918 VIOLENT FEM","1"
"0182","245 AMB CUTTING","8"
"1505","245 AMB CUTTING","1"
"0915","245 DOM VIOL SUSP","2"
"0562","245 DOM VIOL IN PROG","1"
"0155","242 BATTERY INVEST","4"
"0212","245 AMB CUTTING","3"
"1341","620 DOM VIOL R/O","2"
"0356","242 DOM VIOL SUSP","6"
"1524","242 DOM VIOL INVESTI","1"
"2141","415 FIGHT","2"
"1453","242 BATTERY DOMESTIC","2"
"0648","242 BATTERY INVEST","2"
"1431","242 BATTERY","1"
"0643","242 DOM VIOL","21"
"1821","242 AMB DOM VIOL","4"
"1353","620 DOM VIOL","25"
"1545","242 DOM VIOL","14"
"0901","242 AMB DOM VIOL","3"
"0376","245 DOM VIOL SUSP NO","2"
"2029","242 DOM VIOL INVESTI","1"
"0216","242 DOM VIOL","6"
"1555","242 DOM VIOL SUSP","3"
"1902","242 AMB DOM VIOL","1"
"1966","245 ADW POSS DOM VIO","1"
"1381","242 DOM VIOL","7"
"0711","242 AMB DOM VIOL","2"
"2071","242 BATTERY INVEST","3"
"1006","245 AMB CUTTING","2"
"0132","415 FIGHT","3"
"1779","245 DOM VIOL","1"
"1863","415 FIGHT","3"
"2038","242 BATTERY INVEST","2"
"0236","245 AMB CUTTING","2"
"1203","415 GROUP FIGHT","7"
"1321","242 DOM VIOL SUSP","2"
"2107","245 DOM VIOL INVEST","1"
"2157","242 DOM VIOL SUSP","7"
"2053","245 DOM VIOL","1"
"0551","415 GROUP FIGHT","2"
"2001","242 DOM VIOL","4"
"0356","245 AMB CUTTING","3"
"2035","415 FIGHT","3"
"0626","620 DOM VIOL","9"
"2162","918 VIOLENT MALE","1"
"1794","245 DOM VIOL SUSP NO","1"
"0551","245 DOM VIOL","2"
"1602","415 FIGHT","2"
"1622","245 ADW POSS DOM VIO","1"
"0639","415 GROUP FIGHT","3"
"0491","242 DOM VIOL","7"
"0159","245 DOM VIOL SUSP","1"
"2026","620 DOM VIOL R/O","5"
"2046","245 DOM VIOL SUSP","1"
"0379","242 DOM VIOL INVESTI","1"
"1654","620 DOM VIOL","21"
"1849","245 DOM VIOL","10"
"0453","415 FIGHT","4"
"1822","242 DOM VIOL INVESTI","3"
"0677","245 DOM VIOL SUSP NO","1"
"1183","242 DOM VIOL SUSP","2"
"1793","620 DOM VIOL R/O","6"
"0271","242 POSS DOM VIOL","1"
"0309","620 DOM VIOL R/O","1"
"0933","242 DOM VIOL","14"
"1915","245 DOM VIOL","4"
"1654","245 DOM VIOL","4"
"0923","242 BATTERY INVEST","3"
"1983","242 BATTERY INVEST","3"
"1147","918 VIOLENT MALE","1"
"0766","918 VIOLENT MALE","1"
"0702","242 DOM VIOL","6"
"0668","245 CUTTING INV","1"
"0778","415 GROUP FIGHT","1"
"0677","415 FIGHT","3"
"1794","918 VIOLENT FEM","2"
"1134","242 BATTERY DOMESTIC","1"
"1331","245 ADW","1"
"1252","918 VIOLENT MALE","1"
"2175","242 DOM VIOL R/O VIO","1"
"0279","415 GROUP FIGHT","1"
"1273","620 DOM VIOL R/O","4"
"1233","207 DOM VIOL SUSP NO","1"
"1303","620 DOM VIOL","7"
"2118","245 DOM VIOL","1"
"0904","242 DOM VIOL","18"
"1178","918 VIOLENT MALE","1"
"1721","620 DOM VIOL","1"
"1966","620 DOM VIOL R/O","1"
"0529","207 DOM VIOL","1"
"0985","415 FIGHT","3"
"0192","207 DOM VIOL SUSP NO","1"
"0779","620 DOM VIOL R/O","1"
"1758","242 DOM VIOL SUSP","1"
"1693","245 DOM VIOL","2"
"1728","918 VIOLENT FEM","2"
"1362","242 BATTERY INVEST","4"
"1988","242 BATTERY INVEST","2"
"1255","415 GROUP FIGHT","3"
"0236","242 DOM VIOL INVESTI","2"
"1256","245 DOM VIOL SUSP","3"
"1245","242 BATTERY INVEST","2"
"0666","620 DOM VIOL R/O","3"
"1781","242 DOM VIOL","21"
"0261","242 DOM VIOL","18"
"0317","242 DOM VIOL SUSP","1"
"1991","620 DOM VIOL","19"
"1406","918 VIOLENT MALE","1"
"1762","245 DOM VIOL","2"
"1446","245 AMB DOM VIOL","1"
"0357","245 DOM VIOL SUSP NO","3"
"1621","242 DOM VIOL SUSP","2"
"0289","245 AMB CUTTING","1"
"0281","242 DOM VIOL","5"
"1415","245 AMB CUTTING","2"
"0201","918 VIOLENT FEM","1"
"2029","620 DOM VIOL R/O","1"
"1765","620 DOM VIOL R/O","1"
"1028","242 POSS DOM VIOL","1"
"0765","620 DOM VIOL R/O","8"
"1761","245 AMB DOM VIOL","1"
"0835","415 FIGHT","5"
"0467","918 VIOLENT MALE","6"
"1416","620 DOM VIOL","4"
"0379","245 DOM VIOL SUSP","4"
"1917","242 BATTERY DOMESTIC","4"
"0408","245 AMB CUTTING","2"
"1881","242 BATTERY INVEST","2"
"1267","918 VIOLENT MALE","2"
"0111","918 VIOLENT MALE","5"
"1097","918 VIOLENT FEM","1"
"1589","242 DOM VIOL","8"
"2156","415 FIGHT","16"
"1089","415 FIGHT","1"
"0668","242 POSS DOM VIOL","3"
"2105","918 VIOLENT FEM","1"
"1547","242 DOM VIOL J/O","1"
"0909","242 AMB DOM VIOL","2"
"1208","245 ADW","1"
"0144","245 AMB CUTTING","3"
"0311","242 AMB DOM VIOL","1"
"0461","245 DOM VIOL IN PROG","1"
"0923","242 DOM VIOL SUSP","2"
"1041","242 DOM VIOL SUSP","2"
"0989","242 DOM VIOL SUSP","1"
"1215","245 DOM VIOL","6"
"0513","245 DOM VIOL SUSP NO","1"
"1467","245 DOM VIOL","1"
"1831","242 DOM VIOL","18"
"0769","245 DOM VIOL SUSP NO","1"
"0251","242 DOM VIOL J/O","3"
"1993","242 DOM VIOL","6"
"0889","245 AMB CUTTING","1"
"0639","415 FIGHT","8"
"0124","242 DOM VIOL INVESTI","2"
"1995","242 DOM VIOL SUSP","2"
"1139","415 FIGHT","2"
"0422","242 POSS DOM VIOL","2"
"1004","242 POSS DOM VIOL","1"
"1985","242 POSS DOM VIOL","2"
"0807","415 FIGHT","1"
"2113","242 POSS DOM VIOL","1"
"0192","242 DOM VIOL R/O VIO","1"
"0379","242 BATTERY DOMESTIC","3"
"1003","242 DOM VIOL SUSP","2"
"0778","242 POSS DOM VIOL","1"
"0643","620 DOM VIOL R/O","10"
"1804","918 VIOLENT FEM","1"
"0991","620 DOM VIOL R/O","4"
"1557","242 DOM VIOL SUSP","3"
"0911","245 DOM VIOL","5"
"0491","245 DOM VIOL","2"
"0326","245 DOM VIOL","4"
"0628","242 AMB DOM VIOL","1"
"1211","245 ADW POSS DOM VIO","1"
"1343","242 BATTERY DOMESTIC","2"
"1458","245 DOM VIOL IN PROG","1"
"0314","242 POSS DOM VIOL","2"
"0775","242 DOM VIOL SUSP","2"
"0261","620 DOM VIOL","29"
"0514","242 BATTERY DOMESTIC","1"
"1179","242 DOM VIOL J/O","1"
"1523","242 DOM VIOL SUSP","1"
"1136","918 VIOLENT MALE","1"
"0676","245 DOM VIOL SUSP","1"
"1918","918 VIOLENT FEM","2"
"0645","245 ADW POSS DOM VIO","2"
"2156","415 AMB FIGHT","1"
"1003","242 DOM VIOL INVESTI","1"
"1699","242 DOM VIOL","3"
"0625","245 DOM VIOL","1"
"1917","620 DOM VIOL","15"
"1333","245 DOM VIOL","4"
"1549","245 AMB CUTTING","4"
"1483","242 DOM VIOL","14"
"0449","245 DOM VIOL","2"
"1778","415 FIGHT","1"
"0265","242 BATTERY INVEST","2"
"0749","242 POSS DOM VIOL","1"
"0832","620 DOM VIOL R/O","2"
"1749","242 DOM VIOL SUSP","3"
"0195","415 GROUP FIGHT","1"
"1972","242 DOM VIOL R/O VIO","1"
"1803","245 AMB CUTTING","1"
"2023","245 DOM VIOL","3"
"0299","242 DOM VIOL","8"
"1139","245 DOM VIOL SUSP NO","1"
"0465","415 FIGHT","7"
"1449","242 DOM VIOL","1"
"1437","242 DOM VIOL","7"
"0307","242 DOM VIOL","6"
"0974","245 DOM VIOL R/O","1"
"0416","242 POSS DOM VIOL","1"
"1623","245 DOM VIOL SUSP J/","1"
"1485","415 FIGHT","3"
"0163","245 ADW POSS DOM VIO","1"
"1532","245 AMB CUTTING","5"
"2177","620 DOM VIOL","19"
"1434","242 DOM VIOL","4"
"1259","245 DOM VIOL SUSP NO","4"
"1641","918 VIOLENT MALE","1"
"0911","918 VIOLENT FEM","1"
"0528","415 FIGHT","6"
"1395","207 DOM VIOL INVEST","1"
"1176","242 DOM VIOL","5"
"1428","242 DOM VIOL SUSP","1"
"1709","620 DOM VIOL R/O","1"
"0164","245 AMB DOM VIOL","1"
"0828","415 FIGHT","2"
"2177","242 DOM VIOL INVESTI","4"
"2146","245 DOM VIOL","2"
"0329","242 BATTERY INVEST","2"
"1832","245 DOM VIOL IN PROG","1"
"1035","245 DOM VIOL SUSP","1"
"1712","620 DOM VIOL","3"
"0843","415 FIGHT","1"
"0378","245 DOM VIOL","2"
"0711","245 AMB CUTTING","1"
"0204","242 POSS DOM VIOL","1"
"1945","242 DOM VIOL","6"
"1902","245 DOM VIOL","2"
"1041","620 DOM VIOL R/O","1"
"2148","620 DOM VIOL R/O","5"
"1503","415 FIGHT","3"
"0363","415 GROUP FIGHT","7"
"1565","415 GROUP FIGHT","1"
"1107","245 DOM VIOL SUSP","1"
"0334","918 VIOLENT JUV","1"
"0816","242 BATTERY DOMESTIC","1"
"1138","242 DOM VIOL","1"
"1138","242 BATTERY INVEST","1"
"1752","918 VIOLENT FEM","1"
"1676","242 DOM VIOL","4"
"0397","242 DOM VIOL","33"
"0667","415 FIGHT","3"
"1233","245 DOM VIOL IN PROG","1"
"1924","242 DOM VIOL J/O","1"
"2177","245 DOM VIOL INVEST","3"
"1778","242 BATTERY INVEST","1"
"0437","415 FIGHT","2"
"1944","242 BATTERY INVEST","1"
"1924","415 GROUP FIGHT","2"
"0767","620 DOM VIOL","4"
"1918","245 AMB CUTTING","1"
"1265","620 DOM VIOL","53"
"0585","242 DOM VIOL","21"
"0101","620 DOM VIOL","13"
"1562","415 FIGHT","3"
"0477","242 DOM VIOL","6"
"0131","245 DOM VIOL","1"
"0511","242 BATTERY DOMESTIC","2"
"2141","242 BATTERY DOMESTIC","1"
"1011","620 DOM VIOL","12"
"1365","918 VIOLENT MALE","2"
"1823","415 GROUP FIGHT","7"
"0755","245 AMB CUTTING","1"
"1836","620 DOM VIOL","20"
"1257","245 AMB CUTTING","8"
"1917","918 VIOLENT FEM","1"
"0353","245 DOM VIOL IN PROG","2"
"1323","620 DOM VIOL","19"
"1015","242 DOM VIOL","12"
"1333","245 DOM VIOL SUSP NO","3"
"1444","620 DOM VIOL","9"
"0916","245 DOM VIOL INVEST","1"
"2038","242 DOM VIOL J/O","1"
"1981","245 DOM VIOL SUSP NO","2"
"1851","620 DOM VIOL R/O","4"
"1233","242 DOM VIOL SUSP","4"
"0174","620 DOM VIOL R/O","2"
"2139","242 AMB DOM VIOL","1"
"1761","242 DOM VIOL","7"
"1944","242 DOM VIOL","4"
"0429","918 VIOLENT MALE","2"
"1675","245 DOM VIOL SUSP","2"
"1065","918 VIOLENT FEM","2"
"0135","242 AMB DOM VIOL","1"
"1602","918 VIOLENT FEM","1"
"1171","245 DOM VIOL SUSP","2"
"0166","242 BATTERY INVEST","8"
"1722","242 DOM VIOL J/O","1"
"1539","242 BATTERY DOMESTIC","1"
"0639","242 DOM VIOL J/O","1"
"0628","415 FIGHT","3"
"0628","620 DOM VIOL","9"
"0585","245 DOM VIOL INVEST","1"
"0442","918 VIOLENT MALE","1"
"1523","415 FIGHT","2"
"0176","242 DOM VIOL SUSP","3"
"2074","245 AMB CUTTING","1"
"1806","415 FIGHT","7"
"2023","245 AMB DOM VIOL","1"
"0558","415 GROUP FIGHT","1"
"0378","245 AMB CUTTING","1"
"1377","245 DOM VIOL","4"
"0806","242 DOM VIOL","2"
"0626","242 BATTERY INVEST","1"
"0398","245 AMB DOM VIOL","1"
"0204","242 DOM VIOL","8"
"0926","242 DOM VIOL","15"
"1891","620 DOM VIOL R/O","6"
"1871","620 DOM VIOL R/O","3"
"0666","242 DOM VIOL INVESTI","5"
"1455","245 AMB CUTTING","1"
"0355","415 GROUP FIGHT","3"
"1407","245 AMB CUTTING","1"
"1307","242 AMB DOM VIOL","1"
"2155","245 DOM VIOL SUSP NO","1"
"0677","245 DOM VIOL","2"
"0507","620 DOM VIOL R/O","3"
"0141","415 FIGHT","2"
"1907","620 DOM VIOL","5"
"0941","242 DOM VIOL SUSP","2"
"0649","242 DOM VIOL","8"
"2156","918 VIOLENT JUV","1"
"1669","415 FIGHT","1"
"0152","242 DOM VIOL SUSP","4"
"0516","620 DOM VIOL R/O","9"
"1509","245 DOM VIOL","1"
"0943","242 POSS DOM VIOL","3"
"1549","620 DOM VIOL","19"
"1796","415 FIGHT","2"
"2113","245 AMB CUTTING","1"
"1203","245 AMB CUTTING","8"
"2064","620 DOM VIOL","5"
"1509","242 BATTERY","1"
"0327","242 POSS DOM VIOL","2"
"1171","415 FIGHT","5"
"2025","242 DOM VIOL","29"
"1918","242 DOM VIOL","9"
"1345","245 DOM VIOL","3"
"0257","918 VIOLENT MALE","2"
"0312","918 VIOLENT FEM","1"
"0421","620 DOM VIOL R/O","4"
"1152","620 DOM VIOL","2"
"0159","415 GROUP FIGHT","1"
"2035","242 BATTERY INVEST","3"
"0659","918 VIOLENT MALE","1"
"1117","620 DOM VIOL","4"
"1701","242 DOM VIOL SUSP","2"
"1602","245 AMB DOM VIOL","1"
"0884","918 VIOLENT MALE","3"
"0429","415 GROUP FIGHT","1"
"1663","242 DOM VIOL INVESTI","5"
"1364","242 AMB DOM VIOL","2"
"1265","415 FIGHT","21"
"0729","415 FIGHT","1"
"0211","245 AMB CUTTING","1"
"0457","415 FIGHT","2"
"0583","242 DOM VIOL","6"
"0566","242 BATTERY DOMESTIC","6"
"0893","918 VIOLENT FEM","1"
"1208","245 DOM VIOL INVEST","1"
"1864","245 DOM VIOL","6"
"2011","242 AMB DOM VIOL","1"
"0217","918 VIOLENT FEM","1"
"2133","245 DOM VIOL","1"
"1127","242 BATTERY DOMESTIC","1"
"1727","620 DOM VIOL R/O","3"
"2036","415 FIGHT","14"
"0783","245 DOM VIOL SUSP","2"
"0525","245 DOM VIOL","6"
"1415","245 ADW POSS DOM VIO","2"
"2049","245 DOM VIOL","5"
"1849","415 GROUP FIGHT","3"
"0153","245 DOM VIOL SUSP NO","1"
"2016","242 DOM VIOL SUSP","1"
"1749","415 FIGHT","5"
"1253","245 DOM VIOL SUSP J/","1"
"0899","242 BATTERY INVEST","1"
"0148","620 DOM VIOL","9"
"1912","918 VIOLENT MALE","1"
"0221","415 GROUP FIGHT","1"
"1151","620 DOM VIOL R/O","7"
"0811","242 BATTERY","1"
"1964","415 GROUP FIGHT","2"
"2071","620 DOM VIOL R/O","8"
"0118","242 DOM VIOL INVESTI","1"
"1097","242 DOM VIOL","20"
"2156","242 BATTERY INVEST","3"
"1569","620 DOM VIOL","2"
"1982","918 VIOLENT MALE","2"
"0935","620 DOM VIOL","24"
"1917","245 DOM VIOL SUSP","1"
"0562","245 ADW POSS DOM VIO","1"
"0361","242 DOM VIOL","37"
"1591","620 DOM VIOL","9"
"0585","918 VIOLENT JUV","1"
"1917","245 ADW POSS DOM VIO","1"
"1043","242 BATTERY INVEST","1"
"0909","245 ADW POSS DOM VIO","1"
"2023","620 DOM VIOL R/O","13"
"1792","242 DOM VIOL SUSP","1"
"2159","620 DOM VIOL","2"
"1344","242 DOM VIOL INVESTI","1"
"0914","620 DOM VIOL","44"
"1425","242 DOM VIOL","1"
"0898","242 BATTERY DOMESTIC","1"
"1251","620 DOM VIOL","36"
"1541","242 DOM VIOL SUSP","1"
"0237","918 VIOLENT MALE","2"
"1109","242 DOM VIOL INVESTI","1"
"0111","242 DOM VIOL SUSP","3"
"0755","620 DOM VIOL R/O","3"
"0275","245 DOM VIOL","4"
"1043","245 DOM VIOL SUSP","1"
"0315","242 DOM VIOL","14"
"0412","245 ADW POSS DOM VIO","1"
"1695","242 BATTERY","1"
"1735","245 AMB CUTTING","1"
"0893","415 GROUP FIGHT","1"
"0565","242 POSS DOM VIOL","3"
"1269","620 DOM VIOL","70"
"0239","242 DOM VIOL INVESTI","1"
"2128","620 DOM VIOL R/O","3"
"2146","415 FIGHT","10"
"1767","242 POSS DOM VIOL","2"
"0785","245 DOM VIOL SUSP J/","1"
"0895","415 FIGHT","1"
"0449","918 VIOLENT JUV","2"
"1372","245 DOM VIOL","3"
"0517","918 VIOLENT FEM","2"
"1918","242 DOM VIOL SUSP","1"
"1668","918 VIOLENT MALE","1"
"2097","415 GROUP FIGHT","1"
"1695","918 VIOLENT MALE","3"
"1245","242 AMB DOM VIOL","5"
"1861","242 AMB DOM VIOL","2"
"1034","620 DOM VIOL R/O","2"
"1427","620 DOM VIOL","1"
"0645","245 AMB CUTTING","6"
"1333","245 DOM VIOL SUSP","2"
"1028","242 DOM VIOL","10"
"1782","245 DOM VIOL","1"
"1499","415 FIGHT","3"
"0314","918 VIOLENT MALE","2"
"1363","245 AMB CUTTING","4"
"2025","242 DOM VIOL SUSP","5"
"2169","918 VIOLENT FEM","1"
"1903","620 DOM VIOL","1"
"0159","620 DOM VIOL","7"
"0644","242 DOM VIOL SUSP","2"
"1233","918 VIOLENT MALE","2"
"1991","245 DOM VIOL SUSP NO","2"
"0584","620 DOM VIOL R/O","1"
"0265","415 FIGHT","13"
"0901","620 DOM VIOL","24"
"0325","620 DOM VIOL","4"
"1259","242 BATTERY INVEST","1"
"1028","415 GROUP FIGHT","2"
"2038","620 DOM VIOL R/O","1"
"1015","242 AMB DOM VIOL","1"
"0764","415 FIGHT","1"
"1921","620 DOM VIOL","22"
"0752","245 CUTTING INV","1"
"1444","242 AMB DOM VIOL","1"
"0391","245 DOM VIOL SUSP J/","2"
"1969","242 BATTERY INVEST","1"
"1612","242 BATTERY DOMESTIC","2"
"0165","245 AMB CUTTING","3"
"1406","620 DOM VIOL","14"
"0857","242 POSS DOM VIOL","1"
"1862","620 DOM VIOL","38"
"2183","918 VIOLENT FEM","1"
"0328","242 DOM VIOL J/O","1"
"0901","245 DOM VIOL SUSP NO","1"
"1861","242 DOM VIOL SUSP","2"
"1235","242 AMB DOM VIOL SUS","1"
"0308","242 BATTERY INVEST","3"
"1526","918 VIOLENT FEM","3"
"1406","242 BATTERY INVEST","3"
"2013","242 AMB DOM VIOL","1"
"0147","242 DOM VIOL SUSP","2"
"0897","620 DOM VIOL","10"
"0615","620 DOM VIOL","3"
"1693","242 AMB DOM VIOL","1"
"2157","242 BATTERY DOMESTIC","3"
"2081","415 GROUP FIGHT","1"
"0156","242 AMB DOM VIOL","3"
"1138","245 DOM VIOL INVEST","1"
"0165","620 DOM VIOL R/O","4"
"0215","242 BATTERY DOMESTIC","1"
"1433","245 AMB CUTTING","2"
"0562","245 AMB CUTTING","1"
"2133","415 FIGHT","1"
"0138","245 DOM VIOL","1"
"0807","918 VIOLENT MALE","1"
"1365","620 DOM VIOL R/O","7"
"0357","245 DOM VIOL","3"
"0376","245 AMB CUTTING","5"
"0211","620 DOM VIOL","11"
"1023","242 POSS DOM VIOL","2"
"1204","242 BATTERY INVEST","2"
"2064","415 GROUP FIGHT","2"
"1321","242 BATTERY INVEST","4"
"0785","415 AMB FIGHT","1"
"1838","242 DOM VIOL","16"
"1517","415 FIGHT","3"
"2015","415 GROUP FIGHT","1"
"1871","415 GROUP FIGHT","2"
"1831","245 ADW","1"
"1823","245 CUTTING INV","1"
"0265","242 DOM VIOL SUSP","2"
"1987","245 DOM VIOL","3"
"0775","242 DOM VIOL J/O","1"
"1149","415 GROUP FIGHT","1"
"1841","242 DOM VIOL SUSP","6"
"1309","242 AMB DOM VIOL","4"
"0632","242 DOM VIOL SUSP","4"
"0849","918 VIOLENT FEM","1"
"2014","245 DOM VIOL SUSP NO","1"
"0764","620 DOM VIOL","3"
"1767","415 FIGHT","6"
"1964","620 DOM VIOL R/O","4"
"1489","242 AMB DOM VIOL","1"
"1827","245 DOM VIOL SUSP NO","1"
"1966","242 DOM VIOL","9"
"1233","245 AMB CUTTING","6"
"1517","245 DOM VIOL SUSP J/","1"
"0636","620 DOM VIOL","62"
"1243","620 DOM VIOL","26"
"1735","245 DOM VIOL","1"
"1342","245 DOM VIOL SUSP","1"
"0508","620 DOM VIOL R/O","1"
"1341","620 DOM VIOL","15"
"1555","242 AMB DOM VIOL SUS","1"
"1343","245 CUTTING INV","1"
"1454","415 FIGHT","9"
"1453","415 FIGHT","4"
"0354","918 VIOLENT MALE","1"
"0453","620 DOM VIOL","16"
"0308","918 VIOLENT FEM","1"
"1184","918 VIOLENT MALE","1"
"1373","245 DOM VIOL SUSP","1"
"1864","245 ADW POSS DOM VIO","1"
"1371","242 BATTERY INVEST","1"
"2136","620 DOM VIOL","21"
"1823","242 AMB DOM VIOL","4"
"0462","620 DOM VIOL","1"
"0785","918 VIOLENT FEM","2"
"1207","415 FIGHT","4"
"1657","242 DOM VIOL SUSP","2"
"1017","620 DOM VIOL R/O","6"
"0521","620 DOM VIOL","14"
"0663","245 DOM VIOL SUSP NO","1"
"1849","918 VIOLENT MALE","3"
"0162","242 BATTERY INVEST","4"
"2034","242 BATTERY DOMESTIC","1"
"1715","242 BATTERY DOMESTIC","1"
"1251","245 DOM VIOL SUSP J/","1"
"0532","415 FIGHT","1"
"0809","620 DOM VIOL","3"
"1757","415 GROUP FIGHT","1"
"0374","245 DOM VIOL","1"
"1331","245 AMB CUTTING","10"
"0765","245 AMB CUTTING","1"
"1365","242 DOM VIOL J/O","2"
"2169","245 AMB CUTTING","1"
"2039","242 DOM VIOL J/O","1"
"0906","245 DOM VIOL SUSP J/","1"
"0409","415 GROUP FIGHT","1"
"1361","242 BATTERY DOMESTIC","1"
"0914","415 FIGHT","22"
"0418","245 AMB CUTTING","1"
"0969","242 POSS DOM VIOL","1"
"0734","918 VIOLENT FEM","1"
"1025","242 POSS DOM VIOL","2"
"0998","415 FIGHT","2"
"0231","245 DOM VIOL SUSP","1"
"0584","415 FIGHT","4"
"1792","620 DOM VIOL R/O","1"
"1407","918 VIOLENT MALE","3"
"1065","242 DOM VIOL","17"
"2081","620 DOM VIOL R/O","3"
"0963","242 DOM VIOL","10"
"0131","415 GROUP FIGHT","1"
"1959","245 AMB DOM VIOL","1"
"1862","242 BATTERY","1"
"1864","918 VIOLENT MALE","4"
"1547","242 BATTERY INVEST","2"
"1641","620 DOM VIOL","15"
"0351","242 DOM VIOL","1"
"1599","245 DOM VIOL SUSP","1"
"1585","242 BATTERY INVEST","2"
"0397","918 VIOLENT FEM","2"
"2133","245 AMB CUTTING","1"
"1653","242 DOM VIOL J/O","1"
"1871","245 ADW POSS DOM VIO","1"
"0555","620 DOM VIOL R/O","4"
"0148","242 AMB DOM VIOL","2"
"0235","245 DOM VIOL SUSP","2"
"0509","620 DOM VIOL","6"
"0762","242 BATTERY DOMESTIC","1"
"0551","242 DOM VIOL SUSP","1"
"0849","415 GROUP FIGHT","2"
"2064","242 AMB DOM VIOL","2"
"0714","918 VIOLENT MALE","1"
"2111","620 DOM VIOL R/O","1"
"1079","245 DOM VIOL","1"
"0933","245 ADW POSS DOM VIO","1"
"1966","245 DOM VIOL","1"
"1136","620 DOM VIOL","10"
"1219","242 DOM VIOL","4"
"0394","242 POSS DOM VIOL","2"
"0752","242 BATTERY DOMESTIC","1"
"0723","242 DOM VIOL","5"
"1659","620 DOM VIOL R/O","1"
"0722","415 GROUP FIGHT","2"
"0195","242 BATTERY INVEST","2"
"0164","245 DOM VIOL","2"
"0353","242 DOM VIOL","4"
"0395","242 BATTERY INVEST","2"
"1023","245 DOM VIOL","5"
"1218","245 DOM VIOL","5"
"0702","918 VIOLENT FEM","2"
"0749","245 DOM VIOL SUSP NO","1"
"1998","620 DOM VIOL","7"
"1903","918 VIOLENT MALE","1"
"0526","415 FIGHT","8"
"2049","245 ADW POSS DOM VIO","1"
"1438","242 POSS DOM VIOL","1"
"1964","242 DOM VIOL SUSP","2"
"1943","415 FIGHT","1"
"0666","245 DOM VIOL SUSP","1"
"0377","918 VIOLENT JUV","2"
"0424","245 DOM VIOL","2"
"0585","415 GROUP FIGHT","4"
"1354","242 AMB DOM VIOL","2"
"0249","245 ADW POSS DOM VIO","1"
"1772","620 DOM VIOL","9"
"0141","415 AMB FIGHT","1"
"1982","415 FIGHT","6"
"1317","242 DOM VIOL J/O","1"
"1802","415 FIGHT","17"
"1213","242 AMB DOM VIOL","4"
"0455","415 FIGHT","6"
"2158","415 FIGHT","5"
"1008","620 DOM VIOL R/O","11"
"1514","242 BATTERY INVEST","1"
"1657","415 FIGHT","10"
"0666","245 DOM VIOL","4"
"1785","415 FIGHT","9"
"1581","415 FIGHT","1"
"0514","245 DOM VIOL INVEST","1"
"1456","620 DOM VIOL","2"
"0626","245 DOM VIOL","1"
"1327","242 DOM VIOL","9"
"0245","245 DOM VIOL SUSP NO","1"
"0732","415 FIGHT","6"
"2136","245 AMB CUTTING","1"
"0111","288 ASSAULT INVEST","1"
"1827","245 DOM VIOL SUSP","5"
"1766","620 DOM VIOL R/O","3"
"2046","242 AMB DOM VIOL","1"
"1321","242 DOM VIOL INVESTI","1"
"1283","242 BATTERY INVEST","5"
"1243","242 DOM VIOL","29"
"0456","242 DOM VIOL SUSP","1"
"1477","245 DOM VIOL INVEST","1"
"0952","415 FIGHT","3"
"1515","242 DOM VIOL","8"
"1283","415 GROUP FIGHT","2"
"0817","415 FIGHT","10"
"0803","620 DOM VIOL R/O","1"
"0332","242 DOM VIOL","23"
"1513","245 DOM VIOL SUSP NO","1"
"1342","245 DOM VIOL SUSP NO","1"
"0734","918 VIOLENT MALE","1"
"1323","918 VIOLENT MALE","2"
"1445","242 DOM VIOL","7"
"0669","245 DOM VIOL SUSP","1"
"1078","242 BATTERY INVEST","5"
"0855","415 GROUP FIGHT","1"
"0361","242 BATTERY","1"
"0391","620 DOM VIOL R/O","19"
"0144","245 DOM VIOL","1"
"1708","918 VIOLENT MALE","2"
"1721","918 VIOLENT MALE","2"
"1325","245 AMB DOM VIOL","1"
"0514","242 AMB DOM VIOL","1"
"0732","620 DOM VIOL","3"
"0897","242 DOM VIOL","6"
"0721","288 ASSAULT INVEST","1"
"1257","242 DOM VIOL SUSP","2"
"1017","620 DOM VIOL","7"
"0638","245 DOM VIOL SUSP NO","1"
"0398","242 DOM VIOL INVESTI","1"
"1452","415 FIGHT","2"
"1916","620 DOM VIOL R/O","9"
"2081","242 POSS DOM VIOL","1"
"2035","620 DOM VIOL R/O","3"
"0643","620 DOM VIOL","23"
"2145","918 VIOLENT FEM","1"
"1159","242 AMB DOM VIOL","1"
"2015","242 AMB DOM VIOL","1"
"1099","415 FIGHT","1"
"0738","242 BATTERY INVEST","1"
"1239","245 DOM VIOL","7"
"0391","242 BATTERY INVEST","2"
"1952","242 DOM VIOL SUSP","2"
"1028","242 DOM VIOL INVESTI","1"
"1265","918 VIOLENT MALE","1"
"0541","242 BATTERY","1"
"1105","620 DOM VIOL R/O","1"
"2026","242 POSS DOM VIOL","3"
"0898","242 BATTERY INVEST","1"
"0154","245 DOM VIOL SUSP","3"
"1659","415 FIGHT","1"
"1128","242 DOM VIOL SUSP","1"
"0647","242 BATTERY INVEST","4"
"2029","415 FIGHT","11"
"0529","242 BATTERY INVEST","7"
"1208","245 DOM VIOL SUSP NO","3"
"0363","242 BATTERY","1"
"1837","245 DOM VIOL SUSP","1"
"0238","242 DOM VIOL","16"
"1823","245 DOM VIOL SUSP NO","1"
"1251","415 FIGHT","10"
"0504","242 DOM VIOL SUSP","7"
"0454","242 DOM VIOL SUSP","2"
"1251","245 DOM VIOL","10"
"0456","245 AMB CUTTING","1"
"1908","242 BATTERY","1"
"1269","242 POSS DOM VIOL","3"
"1031","242 POSS DOM VIOL","1"
"1313","245 CUTTING INV","1"
"0392","242 BATTERY INVEST","7"
"0847","620 DOM VIOL R/O","2"
"0563","242 DOM VIOL","28"
"2107","620 DOM VIOL R/O","14"
"0251","242 POSS DOM VIOL","3"
"1241","918 VIOLENT MALE","5"
"0153","415 GROUP FIGHT","11"
"1954","242 POSS DOM VIOL","1"
"2005","918 VIOLENT FEM","1"
"1787","918 VIOLENT MALE","2"
"1252","242 POSS DOM VIOL","2"
"0246","242 POSS DOM VIOL","1"
"0767","245 DOM VIOL","1"
"2073","918 VIOLENT MALE","1"
"2035","245 AMB CUTTING","2"
"0453","918 VIOLENT MALE","1"
"0948","242 DOM VIOL SUSP","2"
"1602","415 GROUP FIGHT","1"
"1754","245 ADW POSS DOM VIO","1"
"1905","918 VIOLENT MALE","1"
"1747","918 VIOLENT FEM","2"
"1115","242 DOM VIOL INVESTI","1"
"1954","242 BATTERY DOMESTIC","1"
"1021","242 POSS DOM VIOL","1"
"2046","245 DOM VIOL","2"
"1307","245 DOM VIOL SUSP","1"
"1821","242 DOM VIOL SUSP","5"
"1432","242 DOM VIOL","2"
"1918","245 DOM VIOL R/O","1"
"0523","620 DOM VIOL","7"
"1029","242 BATTERY INVEST","1"
"1079","918 VIOLENT MALE","2"
"0236","245 DOM VIOL","5"
"1128","242 BATTERY DOMESTIC","1"
"0443","242 DOM VIOL INVESTI","10"
"0327","620 DOM VIOL R/O","1"
"1239","245 ADW POSS DOM VIO","1"
"0776","242 POSS DOM VIOL","1"
"2025","245 CUTTING INV","1"
"0437","245 AMB CUTTING","2"
"1426","415 FIGHT","1"
"0823","242 POSS DOM VIOL","1"
"1549","245 DOM VIOL SUSP","1"
"1805","245 DOM VIOL","1"
"1342","918 VIOLENT MALE","6"
"1969","620 DOM VIOL","11"
"1394","242 AMB DOM VIOL","1"
"0817","245 AMB CUTTING","2"
"0376","242 AMB DOM VIOL","1"
"1322","242 DOM VIOL SUSP","2"
"0882","918 VIOLENT JUV","3"
"1324","242 DOM VIOL SUSP","1"
"0379","620 DOM VIOL R/O","2"
"1258","918 VIOLENT JUV","1"
"2023","415 FIGHT","13"
"0354","620 DOM VIOL R/O","5"
"0809","245 AMB CUTTING","1"
"0317","242 DOM VIOL","16"
"0515","245 DOM VIOL SUSP NO","1"
"1395","245 AMB DOM VIOL","2"
"2101","918 VIOLENT FEM","1"
"1407","245 DOM VIOL IN PROG","1"
"0631","620 DOM VIOL R/O","1"
"1977","242 AMB DOM VIOL","2"
"0337","620 DOM VIOL R/O","2"
"0852","415 FIGHT","6"
"1907","415 GROUP FIGHT","1"
"1838","918 VIOLENT FEM","3"
"2026","620 DOM VIOL","22"
"1162","242 DOM VIOL INVESTI","5"
"1446","242 DOM VIOL SUSP","1"
"0501","620 DOM VIOL R/O","3"
"2036","245 DOM VIOL IN PROG","2"
"0642","415 FIGHT","4"
"1373","242 AMB DOM VIOL","3"
"0101","242 DOM VIOL","8"
"0145","620 DOM VIOL","6"
"1039","242 DOM VIOL INVESTI","1"
"0514","242 BATTERY INVEST","5"
"0738","242 DOM VIOL","1"
"1021","918 VIOLENT FEM","1"
"1372","918 VIOLENT MALE","2"
"0155","245 AMB CUTTING","3"
"1864","620 DOM VIOL R/O","9"
"0647","242 DOM VIOL","18"
"1916","242 BATTERY INVEST","1"
"1767","242 BATTERY INVEST","1"
"0782","245 DOM VIOL","1"
"1205","245 DOM VIOL","2"
"1383","242 DOM VIOL SUSP","5"
"0231","245 AMB CUTTING","2"
"0558","245 AMB CUTTING","2"
"0818","242 DOM VIOL","1"
"1983","242 AMB DOM VIOL","3"
"1393","245 DOM VIOL","4"
"1977","918 VIOLENT MALE","2"
"1682","415 FIGHT","2"
"0738","245 DOM VIOL","1"
"1204","245 CUTTING INV","1"
"1436","918 VIOLENT MALE","1"
"1136","415 GROUP FIGHT","1"
"0565","245 AMB DOM VIOL","1"
"1667","918 VIOLENT JUV","1"
"0362","245 DOM VIOL SUSP","2"
"2079","918 VIOLENT MALE","2"
"0497","242 DOM VIOL INVESTI","1"
"0217","245 ADW POSS DOM VIO","1"
"0805","415 FIGHT","5"
"2158","242 DOM VIOL INVESTI","2"
"0415","245 DOM VIOL IN PROG","2"
"0152","242 DOM VIOL J/O","1"
"1596","242 BATTERY INVEST","1"
"0377","620 DOM VIOL R/O","11"
"2019","245 AMB DOM VIOL","1"
"1488","620 DOM VIOL","16"
"0832","242 POSS DOM VIOL","1"
"1255","245 ADW POSS DOM VIO","1"
"0462","242 BATTERY DOMESTIC","1"
"1701","245 DOM VIOL SUSP","3"
"0142","242 BATTERY DOMESTIC","1"
"2081","242 DOM VIOL SUSP","3"
"1958","242 DOM VIOL","8"
"0402","415 GROUP FIGHT","1"
"0311","415 FIGHT","7"
"1826","620 DOM VIOL R/O","14"
"1031","620 DOM VIOL","2"
"1862","242 DOM VIOL INVESTI","2"
"1134","620 DOM VIOL R/O","3"
"1463","415 GROUP FIGHT","1"
"1756","242 BATTERY INVEST","1"
"2056","245 DOM VIOL SUSP","1"
"1613","242 AMB DOM VIOL","1"
"2099","918 VIOLENT FEM","1"
"0118","415 FIGHT","6"
"1841","245 DOM VIOL","12"
"1008","918 VIOLENT MALE","2"
"0473","245 DOM VIOL SUSP","2"
"1615","415 GROUP FIGHT","1"
"0162","245 DOM VIOL SUSP","1"
"0564","415 FIGHT","9"
"1015","242 BATTERY DOMESTIC","1"
"0622","620 DOM VIOL R/O","4"
"1255","242 DOM VIOL SUSP","3"
"1205","242 DOM VIOL INVESTI","1"
"0393","245 DOM VIOL SUSP","1"
"1519","245 DOM VIOL SUSP NO","1"
"0402","242 AMB DOM VIOL","1"
"1141","242 POSS DOM VIOL","1"
"0448","242 POSS DOM VIOL","1"
"0393","245 ADW POSS DOM VIO","1"
"0532","245 AMB CUTTING","4"
"1846","242 DOM VIOL SUSP","6"
"1094","242 BATTERY DOMESTIC","1"
"0853","918 VIOLENT JUV","1"
"0937","415 FIGHT","5"
"2187","620 DOM VIOL R/O","8"
"1952","620 DOM VIOL","5"
"2039","245 DOM VIOL","3"
"1745","245 AMB CUTTING","1"
"2054","242 DOM VIOL J/O","1"
"0151","242 POSS DOM VIOL","1"
"0839","242 DOM VIOL INVESTI","1"
"1555","242 BATTERY DOMESTIC","3"
"0157","245 ADW POSS DOM VIO","1"
"1802","242 BATTERY DOMESTIC","8"
"0238","245 DOM VIOL SUSP J/","1"
"0774","245 AMB CUTTING","1"
"0901","242 BATTERY DOMESTIC","1"
"2102","620 DOM VIOL R/O","1"
"0702","242 DOM VIOL INVESTI","2"
"1529","245 DOM VIOL INVEST","1"
"0314","245 DOM VIOL","2"
"0504","245 DOM VIOL IN PROG","1"
"0111","242 BATTERY INVEST","8"
"0519","242 DOM VIOL SUSP","2"
"1011","415 FIGHT","7"
"0377","245 DOM VIOL IN PROG","1"
"2104","620 DOM VIOL R/O","1"
"2023","242 AMB DOM VIOL","1"
"0647","415 FIGHT","14"
"1548","242 DOM VIOL INVESTI","3"
"0567","620 DOM VIOL","4"
"2175","245 DOM VIOL INVEST","1"
"0165","620 DOM VIOL","5"
"1342","620 DOM VIOL R/O","10"
"1119","620 DOM VIOL","1"
"0522","918 VIOLENT MALE","1"
"1837","245 DOM VIOL SUSP J/","1"
"1994","245 DOM VIOL","2"
"0299","242 DOM VIOL INVESTI","1"
"0722","415 FIGHT","9"
"1991","245 AMB CUTTING","1"
"1776","620 DOM VIOL","1"
"0265","415 GROUP FIGHT","1"
"0416","620 DOM VIOL","4"
"1177","242 DOM VIOL INVESTI","1"
"1981","242 DOM VIOL SUSP","9"
"1019","245 DOM VIOL SUSP","1"
"1178","245 DOM VIOL SUSP NO","1"
"0118","242 AMB DOM VIOL","3"
"0499","242 BATTERY DOMESTIC","1"
"1249","245 DOM VIOL IN PROG","1"
"1474","242 AMB DOM VIOL","1"
"0838","242 BATTERY","1"
"0374","620 DOM VIOL","7"
"1821","620 DOM VIOL","46"
"1921","242 DOM VIOL","23"
"0374","242 AMB DOM VIOL","1"
"0702","620 DOM VIOL","5"
"0941","242 DOM VIOL J/O","1"
"0465","918 VIOLENT MALE","2"
"0156","415 FIGHT","10"
"1971","242 DOM VIOL","16"
"0478","415 FIGHT","5"
"2021","242 DOM VIOL SUSP","3"
"1023","245 AMB CUTTING","1"
"0834","415 FIGHT","1"
"1112","415 FIGHT","1"
"0357","242 DOM VIOL","19"
"0762","245 ADW POSS DOM VIO","1"
"0379","242 DOM VIOL","11"
"2005","245 DOM VIOL","3"
"0138","245 AMB CUTTING","9"
"1764","620 DOM VIOL","19"
"1665","242 DOM VIOL J/O","1"
"1512","620 DOM VIOL R/O","2"
"0735","415 FIGHT","6"
"0636","242 POSS DOM VIOL","6"
"1218","242 DOM VIOL J/O","1"
"2081","245 DOM VIOL","2"
"1151","415 FIGHT","15"
"1307","242 DOM VIOL SUSP","5"
"2054","620 DOM VIOL R/O","3"
"0192","242 BATTERY","2"
"1985","415 FIGHT","10"
"0473","242 BATTERY DOMESTIC","2"
"0564","415 GROUP FIGHT","5"
"0357","620 DOM VIOL","14"
"0503","415 FIGHT","4"
"1775","415 FIGHT","3"
"1555","415 GROUP FIGHT","4"
"1931","242 BATTERY INVEST","51"
"2115","415 FIGHT","4"
"0858","242 BATTERY DOMESTIC","1"
"0418","245 CUTTING INV","1"
"1698","242 POSS DOM VIOL","2"
"2189","242 DOM VIOL J/O","1"
"1325","245 DOM VIOL","1"
"1559","242 DOM VIOL SUSP","2"
"0487","242 POSS DOM VIOL","1"
"1785","918 VIOLENT MALE","5"
"1409","245 AMB CUTTING","4"
"0637","245 AMB CUTTING","1"
"1538","245 DOM VIOL","1"
"1321","415 AMB FIGHT","1"
"0963","620 DOM VIOL","6"
"1782","245 AMB CUTTING","1"
"0852","620 DOM VIOL R/O","1"
"1385","242 BATTERY INVEST","1"
"1643","245 DOM VIOL SUSP NO","3"
"2076","242 BATTERY INVEST","1"
"1025","242 AMB DOM VIOL","1"
"1981","918 VIOLENT FEM","1"
"0676","245 DOM VIOL","1"
"1208","245 DOM VIOL","5"
"1985","245 DOM VIOL SUSP","3"
"1017","415 FIGHT","1"
"0994","415 GROUP FIGHT","3"
"0147","242 POSS DOM VIOL","1"
"1521","245 AMB CUTTING","2"
"0101","242 DOM VIOL J/O","2"
"1837","242 AMB DOM VIOL","2"
"0118","245 DOM VIOL","3"
"1832","242 DOM VIOL SUSP","3"
"1519","245 DOM VIOL SUSP","1"
"0459","242 BATTERY INVEST","1"
"1672","415 FIGHT","3"
"2129","918 VIOLENT MALE","3"
"0645","415 GROUP FIGHT","8"
"1842","620 DOM VIOL","53"
"0164","620 DOM VIOL","33"
"1863","620 DOM VIOL","28"
"2039","242 BATTERY DOMESTIC","4"
"0335","245 DOM VIOL SUSP","1"
"0376","415 GROUP FIGHT","2"
"0901","242 DOM VIOL SUSP","3"
"0784","245 DOM VIOL","1"
"1804","245 DOM VIOL","6"
"0308","242 DOM VIOL","6"
"1024","415 FIGHT","7"
"0151","415 GROUP FIGHT","1"
"0478","245 DOM VIOL SUSP","1"
"0112","620 DOM VIOL R/O","2"
"1764","415 FIGHT","13"
"0514","245 DOM VIOL SUSP NO","1"
"0499","415 FIGHT","6"
"0134","620 DOM VIOL","3"
"0105","620 DOM VIOL","4"
"0784","415 FIGHT","3"
"1548","918 VIOLENT FEM","1"
"1844","245 DOM VIOL SUSP","1"
"1391","245 AMB DOM VIOL","1"
"1836","620 DOM VIOL R/O","3"
"0203","415 GROUP FIGHT","1"
"0562","242 AMB DOM VIOL SUS","1"
"1018","242 BATTERY","1"
"0285","620 DOM VIOL","13"
"2162","918 VIOLENT JUV","2"
"0139","245 AMB CUTTING","2"
"0815","620 DOM VIOL","2"
"0261","245 DOM VIOL SUSP","1"
"1998","242 DOM VIOL SUSP","5"
"0422","288 ASSAULT INVEST","1"
"2142","242 DOM VIOL SUSP","2"
"0733","620 DOM VIOL","8"
"1522","242 DOM VIOL SUSP","1"
"0775","918 VIOLENT MALE","2"
"0334","245 DOM VIOL SUSP NO","2"
"1663","620 DOM VIOL R/O","11"
"0763","242 POSS DOM VIOL","1"
"1549","242 DOM VIOL SUSP","1"
"0755","242 DOM VIOL","11"
"0257","245 ADW","2"
"0143","245 AMB CUTTING","7"
"1745","245 DOM VIOL","4"
"1821","245 DOM VIOL IN PROG","1"
"0176","415 FIGHT","3"
"0216","245 AMB CUTTING","3"
"0152","415 GROUP FIGHT","4"
"2177","415 GROUP FIGHT","2"
"0421","918 VIOLENT MALE","1"
"0853","242 BATTERY INVEST","7"
"2029","242 DOM VIOL SUSP","2"
"0185","242 DOM VIOL","18"
"1839","242 AMB DOM VIOL","2"
"1595","242 DOM VIOL","1"
"1483","620 DOM VIOL","19"
"2175","242 BATTERY DOMESTIC","3"
"1047","918 VIOLENT MALE","1"
"2005","245 AMB CUTTING","1"
"0916","415 GROUP FIGHT","2"
"0111","245 DOM VIOL","6"
"2053","242 BATTERY INVEST","1"
"1136","242 DOM VIOL SUSP","3"
"1804","242 AMB DOM VIOL","1"
"0705","918 VIOLENT MALE","3"
"2146","918 VIOLENT MALE","3"
"1445","245 DOM VIOL","1"
"1324","245 DOM VIOL SUSP","1"
"1901","415 FIGHT","1"
"2103","242 BATTERY INVEST","1"
"0411","245 DOM VIOL","1"
"1513","415 FIGHT","9"
"1267","245 DOM VIOL SUSP","2"
"1207","242 DOM VIOL","16"
"1585","620 DOM VIOL R/O","5"
"0898","242 DOM VIOL INVESTI","2"
"0531","918 VIOLENT FEM","1"
"1727","620 DOM VIOL","3"
"0941","620 DOM VIOL R/O","1"
"0564","242 BATTERY INVEST","2"
"0164","242 BATTERY INVEST","5"
"0847","620 DOM VIOL","7"
"2069","242 DOM VIOL SUSP","1"
"0238","242 POSS DOM VIOL","2"
"1526","415 GROUP FIGHT","4"
,"245 AMB DOM VIOL","1"
"1802","245 AMB DOM VIOL","1"
"1991","245 DOM VIOL","2"
"0463","242 BATTERY INVEST","1"
"0909","245 AMB DOM VIOL","1"
"1347","245 ADW POSS DOM VIO","1"
"2005","415 FIGHT","3"
"0513","245 CUTTING INV","1"
"0257","415 GROUP FIGHT","2"
"0782","415 FIGHT","9"
"0504","415 GROUP FIGHT","2"
"0144","245 DOM VIOL SUSP NO","1"
"0473","415 GROUP FIGHT","2"
"1832","918 VIOLENT MALE","2"
"0379","415 FIGHT","9"
"1265","918 VIOLENT JUV","2"
"1956","415 GROUP FIGHT","2"
"0565","242 BATTERY INVEST","1"
"0914","242 DOM VIOL","38"
"0326","918 VIOLENT MALE","1"
"0204","245 CUTTING INV","1"
"0827","245 DOM VIOL SUSP","1"
"1195","242 DOM VIOL SUSP","1"
"0251","242 BATTERY INVEST","1"
"1799","245 AMB DOM VIOL","1"
"0753","245 DOM VIOL SUSP NO","2"
"0701","415 GROUP FIGHT","4"
"1835","620 DOM VIOL R/O","7"
"0111","245 ADW POSS DOM VIO","1"
"1483","620 DOM VIOL R/O","3"
"0906","918 VIOLENT FEM","1"
"1343","918 VIOLENT MALE","3"
"2062","918 VIOLENT MALE","2"
"0373","242 AMB DOM VIOL","1"
"0501","415 FIGHT","2"
"1325","245 AMB CUTTING","1"
"0974","242 DOM VIOL","8"
"1431","242 DOM VIOL","11"
"1967","242 DOM VIOL J/O","1"
"0301","415 FIGHT","3"
"0191","242 AMB DOM VIOL","1"
"0251","242 DOM VIOL","20"
"0734","245 POSS DOM VIOL I/","1"
"1643","245 AMB DOM VIOL","1"
"1175","245 AMB DOM VIOL","1"
"0807","245 DOM VIOL","2"
"1491","415 GROUP FIGHT","2"
"1601","242 BATTERY DOMESTIC","1"
"0852","415 GROUP FIGHT","1"
"0526","620 DOM VIOL","14"
"0504","245 AMB CUTTING","1"
"1826","245 DOM VIOL SUSP","1"
"0412","207 DOM VIOL J/O","1"
"0319","620 DOM VIOL","11"
"1181","242 DOM VIOL SUSP","2"
"1906","245 ADW POSS DOM VIO","1"
"0216","242 AMB DOM VIOL","1"
"1998","415 GROUP FIGHT","1"
"1995","245 AMB DOM VIOL","1"
"1793","242 DOM VIOL J/O","1"
"1771","620 DOM VIOL R/O","2"
"0192","918 VIOLENT MALE","1"
"1148","242 BATTERY INVEST","3"
"1343","245 DOM VIOL SUSP","1"
"1861","245 DOM VIOL","5"
"0758","620 DOM VIOL","4"
"0787","242 DOM VIOL","4"
"0305","242 BATTERY DOMESTIC","1"
"1755","620 DOM VIOL R/O","1"
"1253","620 DOM VIOL","34"
"0362","918 VIOLENT MALE","7"
"1757","242 DOM VIOL","1"
"1514","242 AMB DOM VIOL","1"
"1749","242 DOM VIOL INVESTI","1"
"0503","245 AMB CUTTING","1"
"0488","242 BATTERY DOMESTIC","1"
"1249","620 DOM VIOL","38"
"1174","620 DOM VIOL","1"
"1645","620 DOM VIOL R/O","14"
"1475","242 DOM VIOL","1"
"1708","242 DOM VIOL SUSP","3"
"1465","620 DOM VIOL R/O","11"
"1446","415 GROUP FIGHT","1"
"1257","415 GROUP FIGHT","3"
"0719","242 POSS DOM VIOL","1"
"1347","620 DOM VIOL","19"
"1725","242 DOM VIOL","1"
"2039","415 FIGHT","3"
"1838","242 BATTERY DOMESTIC","3"
"2104","245 DOM VIOL","1"
"1135","918 VIOLENT FEM","1"
"1203","245 DOM VIOL","4"
"0265","245 DOM VIOL SUSP","1"
"1655","245 DOM VIOL","1"
"2113","242 BATTERY INVEST","2"
"1862","620 DOM VIOL R/O","6"
"1841","245 AMB CUTTING","4"
"1822","245 ADW POSS DOM VIO","2"
"0657","245 DOM VIOL SUSP","1"
"1955","242 DOM VIOL","6"
"1375","245 DOM VIOL","5"
"1475","242 DOM VIOL SUSP","1"
"0299","245 DOM VIOL SUSP NO","1"
"0141","620 DOM VIOL","5"
"2016","242 POSS DOM VIOL","1"
"0354","245 DOM VIOL SUSP NO","1"
"0257","245 AMB CUTTING","10"
"1479","918 VIOLENT JUV","1"
"1231","415 FIGHT","3"
"1028","242 DOM VIOL SUSP","2"
"0952","620 DOM VIOL R/O","14"
"0779","415 FIGHT","2"
"0456","620 DOM VIOL R/O","4"
"2128","242 DOM VIOL INVESTI","1"
"1506","242 DOM VIOL","12"
"0646","242 BATTERY","1"
"2029","242 BATTERY DOMESTIC","2"
"1021","245 DOM VIOL SUSP","1"
"2036","242 AMB DOM VIOL","1"
"1505","242 BATTERY INVEST","1"
"1998","242 BATTERY DOMESTIC","1"
"0251","415 FIGHT","4"
"2053","242 BATTERY DOMESTIC","1"
"2175","245 DOM VIOL","5"
"2036","245 DOM VIOL INVEST","1"
"1263","245 CUTTING INV","1"
"0842","242 BATTERY INVEST","2"
"1974","245 DOM VIOL","3"
"1806","242 DOM VIOL","15"
"1981","242 POSS DOM VIOL","3"
"0517","242 DOM VIOL","13"
"0247","415 FIGHT","5"
"0415","242 DOM VIOL SUSP","2"
"1806","245 DOM VIOL SUSP","1"
"1203","242 POSS DOM VIOL","2"
"0916","918 VIOLENT FEM","1"
"0808","620 DOM VIOL R/O","1"
"1791","415 FIGHT","2"
"1831","245 DOM VIOL","3"
"1864","242 AMB DOM VIOL","1"
"2049","242 BATTERY INVEST","1"
"1029","242 DOM VIOL","24"
"0118","620 DOM VIOL","14"
"0448","242 DOM VIOL SUSP","8"
"1065","242 DOM VIOL J/O","3"
"1342","245 AMB DOM VIOL","1"
"1239","245 AMB DOM VIOL","1"
"1118","415 FIGHT","4"
"0824","620 DOM VIOL R/O","2"
"0938","918 VIOLENT JUV","1"
"0489","242 POSS DOM VIOL","2"
"0752","245 AMB CUTTING","2"
"1538","242 DOM VIOL","21"
"0933","620 DOM VIOL","25"
"2063","245 DOM VIOL","2"
"0639","245 DOM VIOL SUSP NO","1"
"1195","242 DOM VIOL","1"
"1266","245 DOM VIOL","15"
"1618","620 DOM VIOL R/O","1"
"1541","242 AMB DOM VIOL","2"
"1982","245 DOM VIOL","2"
"1641","242 DOM VIOL","20"
"1455","242 BATTERY INVEST","1"
"1406","245 DOM VIOL IN PROG","1"
"0647","245 DOM VIOL","4"
"0275","242 DOM VIOL","23"
"1988","415 GROUP FIGHT","1"
"1961","245 DOM VIOL SUSP NO","2"
"0859","415 GROUP FIGHT","1"
"1826","245 AMB DOM VIOL","2"
"1643","242 BATTERY DOMESTIC","1"
"1455","415 GROUP FIGHT","1"
"2114","620 DOM VIOL","4"
"0677","242 DOM VIOL","6"
"0516","245 DOM VIOL","3"
"0743","242 DOM VIOL","5"
"0395","245 DOM VIOL","5"
"0428","242 DOM VIOL INVESTI","1"
"1006","242 BATTERY INVEST","2"
"0916","415 FIGHT","1"
"1179","415 FIGHT","4"
"1954","245 ADW POSS DOM VIO","2"
"1005","620 DOM VIOL R/O","4"
"1142","245 DOM VIOL SUSP NO","1"
"1407","242 POSS DOM VIOL","2"
"1654","620 DOM VIOL R/O","4"
"1708","242 BATTERY INVEST","4"
"0408","245 ADW POSS DOM VIO","2"
"2034","918 VIOLENT FEM","2"
"1925","242 DOM VIOL R/O VIO","1"
"0963","242 DOM VIOL INVESTI","4"
"2049","245 DOM VIOL SUSP NO","1"
"1844","415 FIGHT","21"
"1373","242 BATTERY DOMESTIC","2"
"0566","415 FIGHT","13"
"0413","415 FIGHT","1"
"0248","242 AMB DOM VIOL SUS","1"
"0909","918 VIOLENT FEM","1"
"1257","245 ADW POSS DOM VIO","1"
"1377","415 FIGHT","5"
"2058","415 FIGHT","4"
"0752","918 VIOLENT MALE","2"
"1606","620 DOM VIOL R/O","2"
"1962","415 FIGHT","9"
"0132","620 DOM VIOL R/O","1"
"0778","620 DOM VIOL","6"
"0158","245 DOM VIOL IN PROG","1"
"2038","620 DOM VIOL","8"
"1137","242 DOM VIOL","6"
"0211","245 DOM VIOL SUSP J/","1"
"1525","245 DOM VIOL","2"
"1699","245 DOM VIOL SUSP","1"
"0316","620 DOM VIOL R/O","5"
"2161","242 AMB DOM VIOL","1"
"1752","245 AMB DOM VIOL","1"
"1258","245 AMB CUTTING","5"
"1749","245 DOM VIOL SUSP NO","1"
"1657","242 AMB DOM VIOL","1"
"1025","415 FIGHT","9"
"0362","242 BATTERY DOMESTIC","4"
"1862","242 AMB DOM VIOL","3"
"1566","415 FIGHT","5"
"0191","620 DOM VIOL R/O","1"
"1045","245 DOM VIOL INVEST","1"
"1501","242 BATTERY DOMESTIC","1"
"2071","242 DOM VIOL","10"
"0266","620 DOM VIOL","12"
"1553","620 DOM VIOL","6"
"1265","242 DOM VIOL R/O VIO","1"
"1441","242 DOM VIOL SUSP","5"
"0443","242 BATTERY INVEST","64"
"1934","245 DOM VIOL INVEST","3"
"1547","245 DOM VIOL SUSP","1"
"1018","918 VIOLENT MALE","1"
"1792","242 POSS DOM VIOL","2"
"1546","620 DOM VIOL","9"
"0145","245 DOM VIOL SUSP","2"
"1765","242 DOM VIOL","1"
"2125","242 POSS DOM VIOL","4"
"1727","242 DOM VIOL","3"
"0265","242 AMB DOM VIOL","2"
"1446","415 AMB FIGHT","1"
"1917","620 DOM VIOL R/O","3"
"0174","415 GROUP FIGHT","1"
"0439","620 DOM VIOL R/O","4"
"1837","918 VIOLENT JUV","1"
"1067","415 FIGHT","6"
"0375","918 VIOLENT FEM","3"
"1801","918 VIOLENT MALE","8"
"0428","242 DOM VIOL","6"
"1015","245 AMB CUTTING","4"
"0853","620 DOM VIOL R/O","5"
"1657","245 DOM VIOL SUSP NO","1"
"1239","242 BATTERY INVEST","2"
"2036","242 DOM VIOL","20"
"2026","245 AMB CUTTING","2"
"1045","620 DOM VIOL R/O","7"
"1267","245 AMB DOM VIOL SUS","1"
"0299","620 DOM VIOL R/O","11"
"0221","245 DOM VIOL SUSP NO","2"
"2016","620 DOM VIOL","7"
"2056","245 DOM VIOL","3"
"0473","415 FIGHT","4"
"0362","242 DOM VIOL INVESTI","1"
"1663","242 BATTERY DOMESTIC","1"
"1364","245 DOM VIOL","2"
"0417","242 DOM VIOL SUSP","3"
"1476","415 FIGHT","1"
"1245","242 AMB DOM VIOL SUS","1"
"0625","620 DOM VIOL","7"
"1097","245 DOM VIOL","2"
"0645","242 DOM VIOL INVESTI","1"
"1548","245 AMB CUTTING","4"
"1245","242 DOM VIOL","45"
"2106","242 AMB DOM VIOL","1"
"0668","245 DOM VIOL","2"
"1033","242 DOM VIOL","19"
"1136","245 DOM VIOL SUSP NO","1"
"0335","918 VIOLENT MALE","1"
"0646","245 DOM VIOL SUSP","1"
"1325","242 POSS DOM VIOL","1"
"1633","415 GROUP FIGHT","1"
"0112","242 BATTERY DOMESTIC","1"
"0408","415 GROUP FIGHT","1"
"0638","245 DOM VIOL","1"
"2033","245 AMB CUTTING","6"
"1231","620 DOM VIOL","14"
"1144","415 GROUP FIGHT","1"
"1589","620 DOM VIOL","13"
"2161","918 VIOLENT MALE","1"
"0138","242 POSS DOM VIOL","1"
"2144","918 VIOLENT FEM","1"
"0626","242 DOM VIOL","4"
"0499","245 DOM VIOL SUSP J/","1"
"1596","245 AMB CUTTING","2"
"0123","245 ADW POSS DOM VIO","1"
"0241","245 ADW POSS DOM VIO","1"
"1535","918 VIOLENT MALE","1"
"0195","242 DOM VIOL SUSP","1"
"1469","242 AMB DOM VIOL","1"
"0171","415 GROUP FIGHT","4"
"1904","242 BATTERY DOMESTIC","1"
"1472","415 GROUP FIGHT","2"
"2155","918 VIOLENT FEM","1"
"0642","242 DOM VIOL","3"
"2044","242 AMB DOM VIOL","1"
"2157","620 DOM VIOL","40"
"0409","245 ADW","1"
"0318","415 FIGHT","1"
"0275","242 POSS DOM VIOL","1"
"0427","245 DOM VIOL SUSP","1"
"0218","245 AMB CUTTING","4"
"1881","242 AMB DOM VIOL","1"
"1795","242 BATTERY DOMESTIC","2"
"1006","415 FIGHT","2"
"0465","245 DOM VIOL","1"
"0217","620 DOM VIOL R/O","1"
"1608","245 DOM VIOL","3"
"0201","245 DOM VIOL","2"
"0355","620 DOM VIOL","14"
"0513","242 DOM VIOL INVESTI","5"
"1612","245 DOM VIOL SUSP NO","1"
"1958","242 DOM VIOL INVESTI","1"
"1175","242 DOM VIOL","1"
"1485","242 DOM VIOL","1"
"1029","620 DOM VIOL","19"
"1675","245 DOM VIOL","1"
"1004","242 BATTERY","1"
"1837","242 POSS DOM VIOL","1"
"0721","620 DOM VIOL R/O","2"
"0395","918 VIOLENT JUV","1"
"1803","245 DOM VIOL SUSP J/","1"
"1842","242 AMB DOM VIOL","5"
"1118","245 AMB CUTTING","1"
"1829","245 AMB CUTTING","1"
"2155","245 AMB DOM VIOL","2"
"1512","242 DOM VIOL J/O","1"
"0528","242 DOM VIOL","13"
"1777","415 FIGHT","2"
"0328","918 VIOLENT FEM","1"
"1008","245 AMB DOM VIOL","1"
"1502","242 BATTERY INVEST","1"
"1538","245 DOM VIOL SUSP NO","1"
"2143","242 DOM VIOL","2"
"0355","242 BATTERY DOMESTIC","1"
"0135","245 CUTTING INV","1"
"1343","242 POSS DOM VIOL","2"
"0461","918 VIOLENT MALE","2"
"0778","242 DOM VIOL INVESTI","1"
"2027","242 DOM VIOL SUSP","6"
"0891","620 DOM VIOL","2"
"1608","242 DOM VIOL","2"
"0824","242 DOM VIOL","1"
"1232","245 CUTTING INV","1"
"1955","245 AMB CUTTING","1"
"0647","245 DOM VIOL INVEST","1"
"0722","242 AMB DOM VIOL","1"
"0881","242 BATTERY","1"
"0316","620 DOM VIOL","23"
"2088","620 DOM VIOL","16"
"1344","242 DOM VIOL","6"
"0473","242 BATTERY INVEST","1"
"1535","245 DOM VIOL SUSP","1"
"0111","245 DOM VIOL SUSP J/","2"
"1169","620 DOM VIOL","10"
"1522","620 DOM VIOL R/O","6"
"1716","245 DOM VIOL IN PROG","1"
"1618","918 VIOLENT JUV","1"
"1539","245 ADW POSS DOM VIO","1"
"0713","415 GROUP FIGHT","2"
"0518","242 BATTERY INVEST","2"
"1373","207 DOM VIOL I/P","1"
"0639","245 DOM VIOL","1"
"0438","245 DOM VIOL SUSP NO","1"
"1088","620 DOM VIOL R/O","3"
"2162","242 DOM VIOL","2"
"1824","245 AMB CUTTING","7"
"1136","620 DOM VIOL R/O","6"
"0508","242 BATTERY INVEST","1"
"1599","242 DOM VIOL","2"
"2019","242 DOM VIOL SUSP","2"
"0507","242 DOM VIOL SUSP","5"
"1263","415 GROUP FIGHT","2"
"0676","415 FIGHT","5"
"1916","242 DOM VIOL SUSP","1"
"1805","242 DOM VIOL SUSP","5"
"1967","245 DOM VIOL","1"
"0517","415 GROUP FIGHT","3"
"1438","245 DOM VIOL INVEST","1"
"1863","245 AMB CUTTING","3"
"0449","245 DOM VIOL SUSP NO","1"
"0984","242 DOM VIOL","3"
"1083","242 DOM VIOL SUSP","1"
"1333","620 DOM VIOL R/O","30"
"1353","415 GROUP FIGHT","2"
"0403","245 DOM VIOL","1"
"0212","918 VIOLENT MALE","2"
"1777","620 DOM VIOL R/O","1"
"1345","620 DOM VIOL R/O","8"
"0256","242 DOM VIOL SUSP","2"
"1211","245 POSS DOM VIOL I/","1"
"2142","245 AMB DOM VIOL","1"
"0901","415 FIGHT","2"
"0426","620 DOM VIOL","10"
"2196","242 BATTERY INVEST","1"
"0373","242 BATTERY INVEST","2"
"1041","242 AMB DOM VIOL","1"
"1611","242 BATTERY INVEST","1"
"0816","242 DOM VIOL","1"
"1737","415 GROUP FIGHT","1"
"2015","620 DOM VIOL R/O","9"
"1958","918 VIOLENT MALE","1"
"1321","620 DOM VIOL","16"
"0145","415 AMB FIGHT","1"
"1256","242 DOM VIOL INVESTI","1"
"1832","620 DOM VIOL R/O","4"
"2015","245 AMB CUTTING","1"
"0289","918 VIOLENT JUV","1"
"0724","242 BATTERY INVEST","2"
"2136","415 FIGHT","9"
"2185","415 FIGHT","1"
"0468","415 FIGHT","5"
"1535","245 DOM VIOL SUSP NO","2"
"1412","245 DOM VIOL SUSP J/","1"
"2002","245 DOM VIOL SUSP NO","2"
"1804","242 BATTERY INVEST","2"
"1124","242 AMB DOM VIOL","2"
"0581","620 DOM VIOL","5"
"0901","918 VIOLENT MALE","1"
"1011","918 VIOLENT FEM","1"
"1851","918 VIOLENT MALE","1"
"0832","242 DOM VIOL","1"
"0774","242 DOM VIOL","16"
"2105","242 POSS DOM VIOL","1"
"1821","245 CUTTING INV","1"
"1829","245 DOM VIOL SUSP J/","1"
"2056","415 GROUP FIGHT","1"
"2158","242 DOM VIOL SUSP","3"
"1283","918 VIOLENT MALE","6"
"0448","245 AMB CUTTING","1"
"0811","415 FIGHT","1"
"0853","245 DOM VIOL SUSP NO","1"
"0221","242 DOM VIOL J/O","2"
"1964","242 DOM VIOL","15"
"1283","245 DOM VIOL INVEST","1"
"1635","415 FIGHT","1"
"0182","415 FIGHT","17"
"2031","415 FIGHT","9"
"0906","620 DOM VIOL","9"
"0974","620 DOM VIOL","9"
"1904","242 AMB DOM VIOL","2"
"0161","245 DOM VIOL","2"
"1445","415 FIGHT","8"
"0205","242 DOM VIOL","6"
"1795","245 AMB CUTTING","1"
"2019","415 GROUP FIGHT","5"
"0915","620 DOM VIOL R/O","14"
"0519","245 AMB CUTTING","1"
"2016","918 VIOLENT JUV","6"
"1846","918 VIOLENT FEM","2"
"1747","245 AMB CUTTING","1"
"0452","242 DOM VIOL","1"
"1974","242 DOM VIOL SUSP","1"
"0238","620 DOM VIOL","19"
"0511","242 DOM VIOL","8"
"0441","415 GROUP FIGHT","1"
"1517","415 GROUP FIGHT","1"
"0142","415 GROUP FIGHT","1"
"1549","242 DOM VIOL","22"
"0424","242 DOM VIOL SUSP","1"
"1903","242 BATTERY INVEST","11"
"0522","242 BATTERY DOMESTIC","2"
"1842","245 CUTTING INV","1"
"2045","415 FIGHT","6"
"0909","918 VIOLENT MALE","1"
"0497","245 AMB CUTTING","2"
"0513","918 VIOLENT FEM","2"
"0145","242 DOM VIOL","8"
"0376","918 VIOLENT MALE","1"
"2158","918 VIOLENT MALE","1"
"1385","242 DOM VIOL R/O VIO","1"
"2033","242 DOM VIOL SUSP","4"
"1772","242 DOM VIOL","3"
"0914","620 DOM VIOL R/O","10"
"0269","918 VIOLENT MALE","3"
"0835","918 VIOLENT FEM","1"
"1827","415 FIGHT","7"
"0981","242 POSS DOM VIOL","2"
"0541","242 DOM VIOL SUSP","1"
"2076","242 POSS DOM VIOL","3"
"0257","245 DOM VIOL INVEST","4"
"2031","620 DOM VIOL","8"
"1555","620 DOM VIOL R/O","12"
"0668","242 DOM VIOL INVESTI","1"
"1804","620 DOM VIOL R/O","7"
"1555","245 AMB CUTTING","5"
"0479","918 VIOLENT MALE","3"
"2055","242 AMB DOM VIOL","4"
"1266","245 DOM VIOL IN PROG","1"
"1342","242 DOM VIOL SUSP","2"
"1176","242 DOM VIOL SUSP","2"
"1802","242 AMB DOM VIOL","5"
"0513","245 DOM VIOL","3"
"0153","620 DOM VIOL R/O","8"
"1522","242 BATTERY INVEST","6"
"2015","918 VIOLENT JUV","1"
"0632","918 VIOLENT FEM","1"
"0882","242 BATTERY INVEST","2"
"0722","918 VIOLENT MALE","1"
"1024","242 DOM VIOL INVESTI","1"
"0291","242 DOM VIOL","4"
"1363","620 DOM VIOL","20"
"1501","245 DOM VIOL IN PROG","1"
"1362","207 DOM VIOL INVEST","1"
"1684","242 POSS DOM VIOL","1"
"2141","620 DOM VIOL","5"
"1977","245 AMB CUTTING","2"
"0743","245 DOM VIOL","1"
"0249","245 DOM VIOL SUSP","1"
"0562","242 AMB DOM VIOL","1"
"1651","620 DOM VIOL R/O","9"
"0528","242 DOM VIOL INVESTI","2"
"1263","245 DOM VIOL SUSP","2"
"1367","245 AMB DOM VIOL","1"
"0733","620 DOM VIOL R/O","1"
"1503","245 DOM VIOL","2"
"1184","242 DOM VIOL","4"
"2033","245 AMB DOM VIOL","2"
"0127","242 DOM VIOL","2"
"1242","918 VIOLENT MALE","1"
"1549","245 POSS DOM VIOL I/","1"
"2115","245 AMB CUTTING","2"
"1634","415 GROUP FIGHT","2"
"1088","242 BATTERY INVEST","1"
"1211","620 DOM VIOL R/O","10"
"2013","242 BATTERY DOMESTIC","1"
"0887","242 DOM VIOL SUSP","1"
"0395","245 POSS DOM VIOL I/","1"
"0622","242 DOM VIOL","3"
"1293","620 DOM VIOL","5"
"1762","620 DOM VIOL","11"
"0202","242 AMB DOM VIOL","1"
"1656","620 DOM VIOL","13"
"0911","415 FIGHT","23"
"1753","415 FIGHT","1"
"0157","245 AMB CUTTING","15"
"1041","245 AMB CUTTING","1"
"2044","242 DOM VIOL INVESTI","1"
"1583","620 DOM VIOL","9"
"0656","620 DOM VIOL R/O","6"
"1375","242 DOM VIOL J/O","1"
"0373","245 DOM VIOL SUSP","1"
"1798","918 VIOLENT FEM","1"
"1956","242 DOM VIOL","1"
"0788","242 BATTERY INVEST","1"
"2158","620 DOM VIOL","31"
"1124","918 VIOLENT MALE","1"
"0488","620 DOM VIOL","5"
"1255","242 BATTERY INVEST","1"
"1147","415 FIGHT","7"
"1821","620 DOM VIOL R/O","8"
"1824","242 BATTERY INVEST","2"
"2143","242 BATTERY INVEST","2"
"0468","918 VIOLENT MALE","2"
"1409","242 DOM VIOL INVESTI","1"
"0362","245 DOM VIOL SUSP NO","7"
"1152","415 GROUP FIGHT","2"
"0753","242 POSS DOM VIOL","1"
"0522","415 GROUP FIGHT","2"
"0357","242 DOM VIOL SUSP","2"
"1488","918 VIOLENT JUV","1"
"1718","918 VIOLENT FEM","2"
"1257","918 VIOLENT FEM","1"
"1466","415 GROUP FIGHT","1"
"1412","620 DOM VIOL R/O","2"
"1667","242 DOM VIOL SUSP","2"
"1218","245 DOM VIOL SUSP J/","2"
"1723","242 DOM VIOL","3"
"1102","242 BATTERY DOMESTIC","2"
"0649","620 DOM VIOL","10"
"0509","415 FIGHT","2"
"1311","620 DOM VIOL","1"
"0979","242 DOM VIOL SUSP","1"
"0906","620 DOM VIOL R/O","4"
"1837","242 DOM VIOL","26"
"1777","242 POSS DOM VIOL","1"
"0517","918 VIOLENT MALE","3"
"2189","620 DOM VIOL R/O","2"
"0409","245 DOM VIOL SUSP","1"
"1233","620 DOM VIOL","18"
"1798","415 FIGHT","1"
"1969","242 AMB DOM VIOL","1"
"0933","415 GROUP FIGHT","2"
"1497","242 AMB DOM VIOL","1"
"1715","242 DOM VIOL J/O","1"
"0785","620 DOM VIOL R/O","4"
"2105","242 DOM VIOL SUSP","1"
"0361","245 DOM VIOL IN PROG","1"
"2158","242 DOM VIOL J/O","1"
"1516","620 DOM VIOL","6"
"1457","620 DOM VIOL","6"
"1045","245 DOM VIOL SUSP NO","1"
"1001","242 BATTERY DOMESTIC","1"
"1583","245 DOM VIOL","1"
"1861","245 AMB CUTTING","2"
"0477","918 VIOLENT MALE","1"
"1981","245 DOM VIOL SUSP","1"
"0713","918 VIOLENT MALE","1"
"1354","918 VIOLENT JUV","1"
"0517","918 VIOLENT JUV","1"
"2017","245 AMB DOM VIOL","1"
"1213","245 AMB DOM VIOL","3"
"1834","242 BATTERY DOMESTIC","4"
"0569","245 AMB CUTTING","1"
"1361","242 DOM VIOL INVESTI","1"
"0261","245 CUTTING INV","1"
"1504","242 AMB DOM VIOL","1"
"1407","415 FIGHT","12"
"1823","242 BATTERY INVEST","1"
"0307","415 FIGHT","2"
"1115","242 DOM VIOL","5"
"0528","242 DOM VIOL SUSP","1"
"0291","242 BATTERY DOMESTIC","1"
"0753","918 VIOLENT MALE","5"
"0941","242 BATTERY DOMESTIC","2"
"0121","242 BATTERY INVEST","2"
"1504","620 DOM VIOL","23"
"0714","242 BATTERY INVEST","1"
"1183","415 FIGHT","5"
"1955","415 GROUP FIGHT","2"
"2046","415 FIGHT","3"
"0111","242 AMB DOM VIOL","7"
"0398","415 GROUP FIGHT","6"
"0755","415 FIGHT","5"
"1801","245 AMB CUTTING","6"
"0669","415 GROUP FIGHT","3"
"1611","918 VIOLENT MALE","2"
"1241","245 AMB DOM VIOL","1"
"1785","620 DOM VIOL","15"
"0668","242 DOM VIOL SUSP","1"
"1394","242 DOM VIOL","14"
"0317","918 VIOLENT MALE","2"
"1239","620 DOM VIOL","45"
"0555","242 DOM VIOL INVESTI","1"
"1555","245 DOM VIOL INVEST","1"
"1971","415 GROUP FIGHT","5"
"1794","242 BATTERY INVEST","2"
"1233","242 DOM VIOL","16"
"1116","242 DOM VIOL","3"
"1267","415 FIGHT","21"
"0679","242 DOM VIOL","6"
"1705","245 AMB CUTTING","1"
"0941","242 DOM VIOL INVESTI","1"
"0275","242 DOM VIOL SUSP","3"
"1213","918 VIOLENT MALE","7"
"0762","245 DOM VIOL","1"
"1078","918 VIOLENT FEM","2"
"1501","245 DOM VIOL","1"
"1759","245 DOM VIOL SUSP J/","1"
"0497","918 VIOLENT FEM","2"
"1008","242 DOM VIOL INVESTI","1"
"1991","415 GROUP FIGHT","1"
"0726","415 FIGHT","4"
"0397","245 AMB DOM VIOL SUS","2"
"0142","242 BATTERY","1"
"2038","245 DOM VIOL SUSP J/","1"
"0373","918 VIOLENT FEM","2"
"1414","415 GROUP FIGHT","6"
"1018","245 AMB CUTTING","4"
"1347","242 BATTERY DOMESTIC","3"
"1791","242 DOM VIOL J/O","1"
"0417","620 DOM VIOL","8"
"1622","245 DOM VIOL","3"
"1555","242 POSS DOM VIOL","1"
"1117","242 DOM VIOL","3"
"1831","415 GROUP FIGHT","3"
"1972","620 DOM VIOL","19"
"1148","242 DOM VIOL INVESTI","1"
"0356","242 DOM VIOL INVESTI","1"
"1135","245 ADW POSS DOM VIO","1"
"0321","242 AMB DOM VIOL","1"
"1148","620 DOM VIOL R/O","1"
"0156","242 DOM VIOL SUSP","10"
"1345","918 VIOLENT FEM","2"
"1838","242 DOM VIOL R/O VIO","1"
"1028","620 DOM VIOL","19"
"0408","918 VIOLENT FEM","1"
"1664","242 DOM VIOL","4"
"1613","242 DOM VIOL","12"
"0452","620 DOM VIOL R/O","2"
"1008","242 BATTERY INVEST","4"
"1804","245 AMB DOM VIOL","1"
"1235","242 BATTERY INVEST","2"
"0745","242 DOM VIOL","4"
"1043","918 VIOLENT JUV","1"
"1749","242 DOM VIOL","6"
"1019","242 DOM VIOL SUSP","2"
"1324","242 DOM VIOL","9"
"1347","918 VIOLENT FEM","1"
"0749","918 VIOLENT FEM","1"
"1207","242 BATTERY INVEST","2"
"2038","245 ADW","1"
"1176","242 BATTERY DOMESTIC","1"
"2017","620 DOM VIOL R/O","1"
"1963","415 GROUP FIGHT","1"
"0515","242 DOM VIOL SUSP","4"
"1913","242 BATTERY DOMESTIC","3"
"0991","242 DOM VIOL","3"
"1544","415 FIGHT","1"
"0501","242 DOM VIOL SUSP","1"
"2013","245 AMB CUTTING","1"
"1446","242 DOM VIOL","3"
"0642","242 DOM VIOL SUSP","1"
"1723","620 DOM VIOL","5"
"1958","415 GROUP FIGHT","1"
"2042","242 DOM VIOL SUSP","4"
"1709","242 DOM VIOL SUSP","1"
"1231","918 VIOLENT MALE","3"
"2076","242 BATTERY DOMESTIC","6"
"0135","245 DOM VIOL","1"
"1112","620 DOM VIOL R/O","5"
"0415","245 DOM VIOL SUSP NO","1"
"2005","245 CUTTING INV","1"
"1936","415 FIGHT","2"
"1548","245 DOM VIOL SUSP","1"
"0514","245 DOM VIOL","4"
"0963","245 AMB CUTTING","1"
"1129","918 VIOLENT JUV","1"
"1019","415 FIGHT","2"
"1548","245 DOM VIOL INVEST","1"
"1181","245 DOM VIOL","1"
"1283","245 DOM VIOL SUSP J/","1"
"0212","245 CUTTING INV","1"
"1591","242 DOM VIOL","2"
"0145","245 DOM VIOL","1"
"0164","242 DOM VIOL INVESTI","4"
"1218","415 GROUP FIGHT","3"
"0395","242 BATTERY","1"
"1243","245 AMB CUTTING","6"
"0396","415 GROUP FIGHT","5"
"2021","242 DOM VIOL J/O","1"
"0884","620 DOM VIOL","4"
"1842","620 DOM VIOL R/O","14"
"0217","415 FIGHT","1"
"0526","918 VIOLENT FEM","1"
"0311","207 DOM VIOL INVEST","1"
"1981","242 BATTERY DOMESTIC","2"
"1962","245 DOM VIOL","2"
"0628","242 DOM VIOL SUSP","1"
"0753","242 DOM VIOL","2"
"1091","620 DOM VIOL R/O","1"
"1514","242 BATTERY DOMESTIC","2"
"0532","242 DOM VIOL INVESTI","1"
"1713","242 AMB DOM VIOL","2"
"1445","245 POSS DOM VIOL I/","1"
"0711","242 DOM VIOL","5"
"1017","245 DOM VIOL","2"
"0334","242 DOM VIOL","7"
"1415","620 DOM VIOL","11"
"0376","245 CUTTING INV","1"
"1035","245 DOM VIOL","4"
"0528","918 VIOLENT MALE","1"
"2169","242 DOM VIOL","6"
"2157","620 DOM VIOL R/O","24"
"0219","245 DOM VIOL SUSP","1"
"1613","242 DOM VIOL SUSP","2"
"0247","242 POSS DOM VIOL","4"
"1307","415 GROUP FIGHT","4"
"2069","245 DOM VIOL SUSP J/","1"
"1722","245 DOM VIOL","1"
"2157","918 VIOLENT MALE","2"
"0914","245 AMB CUTTING","2"
"0161","242 BATTERY INVEST","6"
"1729","245 DOM VIOL SUSP NO","1"
"1723","245 AMB CUTTING","1"
"0915","620 DOM VIOL","10"
"0646","242 AMB DOM VIOL","2"
"1881","242 DOM VIOL","18"
"0561","415 GROUP FIGHT","1"
"0809","620 DOM VIOL R/O","3"
"0963","918 VIOLENT MALE","1"
"1803","242 DOM VIOL R/O VIO","1"
"0555","242 DOM VIOL J/O","1"
"1934","415 FIGHT","1"
"1806","245 AMB CUTTING","1"
"1269","245 AMB DOM VIOL","2"
"0644","245 AMB CUTTING","4"
"1213","415 FIGHT","21"
"0373","918 VIOLENT JUV","1"
"0701","620 DOM VIOL","17"
"0519","242 BATTERY INVEST","1"
"1712","242 DOM VIOL SUSP","1"
"1403","620 DOM VIOL","2"
"0133","245 DOM VIOL","2"
"0319","242 BATTERY INVEST","1"
"1256","620 DOM VIOL R/O","12"
"1362","620 DOM VIOL R/O","20"
"2189","242 BATTERY INVEST","3"
"1967","242 BATTERY INVEST","1"
"1523","918 VIOLENT MALE","3"
"1273","242 POSS DOM VIOL","1"
"0331","620 DOM VIOL","13"
"2079","242 DOM VIOL","9"
"0328","415 FIGHT","5"
"0775","245 DOM VIOL IN PROG","1"
"1654","242 AMB DOM VIOL","2"
"1501","242 DOM VIOL SUSP","2"
"0564","242 BATTERY DOMESTIC","4"
"0445","242 DOM VIOL","1"
"2147","242 POSS DOM VIOL","1"
"2013","242 DOM VIOL","5"
"0638","245 AMB CUTTING","3"
"1863","242 DOM VIOL SUSP","5"
"0141","242 DOM VIOL J/O","1"
"2074","620 DOM VIOL","13"
"1515","242 BATTERY INVEST","1"
"0819","242 BATTERY INVEST","1"
"1035","918 VIOLENT JUV","1"
"0412","918 VIOLENT FEM","1"
"1924","245 DOM VIOL","4"
"1239","415 GROUP FIGHT","6"
"1633","242 DOM VIOL","6"
"1239","245 AMB CUTTING","2"
"1324","415 GROUP FIGHT","2"
"2013","242 DOM VIOL J/O","1"
"1118","242 POSS DOM VIOL","1"
"0166","242 DOM VIOL","18"
"0504","415 FIGHT","8"
"0141","245 AMB CUTTING","2"
"2045","242 BATTERY","1"
"0881","245 DOM VIOL SUSP","1"
"1007","620 DOM VIOL","6"
"1705","620 DOM VIOL R/O","1"
"0279","242 DOM VIOL","7"
"1462","415 FIGHT","1"
"2039","245 DOM VIOL SUSP","1"
"1945","620 DOM VIOL","1"
"0249","415 FIGHT","4"
"0353","242 DOM VIOL INVESTI","1"
"0649","415 GROUP FIGHT","2"
"1764","242 DOM VIOL","10"
"2148","415 FIGHT","6"
"1045","245 AMB CUTTING","1"
"0363","245 DOM VIOL SUSP","4"
"1773","415 FIGHT","1"
"0266","242 DOM VIOL","16"
"1385","918 VIOLENT JUV","1"
"0677","245 DOM VIOL R/O","1"
"1718","620 DOM VIOL","2"
"1677","620 DOM VIOL","6"
"1506","245 DOM VIOL SUSP NO","1"
"1324","245 DOM VIOL IN PROG","1"
"2137","415 GROUP FIGHT","2"
"1006","245 ADW POSS DOM VIO","2"
"1268","620 DOM VIOL R/O","27"
"1007","245 AMB DOM VIOL","1"
"1984","242 AMB DOM VIOL","7"
"1178","918 VIOLENT JUV","1"
"0334","242 POSS DOM VIOL","3"
"1513","620 DOM VIOL R/O","9"
"1832","242 POSS DOM VIOL","3"
"0185","245 AMB CUTTING","2"
"0831","918 VIOLENT MALE","1"
"1189","242 AMB DOM VIOL","1"
"2083","242 DOM VIOL SUSP","1"
"1041","918 VIOLENT MALE","1"
"1645","620 DOM VIOL","5"
"0337","242 DOM VIOL SUSP","1"
"1203","288 ASSAULT INVEST","1"
"1912","245 DOM VIOL IN PROG","1"
"1905","242 DOM VIOL SUSP","1"
"1101","620 DOM VIOL R/O","1"
"0984","415 FIGHT","3"
"1917","242 DOM VIOL INVESTI","1"
"1851","620 DOM VIOL","20"
"1911","242 DOM VIOL","2"
"1738","242 DOM VIOL","4"
"1717","620 DOM VIOL","2"
"1347","245 DOM VIOL SUSP NO","2"
"1232","242 DOM VIOL","16"
"1428","415 GROUP FIGHT","1"
"0362","918 VIOLENT FEM","2"
"1793","245 CUTTING INV","1"
"2026","245 ADW POSS DOM VIO","1"
"1307","620 DOM VIOL","27"
"1457","242 DOM VIOL INVESTI","1"
"1263","245 DOM VIOL","4"
"1525","245 DOM VIOL SUSP","1"
"0637","415 FIGHT","10"
"1385","245 DOM VIOL IN PROG","1"
"0735","620 DOM VIOL","4"
"1344","415 FIGHT","7"
"0317","245 AMB CUTTING","2"
"1208","620 DOM VIOL","29"
"1352","620 DOM VIOL","26"
"1231","242 DOM VIOL","7"
"0669","620 DOM VIOL R/O","2"
"1251","242 BATTERY INVEST","1"
"1767","288 ASSAULT INVEST","1"
"0192","245 AMB CUTTING","12"
"1682","242 DOM VIOL","1"
"2076","207 DOM VIOL J/O","1"
"0831","242 AMB DOM VIOL","1"
"0409","242 BATTERY INVEST","1"
"2055","245 DOM VIOL","1"
"0275","620 DOM VIOL R/O","4"
"1343","245 ADW POSS DOM VIO","1"
"2081","242 DOM VIOL","15"
"0354","620 DOM VIOL","11"
"1044","245 AMB CUTTING","1"
"1215","242 AMB DOM VIOL","2"
"2175","918 VIOLENT MALE","5"
"1006","620 DOM VIOL R/O","1"
"2189","918 VIOLENT MALE","4"
"1971","242 DOM VIOL SUSP","8"
"0782","245 ADW POSS DOM VIO","2"
"1801","242 DOM VIOL","51"
"1826","245 ADW","1"
"0737","242 DOM VIOL","5"
"2134","415 GROUP FIGHT","3"
"2157","242 BATTERY INVEST","3"
"0497","620 DOM VIOL","33"
"0152","245 CUTTING INV","1"
"0247","242 BATTERY DOMESTIC","2"
"0642","242 DOM VIOL INVESTI","1"
"1934","620 DOM VIOL","2"
"1241","245 ADW POSS DOM VIO","2"
"1974","242 DOM VIOL INVESTI","1"
"2138","245 AMB DOM VIOL","1"
"0134","415 FIGHT","7"
"0399","620 DOM VIOL","6"
"0138","415 GROUP FIGHT","1"
"0935","242 AMB DOM VIOL","2"
"0246","620 DOM VIOL","26"
"0376","620 DOM VIOL","31"
"0715","620 DOM VIOL R/O","1"
"0759","242 DOM VIOL","13"
"1743","918 VIOLENT FEM","1"
"1255","242 AMB DOM VIOL","3"
"0643","415 FIGHT","14"
"1458","242 DOM VIOL SUSP","1"
"0491","620 DOM VIOL","2"
"1735","242 DOM VIOL","6"
"1047","242 DOM VIOL","12"
"1826","918 VIOLENT MALE","1"
"0478","242 DOM VIOL","12"
"1444","242 DOM VIOL SUSP","1"
"1266","415 FIGHT","14"
"0963","242 POSS DOM VIOL","2"
"1906","245 DOM VIOL","3"
"0427","415 FIGHT","8"
"1494","620 DOM VIOL R/O","1"
"0505","620 DOM VIOL","6"
"0452","415 GROUP FIGHT","1"
"0153","245 DOM VIOL INVEST","1"
"1984","415 FIGHT","11"
"2088","245 DOM VIOL","4"
"2014","415 FIGHT","8"
"0517","415 FIGHT","5"
"0628","918 VIOLENT FEM","1"
"1456","415 FIGHT","1"
"1209","245 AMB CUTTING","2"
"1324","242 DOM VIOL J/O","1"
"1836","242 DOM VIOL","15"
"1842","918 VIOLENT MALE","4"
"0566","242 BATTERY INVEST","3"
"1133","918 VIOLENT JUV","1"
"0261","415 FIGHT","9"
"1123","242 DOM VIOL","4"
"1801","242 DOM VIOL INVESTI","3"
"1665","415 GROUP FIGHT","1"
"0705","245 ADW POSS DOM VIO","1"
"1252","245 DOM VIOL SUSP","1"
"0395","245 DOM VIOL INVEST","1"
"2004","415 FIGHT","6"
"1266","242 POSS DOM VIOL","3"
"0504","242 DOM VIOL R/O VIO","1"
"1169","242 DOM VIOL","7"
"0524","242 POSS DOM VIOL","1"
"1184","245 DOM VIOL IN PROG","1"
"1587","242 BATTERY INVEST","1"
"1771","242 BATTERY INVEST","2"
"1135","245 DOM VIOL SUSP","1"
"1434","242 BATTERY INVEST","1"
"1364","415 GROUP FIGHT","2"
"2035","415 GROUP FIGHT","1"
"0119","620 DOM VIOL R/O","2"
"1511","620 DOM VIOL","6"
"2143","242 DOM VIOL SUSP","1"
"0131","245 AMB CUTTING","2"
"0663","620 DOM VIOL","19"
"1638","918 VIOLENT MALE","2"
"2055","242 POSS DOM VIOL","1"
"1539","918 VIOLENT MALE","2"
"0511","245 DOM VIOL","3"
"0565","415 FIGHT","5"
"1831","918 VIOLENT FEM","4"
"1913","245 DOM VIOL","2"
"0507","245 ADW","1"
"0417","242 BATTERY INVEST","1"
"1658","918 VIOLENT JUV","1"
"1218","245 DOM VIOL SUSP NO","1"
"1148","620 DOM VIOL","26"
"0377","918 VIOLENT MALE","6"
"0511","245 DOM VIOL INVEST","1"
"2019","245 DOM VIOL INVEST","1"
"1782","620 DOM VIOL R/O","1"
"1343","242 BATTERY INVEST","1"
"0842","242 DOM VIOL INVESTI","1"
"1251","242 POSS DOM VIOL","2"
"0824","415 FIGHT","1"
"0701","415 FIGHT","11"
"1676","245 DOM VIOL SUSP NO","1"
"1416","245 DOM VIOL SUSP","1"
"1832","242 DOM VIOL INVESTI","2"
"1215","242 DOM VIOL SUSP","8"
"1023","242 DOM VIOL","13"
"0215","415 FIGHT","1"
"1523","242 DOM VIOL","6"
"0354","242 DOM VIOL SUSP","2"
"2138","242 BATTERY DOMESTIC","4"
"0782","242 POSS DOM VIOL","1"
"0529","242 DOM VIOL R/O VIO","1"
"1684","245 AMB CUTTING","6"
"1269","242 BATTERY INVEST","2"
"1738","415 GROUP FIGHT","1"
"0467","245 DOM VIOL INVEST","1"
"0759","242 POSS DOM VIOL","1"
"0706","242 DOM VIOL","3"
"1779","245 AMB CUTTING","1"
"2083","245 AMB CUTTING","1"
"0424","242 BATTERY INVEST","4"
"1255","245 CUTTING INV","1"
"1863","245 DOM VIOL","6"
"1656","918 VIOLENT MALE","2"
"1473","242 BATTERY INVEST","1"
"0147","245 CUTTING INV","1"
"1331","918 VIOLENT MALE","9"
"1959","245 AMB CUTTING","1"
"1689","242 BATTERY DOMESTIC","1"
"1781","245 AMB CUTTING","1"
"1367","245 DOM VIOL SUSP NO","2"
"1581","242 AMB DOM VIOL","1"
"1441","242 DOM VIOL","11"
"1985","245 DOM VIOL SUSP NO","2"
"0521","245 DOM VIOL","1"
"1249","245 DOM VIOL SUSP J/","1"
"1015","620 DOM VIOL R/O","4"
"1842","415 GROUP FIGHT","7"
"0531","242 AMB DOM VIOL","1"
"0248","245 DOM VIOL SUSP NO","1"
"0584","245 AMB CUTTING","1"
"0271","242 DOM VIOL SUSP","3"
"0677","242 DOM VIOL SUSP","3"
"0667","620 DOM VIOL","20"
"1025","620 DOM VIOL","12"
"1864","620 DOM VIOL","24"
"1412","918 VIOLENT FEM","1"
"1207","242 POSS DOM VIOL","2"
"0147","242 AMB DOM VIOL","2"
"0411","620 DOM VIOL R/O","1"
"2157","245 AMB CUTTING","3"
"0738","620 DOM VIOL","1"
"1524","242 AMB DOM VIOL","1"
"1827","242 DOM VIOL SUSP","8"
"1265","245 DOM VIOL SUSP","1"
"0711","245 ADW POSS DOM VIO","1"
"0842","620 DOM VIOL R/O","1"
"2017","242 DOM VIOL SUSP","2"
"0156","245 DOM VIOL SUSP NO","5"
"0362","242 DOM VIOL SUSP","10"
"0378","245 CUTTING INV","1"
"1519","242 POSS DOM VIOL","2"
"0412","242 AMB DOM VIOL SUS","1"
"1444","620 DOM VIOL R/O","2"
"1985","242 DOM VIOL INVESTI","2"
"0231","918 VIOLENT FEM","1"
"1158","415 FIGHT","3"
"1505","415 FIGHT","5"
"1514","242 DOM VIOL","6"
"1691","242 DOM VIOL SUSP","1"
"0426","245 AMB CUTTING","1"
"1003","207 DOM VIOL","1"
"1061","620 DOM VIOL R/O","2"
"1685","245 DOM VIOL SUSP NO","1"
"1596","620 DOM VIOL","4"
"0205","245 AMB CUTTING","1"
"0726","242 DOM VIOL","1"
"1676","242 DOM VIOL INVESTI","2"
"1412","242 DOM VIOL","5"
"1752","242 BATTERY","1"
"0205","620 DOM VIOL R/O","6"
"1449","918 VIOLENT MALE","1"
"1351","242 DOM VIOL SUSP","8"
"2115","245 ADW","1"
"1622","620 DOM VIOL R/O","13"
"1213","242 POSS DOM VIOL","2"
"1112","245 DOM VIOL","2"
"0745","242 POSS DOM VIOL","1"
"0256","242 POSS DOM VIOL","1"
"0145","242 AMB DOM VIOL","1"
"0421","242 DOM VIOL","9"
"2105","242 DOM VIOL INVESTI","2"
"0281","242 BATTERY INVEST","3"
"1728","242 DOM VIOL SUSP","1"
"0585","242 POSS DOM VIOL","3"
"0915","242 DOM VIOL SUSP","1"
"2056","242 BATTERY INVEST","2"
"0501","242 BATTERY INVEST","4"
"0929","415 FIGHT","2"
"1466","245 AMB DOM VIOL","1"
"0315","245 DOM VIOL","3"
"0377","415 FIGHT","3"
"0848","415 FIGHT","1"
"0733","245 DOM VIOL SUSP","1"
"0832","415 FIGHT","3"
"2027","245 AMB CUTTING","3"
"1205","242 DOM VIOL","6"
"1239","245 DOM VIOL SUSP","2"
"1137","245 DOM VIOL","2"
"1331","415 FIGHT","9"
"0646","242 DOM VIOL INVESTI","5"
"1097","620 DOM VIOL R/O","4"
"1161","245 DOM VIOL","1"
"1352","207 DOM VIOL J/O","1"
"0336","242 DOM VIOL INVESTI","1"
"0164","245 DOM VIOL SUSP NO","4"
"1641","245 AMB CUTTING","1"
"1436","245 AMB CUTTING","1"
"0392","245 ADW POSS DOM VIO","1"
"1587","415 FIGHT","2"
"1963","245 DOM VIOL SUSP","1"
"1703","620 DOM VIOL R/O","2"
"0969","242 DOM VIOL","8"
"0729","620 DOM VIOL R/O","2"
"0305","415 FIGHT","2"
"1821","918 VIOLENT FEM","1"
"1147","620 DOM VIOL","5"
"1342","415 FIGHT","2"
"0899","242 DOM VIOL","6"
"0144","620 DOM VIOL","15"
"1983","245 AMB DOM VIOL","1"
"0239","245 DOM VIOL","2"
"0453","242 BATTERY INVEST","15"
"1638","242 DOM VIOL","5"
"1738","620 DOM VIOL","4"
"2023","242 BATTERY INVEST","3"
"1782","415 FIGHT","4"
"0752","245 ADW POSS DOM VIO","1"
"0394","415 FIGHT","4"
"0564","242 DOM VIOL INVESTI","2"
"0448","242 BATTERY DOMESTIC","3"
"1689","242 DOM VIOL","3"
"1713","620 DOM VIOL R/O","7"
"1138","620 DOM VIOL R/O","5"
"1831","245 AMB CUTTING","2"
"1134","242 AMB DOM VIOL","1"
"1775","918 VIOLENT MALE","1"
"2034","415 GROUP FIGHT","1"
"1653","242 BATTERY INVEST","1"
"0237","245 DOM VIOL INVEST","1"
"1824","242 POSS DOM VIOL","4"
"0763","242 DOM VIOL SUSP","2"
"1532","242 BATTERY","2"
"2069","918 VIOLENT JUV","1"
"1655","242 DOM VIOL","2"
"1984","245 DOM VIOL INVEST","1"
"1513","242 POSS DOM VIOL","1"
"1693","245 DOM VIOL SUSP NO","1"
"0585","245 DOM VIOL","2"
"1138","415 FIGHT","4"
"0409","415 FIGHT","2"
"0461","242 DOM VIOL SUSP","2"
"1538","245 DOM VIOL R/O","1"
"1027","620 DOM VIOL R/O","2"
"1951","242 DOM VIOL","4"
"1663","245 DOM VIOL SUSP","1"
"0919","620 DOM VIOL R/O","24"
"0563","242 AMB DOM VIOL","2"
"2013","620 DOM VIOL R/O","3"
"1183","242 POSS DOM VIOL","1"
"1303","415 GROUP FIGHT","3"
"2027","415 FIGHT","12"
"1213","245 DOM VIOL SUSP NO","3"
"1642","242 DOM VIOL INVESTI","1"
"2136","242 DOM VIOL SUSP","3"
"0841","620 DOM VIOL","9"
"1149","245 DOM VIOL SUSP J/","2"
"0144","415 FIGHT","6"
"1701","242 AMB DOM VIOL","3"
"0516","620 DOM VIOL","24"
"1161","242 AMB DOM VIOL","1"
"0898","242 DOM VIOL","6"
"0392","242 DOM VIOL","32"
"1665","242 BATTERY INVEST","1"
"1832","415 FIGHT","10"
"1509","620 DOM VIOL","2"
"1606","918 VIOLENT FEM","1"
"0722","242 DOM VIOL","5"
"1313","620 DOM VIOL R/O","28"
"0521","620 DOM VIOL R/O","15"
"0463","245 DOM VIOL","1"
"1987","242 DOM VIOL","11"
"0422","242 DOM VIOL","9"
"1367","242 DOM VIOL J/O","2"
"0429","415 FIGHT","4"
"2076","620 DOM VIOL R/O","9"
"1269","245 DOM VIOL SUSP NO","5"
"1751","245 DOM VIOL SUSP NO","1"
"2076","245 AMB CUTTING","2"
"0465","242 DOM VIOL","4"
"1612","918 VIOLENT MALE","1"
"1307","242 DOM VIOL","20"
"1529","415 FIGHT","9"
"1479","242 DOM VIOL INVESTI","1"
"1005","242 POSS DOM VIOL","1"
"1523","918 VIOLENT FEM","2"
"0182","242 DOM VIOL","54"
"0469","242 POSS DOM VIOL","1"
"2042","620 DOM VIOL R/O","5"
"1393","415 FIGHT","6"
"1204","620 DOM VIOL","28"
"0753","242 BATTERY DOMESTIC","1"
"0359","415 FIGHT","4"
"0376","242 DOM VIOL SUSP","2"
"0101","242 AMB DOM VIOL","2"
"0464","918 VIOLENT MALE","3"
"0311","918 VIOLENT MALE","1"
"2155","415 GROUP FIGHT","2"
"1438","242 DOM VIOL","5"
"1427","242 DOM VIOL SUSP","1"
"0145","242 DOM VIOL SUSP","3"
"1025","245 DOM VIOL","1"
"0412","415 FIGHT","5"
"1313","245 AMB DOM VIOL","1"
"2026","242 DOM VIOL","23"
"0285","242 AMB DOM VIOL","1"
"0398","245 DOM VIOL SUSP NO","2"
"0551","242 DOM VIOL","9"
"0841","242 DOM VIOL SUSP","1"
"1449","245 DOM VIOL","1"
"0248","242 DOM VIOL INVESTI","1"
"0155","620 DOM VIOL","6"
"0156","245 DOM VIOL SUSP J/","1"
"1972","245 AMB DOM VIOL","1"
"0742","242 DOM VIOL","3"
"1383","242 DOM VIOL","27"
"0238","242 DOM VIOL J/O","1"
"0916","242 DOM VIOL","7"
"1548","245 DOM VIOL","2"
"1488","242 DOM VIOL SUSP","1"
"1565","242 DOM VIOL","2"
"0337","245 DOM VIOL","3"
"2187","242 BATTERY INVEST","3"
"1842","242 BATTERY INVEST","4"
"1251","245 DOM VIOL INVEST","2"
"1983","245 DOM VIOL","7"
"1745","242 AMB DOM VIOL","1"
"0567","242 AMB DOM VIOL","1"
"2138","620 DOM VIOL R/O","2"
"2097","242 DOM VIOL SUSP","3"
"1944","620 DOM VIOL R/O","2"
"0551","620 DOM VIOL R/O","1"
"1345","415 FIGHT","13"
"1595","620 DOM VIOL R/O","1"
"0882","245 DOM VIOL","1"
"0883","620 DOM VIOL R/O","1"
"2024","242 BATTERY DOMESTIC","1"
"1557","620 DOM VIOL R/O","3"
"2002","620 DOM VIOL","13"
"1737","242 BATTERY DOMESTIC","1"
"1586","242 BATTERY INVEST","2"
"0904","620 DOM VIOL R/O","10"
"0969","245 DOM VIOL SUSP NO","1"
"1961","242 AMB DOM VIOL","2"
"0749","245 DOM VIOL SUSP J/","1"
"1361","415 FIGHT","10"
"1172","245 ADW POSS DOM VIO","1"
"1701","245 DOM VIOL SUSP NO","2"
"1921","245 DOM VIOL IN PROG","1"
"1004","242 DOM VIOL SUSP","2"
"1526","620 DOM VIOL","33"
"1078","242 DOM VIOL INVESTI","2"
"0502","288 ASSAULT INVEST","1"
"1213","245 ADW","1"
"1179","242 BATTERY INVEST","1"
"1327","415 FIGHT","1"
"1764","245 DOM VIOL","1"
"1317","242 AMB DOM VIOL","2"
"1962","242 BATTERY INVEST","2"
"0165","242 DOM VIOL","5"
"2175","245 DOM VIOL SUSP NO","2"
"1353","242 DOM VIOL INVESTI","2"
"1024","242 DOM VIOL J/O","1"
"2144","620 DOM VIOL","3"
"0325","245 CUTTING INV","1"
"0355","620 DOM VIOL R/O","5"
"1831","245 DOM VIOL SUSP NO","3"
"0319","242 DOM VIOL","5"
"0643","245 AMB CUTTING","4"
"0321","245 DOM VIOL SUSP NO","1"
"0849","918 VIOLENT MALE","1"
"1351","242 POSS DOM VIOL","4"
"1317","415 FIGHT","5"
"1836","242 AMB DOM VIOL","2"
"1921","242 BATTERY DOMESTIC","2"
"1995","245 CUTTING INV","1"
"1137","620 DOM VIOL R/O","5"
"0111","245 CUTTING INV","1"
"0564","245 DOM VIOL SUSP J/","1"
"0497","242 DOM VIOL J/O","1"
"1215","245 DOM VIOL SUSP NO","4"
"0195","245 DOM VIOL","5"
"0424","242 AMB DOM VIOL","1"
"1846","620 DOM VIOL","63"
"1008","242 DOM VIOL J/O","1"
"1309","620 DOM VIOL R/O","2"
"1107","620 DOM VIOL","7"
"1452","620 DOM VIOL","5"
"0423","415 FIGHT","2"
"0513","245 AMB CUTTING","1"
"0356","242 DOM VIOL J/O","1"
"0817","242 AMB DOM VIOL","1"
"1139","242 BATTERY INVEST","1"
"1651","242 DOM VIOL SUSP","1"
"1385","415 GROUP FIGHT","1"
"1029","918 VIOLENT JUV","1"
"0373","415 GROUP FIGHT","2"
"1496","242 DOM VIOL","2"
"1846","245 DOM VIOL SUSP","1"
"0363","245 CUTTING INV","1"
"1567","242 DOM VIOL","3"
"0969","415 FIGHT","7"
"2088","415 GROUP FIGHT","1"
"1956","620 DOM VIOL","8"
"1806","620 DOM VIOL","18"
"0914","242 POSS DOM VIOL","1"
"1822","415 MAJ GRP FIGHT","1"
"1146","242 DOM VIOL","1"
"1033","242 AMB DOM VIOL","1"
"1716","918 VIOLENT MALE","1"
"1424","620 DOM VIOL","1"
"0374","245 ADW POSS DOM VIO","1"
"0766","620 DOM VIOL","5"
"1213","245 AMB CUTTING","3"
"1757","620 DOM VIOL","2"
"0642","620 DOM VIOL R/O","1"
"0396","242 DOM VIOL SUSP","4"
"0478","918 VIOLENT FEM","5"
"1209","245 DOM VIOL","2"
"0587","242 DOM VIOL SUSP","2"
"1269","242 BATTERY DOMESTIC","2"
"0375","918 VIOLENT JUV","1"
"1371","245 ADW POSS DOM VIO","1"
"1824","245 DOM VIOL","4"
"0808","415 GROUP FIGHT","2"
"0164","620 DOM VIOL R/O","10"
"1693","242 BATTERY INVEST","2"
"0749","242 BATTERY INVEST","5"
"2022","242 BATTERY DOMESTIC","1"
"2069","245 DOM VIOL INVEST","1"
"1836","245 DOM VIOL SUSP","1"
"0564","918 VIOLENT FEM","3"
"1438","918 VIOLENT MALE","1"
"1445","620 DOM VIOL","14"
"1135","242 BATTERY INVEST","2"
"0857","242 DOM VIOL","5"
"1025","415 GROUP FIGHT","5"
"1916","620 DOM VIOL","10"
"0906","242 AMB DOM VIOL","1"
"2107","242 BATTERY","1"
"1353","918 VIOLENT JUV","2"
"1099","242 DOM VIOL","3"
"1209","242 DOM VIOL","3"
"0299","245 ADW POSS DOM VIO","1"
"1951","620 DOM VIOL","2"
"0332","242 BATTERY DOMESTIC","1"
"0529","415 GROUP FIGHT","4"
"1346","242 BATTERY INVEST","1"
"1751","415 FIGHT","3"
"0134","245 AMB CUTTING","2"
"0941","918 VIOLENT MALE","2"
"1829","242 BATTERY DOMESTIC","3"
"1373","245 DOM VIOL INVEST","1"
"0763","415 GROUP FIGHT","1"
"0701","245 AMB CUTTING","1"
"2022","242 DOM VIOL","13"
"1834","245 DOM VIOL SUSP J/","1"
"0467","620 DOM VIOL","19"
"1075","620 DOM VIOL R/O","6"
"1621","242 DOM VIOL","13"
"0414","245 AMB CUTTING","1"
"1532","242 BATTERY INVEST","1"
"1391","242 DOM VIOL","11"
"0291","245 DOM VIOL","2"
"1543","918 VIOLENT MALE","2"
"2172","918 VIOLENT JUV","1"
"1041","415 FIGHT","5"
"0316","242 DOM VIOL SUSP","6"
"0317","245 DOM VIOL","2"
"0245","245 DOM VIOL","6"
"1401","415 FIGHT","2"
"0763","242 BATTERY INVEST","3"
"0758","242 DOM VIOL","4"
"1563","415 FIGHT","1"
"1842","242 DOM VIOL","45"
"1195","620 DOM VIOL","1"
"0994","415 FIGHT","1"
"1117","242 DOM VIOL SUSP","1"
"0257","242 DOM VIOL SUSP","5"
"0706","415 FIGHT","4"
"0883","242 DOM VIOL","2"
"1777","245 DOM VIOL SUSP","1"
"1148","242 BATTERY DOMESTIC","1"
"1001","620 DOM VIOL","11"
"0532","245 ADW POSS DOM VIO","1"
"1412","242 BATTERY DOMESTIC","1"
"0777","245 DOM VIOL SUSP","1"
"1543","242 DOM VIOL INVESTI","2"
"0161","620 DOM VIOL","12"
"1414","918 VIOLENT FEM","1"
"1685","415 FIGHT","1"
"0526","242 DOM VIOL R/O VIO","1"
"0465","620 DOM VIOL","12"
"1849","207 DOM VIOL I/P","1"
"1012","415 GROUP FIGHT","1"
"1001","415 FIGHT","3"
"1185","415 FIGHT","2"
"0644","918 VIOLENT FEM","1"
"0285","415 FIGHT","4"
"0723","242 AMB DOM VIOL","2"
"1941","620 DOM VIOL R/O","1"
"1902","242 DOM VIOL SUSP","1"
"0313","242 DOM VIOL","3"
"1235","242 DOM VIOL","14"
"1346","918 VIOLENT FEM","1"
"0638","242 DOM VIOL","19"
"1063","242 DOM VIOL","3"
"1864","245 AMB DOM VIOL","2"
"1259","918 VIOLENT MALE/FEM","1"
"1313","242 DOM VIOL SUSP","4"
"0217","245 DOM VIOL SUSP NO","2"
"1267","245 CUTTING INV","1"
"1468","245 DOM VIOL","4"
"1676","918 VIOLENT MALE","1"
"1501","415 FIGHT","1"
"0428","620 DOM VIOL","8"
"1752","242 BATTERY INVEST","1"
"0759","620 DOM VIOL","24"
"1806","242 DOM VIOL SUSP","5"
"1044","242 BATTERY DOMESTIC","1"
"1313","245 DOM VIOL SUSP NO","2"
"1605","242 DOM VIOL","10"
"1834","242 DOM VIOL","24"
"0441","242 DOM VIOL","4"
"1775","620 DOM VIOL","5"
"1974","415 GROUP FIGHT","4"
"0504","918 VIOLENT FEM","2"
"0829","242 BATTERY DOMESTIC","1"
"2114","242 DOM VIOL","3"
"1618","242 DOM VIOL","3"
"0859","242 DOM VIOL","6"
"0767","415 FIGHT","3"
"1239","288 ASSAULT INVEST","1"
"0563","620 DOM VIOL","32"
"1548","242 DOM VIOL SUSP","2"
"2035","245 DOM VIOL INVEST","2"
"1483","245 ADW POSS DOM VIO","1"
"0143","242 POSS DOM VIOL","1"
"2026","242 DOM VIOL R/O VIO","1"
"1269","242 DOM VIOL R/O VIO","1"
"0531","415 GROUP FIGHT","1"
"1543","415 FIGHT","9"
"1273","620 DOM VIOL","28"
"1605","918 VIOLENT FEM","1"
"0314","242 AMB DOM VIOL","3"
"1208","245 AMB CUTTING","4"
"1826","415 FIGHT","11"
"1321","242 BATTERY DOMESTIC","2"
"1687","245 DOM VIOL SUSP","1"
"1431","245 CUTTING INV","1"
"1792","415 FIGHT","5"
"1469","242 DOM VIOL INVESTI","2"
"0998","242 BATTERY INVEST","3"
"1269","288 ASSAULT INVEST","1"
"0765","242 POSS DOM VIOL","1"
"1456","620 DOM VIOL R/O","1"
"2196","918 VIOLENT FEM","1"
"1327","245 DOM VIOL SUSP","1"
"1149","242 BATTERY INVEST","1"
"0679","620 DOM VIOL R/O","1"
"1065","242 POSS DOM VIOL","2"
"0932","242 BATTERY DOMESTIC","2"
"1372","415 GROUP FIGHT","1"
"1529","415 GROUP FIGHT","1"
"1651","242 POSS DOM VIOL","2"
"1782","242 DOM VIOL INVESTI","1"
"0727","242 DOM VIOL","1"
"1143","415 GROUP FIGHT","1"
"0266","415 FIGHT","7"
"1218","620 DOM VIOL","29"
"1924","415 FIGHT","6"
"0219","415 FIGHT","2"
"0238","245 DOM VIOL SUSP NO","1"
"1327","242 AMB DOM VIOL","1"
"1821","245 ADW POSS DOM VIO","3"
"0314","620 DOM VIOL","28"
"0857","242 DOM VIOL INVESTI","1"
"1638","242 DOM VIOL INVESTI","1"
"2187","918 VIOLENT MALE","3"
"1797","620 DOM VIOL","8"
"0216","245 AMB DOM VIOL","1"
"0811","242 DOM VIOL INVESTI","1"
"0247","918 VIOLENT JUV","4"
"0241","242 BATTERY INVEST","1"
"1687","415 FIGHT","2"
"1984","242 POSS DOM VIOL","3"
"0584","242 AMB DOM VIOL","1"
"1241","242 DOM VIOL SUSP","11"
"0563","242 POSS DOM VIOL","1"
"2073","918 VIOLENT FEM","1"
"0355","242 POSS DOM VIOL","1"
"2139","415 FIGHT","4"
"1029","245 DOM VIOL SUSP","1"
"0858","242 BATTERY INVEST","1"
"0519","242 DOM VIOL","9"
"0587","918 VIOLENT JUV","1"
"0217","242 BATTERY DOMESTIC","1"
"1017","242 POSS DOM VIOL","1"
"0969","245 DOM VIOL","1"
"1365","245 DOM VIOL SUSP NO","1"
"1695","245 AMB DOM VIOL","1"
"0555","415 FIGHT","1"
"2113","242 AMB DOM VIOL","1"
"1039","242 AMB DOM VIOL","2"
"1263","245 ADW POSS DOM VIO","2"
"0905","245 DOM VIOL","3"
"1463","245 DOM VIOL SUSP NO","1"
"2134","918 VIOLENT MALE","1"
"0785","245 AMB CUTTING","2"
"0889","245 DOM VIOL IN PROG","1"
"2042","245 AMB CUTTING","1"
"2143","245 DOM VIOL","1"
"1804","242 DOM VIOL INVESTI","1"
"1148","245 DOM VIOL SUSP NO","1"
"0858","242 DOM VIOL J/O","1"
"2026","415 FIGHT","4"
"1127","620 DOM VIOL R/O","21"
"2097","245 AMB DOM VIOL SUS","1"
"1514","242 DOM VIOL SUSP","1"
"0858","245 DOM VIOL","1"
"1984","620 DOM VIOL","52"
"0848","242 DOM VIOL","1"
"1353","242 DOM VIOL SUSP","8"
"1135","415 FIGHT","4"
"1881","415 GROUP FIGHT","1"
"1415","918 VIOLENT MALE","1"
"0505","245 DOM VIOL","1"
"1823","245 AMB DOM VIOL SUS","1"
"0946","245 DOM VIOL SUSP","1"
"2042","245 DOM VIOL","1"
"1871","242 DOM VIOL R/O VIO","1"
"1043","918 VIOLENT FEM","3"
"1347","242 DOM VIOL","27"
"0235","242 POSS DOM VIOL","6"
"1563","242 DOM VIOL J/O","1"
"1395","415 FIGHT","6"
"0828","620 DOM VIOL R/O","1"
"0773","620 DOM VIOL","5"
"0835","620 DOM VIOL R/O","6"
"1425","918 VIOLENT FEM","1"
"2118","415 FIGHT","3"
"0638","245 ADW POSS DOM VIO","1"
"0203","415 FIGHT","8"
"1606","242 BATTERY DOMESTIC","1"
"1984","245 CUTTING INV","1"
"0898","415 GROUP FIGHT","1"
"1535","415 FIGHT","10"
"0147","245 DOM VIOL SUSP","2"
"0497","242 POSS DOM VIOL","2"
"1152","245 DOM VIOL","1"
,"245 AMB CUTTING","3"
"0236","918 VIOLENT MALE","4"
"0152","242 POSS DOM VIOL","2"
"0412","242 DOM VIOL","12"
"1401","245 AMB CUTTING","1"
"0838","245 DOM VIOL INVEST","1"
"0176","245 DOM VIOL","1"
"1219","620 DOM VIOL","1"
"1792","245 DOM VIOL SUSP J/","1"
"1663","245 DOM VIOL","1"
"0939","242 BATTERY INVEST","1"
"1007","245 DOM VIOL SUSP","1"
"0676","242 DOM VIOL SUSP","1"
"1705","620 DOM VIOL","6"
"0139","620 DOM VIOL","9"
"1172","242 DOM VIOL J/O","1"
"1039","620 DOM VIOL R/O","5"
"0923","242 AMB DOM VIOL","1"
"0457","242 DOM VIOL SUSP","2"
"0984","242 BATTERY INVEST","2"
"1969","620 DOM VIOL R/O","6"
"1695","245 AMB CUTTING","1"
"2138","415 FIGHT","1"
"1373","620 DOM VIOL R/O","7"
"0266","415 GROUP FIGHT","3"
"0356","245 ADW POSS DOM VIO","1"
"0166","245 DOM VIOL INVEST","1"
"1739","415 FIGHT","1"
"1372","620 DOM VIOL","20"
"1248","242 DOM VIOL SUSP","4"
"0119","245 ADW","1"
"0503","245 ADW POSS DOM VIO","2"
"1751","245 AMB CUTTING","2"
"1974","620 DOM VIOL R/O","10"
"1972","242 DOM VIOL","13"
"2022","245 POSS DOM VIOL I/","1"
"1685","620 DOM VIOL","7"
"1207","245 AMB CUTTING","2"
"1269","242 DOM VIOL J/O","4"
"0246","245 DOM VIOL SUSP","2"
"0423","620 DOM VIOL","14"
"0219","620 DOM VIOL","9"
"1469","620 DOM VIOL","24"
"1207","245 DOM VIOL SUSP","1"
"1804","245 CUTTING INV","1"
"0205","620 DOM VIOL","12"
"0529","245 DOM VIOL SUSP NO","1"
"0517","242 DOM VIOL R/O VIO","1"
"2146","242 DOM VIOL SUSP","5"
"0829","415 FIGHT","2"
"1204","918 VIOLENT MALE","1"
"1795","415 FIGHT","4"
"2104","242 POSS DOM VIOL","1"
"0248","242 DOM VIOL J/O","3"
"2022","245 DOM VIOL SUSP NO","1"
"1903","245 CUTTING INV","2"
"0413","620 DOM VIOL","4"
"0427","918 VIOLENT JUV","1"
"1583","242 DOM VIOL","5"
"0721","242 BATTERY","1"
"0157","245 DOM VIOL R/O","1"
"1585","242 DOM VIOL INVESTI","2"
"0513","415 GROUP FIGHT","5"
"0884","245 DOM VIOL INVEST","1"
"1469","242 DOM VIOL SUSP","6"
"1951","918 VIOLENT JUV","2"
"1846","620 DOM VIOL R/O","16"
"2103","918 VIOLENT FEM","1"
"1024","242 DOM VIOL SUSP","1"
"1984","242 DOM VIOL SUSP","9"
"0679","245 DOM VIOL","2"
"0723","415 GROUP FIGHT","1"
"1331","242 AMB DOM VIOL","3"
"1322","242 BATTERY INVEST","1"
"1823","242 DOM VIOL","38"
"0647","918 VIOLENT FEM","1"
"0815","242 DOM VIOL","1"
"1161","918 VIOLENT FEM","1"
"2157","242 AMB DOM VIOL","7"
"1177","242 DOM VIOL","4"
"0834","620 DOM VIOL","13"
"2175","415 FIGHT","6"
"0256","242 DOM VIOL","10"
"0182","415 GROUP FIGHT","3"
"2107","242 POSS DOM VIOL","1"
"0443","620 DOM VIOL","1"
"0166","620 DOM VIOL","23"
"1839","242 DOM VIOL","11"
"0164","245 DOM VIOL IN PROG","2"
"1718","415 GROUP FIGHT","1"
"1722","620 DOM VIOL R/O","8"
"2139","242 DOM VIOL SUSP","1"
"0334","245 AMB CUTTING","2"
"1248","620 DOM VIOL R/O","9"
"1525","415 GROUP FIGHT","1"
"0397","242 BATTERY","1"
"0192","242 BATTERY DOMESTIC","2"
"0515","415 GROUP FIGHT","3"
"1513","242 BATTERY INVEST","1"
"1381","245 AMB CUTTING","5"
"0759","245 DOM VIOL","5"
"0245","242 DOM VIOL SUSP","7"
"2074","245 DOM VIOL SUSP NO","1"
"1822","620 DOM VIOL R/O","18"
"0192","242 AMB DOM VIOL","2"
"0393","242 BATTERY DOMESTIC","1"
"1908","620 DOM VIOL R/O","3"
"0422","242 DOM VIOL SUSP","3"
"0408","620 DOM VIOL R/O","1"
"1824","245 DOM VIOL SUSP","2"
"1971","242 BATTERY INVEST","1"
"0904","245 AMB CUTTING","2"
"1921","245 CUTTING INV","1"
"1861","242 DOM VIOL","22"
"1839","245 DOM VIOL SUSP NO","1"
"0129","415 GROUP FIGHT","1"
"2134","620 DOM VIOL","8"
"1232","620 DOM VIOL","17"
"0898","620 DOM VIOL","5"
"1862","245 ADW POSS DOM VIO","1"
"0398","245 ADW","1"
"1527","242 DOM VIOL","9"
"0162","245 AMB CUTTING","6"
"1039","245 DOM VIOL SUSP NO","2"
"1245","242 BATTERY DOMESTIC","2"
"0233","620 DOM VIOL R/O","1"
"1781","245 DOM VIOL SUSP J/","1"
"0251","245 DOM VIOL","7"
"2129","415 FIGHT","2"
"0412","242 BATTERY INVEST","3"
"1729","415 FIGHT","1"
"1489","242 DOM VIOL SUSP","1"
"1512","245 DOM VIOL","3"
"0659","415 GROUP FIGHT","1"
"1134","245 DOM VIOL","1"
"1218","242 DOM VIOL SUSP","8"
"1118","242 DOM VIOL","2"
"0393","242 DOM VIOL SUSP","3"
"1123","415 FIGHT","1"
"1462","415 GROUP FIGHT","1"
"0561","918 VIOLENT MALE","1"
"1371","242 DOM VIOL SUSP","9"
"1977","415 FIGHT","5"
"1412","245 DOM VIOL","1"
"0463","415 FIGHT","4"
"1675","620 DOM VIOL R/O","6"
"1205","415 FIGHT","4"
"1656","242 DOM VIOL J/O","1"
"1806","245 ADW POSS DOM VIO","4"
"0376","245 ADW POSS DOM VIO","1"
"1045","242 BATTERY INVEST","1"
"0752","415 GROUP FIGHT","1"
"0236","620 DOM VIOL","27"
"1183","620 DOM VIOL","11"
"0904","415 GROUP FIGHT","1"
"1837","245 AMB CUTTING","5"
"0779","242 DOM VIOL SUSP","2"
"1135","415 GROUP FIGHT","1"
"1144","620 DOM VIOL R/O","2"
"0507","415 FIGHT","8"
"1676","620 DOM VIOL R/O","6"
"0625","245 AMB CUTTING","2"
"1795","242 DOM VIOL SUSP","4"
"0461","242 POSS DOM VIOL","1"
"0737","620 DOM VIOL R/O","7"
"0192","620 DOM VIOL R/O","2"
"1112","207 AMB DOM VIOL SUS","1"
"0212","242 BATTERY INVEST","3"
"1476","620 DOM VIOL R/O","1"
"0201","242 DOM VIOL","11"
"1252","245 DOM VIOL","3"
"0379","245 DOM VIOL","3"
"0562","242 DOM VIOL","8"
"0763","620 DOM VIOL","8"
"1204","245 DOM VIOL","4"
"1919","620 DOM VIOL","3"
"0528","245 ADW POSS DOM VIO","1"
"2103","620 DOM VIOL","2"
"1245","415 GROUP FIGHT","3"
"1126","620 DOM VIOL","6"
"0679","415 FIGHT","2"
"1993","242 DOM VIOL SUSP","1"
"1488","242 DOM VIOL","11"
"1555","245 ADW POSS DOM VIO","3"
"1424","242 DOM VIOL SUSP","1"
"1077","245 AMB CUTTING","1"
"0551","242 DOM VIOL INVESTI","1"
"0398","245 DOM VIOL IN PROG","1"
"1844","242 BATTERY DOMESTIC","2"
"1172","245 DOM VIOL SUSP NO","1"
"2064","242 DOM VIOL SUSP","1"
"1215","620 DOM VIOL","53"
"1959","918 VIOLENT JUV","8"
"0853","620 DOM VIOL","11"
"1545","918 VIOLENT FEM","2"
"0341","242 BATTERY INVEST","2"
"2049","620 DOM VIOL","41"
"1403","415 GROUP FIGHT","1"
"1257","207 POSS DOM VIOL SU","1"
"1654","245 AMB DOM VIOL","1"
"2044","620 DOM VIOL","13"
"1639","242 DOM VIOL","1"
"0464","242 AMB DOM VIOL","4"
"1682","620 DOM VIOL","5"
"1529","242 DOM VIOL SUSP","3"
"1636","620 DOM VIOL","1"
"0145","242 POSS DOM VIOL","1"
"0334","620 DOM VIOL","20"
"0541","620 DOM VIOL R/O","7"
"1917","918 VIOLENT MALE","2"
"1457","620 DOM VIOL R/O","2"
"0451","620 DOM VIOL","3"
"2021","242 DOM VIOL","1"
"1321","620 DOM VIOL R/O","5"
"0326","415 FIGHT","10"
"0362","245 DOM VIOL SUSP J/","3"
"1591","415 GROUP FIGHT","2"
"0215","245 DOM VIOL IN PROG","1"
"1117","415 FIGHT","3"
"0702","620 DOM VIOL R/O","2"
"0357","245 DOM VIOL SUSP J/","1"
"1602","245 AMB CUTTING","1"
"0981","242 DOM VIOL","3"
"0667","242 POSS DOM VIOL","2"
"0459","620 DOM VIOL R/O","3"
"1935","620 DOM VIOL R/O","7"
"2114","245 DOM VIOL","1"
"1183","620 DOM VIOL R/O","2"
"2056","242 BATTERY DOMESTIC","2"
"2017","242 DOM VIOL INVESTI","1"
"0782","245 DOM VIOL SUSP","2"
"1693","620 DOM VIOL","8"
"1801","242 BATTERY","1"
"0163","245 AMB CUTTING","5"
"0645","242 DOM VIOL","29"
"1145","415 GROUP FIGHT","1"
"0374","242 BATTERY INVEST","1"
"0202","242 POSS DOM VIOL","2"
"1533","415 FIGHT","2"
"0395","918 VIOLENT MALE","1"
"1456","242 DOM VIOL","3"
"1162","415 GROUP FIGHT","3"
"1989","415 FIGHT","1"
"1067","245 DOM VIOL INVEST","1"
"1343","242 DOM VIOL INVESTI","1"
"1021","242 DOM VIOL SUSP","2"
"0374","620 DOM VIOL R/O","2"
"2133","918 VIOLENT MALE","2"
"1269","918 VIOLENT JUV","1"
"1805","242 BATTERY INVEST","1"
"0111","620 DOM VIOL R/O","10"
"0515","242 BATTERY DOMESTIC","1"
"1909","918 VIOLENT FEM","1"
"0247","242 BATTERY INVEST","1"
"0325","415 FIGHT","2"
"1777","242 BATTERY DOMESTIC","1"
"0464","245 DOM VIOL IN PROG","1"
"1804","918 VIOLENT MALE","3"
"0319","245 AMB CUTTING","6"
"1362","918 VIOLENT FEM","1"
"1001","242 DOM VIOL INVESTI","2"
"1777","245 AMB CUTTING","3"
"1999","245 AMB CUTTING","1"
"0966","242 BATTERY INVEST","2"
"1004","620 DOM VIOL R/O","3"
"0625","245 DOM VIOL SUSP NO","1"
"1527","245 DOM VIOL","1"
"1365","245 DOM VIOL SUSP","1"
"1452","245 ADW POSS DOM VIO","1"
"1985","242 DOM VIOL SUSP","9"
"0847","242 BATTERY INVEST","1"
"1024","245 DOM VIOL SUSP NO","1"
"1921","242 DOM VIOL SUSP","3"
"1091","242 DOM VIOL","2"
"1541","245 DOM VIOL SUSP","1"
"0295","620 DOM VIOL","15"
"0158","242 BATTERY INVEST","7"
"2146","242 DOM VIOL","19"
"1205","245 AMB DOM VIOL","2"
"1606","245 AMB CUTTING","1"
"0417","918 VIOLENT FEM","1"
"0275","242 BATTERY INVEST","1"
"1065","620 DOM VIOL","29"
"2144","242 DOM VIOL","2"
"1567","620 DOM VIOL","3"
"2027","620 DOM VIOL R/O","2"
"1273","245 DOM VIOL INVEST","1"
"1345","245 DOM VIOL SUSP J/","1"
"0299","245 DOM VIOL SUSP J/","1"
"1615","242 POSS DOM VIOL","1"
"2054","242 DOM VIOL","7"
"1791","242 DOM VIOL","20"
"0487","242 DOM VIOL SUSP","1"
"1701","242 BATTERY INVEST","2"
"0854","245 AMB CUTTING","1"
"1333","242 DOM VIOL SUSP","3"
"0823","245 ADW","1"
"0789","242 DOM VIOL","10"
"1804","245 AMB CUTTING","1"
"0738","415 GROUP FIGHT","1"
"1322","242 BATTERY DOMESTIC","1"
"1822","918 VIOLENT MALE","2"
"1687","918 VIOLENT FEM","1"
"1235","415 FIGHT","4"
"0678","245 AMB CUTTING","2"
"1178","242 DOM VIOL SUSP","2"
"1971","620 DOM VIOL R/O","4"
"0335","620 DOM VIOL","5"
"0406","620 DOM VIOL","3"
"0333","242 POSS DOM VIOL","3"
"1243","242 DOM VIOL R/O VIO","2"
"1027","242 POSS DOM VIOL","2"
"1672","620 DOM VIOL","7"
"1204","242 BATTERY DOMESTIC","3"
"0767","242 BATTERY INVEST","1"
"0626","415 FIGHT","8"
"2175","242 DOM VIOL INVESTI","2"
"0713","620 DOM VIOL R/O","3"
"0668","242 AMB DOM VIOL","1"
"0724","242 DOM VIOL","3"
"0461","245 AMB CUTTING","1"
"0932","245 DOM VIOL SUSP NO","1"
"1437","620 DOM VIOL R/O","1"
"0701","242 BATTERY INVEST","3"
"2016","242 AMB DOM VIOL","1"
"0663","245 ADW","1"
"0775","415 GROUP FIGHT","1"
"0395","415 GROUP FIGHT","2"
"1982","242 POSS DOM VIOL","1"
"1985","242 BATTERY INVEST","3"
"1205","245 DOM VIOL R/O","1"
"0778","245 DOM VIOL","2"
"0626","245 AMB CUTTING","1"
"0375","242 DOM VIOL","30"
"0585","620 DOM VIOL R/O","25"
"1209","242 DOM VIOL SUSP","4"
"1242","415 GROUP FIGHT","1"
"0395","620 DOM VIOL","36"
"1454","245 CUTTING INV","4"
"1595","620 DOM VIOL","1"
"1925","415 GROUP FIGHT","2"
"1133","620 DOM VIOL","9"
"1962","620 DOM VIOL R/O","6"
"2035","245 AMB DOM VIOL","1"
"1827","245 DOM VIOL SUSP J/","2"
"1029","242 BATTERY DOMESTIC","3"
"0201","620 DOM VIOL R/O","14"
"2196","242 DOM VIOL","2"
"0884","242 DOM VIOL SUSP","2"
"1406","242 DOM VIOL J/O","1"
"1961","242 DOM VIOL SUSP","4"
"1743","415 GROUP FIGHT","1"
"1431","242 BATTERY INVEST","2"
"2118","242 DOM VIOL J/O","1"
"0341","620 DOM VIOL","9"
"0459","620 DOM VIOL","16"
"1718","245 DOM VIOL","1"
"0705","242 BATTERY INVEST","2"
"1171","620 DOM VIOL R/O","1"
"0849","242 BATTERY INVEST","2"
"0465","620 DOM VIOL R/O","3"
"0211","245 DOM VIOL","2"
"1701","245 ADW POSS DOM VIO","2"
"1765","918 VIOLENT JUV","1"
"0157","415 GROUP FIGHT","2"
"1469","242 DOM VIOL","11"
"1079","242 DOM VIOL","3"
"2149","620 DOM VIOL R/O","1"
"0828","918 VIOLENT FEM","1"
"0562","620 DOM VIOL R/O","9"
"1273","242 DOM VIOL INVESTI","2"
"1173","918 VIOLENT FEM","1"
"0466","245 ADW","1"
"0235","620 DOM VIOL","21"
"1323","245 AMB DOM VIOL SUS","1"
"0905","415 GROUP FIGHT","2"
"1139","620 DOM VIOL","7"
"0316","245 AMB DOM VIOL","1"
"1307","242 BATTERY INVEST","3"
"1019","245 AMB CUTTING","1"
"0145","242 DOM VIOL R/O VIO","1"
"1029","242 AMB DOM VIOL","2"
"0334","242 BATTERY INVEST","4"
"0663","245 DOM VIOL SUSP","3"
"1548","620 DOM VIOL","31"
"0166","245 AMB DOM VIOL","2"
"1251","242 BATTERY DOMESTIC","3"
"0503","620 DOM VIOL R/O","5"
"1776","245 DOM VIOL","1"
"0408","245 DOM VIOL IN PROG","1"
"0361","242 BATTERY DOMESTIC","2"
"1752","245 DOM VIOL","4"
"0182","245 DOM VIOL SUSP J/","1"
"0143","242 BATTERY INVEST","2"
"0562","242 DOM VIOL INVESTI","1"
"1906","918 VIOLENT FEM","1"
"1381","245 CUTTING INV","1"
"1317","245 AMB CUTTING","5"
"1474","242 POSS DOM VIOL","1"
"1891","415 GROUP FIGHT","1"
"0994","620 DOM VIOL","5"
"0752","918 VIOLENT FEM","1"
"2197","918 VIOLENT MALE","1"
"1024","918 VIOLENT MALE","2"
"0429","620 DOM VIOL R/O","5"
"1841","918 VIOLENT JUV","1"
"1241","620 DOM VIOL","78"
"2033","242 DOM VIOL J/O","1"
"0373","918 VIOLENT MALE","2"
"1372","242 AMB DOM VIOL","3"
"0171","242 DOM VIOL","4"
"1385","245 DOM VIOL INVEST","1"
"1982","415 AMB FIGHT","1"
"0615","245 DOM VIOL","1"
"0842","242 BATTERY DOMESTIC","2"
"1008","245 DOM VIOL SUSP NO","1"
"1138","415 GROUP FIGHT","2"
"0711","620 DOM VIOL","6"
"1599","245 DOM VIOL","2"
"1148","242 DOM VIOL","11"
"0989","918 VIOLENT MALE","1"
"0156","918 VIOLENT MALE","1"
"1685","242 DOM VIOL","8"
"1208","242 AMB DOM VIOL","2"
"1211","245 AMB DOM VIOL","4"
"0182","918 VIOLENT MALE","1"
"0518","620 DOM VIOL","8"
"1827","242 POSS DOM VIOL","5"
"1345","242 DOM VIOL INVESTI","3"
"1611","245 DOM VIOL SUSP","1"
"0354","242 BATTERY DOMESTIC","1"
"0557","242 AMB DOM VIOL","1"
"0946","242 BATTERY INVEST","2"
"0161","242 DOM VIOL","4"
"1346","245 DOM VIOL SUSP","3"
"1088","918 VIOLENT FEM","1"
"1126","245 DOM VIOL","1"
"0497","242 BATTERY DOMESTIC","1"
"0212","245 DOM VIOL SUSP NO","2"
"1963","242 BATTERY INVEST","4"
"0461","620 DOM VIOL","7"
"0438","415 FIGHT","5"
"0221","245 DOM VIOL SUSP J/","1"
"1912","242 DOM VIOL SUSP","1"
"0892","245 AMB CUTTING","2"
"1205","245 CUTTING INV","1"
"0646","245 DOM VIOL","5"
"1124","245 DOM VIOL","2"
"1457","242 BATTERY INVEST","1"
"0679","620 DOM VIOL","9"
"0123","620 DOM VIOL R/O","2"
"2035","245 ADW POSS DOM VIO","2"
,"245 DOM VIOL SUSP","1"
"1984","242 DOM VIOL INVESTI","2"
"0644","242 DOM VIOL","9"
"0528","620 DOM VIOL","13"
"0375","242 DOM VIOL INVESTI","1"
"1803","242 DOM VIOL SUSP","3"
"0526","245 ADW POSS DOM VIO","1"
"1326","245 DOM VIOL SUSP","1"
"1663","245 ADW POSS DOM VIO","1"
"0133","245 DOM VIOL SUSP NO","1"
"0411","242 DOM VIOL","2"
"2114","242 BATTERY INVEST","1"
"0477","415 FIGHT","5"
"0834","242 DOM VIOL SUSP","2"
"1641","415 GROUP FIGHT","1"
"1963","242 BATTERY DOMESTIC","2"
"0394","620 DOM VIOL","10"
"1268","245 ADW POSS DOM VIO","2"
"0831","242 BATTERY INVEST","1"
"1303","620 DOM VIOL R/O","2"
"0454","242 DOM VIOL","6"
"2071","245 DOM VIOL","1"
"0522","245 DOM VIOL SUSP NO","1"
"0249","242 POSS DOM VIOL","3"
"2105","245 DOM VIOL SUSP","1"
"1406","918 VIOLENT FEM","1"
"1347","245 AMB CUTTING","2"
"0939","620 DOM VIOL R/O","4"
"0355","242 BATTERY INVEST","3"
"0152","242 BATTERY INVEST","11"
"1803","415 FIGHT","2"
"0678","620 DOM VIOL R/O","1"
"0451","620 DOM VIOL R/O","1"
"1353","245 ADW POSS DOM VIO","1"
"0859","245 DOM VIOL SUSP","1"
"1144","242 DOM VIOL","1"
"2138","242 DOM VIOL","12"
"0931","245 AMB CUTTING","1"
"1004","242 BATTERY INVEST","37"
"0201","245 DOM VIOL INVEST","1"
"1218","242 AMB DOM VIOL","2"
"1829","918 VIOLENT FEM","2"
"1489","242 BATTERY INVEST","1"
"0421","242 BATTERY DOMESTIC","1"
"1861","242 DOM VIOL J/O","2"
"0459","242 DOM VIOL R/O VIO","1"
"1797","415 FIGHT","4"
"0261","242 POSS DOM VIOL","1"
"0849","242 DOM VIOL SUSP","1"
"2029","242 BATTERY INVEST","5"
"0939","620 DOM VIOL","8"
"1347","245 AMB DOM VIOL","1"
"0789","245 CUTTING INV","1"
"1685","918 VIOLENT FEM","1"
"0153","918 VIOLENT FEM","1"
"1745","242 DOM VIOL J/O","1"
"0465","242 POSS DOM VIOL","1"
"0219","245 AMB DOM VIOL","1"
"2158","245 ADW POSS DOM VIO","1"
"1535","245 AMB DOM VIOL","1"
"0721","242 AMB DOM VIOL SUS","1"
"0256","245 AMB DOM VIOL","1"
"0525","242 BATTERY DOMESTIC","4"
"0478","245 DOM VIOL","1"
"2038","918 VIOLENT FEM","1"
"2019","415 FIGHT","14"
"0455","918 VIOLENT MALE","1"
"2022","415 GROUP FIGHT","1"
"0153","242 BATTERY DOMESTIC","1"
"1684","620 DOM VIOL R/O","9"
"1323","245 DOM VIOL SUSP","1"
"0567","918 VIOLENT MALE","3"
"1909","415 GROUP FIGHT","1"
"0516","245 AMB DOM VIOL","1"
"0362","415 GROUP FIGHT","2"
"0397","245 DOM VIOL SUSP NO","1"
"1944","918 VIOLENT FEM","1"
"0157","245 DOM VIOL","2"
"1496","415 FIGHT","7"
"0635","415 GROUP FIGHT","1"
"0714","242 DOM VIOL","2"
"0531","242 BATTERY DOMESTIC","1"
"0164","918 VIOLENT FEM","1"
"2027","242 AMB DOM VIOL","2"
"2056","242 DOM VIOL","7"
"1433","620 DOM VIOL R/O","2"
"0421","242 AMB DOM VIOL","1"
"0721","242 BATTERY INVEST","34"
"1361","245 DOM VIOL SUSP NO","4"
"0905","242 BATTERY DOMESTIC","1"
"2025","415 FIGHT","7"
"1027","242 DOM VIOL INVESTI","1"
"0289","242 DOM VIOL SUSP","1"
"1205","245 ADW POSS DOM VIO","1"
"1372","242 DOM VIOL J/O","1"
"1645","245 AMB CUTTING","1"
"1146","245 DOM VIOL","1"
"0656","245 AMB CUTTING","4"
"1255","415 FIGHT","4"
"0404","620 DOM VIOL","2"
"0904","415 FIGHT","7"
"1987","242 AMB DOM VIOL","2"
"0835","242 DOM VIOL INVESTI","1"
"1863","415 GROUP FIGHT","10"
"0776","245 DOM VIOL IN PROG","1"
"0478","242 DOM VIOL SUSP","3"
"0564","245 ADW","1"
"1991","245 AMB DOM VIOL","2"
"0509","245 DOM VIOL IN PROG","1"
"0411","620 DOM VIOL","2"
"1213","242 DOM VIOL INVESTI","1"
"1966","415 GROUP FIGHT","1"
"1761","245 DOM VIOL IN PROG","1"
"1113","242 DOM VIOL SUSP","1"
"1651","415 FIGHT","10"
"0127","245 AMB CUTTING","1"
"1676","245 DOM VIOL SUSP","1"
"1266","620 DOM VIOL R/O","16"
"1663","245 AMB CUTTING","2"
"0153","620 DOM VIOL","31"
"1503","620 DOM VIOL","19"
"2139","415 GROUP FIGHT","3"
"0442","242 AMB DOM VIOL","1"
"2035","242 BATTERY DOMESTIC","1"
"0163","245 CUTTING INV","1"
"2033","242 DOM VIOL R/O VIO","2"
"1363","242 BATTERY INVEST","4"
"2125","242 BATTERY DOMESTIC","1"
"0361","918 VIOLENT MALE","2"
"0218","242 DOM VIOL","7"
"2107","242 DOM VIOL","8"
"1352","242 BATTERY DOMESTIC","2"
"1263","242 BATTERY DOMESTIC","2"
"1613","245 DOM VIOL SUSP NO","2"
"0421","415 GROUP FIGHT","2"
"0449","620 DOM VIOL","11"
"1075","620 DOM VIOL","8"
"2071","245 AMB CUTTING","1"
"1413","620 DOM VIOL","6"
"1373","242 DOM VIOL SUSP","2"
"1028","918 VIOLENT MALE","5"
"2156","245 DOM VIOL SUSP NO","1"
"2017","242 BATTERY INVEST","1"
"2177","245 DOM VIOL SUSP","1"
"2187","242 DOM VIOL INVESTI","1"
"0508","245 DOM VIOL","1"
"0241","242 AMB DOM VIOL","1"
"0124","245 DOM VIOL SUSP","1"
"2021","242 AMB DOM VIOL","1"
"1519","242 BATTERY INVEST","2"
"2019","245 AMB CUTTING","6"
"0939","245 AMB CUTTING","1"
"0409","245 DOM VIOL","2"
"0326","245 DOM VIOL SUSP NO","2"
"1767","207 AMB DOM VIOL SUS","1"
"0833","242 POSS DOM VIOL","1"
"0785","245 DOM VIOL SUSP","1"
"0901","242 BATTERY INVEST","6"
"1363","245 DOM VIOL SUSP J/","2"
"1208","242 DOM VIOL SUSP","9"
"0989","245 DOM VIOL","2"
"0118","245 AMB DOM VIOL","1"
"1904","245 DOM VIOL","1"
"0408","245 DOM VIOL","1"
"1605","242 POSS DOM VIOL","1"
"0131","242 DOM VIOL","11"
"0467","242 DOM VIOL SUSP","1"
"0334","242 DOM VIOL SUSP","2"
"1787","245 AMB DOM VIOL","1"
"0911","918 VIOLENT JUV","1"
"0454","415 FIGHT","6"
"0648","242 DOM VIOL SUSP","2"
"1907","918 VIOLENT FEM","1"
"0445","620 DOM VIOL R/O","2"
"0141","242 BATTERY INVEST","1"
"0499","918 VIOLENT FEM","2"
"0773","415 GROUP FIGHT","1"
"0723","242 POSS DOM VIOL","1"
"1218","918 VIOLENT JUV","1"
"1283","242 POSS DOM VIOL","2"
"1208","245 AMB DOM VIOL","3"
"1538","415 FIGHT","10"
"0362","415 FIGHT","11"
"0637","245 AMB DOM VIOL","1"
"1962","242 DOM VIOL SUSP","4"
"0529","242 DOM VIOL","21"
"0156","242 DOM VIOL R/O VIO","1"
"2062","242 DOM VIOL","6"
"1612","242 BATTERY","1"
"1235","415 GROUP FIGHT","2"
"1283","245 DOM VIOL SUSP","2"
"1324","620 DOM VIOL","12"
"1516","242 AMB DOM VIOL","1"
"1538","415 AMB FIGHT","1"
"1663","242 AMB DOM VIOL","1"
"0488","620 DOM VIOL R/O","4"
"0221","415 FIGHT","5"
"1657","620 DOM VIOL R/O","7"
"1169","242 POSS DOM VIOL","1"
"1737","242 DOM VIOL SUSP","2"
"1913","918 VIOLENT MALE","1"
"1132","242 BATTERY INVEST","2"
"1836","918 VIOLENT MALE","4"
"0164","242 DOM VIOL","24"
"1443","242 BATTERY INVEST","1"
"1132","620 DOM VIOL","11"
"1344","620 DOM VIOL","9"
"2023","918 VIOLENT JUV","1"
"1024","245 AMB CUTTING","2"
"1457","242 BATTERY DOMESTIC","2"
"1823","620 DOM VIOL","30"
"2113","245 DOM VIOL SUSP NO","1"
"0452","620 DOM VIOL","4"
"1347","242 DOM VIOL SUSP","2"
"1347","245 DOM VIOL SUSP","1"
"1767","415 GROUP FIGHT","1"
"1995","242 POSS DOM VIOL","1"
"0332","415 FIGHT","3"
"0503","918 VIOLENT FEM","1"
"1621","242 POSS DOM VIOL","1"
"1842","242 DOM VIOL INVESTI","2"
"1595","245 DOM VIOL","2"
"1844","245 ADW POSS DOM VIO","1"
"1065","242 DOM VIOL SUSP","1"
"1351","415 FIGHT","8"
"0216","242 DOM VIOL INVESTI","1"
"1454","245 DOM VIOL","3"
"0313","245 DOM VIOL SUSP NO","2"
"1232","242 BATTERY INVEST","4"
"0886","415 FIGHT","1"
"2177","242 BATTERY DOMESTIC","4"
"0515","245 DOM VIOL","4"
"0449","242 POSS DOM VIOL","1"
"1007","620 DOM VIOL R/O","1"
"1998","620 DOM VIOL R/O","6"
"0373","245 ADW POSS DOM VIO","1"
"0191","242 POSS DOM VIOL","1"
"1345","245 AMB CUTTING","1"
"0457","245 DOM VIOL","2"
"0892","415 FIGHT","2"
"0409","242 DOM VIOL","5"
"0589","620 DOM VIOL R/O","1"
"1107","415 FIGHT","3"
"0615","242 DOM VIOL INVESTI","1"
"1791","620 DOM VIOL","21"
"0729","415 GROUP FIGHT","1"
"0397","245 DOM VIOL SUSP","2"
"2025","918 VIOLENT FEM","3"
"1443","415 FIGHT","6"
"1548","918 VIOLENT JUV","4"
"0899","242 POSS DOM VIOL","1"
"1259","245 DOM VIOL","7"
"1351","918 VIOLENT FEM","1"
"1656","245 DOM VIOL SUSP NO","1"
"0398","620 DOM VIOL R/O","15"
"0885","620 DOM VIOL","1"
"0832","242 BATTERY DOMESTIC","1"
"1961","415 FIGHT","5"
"0443","918 VIOLENT MALE","1"
"1004","245 ADW POSS DOM VIO","1"
"0457","245 AMB CUTTING","2"
"1842","245 DOM VIOL INVEST","2"
"1063","242 POSS DOM VIOL","2"
"0648","242 DOM VIOL","14"
"1841","918 VIOLENT MALE","1"
"1045","918 VIOLENT MALE","1"
"1283","242 BATTERY DOMESTIC","2"
"1331","245 CUTTING INV","1"
"0312","245 AMB CUTTING","2"
"1123","620 DOM VIOL","1"
"0857","415 FIGHT","1"
"1743","620 DOM VIOL","5"
"0337","620 DOM VIOL","13"
"1846","245 DOM VIOL SUSP NO","3"
"0236","242 BATTERY INVEST","7"
"1615","620 DOM VIOL R/O","1"
"0162","242 BATTERY DOMESTIC","2"
"0413","245 DOM VIOL","1"
"1599","242 DOM VIOL SUSP","3"
"2128","242 POSS DOM VIOL","2"
"1961","918 VIOLENT MALE","2"
"2014","245 DOM VIOL","2"
"0156","245 CUTTING INV","2"
"1012","242 DOM VIOL INVESTI","2"
"1691","245 DOM VIOL","1"
"2055","415 FIGHT","3"
"1622","242 BATTERY DOMESTIC","1"
"0453","242 DOM VIOL SUSP","1"
"1134","245 AMB CUTTING","2"
"0219","242 DOM VIOL INVESTI","1"
"1839","620 DOM VIOL","16"
"1668","242 DOM VIOL","2"
"2038","245 DOM VIOL","4"
"1689","242 AMB DOM VIOL","1"
"2069","415 GROUP FIGHT","2"
"0638","242 DOM VIOL J/O","1"
"0235","242 AMB DOM VIOL","2"
"1931","620 DOM VIOL R/O","1"
"0156","245 DOM VIOL INVEST","1"
"1785","245 DOM VIOL INVEST","1"
"0941","242 POSS DOM VIOL","2"
"0899","245 AMB CUTTING","1"
"1832","245 DOM VIOL INVEST","4"
"0241","620 DOM VIOL R/O","5"
"1352","242 DOM VIOL J/O","1"
"0377","242 DOM VIOL INVESTI","4"
"1211","415 FIGHT","14"
"0933","242 AMB DOM VIOL","2"
"1963","620 DOM VIOL","12"
"0509","242 BATTERY DOMESTIC","1"
"1034","415 FIGHT","1"
"0233","242 BATTERY INVEST","3"
"1917","415 FIGHT","3"
"0778","242 DOM VIOL","2"
"2088","242 BATTERY INVEST","1"
"1653","245 DOM VIOL SUSP NO","1"
"0247","620 DOM VIOL","10"
"1891","242 DOM VIOL","15"
"0261","245 DOM VIOL SUSP NO","4"
"0408","242 BATTERY INVEST","1"
"1708","242 DOM VIOL","4"
"1781","918 VIOLENT FEM","3"
"1215","620 DOM VIOL R/O","38"
"1524","620 DOM VIOL R/O","1"
"1373","245 DOM VIOL SUSP NO","1"
"1737","242 BATTERY INVEST","1"
"1698","245 AMB CUTTING","1"
"1006","918 VIOLENT MALE","2"
"0622","415 AMB FIGHT","1"
"1538","620 DOM VIOL R/O","12"
"1675","918 VIOLENT FEM","1"
"0357","620 DOM VIOL R/O","10"
"1263","242 BATTERY","1"
"0889","242 DOM VIOL","7"
"0319","620 DOM VIOL R/O","13"
"1963","242 AMB DOM VIOL","1"
"0398","242 POSS DOM VIOL","3"
"0246","245 DOM VIOL","3"
